
======== Exporting recipe to the cache ========
librsvg/2.62.3: [HOOK - hook_run_linter.py] pre_export(): RUN: conanlint check /home/uilian/Development/conan/conan-center-index/recipes/librsvg/all/../**/*
Success: No issues found in 4 files

librsvg/2.62.3: Exporting package recipe: /home/uilian/Development/conan/conan-center-index/recipes/librsvg/all/conanfile.py
librsvg/2.62.3: exports: File 'conandata.yml' found. Exporting it...
librsvg/2.62.3: Copied 1 '.py' file: conanfile.py
librsvg/2.62.3: Copied 1 '.yml' file: conandata.yml
librsvg/2.62.3: Exported to cache folder: /home/uilian/.conan2/p/librs8387f0342a418/e
librsvg/2.62.3: Exported: librsvg/2.62.3#1a36ba9d8062b77eee6cecdadbe53b08 (2026-06-18 17:14:55 UTC)

======== Input profiles ========
Profile host:
[settings]
arch=x86_64
build_type=Release
compiler=gcc
compiler.cppstd=gnu17
compiler.libcxx=libstdc++11
compiler.version=13
os=Linux
[options]
*/*:shared=False
[conf]
tools.build:compiler_executables={'c': '/usr/bin/gcc-13', 'cpp': '/usr/bin/g++-13'}
tools.build:verbosity=verbose
tools.cmake.cmaketoolchain:generator=Ninja
tools.compilation:verbosity=verbose
tools.system.package_manager:mode=install
tools.system.package_manager:sudo=true

Profile build:
[settings]
arch=x86_64
build_type=Release
compiler=gcc
compiler.cppstd=gnu17
compiler.libcxx=libstdc++11
compiler.version=13
os=Linux
[conf]
tools.build:compiler_executables={'c': '/usr/bin/gcc-13', 'cpp': '/usr/bin/g++-13'}
tools.build:verbosity=verbose
tools.cmake.cmaketoolchain:generator=Ninja
tools.compilation:verbosity=verbose
tools.system.package_manager:mode=install
tools.system.package_manager:sudo=true


======== Computing dependency graph ========
elfutils/0.190: WARN: deprecated: build_requires is deprecated, prefer to use tool_requires with correct traits
elfutils/0.190: WARN: deprecated: build_requires is deprecated, prefer to use tool_requires with correct traits
elfutils/0.190: WARN: deprecated: build_requires is deprecated, prefer to use tool_requires with correct traits
Graph root
    cli
Requirements
    brotli/1.1.0#3f631ef77008f7b5eb388780116371a3 - Cache
    bzip2/1.0.8#c470882369c2d95c5c77e970c0c7e321 - Cache
    cairo/1.18.4#a3845ccec428be648572c84a65f74f15 - Cache
    elfutils/0.190#8e8c47bd9b2578e29a0341b09b977be8 - Cache
    expat/2.8.1#e2fa0a1a12da326521a3d622a475047a - Cache
    fontconfig/2.17.1#c7138aa09e0fcc0e337511719c9bfb12 - Cache
    freetype/2.14.3#4ee27b7918b546a96d7e6898e3a02b34 - Cache
    fribidi/1.0.13#205942bdceca0837df53e7ebb0aaa86a - Cache
    glib/2.85.3#2fef4f1c3f92c9eaf077ccd54b9404a3 - Cache
    harfbuzz/12.3.0#a5fef061896cd5c30e9a17c9d7920ad1 - Cache
    libffi/3.4.8#a045c00fb26779635e3bed40e80c5254 - Cache
    libiconv/1.17#9923bc6dc6f106646d6967e0039a5ada - Cache
    libmount/2.39.2#64850679fa9d5ead878e5076b0cab2a8 - Cache
    libpng/1.6.58#19cb72905ae54f54948401f753faa2c1 - Cache
    librsvg/2.62.3#1a36ba9d8062b77eee6cecdadbe53b08 - Cache
    libselinux/3.6#5a78ff6ae5034eeaac8da723361a8ce4 - Cache
    libxft/2.3.9#dfc71e304b9d4c3dcf54a571281dbb86 - Cache
    libxml2/2.15.3#3406c6d8d327e9b84c0c894feb859514 - Cache
    lzo/2.10#f00b10acc508cea70645727d970a23e1 - Cache
    pango/1.57.0#27e3f8ea574b5f7019614fc71c62a6fa - Cache
    pcre2/10.42#9a35f5089feb875ec61a38eca364ce77 - Cache
    pixman/0.43.4#60427f74e9514f007eb3cb8c52b6fbd6 - Cache
    xorg/system#98f82cb669e4ebc6b4d9d8a4f3f1faf4 - Cache
    xorg-macros/1.19.3#c3465b331ce1d044ee771dc5e4529b79 - Cache
    xorg-proto/2024.1#449e77cf0df9acf515ddc79d0fe24938 - Cache
    xz_utils/5.8.3#a8432fead347c69d8b2737c35f936132 - Cache
    zlib/1.3.2#1cb806da49011867778ffb6ac7190fcb - Cache
    zstd/1.5.7#b68ca8e3de04ba5957761751d1d661f4 - Cache
Build requirements
    autoconf/2.71#51077f068e61700d65bb05541ea1e4b0 - Cache
    automake/1.16.5#b91b7c384c3deaa9d535be02da14d04f - Cache
    bison/3.8.2#c3490cbe0078b6fd3eb4cf5ed64144dc - Cache
    bzip2/1.0.8#c470882369c2d95c5c77e970c0c7e321 - Cache
    cmake/4.3.2#5bae0b181463ca4dc3e924a981367ee6 - Cache
    elfutils/0.190#8e8c47bd9b2578e29a0341b09b977be8 - Cache
    flex/2.6.4#efa781fc5088b47c895bd4eef6911f2e - Cache
    gettext/0.22.5#2f6edba611e8db1a8a18488b116e8c2a - Cache
    glib/2.85.3#2fef4f1c3f92c9eaf077ccd54b9404a3 - Cache
    gnu-config/cci.20210814#466e9d4d7779e1c142443f7ea44b4284 - Cache
    gperf/3.1#a7afdf8f7cccdc2dcd4d962370c33d4f - Cache
    libffi/3.4.8#a045c00fb26779635e3bed40e80c5254 - Cache
    libiconv/1.17#9923bc6dc6f106646d6967e0039a5ada - Cache
    libmount/2.39.2#64850679fa9d5ead878e5076b0cab2a8 - Cache
    libselinux/3.6#5a78ff6ae5034eeaac8da723361a8ce4 - Cache
    libtool/2.4.7#14e7739cc128bc1623d2ed318008e47e - Cache
    m4/1.4.19#34c4bbc3eeebe98ca6edf2f52d602e7d - Cache
    meson/1.10.2#9d2d10681fe7fe61c788c58626c89b25 - Cache
    ninja/1.13.2#c8c5dc2a52ed6e4e42a66d75b4717ceb - Cache
    pcre2/10.42#9a35f5089feb875ec61a38eca364ce77 - Cache
    pkgconf/2.0.3#c7ba7fd1d7d22534ee070ae60ed79604 - Cache
    pkgconf/2.2.0#4ac315b50ef734072b00ff3aacbf52bf - Cache
    pkgconf/2.5.1#93c2051284cba1279494a43a4fcfeae2 - Cache
    xorg-macros/1.19.3#c3465b331ce1d044ee771dc5e4529b79 - Cache
    xorg-macros/1.20.0#b721d2f8ca6804d072820cb551d8c4fa - Cache
    xz_utils/5.8.3#a8432fead347c69d8b2737c35f936132 - Cache
    zlib/1.3.2#1cb806da49011867778ffb6ac7190fcb - Cache
    zstd/1.5.7#b68ca8e3de04ba5957761751d1d661f4 - Cache
Resolved version ranges
    cairo/[>=1.18.0 <2]: cairo/1.18.4
    cmake/[>=3.17]: cmake/4.3.2
    cmake/[>=3.18]: cmake/4.3.2
    expat/[>=2.6.2 <3]: expat/2.8.1
    fontconfig/[>=2.15 <3]: fontconfig/2.17.1
    freetype/[>=2.13.2 <3]: freetype/2.14.3
    glib/[>=2.50.0 <3]: glib/2.85.3
    harfbuzz/[>=2.0 <13]: harfbuzz/12.3.0
    libffi/[>=3.4.4 <4]: libffi/3.4.8
    libpng/[>=1.6 <2]: libpng/1.6.58
    libxft/[~2.3]: libxft/2.3.9
    libxml2/[>=2.9.0 <3]: libxml2/2.15.3
    meson/[>=1.2.1 <2]: meson/1.10.2
    meson/[>=1.2.2 <2]: meson/1.10.2
    meson/[>=1.2.3 <2]: meson/1.10.2
    meson/[>=1.3.2 <2]: meson/1.10.2
    meson/[>=1.4.0 <2]: meson/1.10.2
    ninja/[>=1.10.2 <2]: ninja/1.13.2
    pango/[>=1.50.0 <2]: pango/1.57.0
    pkgconf/[>=2.1.0 <3]: pkgconf/2.5.1
    pkgconf/[>=2.1 <3]: pkgconf/2.5.1
    pkgconf/[>=2.2 <3]: pkgconf/2.5.1
    xz_utils/[>=5.4.5 <6]: xz_utils/5.8.3
    zlib/[>=1.2.11 <2]: zlib/1.3.2
    zstd/[~1.5]: zstd/1.5.7

======== Computing necessary packages ========
Connecting to remote 'conancenter' anonymously
libselinux/3.6: WARN: risk: Transitive dependencies with 'headers=False' effect in 'package_id' is not necessary and suboptimal. Use required_conan_version='>=2.28' to activate it
libselinux/3.6: WARN: risk: Transitive dependencies with 'headers=False' effect in 'package_id' is not necessary and suboptimal. Use required_conan_version='>=2.28' to activate it
libselinux/3.6: WARN: risk: Transitive dependencies with 'headers=False' effect in 'package_id' is not necessary and suboptimal. Use required_conan_version='>=2.28' to activate it
fontconfig/2.17.1: WARN: risk: Transitive dependencies with 'headers=False' effect in 'package_id' is not necessary and suboptimal. Use required_conan_version='>=2.28' to activate it
glib/2.85.3: WARN: risk: Transitive dependencies with 'headers=False' effect in 'package_id' is not necessary and suboptimal. Use required_conan_version='>=2.28' to activate it
glib/2.85.3: WARN: risk: Transitive dependencies with 'headers=False' effect in 'package_id' is not necessary and suboptimal. Use required_conan_version='>=2.28' to activate it
glib/2.85.3: WARN: risk: Transitive dependencies with 'headers=False' effect in 'package_id' is not necessary and suboptimal. Use required_conan_version='>=2.28' to activate it
libxft/2.3.9: WARN: risk: Transitive dependencies with 'headers=False' effect in 'package_id' is not necessary and suboptimal. Use required_conan_version='>=2.28' to activate it
cairo/1.18.4: WARN: risk: Transitive dependencies with 'headers=False' effect in 'package_id' is not necessary and suboptimal. Use required_conan_version='>=2.28' to activate it
harfbuzz/12.3.0: WARN: risk: Transitive dependencies with 'headers=False' effect in 'package_id' is not necessary and suboptimal. Use required_conan_version='>=2.28' to activate it
pango/1.57.0: WARN: risk: Transitive dependencies with 'headers=False' effect in 'package_id' is not necessary and suboptimal. Use required_conan_version='>=2.28' to activate it
librsvg/2.62.3: WARN: risk: Transitive dependencies with 'headers=False' effect in 'package_id' is not necessary and suboptimal. Use required_conan_version='>=2.28' to activate it
librsvg/2.62.3: Forced build from source
Requirements
    brotli/1.1.0#3f631ef77008f7b5eb388780116371a3:40a4859ccb410e4d27426e07867eee61c5ce2b05#9e69a0b98dfeb83d0c3b97607b9d8715 - Cache
    bzip2/1.0.8#c470882369c2d95c5c77e970c0c7e321:432d7695adc526147073285e155d2ca0340bc76d#133f71a59b79de7c74a2c3af9cb9bc7b - Cache
    cairo/1.18.4#a3845ccec428be648572c84a65f74f15:34df24960168e53a85d4511b56fc77b27c0f41c3#b98c36a209bc7c4273b89579cc360a79 - Cache
    elfutils/0.190#8e8c47bd9b2578e29a0341b09b977be8:4705b8e390320a51c1c5356b6f45747201c58ab9#29811ac211a413879ca99c935eb766b0 - Cache
    expat/2.8.1#e2fa0a1a12da326521a3d622a475047a:aded8fb718ce53657d2b174704f00cbccc67d052#1cbf37746ced3638a9ae96ed0a38e4d9 - Cache
    fontconfig/2.17.1#c7138aa09e0fcc0e337511719c9bfb12:48b0bbaa345c32a6f891afc7437bc26e1a57ba3a#ef8adcdfc03ec1c958336a7c4f9b2ec9 - Cache
    freetype/2.14.3#4ee27b7918b546a96d7e6898e3a02b34:ca0f8de67a8f18266df61435c2205c4fe6fa58b7#c4df5f5331a5b0a67bceeb294f9fe2d4 - Cache
    fribidi/1.0.13#205942bdceca0837df53e7ebb0aaa86a:87da0ea07d89d9a7d4c926ae7a2826c039ab9d82#b2df0f9d1b952154784711827ae349da - Cache
    glib/2.85.3#2fef4f1c3f92c9eaf077ccd54b9404a3:817ad460796332d740007e68020668db6d78c2e9#8a622136654fbb9a5681dc28b6625af0 - Cache
    harfbuzz/12.3.0#a5fef061896cd5c30e9a17c9d7920ad1:5834e5c5296133b22338942db1c6c722fb69e97a#e58f6172f61c4fb7b0c6d25b5932ee8e - Cache
    libffi/3.4.8#a045c00fb26779635e3bed40e80c5254:c81087b06d1a5beef0ad711fc32d45f7a425a8f3#86df95c85a5078938244c88d1f668688 - Cache
    libiconv/1.17#9923bc6dc6f106646d6967e0039a5ada:c81087b06d1a5beef0ad711fc32d45f7a425a8f3#c3a716a7745856cfd7e46f29aef86523 - Cache
    libmount/2.39.2#64850679fa9d5ead878e5076b0cab2a8:c81087b06d1a5beef0ad711fc32d45f7a425a8f3#ae8cca9bcfad9a6142ae321381c1b895 - Cache
    libpng/1.6.58#19cb72905ae54f54948401f753faa2c1:89f26a89b6e56e1284482eb7ac65948ce05dff35#a126a2570c326ded7f5c8d7d89bcde48 - Cache
    librsvg/2.62.3#1a36ba9d8062b77eee6cecdadbe53b08:9059dd2b0114d754f18daa65bcaa4f84c338fc04 - Build
    libselinux/3.6#5a78ff6ae5034eeaac8da723361a8ce4:f2912dc85caca455e828cf0fd00357c1247e11e3#c557d476c1ea80b4bf0aea0833da1538 - Cache
    libxft/2.3.9#dfc71e304b9d4c3dcf54a571281dbb86:ae59dafa155e940096be0813e0893c5d99763b26#f07ec856714ab75c70efde31c404ea7d - Cache
    libxml2/2.15.3#3406c6d8d327e9b84c0c894feb859514:7ebbc05509ce7603da650f94620f34d7b9ec0c22#9de0f1085a7261d640825cca1431a42c - Cache
    lzo/2.10#f00b10acc508cea70645727d970a23e1:c81087b06d1a5beef0ad711fc32d45f7a425a8f3#846cf99bf8d646c3b7a1afb2e61d9632 - Cache
    pango/1.57.0#27e3f8ea574b5f7019614fc71c62a6fa:2601df2c46a546398e622310201eddc8936d8212#bd11074dabbc8a8c0d7cb43d325bed98 - Cache
    pcre2/10.42#9a35f5089feb875ec61a38eca364ce77:9fc9b4a835fcb590d13e2cacc5738bd786bc49a6#e3d9e7e63ac74dda3a1177c873361e92 - Cache
    pixman/0.43.4#60427f74e9514f007eb3cb8c52b6fbd6:c81087b06d1a5beef0ad711fc32d45f7a425a8f3#fbbca1fd6895f49c18564705b5cdc726 - Cache
    xorg-macros/1.19.3#c3465b331ce1d044ee771dc5e4529b79:da39a3ee5e6b4b0d3255bfef95601890afd80709#f6477c9b9eaafe88df13906bad42fbb4 - Cache
    xorg-proto/2024.1#449e77cf0df9acf515ddc79d0fe24938:da39a3ee5e6b4b0d3255bfef95601890afd80709#7d3e106e18f31f9ad023213d6b67b6da - Cache
    xorg/system#98f82cb669e4ebc6b4d9d8a4f3f1faf4:da39a3ee5e6b4b0d3255bfef95601890afd80709#0ba8627bd47edc3a501e8f0eb9a79e5e - Cache
    xz_utils/5.8.3#a8432fead347c69d8b2737c35f936132:78c980ab7932a21bec49ac20129c07ae443f4f19#fd32f66205634388d3a23ae1832d123b - Cache
    zlib/1.3.2#1cb806da49011867778ffb6ac7190fcb:c81087b06d1a5beef0ad711fc32d45f7a425a8f3#424b3705b50fb9c7a13cf3d299743946 - Cache
    zstd/1.5.7#b68ca8e3de04ba5957761751d1d661f4:37f60e96fabd90de19a29ec7e7968b118c0cedf4#2ab0e20c0fd5545e371a05e4c163e0af - Cache
Build requirements
    meson/1.10.2#9d2d10681fe7fe61c788c58626c89b25:da39a3ee5e6b4b0d3255bfef95601890afd80709#f54fda458a6ea9fa57bcbb5f76c05bd7 - Cache
    ninja/1.13.2#c8c5dc2a52ed6e4e42a66d75b4717ceb:3593751651824fb813502c69c971267624ced41a#156397ad110e0b3ae4f3018ae3b314c6 - Cache
    pkgconf/2.5.1#93c2051284cba1279494a43a4fcfeae2:c0b621fd4b3199fe05075171573398833dba85f4#4b04c5ce32e745f87a67c63a747148d2 - Cache
Skipped binaries
    autoconf/2.71, automake/1.16.5, bison/3.8.2, bzip2/1.0.8, cmake/4.3.2, elfutils/0.190, flex/2.6.4, gettext/0.22.5, glib/2.85.3, gnu-config/cci.20210814, gperf/3.1, libffi/3.4.8, libiconv/1.17, libmount/2.39.2, libselinux/3.6, libtool/2.4.7, m4/1.4.19, pcre2/10.42, pkgconf/2.0.3, pkgconf/2.2.0, xorg-macros/1.19.3, xorg-macros/1.20.0, xz_utils/5.8.3, zlib/1.3.2, zstd/1.5.7
xorg/system: System requirements: libx11-dev libx11-xcb-dev libfontenc-dev libice-dev libsm-dev libxau-dev libxaw7-dev libxcomposite-dev libxcursor-dev libxdamage-dev libxdmcp-dev libxext-dev libxfixes-dev libxi-dev libxinerama-dev libxkbfile-dev libxmu-dev libxmuu-dev libxpm-dev libxrandr-dev libxrender-dev libxres-dev libxss-dev libxt-dev libxtst-dev libxv-dev libxxf86vm-dev libxcb-glx0-dev libxcb-render0-dev libxcb-render-util0-dev libxcb-xkb-dev libxcb-icccm4-dev libxcb-image0-dev libxcb-keysyms1-dev libxcb-randr0-dev libxcb-shape0-dev libxcb-sync-dev libxcb-xfixes0-dev libxcb-xinerama0-dev libxcb-dri3-dev uuid-dev libxcb-cursor-dev libxcb-dri2-0-dev libxcb-dri3-dev libxcb-present-dev libxcb-composite0-dev libxcb-ewmh-dev libxcb-res0-dev already installed
xorg/system: System requirements: libxcb-util-dev already installed

======== Installing packages ========
brotli/1.1.0: Already installed! (1 of 31)
bzip2/1.0.8: Already installed! (2 of 31)
libffi/3.4.8: Already installed! (3 of 31)
libiconv/1.17: Already installed! (4 of 31)
libmount/2.39.2: Already installed! (5 of 31)
lzo/2.10: Already installed! (6 of 31)
ninja/1.13.2: Already installed! (7 of 31)
xorg/system: Already installed! (8 of 31)
xz_utils/5.8.3: Already installed! (9 of 31)
zlib/1.3.2: Already installed! (10 of 31)
zstd/1.5.7: Already installed! (11 of 31)
expat/2.8.1: Already installed! (12 of 31)
fribidi/1.0.13: Already installed! (13 of 31)
pixman/0.43.4: Already installed! (14 of 31)
pkgconf/2.5.1: Already installed! (15 of 31)
xorg-macros/1.19.3: Already installed! (16 of 31)
xorg-macros/1.19.3: Appending AUTOMAKE_CONAN_INCLUDES environment variable: /home/uilian/.conan2/p/xorg-a7814e7f591fa/p/bin/share/aclocal
xorg-macros/1.19.3: WARN: deprecated: The use of 'unix_path_legacy_compat' is deprecated in Conan 2.0 and does not perform path conversions. This is retained for compatibility with Conan 1.x and will be removed in a future version.
libpng/1.6.58: Already installed! (17 of 31)
libxml2/2.15.3: Already installed! (18 of 31)
meson/1.10.2: Already installed! (19 of 31)
pcre2/10.42: Already installed! (20 of 31)
elfutils/0.190: Already installed! (21 of 31)
elfutils/0.190: Appending PATH env var with : /home/uilian/.conan2/p/elfutda5e0e249edc1/p/bin
elfutils/0.190: Setting ADDR2LINE to /home/uilian/.conan2/p/elfutda5e0e249edc1/p/bin/eu-addr2line
elfutils/0.190: Setting AR to /home/uilian/.conan2/p/elfutda5e0e249edc1/p/bin/eu-ar
elfutils/0.190: Setting ELFCLASSIFY to /home/uilian/.conan2/p/elfutda5e0e249edc1/p/bin/eu-elfclassify
elfutils/0.190: Setting ELFCMP to /home/uilian/.conan2/p/elfutda5e0e249edc1/p/bin/eu-elfcmp
elfutils/0.190: Setting ELFCOMPRESS to /home/uilian/.conan2/p/elfutda5e0e249edc1/p/bin/eu-elfcompress
elfutils/0.190: Setting ELFLINT to /home/uilian/.conan2/p/elfutda5e0e249edc1/p/bin/eu-elflint
elfutils/0.190: Setting FINDTEXTREL to /home/uilian/.conan2/p/elfutda5e0e249edc1/p/bin/eu-findtextrel
elfutils/0.190: Setting MAKE_DEBUG_ARCHIVE to /home/uilian/.conan2/p/elfutda5e0e249edc1/p/bin/eu-make-debug-archive
elfutils/0.190: Setting NM to /home/uilian/.conan2/p/elfutda5e0e249edc1/p/bin/eu-nm
elfutils/0.190: Setting OBJDUMP to /home/uilian/.conan2/p/elfutda5e0e249edc1/p/bin/eu-objdump
elfutils/0.190: Setting RANLIB to /home/uilian/.conan2/p/elfutda5e0e249edc1/p/bin/eu-ranlib
elfutils/0.190: Setting READELF to /home/uilian/.conan2/p/elfutda5e0e249edc1/p/bin/eu-readelf
elfutils/0.190: Setting SIZE to /home/uilian/.conan2/p/elfutda5e0e249edc1/p/bin/eu-size
elfutils/0.190: Setting STACK to /home/uilian/.conan2/p/elfutda5e0e249edc1/p/bin/eu-stack
elfutils/0.190: Setting STRINGS to /home/uilian/.conan2/p/elfutda5e0e249edc1/p/bin/eu-strings
elfutils/0.190: Setting STRIP to /home/uilian/.conan2/p/elfutda5e0e249edc1/p/bin/eu-strip
elfutils/0.190: Setting UNSTRIP to /home/uilian/.conan2/p/elfutda5e0e249edc1/p/bin/eu-unstrip
xorg-proto/2024.1: Already installed! (22 of 31)
freetype/2.14.3: Already installed! (23 of 31)
libselinux/3.6: Already installed! (24 of 31)
fontconfig/2.17.1: Already installed! (25 of 31)
glib/2.85.3: Already installed! (26 of 31)
libxft/2.3.9: Already installed! (27 of 31)
cairo/1.18.4: Already installed! (28 of 31)
harfbuzz/12.3.0: Already installed! (29 of 31)
pango/1.57.0: Already installed! (30 of 31)
librsvg/2.62.3: Calling source() in /home/uilian/.conan2/p/librs8387f0342a418/s/src
librsvg/2.62.3: Source https://gitlab.gnome.org/GNOME/librsvg/-/archive/2.62.3/librsvg-2.62.3.tar.gz retrieved from local download cache
librsvg/2.62.3: Uncompressing librsvg-2.62.3.tar.gz to .

-------- Installing package librsvg/2.62.3 (31 of 31) --------
librsvg/2.62.3: Building from source
librsvg/2.62.3: Package librsvg/2.62.3:9059dd2b0114d754f18daa65bcaa4f84c338fc04
librsvg/2.62.3: settings: os=Linux arch=x86_64 compiler=gcc compiler.version=13 build_type=Release
librsvg/2.62.3: options: fPIC=True shared=False
librsvg/2.62.3: requires: pango/1.57.Z libxft/2.3.Z xorg-macros/1.19.Z cairo/1.18.Z pixman/0.43.Z lzo/2.10.Z fontconfig/2.17.Z expat/2.8.Z xorg/system fribidi/1.0.Z harfbuzz/12.3.Z freetype/2.14.Z libpng/1.6.Z brotli/1.1.Z glib/2.85.Z libffi/3.4.Z elfutils/0.190.Z xz_utils/5.8.Z zstd/1.5.Z libmount/2.39.Z libselinux/3.6.Z pcre2/10.42.Z bzip2/1.0.Z libxml2/2.15.Z libiconv/1.17.Z zlib/1.3.Z
librsvg/2.62.3: Copying sources to build folder
librsvg/2.62.3: Building your package in /home/uilian/.conan2/p/b/librs336a2333e6ca6/b
librsvg/2.62.3: Calling generate()
librsvg/2.62.3: Generators folder: /home/uilian/.conan2/p/b/librs336a2333e6ca6/b/build-release/conan
librsvg/2.62.3: WARN: Building librsvg requires rustc, cargo and cargo-c installed in your system.
librsvg/2.62.3: MesonToolchain generated: conan_meson_native.ini
WARN: deprecated: Please, do not use a Conan option value directly. Convert 'options.fPIC' into a valid Pythondata type, e.g, bool(self.options.shared)
librsvg/2.62.3: Generating aggregated env files
librsvg/2.62.3: Generated aggregated env files: ['conanbuild.sh', 'conanrun.sh']
librsvg/2.62.3: Calling build()
librsvg/2.62.3: Meson configure cmd: meson setup --native-file "/home/uilian/.conan2/p/b/librs336a2333e6ca6/b/build-release/conan/conan_meson_native.ini" "/home/uilian/.conan2/p/b/librs336a2333e6ca6/b/build-release" "/home/uilian/.conan2/p/b/librs336a2333e6ca6/b/src" --prefix=/
librsvg/2.62.3: RUN: meson setup --native-file "/home/uilian/.conan2/p/b/librs336a2333e6ca6/b/build-release/conan/conan_meson_native.ini" "/home/uilian/.conan2/p/b/librs336a2333e6ca6/b/build-release" "/home/uilian/.conan2/p/b/librs336a2333e6ca6/b/src" --prefix=/
The Meson build system
Version: 1.10.2
Source dir: /home/uilian/.conan2/p/b/librs336a2333e6ca6/b/src
Build dir: /home/uilian/.conan2/p/b/librs336a2333e6ca6/b/build-release
Build type: native build
Project name: librsvg
Project version: 2.62.3
C compiler for the host machine: /usr/bin/gcc-13 (gcc 13.1.0 "gcc-13 (Ubuntu 13.1.0-8ubuntu1~22.04) 13.1.0")
C linker for the host machine: /usr/bin/gcc-13 ld.bfd 2.38
Host machine cpu family: x86_64
Host machine cpu: x86_64
Program cargo found: YES 1.96.0 1.96.0 (/home/uilian/.cargo/bin/cargo)
Program meson/cargo_wrapper.py found: YES (/home/uilian/.conan2/p/b/librs336a2333e6ca6/b/src/meson/cargo_wrapper.py)
Program cargo-cbuild found: YES 0.10.23 0.10.23 (/home/uilian/.cargo/bin/cargo-cbuild)
Program rustc found: YES 1.96.0 1.96.0 (/home/uilian/.cargo/bin/rustc)
Program meson/makedef.py found: YES (/home/uilian/.conan2/p/b/librs336a2333e6ca6/b/src/meson/makedef.py)
Program python3 found: YES (/opt/pyenv/versions/3.12.4/bin/python3)
Found pkg-config: YES (/home/uilian/.conan2/p/pkgcoa6060d80b51cc/p/bin/pkgconf) 2.5.1
Run-time dependency cairo found: YES 1.18.4
Run-time dependency cairo-gobject found: YES 1.18.4
Run-time dependency cairo-png found: YES 1.18.4
Run-time dependency dav1d found: NO (tried pkgconfig)
Run-time dependency freetype2 found: YES 26.6.20
Found CMake: /opt/pyenv/versions/3.12.4/bin/cmake (4.3.1)
Run-time dependency gdk-pixbuf-2.0 found: NO (tried pkgconfig and cmake)
Not looking for a fallback subproject for the dependency gdk-pixbuf-2.0 because:
Use of fallback dependencies is disabled.
Run-time dependency gio-2.0 found: YES 2.85.3
Run-time dependency glib-2.0 found: YES 2.85.3
Run-time dependency harfbuzz found: YES 12.3.0
Run-time dependency libxml-2.0 found: YES 2.15.3
Run-time dependency pango found: YES 1.57.0
Run-time dependency pangocairo found: YES 1.57.0
Run-time dependency pangoft2 found: YES 1.57.0
Run-time dependency gmodule-2.0 found: YES 2.85.3
Program rst2man rst2man.py skipped: feature docs disabled
Program gi-docgen found: NO
Dependency gobject-introspection-1.0 skipped: feature introspection disabled
Run-time dependency vapigen found: NO (tried pkgconfig and cmake)
Run-time dependency appleframeworks found: NO (tried framework)
Library m found: YES
Fetching value of define "_MSC_VER" : (undefined) 
Program meson/query-rustc.py found: YES (/home/uilian/.conan2/p/b/librs336a2333e6ca6/b/src/meson/query-rustc.py)
Library pthread found: YES
Library c found: YES
Library gcc_s found: YES
Library util found: YES
Library rt found: YES
Library m found: YES
Library dl found: YES
Program pkg-config found: YES
Checking if define "__MINGW32__" exists: NO 
Configuring rsvg-features.h using configuration
Configuring rsvg-version.h using configuration
Program llvm-nm found: NO
Program nm found: YES (/usr/bin/nm)
Configuring librsvg-2.0.def with command
Compiler for C supports link arguments -Wl,-dead_strip: NO 
Compiler for C supports link arguments -Wl,--gc-sections: YES 
Compiler for C supports link arguments -Wl,-Bsymbolic-functions: YES 
Compiler for C supports function attribute unused: YES 
Configuring _rsvg_dummy.c with command
Found pkg-config: YES (/home/uilian/.conan2/p/pkgcoa6060d80b51cc/p/bin/pkgconf) 2.5.1
Build targets in project: 3

librsvg 2.62.3

  User defined options
    Native files: /home/uilian/.conan2/p/b/librs336a2333e6ca6/b/build-release/conan/conan_meson_native.ini
    prefix      : /

Found ninja-1.13.2 at /home/uilian/.conan2/p/b/ninjab48f310494444/p/bin/ninja
Generating targets:   0%|          | 0/3 eta ?                                              Writing build.ninja:   0%|          | 0/31 eta ?                                                
librsvg/2.62.3: Meson build cmd: meson compile -C "/home/uilian/.conan2/p/b/librs336a2333e6ca6/b/build-release" -j12 --verbose
librsvg/2.62.3: RUN: meson compile -C "/home/uilian/.conan2/p/b/librs336a2333e6ca6/b/build-release" -j12 --verbose
[0/2] /opt/pyenv/versions/3.12.4/bin/python3 /home/uilian/.conan2/p/meson5f17c5ad1b4cc/f/bin/meson.py --internal exe --unpickle /home/uilian/.conan2/p/b/librs336a2333e6ca6/b/build-release/meson-private/meson_exe_cargo_wrapper.py_7977cd26f2dc8d433846ec96175d1a028ca36e34.dat
   Compiling proc-macro2 v1.0.106
   Compiling quote v1.0.44
   Compiling unicode-ident v1.0.22
   Compiling target-lexicon v0.13.3
   Compiling winnow v0.7.14
   Compiling serde_spanned v1.0.4
   Compiling toml_datetime v0.7.5+spec-1.1.0
   Compiling smallvec v1.15.1
   Compiling heck v0.5.0
   Compiling version-compare v0.2.1
   Compiling pkg-config v0.3.32
   Compiling libc v0.2.180
   Compiling rand_core v0.6.4
   Compiling siphasher v1.0.2
   Compiling autocfg v1.5.0
   Compiling stable_deref_trait v1.2.1
   Compiling cfg-if v1.0.4
   Compiling rand v0.8.6
   Compiling memchr v2.8.0
   Compiling serde_core v1.0.228
   Compiling phf_shared v0.11.3
   Compiling parking_lot_core v0.9.12
   Compiling futures-core v0.3.32
   Compiling bitflags v2.10.0
   Compiling new_debug_unreachable v1.0.6
   Compiling num-traits v0.2.19
   Compiling litemap v0.8.1
   Compiling slab v0.4.11
   Compiling pin-project-lite v0.2.16
   Compiling serde v1.0.228
   Compiling cfg-expr v0.20.6
   Compiling phf_generator v0.11.3
   Compiling scopeguard v1.2.0
   Compiling writeable v0.6.2
   Compiling futures-task v0.3.32
   Compiling phf_codegen v0.11.3
   Compiling lock_api v0.4.14
   Compiling crossbeam-utils v0.8.21
   Compiling icu_normalizer_data v2.1.1
   Compiling precomputed-hash v0.1.1
   Compiling syn v2.0.114
   Compiling bytemuck v1.24.0
   Compiling icu_properties_data v2.1.2
   Compiling string_cache_codegen v0.5.4
   Compiling futures-channel v0.3.31
   Compiling simd-adler32 v0.3.8
   Compiling crc32fast v1.5.0
   Compiling dtoa v1.0.11
   Compiling paste v1.0.15
   Compiling parking_lot v0.12.5
   Compiling web_atoms v0.1.3
   Compiling toml_parser v1.0.6+spec-1.1.0
   Compiling adler2 v2.0.1
   Compiling mac v0.1.1
   Compiling miniz_oxide v0.8.9
   Compiling futf v0.1.5
   Compiling dtoa-short v0.3.5
   Compiling crossbeam-epoch v0.9.18
   Compiling safe_arch v0.7.4
   Compiling aho-corasick v1.1.4
   Compiling matrixmultiply v0.3.10
   Compiling toml v0.9.11+spec-1.1.0
   Compiling log v0.4.29
   Compiling system-deps v7.0.7
   Compiling rayon-core v1.13.0
   Compiling regex-syntax v0.8.8
   Compiling itoa v1.0.17
   Compiling typenum v1.19.0
   Compiling utf-8 v0.7.6
   Compiling futures-io v0.3.31
   Compiling tendril v0.4.3
   Compiling wide v0.7.33
   Compiling crossbeam-deque v0.8.6
   Compiling flate2 v1.1.8
   Compiling num-integer v0.1.46
   Compiling glib-sys v0.22.0
   Compiling gobject-sys v0.22.0
   Compiling gio-sys v0.22.0
   Compiling cairo-sys-rs v0.22.0
   Compiling pango-sys v0.22.0
   Compiling pangocairo-sys v0.22.0
   Compiling pxfm v0.1.27
   Compiling approx v0.5.1
   Compiling num-complex v0.4.6
   Compiling fdeflate v0.3.7
   Compiling string_cache v0.8.9
   Compiling regex-automata v0.4.13
   Compiling selectors v0.31.0
   Compiling synstructure v0.13.2
   Compiling quick-error v2.0.1
   Compiling weezl v0.1.12
   Compiling byteorder v1.5.0
   Compiling either v1.15.0
   Compiling rawpointer v0.2.1
   Compiling byteorder-lite v0.1.0
   Compiling color_quant v1.1.0
   Compiling zune-core v0.5.1
   Compiling percent-encoding v2.3.2
   Compiling utf8_iter v1.0.4
   Compiling zune-jpeg v0.5.13
   Compiling form_urlencoded v1.2.2
   Compiling image-webp v0.2.4
   Compiling gif v0.14.1
   Compiling moxcms v0.8.1
   Compiling zerofrom-derive v0.1.6
   Compiling yoke-derive v0.8.1
   Compiling zerovec-derive v0.11.2
   Compiling displaydoc v0.2.5
   Compiling zerofrom v0.1.6
   Compiling futures-macro v0.3.32
   Compiling phf_macros v0.11.3
   Compiling glib-macros v0.22.0
   Compiling yoke v0.8.1
   Compiling cssparser-macros v0.6.1
   Compiling zerotrie v0.2.3
   Compiling derive_more-impl v2.1.1
   Compiling phf v0.11.3
   Compiling futures-util v0.3.32
   Compiling zerovec v0.11.5
   Compiling cssparser v0.35.0
   Compiling regex v1.12.2
   Compiling tinystr v0.8.2
   Compiling potential_utf v0.1.4
   Compiling icu_locale_core v2.1.1
   Compiling icu_collections v2.1.1
   Compiling derive_more v2.1.1
   Compiling markup5ever v0.35.0
   Compiling nalgebra-macros v0.3.0
   Compiling fxhash v0.2.1
   Compiling simba v0.9.1
   Compiling png v0.18.1
   Compiling futures-executor v0.3.31
   Compiling icu_provider v2.1.1
   Compiling librsvg v2.62.3 (/home/uilian/.conan2/p/b/librs336a2333e6ca6/b/src/rsvg)
   Compiling num-rational v0.4.2
   Compiling icu_properties v2.1.2
   Compiling icu_normalizer v2.1.1
   Compiling glib v0.22.0
   Compiling phf_shared v0.13.1
   Compiling idna_adapter v1.2.1
   Compiling idna v1.1.0
   Compiling servo_arc v0.4.3
   Compiling lazy_static v1.5.0
   Compiling tinyvec_macros v0.1.1
   Compiling locale_config v0.3.0
   Compiling tinyvec v1.10.0
   Compiling url v2.5.8
   Compiling string_cache v0.9.0
   Compiling rayon v1.11.0
   Compiling image v0.25.10
   Compiling librsvg-c v2.62.3 (/home/uilian/.conan2/p/b/librs336a2333e6ca6/b/src/librsvg-c)
   Compiling xml5ever v0.35.0
   Compiling cssparser-color v0.3.0
   Compiling itertools v0.14.0
   Compiling float-cmp v0.10.0
   Compiling rgb v0.8.52
   Compiling encoding_rs v0.8.35
   Compiling nalgebra v0.34.1
   Compiling language-tags v0.3.2
   Compiling data-url v0.3.2
   Compiling rctree v0.6.0
   Compiling cast v0.3.0
   Compiling mutants v0.0.3
   Compiling gio v0.22.1
   Compiling cairo-rs v0.22.0
   Compiling pango v0.22.0
   Compiling pangocairo v0.22.0
note: link against the following native artifacts when linking against this static library. The order and any duplication can be significant on some platforms

    Finished `release` profile [optimized] target(s) in 36.46s
    Building pkg-config files
command: ['/home/uilian/.cargo/bin/cargo', 'cbuild', '--locked', '--prefix', '/', '--libdir', '/lib', '--library-type', 'staticlib', '--manifest-path', '/home/uilian/.conan2/p/b/librs336a2333e6ca6/b/src/Cargo.toml', '--target-dir', '/home/uilian/.conan2/p/b/librs336a2333e6ca6/b/build-release/target', '--release', '-p', 'librsvg-c'], env: {'CARGO_PROFILE_RELEASE_OPT_LEVEL': '3'}
[2/2] /opt/pyenv/versions/3.12.4/bin/python3 -c 'import os; import sys; import shutil; shutil.copy(sys.argv[1], sys.argv[2])' rsvg/librsvg_2.a rsvg/librsvg-2.a
INFO: autodetecting backend as ninja
INFO: calculating backend command to run: /home/uilian/.conan2/p/b/ninjab48f310494444/p/bin/ninja -j 12 -v

librsvg/2.62.3: Package '9059dd2b0114d754f18daa65bcaa4f84c338fc04' built
librsvg/2.62.3: Build folder /home/uilian/.conan2/p/b/librs336a2333e6ca6/b/build-release
librsvg/2.62.3: Generating the package
librsvg/2.62.3: Packaging in folder /home/uilian/.conan2/p/b/librs336a2333e6ca6/p
librsvg/2.62.3: Calling package()
librsvg/2.62.3: RUN: meson install -C "/home/uilian/.conan2/p/b/librs336a2333e6ca6/b/build-release" --destdir "/home/uilian/.conan2/p/b/librs336a2333e6ca6/p"
ninja: Entering directory `/home/uilian/.conan2/p/b/librs336a2333e6ca6/b/build-release'
ninja: no work to do.
Installing rsvg/librsvg-2.a to /home/uilian/.conan2/p/b/librs336a2333e6ca6/p/lib
Installing /home/uilian/.conan2/p/b/librs336a2333e6ca6/b/src/include/librsvg/rsvg.h to /home/uilian/.conan2/p/b/librs336a2333e6ca6/p/include/librsvg-2.0/librsvg
Installing /home/uilian/.conan2/p/b/librs336a2333e6ca6/b/src/include/librsvg/rsvg-cairo.h to /home/uilian/.conan2/p/b/librs336a2333e6ca6/p/include/librsvg-2.0/librsvg
Installing /home/uilian/.conan2/p/b/librs336a2333e6ca6/b/build-release/include/librsvg/rsvg-features.h to /home/uilian/.conan2/p/b/librs336a2333e6ca6/p/include/librsvg-2.0/librsvg
Installing /home/uilian/.conan2/p/b/librs336a2333e6ca6/b/build-release/include/librsvg/rsvg-version.h to /home/uilian/.conan2/p/b/librs336a2333e6ca6/p/include/librsvg-2.0/librsvg
Installing /home/uilian/.conan2/p/b/librs336a2333e6ca6/b/build-release/meson-private/librsvg-2.0.pc to /home/uilian/.conan2/p/b/librs336a2333e6ca6/p/lib/pkgconfig

librsvg/2.62.3: [HOOK - hook_validate_env.py] post_package(): Running hook: /home/uilian/.conan2/extensions/hooks/hook_validate_env.py
librsvg/2.62.3: package(): Packaged 1 '.LIB' file: COPYING.LIB
librsvg/2.62.3: package(): Packaged 1 '.a' file: librsvg-2.a
librsvg/2.62.3: package(): Packaged 4 '.h' files: rsvg-cairo.h, rsvg.h, rsvg-version.h, rsvg-features.h
librsvg/2.62.3: Created package revision 561b14cf183b5d1342c39c8b395b9200
librsvg/2.62.3: Package '9059dd2b0114d754f18daa65bcaa4f84c338fc04' created
librsvg/2.62.3: Full package reference: librsvg/2.62.3#1a36ba9d8062b77eee6cecdadbe53b08:9059dd2b0114d754f18daa65bcaa4f84c338fc04#561b14cf183b5d1342c39c8b395b9200
librsvg/2.62.3: Package folder /home/uilian/.conan2/p/b/librs336a2333e6ca6/p
WARN: deprecated: Usage of deprecated Conan 1.X features that will be removed in Conan 2.X:
WARN: deprecated:     'cpp_info.names' used in: xorg-macros/1.19.3, bzip2/1.0.8
WARN: deprecated:     'cpp_info.build_modules' used in: bzip2/1.0.8
WARN: deprecated:     'env_info' used in: xorg-macros/1.19.3, glib/2.85.3, bzip2/1.0.8, elfutils/0.190
WARN: deprecated:     'cpp_info.filenames' used in: xorg-proto/2024.1

======== Launching test_package ========

======== Computing dependency graph ========
elfutils/0.190: WARN: deprecated: build_requires is deprecated, prefer to use tool_requires with correct traits
elfutils/0.190: WARN: deprecated: build_requires is deprecated, prefer to use tool_requires with correct traits
elfutils/0.190: WARN: deprecated: build_requires is deprecated, prefer to use tool_requires with correct traits
Graph root
    librsvg/2.62.3 (test package): /home/uilian/Development/conan/conan-center-index/recipes/librsvg/all/test_package/conanfile.py
Requirements
    brotli/1.1.0#3f631ef77008f7b5eb388780116371a3 - Cache
    bzip2/1.0.8#c470882369c2d95c5c77e970c0c7e321 - Cache
    cairo/1.18.4#a3845ccec428be648572c84a65f74f15 - Cache
    elfutils/0.190#8e8c47bd9b2578e29a0341b09b977be8 - Cache
    expat/2.8.1#e2fa0a1a12da326521a3d622a475047a - Cache
    fontconfig/2.17.1#c7138aa09e0fcc0e337511719c9bfb12 - Cache
    freetype/2.14.3#4ee27b7918b546a96d7e6898e3a02b34 - Cache
    fribidi/1.0.13#205942bdceca0837df53e7ebb0aaa86a - Cache
    glib/2.85.3#2fef4f1c3f92c9eaf077ccd54b9404a3 - Cache
    harfbuzz/12.3.0#a5fef061896cd5c30e9a17c9d7920ad1 - Cache
    libffi/3.4.8#a045c00fb26779635e3bed40e80c5254 - Cache
    libiconv/1.17#9923bc6dc6f106646d6967e0039a5ada - Cache
    libmount/2.39.2#64850679fa9d5ead878e5076b0cab2a8 - Cache
    libpng/1.6.58#19cb72905ae54f54948401f753faa2c1 - Cache
    librsvg/2.62.3#1a36ba9d8062b77eee6cecdadbe53b08 - Cache
    libselinux/3.6#5a78ff6ae5034eeaac8da723361a8ce4 - Cache
    libxft/2.3.9#dfc71e304b9d4c3dcf54a571281dbb86 - Cache
    libxml2/2.15.3#3406c6d8d327e9b84c0c894feb859514 - Cache
    lzo/2.10#f00b10acc508cea70645727d970a23e1 - Cache
    pango/1.57.0#27e3f8ea574b5f7019614fc71c62a6fa - Cache
    pcre2/10.42#9a35f5089feb875ec61a38eca364ce77 - Cache
    pixman/0.43.4#60427f74e9514f007eb3cb8c52b6fbd6 - Cache
    xorg/system#98f82cb669e4ebc6b4d9d8a4f3f1faf4 - Cache
    xorg-macros/1.19.3#c3465b331ce1d044ee771dc5e4529b79 - Cache
    xorg-proto/2024.1#449e77cf0df9acf515ddc79d0fe24938 - Cache
    xz_utils/5.8.3#a8432fead347c69d8b2737c35f936132 - Cache
    zlib/1.3.2#1cb806da49011867778ffb6ac7190fcb - Cache
    zstd/1.5.7#b68ca8e3de04ba5957761751d1d661f4 - Cache
Build requirements
    autoconf/2.71#51077f068e61700d65bb05541ea1e4b0 - Cache
    automake/1.16.5#b91b7c384c3deaa9d535be02da14d04f - Cache
    bison/3.8.2#c3490cbe0078b6fd3eb4cf5ed64144dc - Cache
    bzip2/1.0.8#c470882369c2d95c5c77e970c0c7e321 - Cache
    cmake/4.3.2#5bae0b181463ca4dc3e924a981367ee6 - Cache
    elfutils/0.190#8e8c47bd9b2578e29a0341b09b977be8 - Cache
    flex/2.6.4#efa781fc5088b47c895bd4eef6911f2e - Cache
    gettext/0.22.5#2f6edba611e8db1a8a18488b116e8c2a - Cache
    glib/2.85.3#2fef4f1c3f92c9eaf077ccd54b9404a3 - Cache
    gnu-config/cci.20210814#466e9d4d7779e1c142443f7ea44b4284 - Cache
    gperf/3.1#a7afdf8f7cccdc2dcd4d962370c33d4f - Cache
    libffi/3.4.8#a045c00fb26779635e3bed40e80c5254 - Cache
    libiconv/1.17#9923bc6dc6f106646d6967e0039a5ada - Cache
    libmount/2.39.2#64850679fa9d5ead878e5076b0cab2a8 - Cache
    libselinux/3.6#5a78ff6ae5034eeaac8da723361a8ce4 - Cache
    libtool/2.4.7#14e7739cc128bc1623d2ed318008e47e - Cache
    m4/1.4.19#34c4bbc3eeebe98ca6edf2f52d602e7d - Cache
    meson/1.10.2#9d2d10681fe7fe61c788c58626c89b25 - Cache
    ninja/1.13.2#c8c5dc2a52ed6e4e42a66d75b4717ceb - Cache
    pcre2/10.42#9a35f5089feb875ec61a38eca364ce77 - Cache
    pkgconf/2.0.3#c7ba7fd1d7d22534ee070ae60ed79604 - Cache
    pkgconf/2.2.0#4ac315b50ef734072b00ff3aacbf52bf - Cache
    pkgconf/2.5.1#93c2051284cba1279494a43a4fcfeae2 - Cache
    xorg-macros/1.19.3#c3465b331ce1d044ee771dc5e4529b79 - Cache
    xorg-macros/1.20.0#b721d2f8ca6804d072820cb551d8c4fa - Cache
    xz_utils/5.8.3#a8432fead347c69d8b2737c35f936132 - Cache
    zlib/1.3.2#1cb806da49011867778ffb6ac7190fcb - Cache
    zstd/1.5.7#b68ca8e3de04ba5957761751d1d661f4 - Cache

======== Computing necessary packages ========
libselinux/3.6: WARN: risk: Transitive dependencies with 'headers=False' effect in 'package_id' is not necessary and suboptimal. Use required_conan_version='>=2.28' to activate it
libselinux/3.6: WARN: risk: Transitive dependencies with 'headers=False' effect in 'package_id' is not necessary and suboptimal. Use required_conan_version='>=2.28' to activate it
libselinux/3.6: WARN: risk: Transitive dependencies with 'headers=False' effect in 'package_id' is not necessary and suboptimal. Use required_conan_version='>=2.28' to activate it
fontconfig/2.17.1: WARN: risk: Transitive dependencies with 'headers=False' effect in 'package_id' is not necessary and suboptimal. Use required_conan_version='>=2.28' to activate it
glib/2.85.3: WARN: risk: Transitive dependencies with 'headers=False' effect in 'package_id' is not necessary and suboptimal. Use required_conan_version='>=2.28' to activate it
glib/2.85.3: WARN: risk: Transitive dependencies with 'headers=False' effect in 'package_id' is not necessary and suboptimal. Use required_conan_version='>=2.28' to activate it
glib/2.85.3: WARN: risk: Transitive dependencies with 'headers=False' effect in 'package_id' is not necessary and suboptimal. Use required_conan_version='>=2.28' to activate it
libxft/2.3.9: WARN: risk: Transitive dependencies with 'headers=False' effect in 'package_id' is not necessary and suboptimal. Use required_conan_version='>=2.28' to activate it
cairo/1.18.4: WARN: risk: Transitive dependencies with 'headers=False' effect in 'package_id' is not necessary and suboptimal. Use required_conan_version='>=2.28' to activate it
harfbuzz/12.3.0: WARN: risk: Transitive dependencies with 'headers=False' effect in 'package_id' is not necessary and suboptimal. Use required_conan_version='>=2.28' to activate it
pango/1.57.0: WARN: risk: Transitive dependencies with 'headers=False' effect in 'package_id' is not necessary and suboptimal. Use required_conan_version='>=2.28' to activate it
librsvg/2.62.3: WARN: risk: Transitive dependencies with 'headers=False' effect in 'package_id' is not necessary and suboptimal. Use required_conan_version='>=2.28' to activate it
Requirements
    brotli/1.1.0#3f631ef77008f7b5eb388780116371a3:40a4859ccb410e4d27426e07867eee61c5ce2b05#9e69a0b98dfeb83d0c3b97607b9d8715 - Cache
    bzip2/1.0.8#c470882369c2d95c5c77e970c0c7e321:432d7695adc526147073285e155d2ca0340bc76d#133f71a59b79de7c74a2c3af9cb9bc7b - Cache
    cairo/1.18.4#a3845ccec428be648572c84a65f74f15:34df24960168e53a85d4511b56fc77b27c0f41c3#b98c36a209bc7c4273b89579cc360a79 - Cache
    elfutils/0.190#8e8c47bd9b2578e29a0341b09b977be8:4705b8e390320a51c1c5356b6f45747201c58ab9#29811ac211a413879ca99c935eb766b0 - Cache
    expat/2.8.1#e2fa0a1a12da326521a3d622a475047a:aded8fb718ce53657d2b174704f00cbccc67d052#1cbf37746ced3638a9ae96ed0a38e4d9 - Cache
    fontconfig/2.17.1#c7138aa09e0fcc0e337511719c9bfb12:48b0bbaa345c32a6f891afc7437bc26e1a57ba3a#ef8adcdfc03ec1c958336a7c4f9b2ec9 - Cache
    freetype/2.14.3#4ee27b7918b546a96d7e6898e3a02b34:ca0f8de67a8f18266df61435c2205c4fe6fa58b7#c4df5f5331a5b0a67bceeb294f9fe2d4 - Cache
    fribidi/1.0.13#205942bdceca0837df53e7ebb0aaa86a:87da0ea07d89d9a7d4c926ae7a2826c039ab9d82#b2df0f9d1b952154784711827ae349da - Cache
    glib/2.85.3#2fef4f1c3f92c9eaf077ccd54b9404a3:817ad460796332d740007e68020668db6d78c2e9#8a622136654fbb9a5681dc28b6625af0 - Cache
    harfbuzz/12.3.0#a5fef061896cd5c30e9a17c9d7920ad1:5834e5c5296133b22338942db1c6c722fb69e97a#e58f6172f61c4fb7b0c6d25b5932ee8e - Cache
    libffi/3.4.8#a045c00fb26779635e3bed40e80c5254:c81087b06d1a5beef0ad711fc32d45f7a425a8f3#86df95c85a5078938244c88d1f668688 - Cache
    libiconv/1.17#9923bc6dc6f106646d6967e0039a5ada:c81087b06d1a5beef0ad711fc32d45f7a425a8f3#c3a716a7745856cfd7e46f29aef86523 - Cache
    libmount/2.39.2#64850679fa9d5ead878e5076b0cab2a8:c81087b06d1a5beef0ad711fc32d45f7a425a8f3#ae8cca9bcfad9a6142ae321381c1b895 - Cache
    libpng/1.6.58#19cb72905ae54f54948401f753faa2c1:89f26a89b6e56e1284482eb7ac65948ce05dff35#a126a2570c326ded7f5c8d7d89bcde48 - Cache
    librsvg/2.62.3#1a36ba9d8062b77eee6cecdadbe53b08:9059dd2b0114d754f18daa65bcaa4f84c338fc04#561b14cf183b5d1342c39c8b395b9200 - Cache
    libselinux/3.6#5a78ff6ae5034eeaac8da723361a8ce4:f2912dc85caca455e828cf0fd00357c1247e11e3#c557d476c1ea80b4bf0aea0833da1538 - Cache
    libxft/2.3.9#dfc71e304b9d4c3dcf54a571281dbb86:ae59dafa155e940096be0813e0893c5d99763b26#f07ec856714ab75c70efde31c404ea7d - Cache
    libxml2/2.15.3#3406c6d8d327e9b84c0c894feb859514:7ebbc05509ce7603da650f94620f34d7b9ec0c22#9de0f1085a7261d640825cca1431a42c - Cache
    lzo/2.10#f00b10acc508cea70645727d970a23e1:c81087b06d1a5beef0ad711fc32d45f7a425a8f3#846cf99bf8d646c3b7a1afb2e61d9632 - Cache
    pango/1.57.0#27e3f8ea574b5f7019614fc71c62a6fa:2601df2c46a546398e622310201eddc8936d8212#bd11074dabbc8a8c0d7cb43d325bed98 - Cache
    pcre2/10.42#9a35f5089feb875ec61a38eca364ce77:9fc9b4a835fcb590d13e2cacc5738bd786bc49a6#e3d9e7e63ac74dda3a1177c873361e92 - Cache
    pixman/0.43.4#60427f74e9514f007eb3cb8c52b6fbd6:c81087b06d1a5beef0ad711fc32d45f7a425a8f3#fbbca1fd6895f49c18564705b5cdc726 - Cache
    xorg-macros/1.19.3#c3465b331ce1d044ee771dc5e4529b79:da39a3ee5e6b4b0d3255bfef95601890afd80709#f6477c9b9eaafe88df13906bad42fbb4 - Cache
    xorg-proto/2024.1#449e77cf0df9acf515ddc79d0fe24938:da39a3ee5e6b4b0d3255bfef95601890afd80709#7d3e106e18f31f9ad023213d6b67b6da - Cache
    xorg/system#98f82cb669e4ebc6b4d9d8a4f3f1faf4:da39a3ee5e6b4b0d3255bfef95601890afd80709#0ba8627bd47edc3a501e8f0eb9a79e5e - Cache
    xz_utils/5.8.3#a8432fead347c69d8b2737c35f936132:78c980ab7932a21bec49ac20129c07ae443f4f19#fd32f66205634388d3a23ae1832d123b - Cache
    zlib/1.3.2#1cb806da49011867778ffb6ac7190fcb:c81087b06d1a5beef0ad711fc32d45f7a425a8f3#424b3705b50fb9c7a13cf3d299743946 - Cache
    zstd/1.5.7#b68ca8e3de04ba5957761751d1d661f4:37f60e96fabd90de19a29ec7e7968b118c0cedf4#2ab0e20c0fd5545e371a05e4c163e0af - Cache
Build requirements
Skipped binaries
    autoconf/2.71, automake/1.16.5, bison/3.8.2, bzip2/1.0.8, cmake/4.3.2, elfutils/0.190, flex/2.6.4, gettext/0.22.5, glib/2.85.3, gnu-config/cci.20210814, gperf/3.1, libffi/3.4.8, libiconv/1.17, libmount/2.39.2, libselinux/3.6, libtool/2.4.7, m4/1.4.19, meson/1.10.2, ninja/1.13.2, pcre2/10.42, pkgconf/2.0.3, pkgconf/2.2.0, pkgconf/2.5.1, xorg-macros/1.19.3, xorg-macros/1.20.0, xz_utils/5.8.3, zlib/1.3.2, zstd/1.5.7
xorg/system: System requirements: libx11-dev libx11-xcb-dev libfontenc-dev libice-dev libsm-dev libxau-dev libxaw7-dev libxcomposite-dev libxcursor-dev libxdamage-dev libxdmcp-dev libxext-dev libxfixes-dev libxi-dev libxinerama-dev libxkbfile-dev libxmu-dev libxmuu-dev libxpm-dev libxrandr-dev libxrender-dev libxres-dev libxss-dev libxt-dev libxtst-dev libxv-dev libxxf86vm-dev libxcb-glx0-dev libxcb-render0-dev libxcb-render-util0-dev libxcb-xkb-dev libxcb-icccm4-dev libxcb-image0-dev libxcb-keysyms1-dev libxcb-randr0-dev libxcb-shape0-dev libxcb-sync-dev libxcb-xfixes0-dev libxcb-xinerama0-dev libxcb-dri3-dev uuid-dev libxcb-cursor-dev libxcb-dri2-0-dev libxcb-dri3-dev libxcb-present-dev libxcb-composite0-dev libxcb-ewmh-dev libxcb-res0-dev already installed
xorg/system: System requirements: libxcb-util-dev already installed

======== Installing packages ========
brotli/1.1.0: Already installed! (1 of 28)
bzip2/1.0.8: Already installed! (2 of 28)
libffi/3.4.8: Already installed! (3 of 28)
libiconv/1.17: Already installed! (4 of 28)
libmount/2.39.2: Already installed! (5 of 28)
lzo/2.10: Already installed! (6 of 28)
xorg/system: Already installed! (7 of 28)
xz_utils/5.8.3: Already installed! (8 of 28)
zlib/1.3.2: Already installed! (9 of 28)
zstd/1.5.7: Already installed! (10 of 28)
expat/2.8.1: Already installed! (11 of 28)
fribidi/1.0.13: Already installed! (12 of 28)
pixman/0.43.4: Already installed! (13 of 28)
xorg-macros/1.19.3: Already installed! (14 of 28)
xorg-macros/1.19.3: Appending AUTOMAKE_CONAN_INCLUDES environment variable: /home/uilian/.conan2/p/xorg-a7814e7f591fa/p/bin/share/aclocal
xorg-macros/1.19.3: WARN: deprecated: The use of 'unix_path_legacy_compat' is deprecated in Conan 2.0 and does not perform path conversions. This is retained for compatibility with Conan 1.x and will be removed in a future version.
libpng/1.6.58: Already installed! (15 of 28)
libxml2/2.15.3: Already installed! (16 of 28)
pcre2/10.42: Already installed! (17 of 28)
elfutils/0.190: Already installed! (18 of 28)
elfutils/0.190: Appending PATH env var with : /home/uilian/.conan2/p/elfutda5e0e249edc1/p/bin
elfutils/0.190: Setting ADDR2LINE to /home/uilian/.conan2/p/elfutda5e0e249edc1/p/bin/eu-addr2line
elfutils/0.190: Setting AR to /home/uilian/.conan2/p/elfutda5e0e249edc1/p/bin/eu-ar
elfutils/0.190: Setting ELFCLASSIFY to /home/uilian/.conan2/p/elfutda5e0e249edc1/p/bin/eu-elfclassify
elfutils/0.190: Setting ELFCMP to /home/uilian/.conan2/p/elfutda5e0e249edc1/p/bin/eu-elfcmp
elfutils/0.190: Setting ELFCOMPRESS to /home/uilian/.conan2/p/elfutda5e0e249edc1/p/bin/eu-elfcompress
elfutils/0.190: Setting ELFLINT to /home/uilian/.conan2/p/elfutda5e0e249edc1/p/bin/eu-elflint
elfutils/0.190: Setting FINDTEXTREL to /home/uilian/.conan2/p/elfutda5e0e249edc1/p/bin/eu-findtextrel
elfutils/0.190: Setting MAKE_DEBUG_ARCHIVE to /home/uilian/.conan2/p/elfutda5e0e249edc1/p/bin/eu-make-debug-archive
elfutils/0.190: Setting NM to /home/uilian/.conan2/p/elfutda5e0e249edc1/p/bin/eu-nm
elfutils/0.190: Setting OBJDUMP to /home/uilian/.conan2/p/elfutda5e0e249edc1/p/bin/eu-objdump
elfutils/0.190: Setting RANLIB to /home/uilian/.conan2/p/elfutda5e0e249edc1/p/bin/eu-ranlib
elfutils/0.190: Setting READELF to /home/uilian/.conan2/p/elfutda5e0e249edc1/p/bin/eu-readelf
elfutils/0.190: Setting SIZE to /home/uilian/.conan2/p/elfutda5e0e249edc1/p/bin/eu-size
elfutils/0.190: Setting STACK to /home/uilian/.conan2/p/elfutda5e0e249edc1/p/bin/eu-stack
elfutils/0.190: Setting STRINGS to /home/uilian/.conan2/p/elfutda5e0e249edc1/p/bin/eu-strings
elfutils/0.190: Setting STRIP to /home/uilian/.conan2/p/elfutda5e0e249edc1/p/bin/eu-strip
elfutils/0.190: Setting UNSTRIP to /home/uilian/.conan2/p/elfutda5e0e249edc1/p/bin/eu-unstrip
xorg-proto/2024.1: Already installed! (19 of 28)
freetype/2.14.3: Already installed! (20 of 28)
libselinux/3.6: Already installed! (21 of 28)
fontconfig/2.17.1: Already installed! (22 of 28)
glib/2.85.3: Already installed! (23 of 28)
libxft/2.3.9: Already installed! (24 of 28)
cairo/1.18.4: Already installed! (25 of 28)
harfbuzz/12.3.0: Already installed! (26 of 28)
pango/1.57.0: Already installed! (27 of 28)
librsvg/2.62.3: Already installed! (28 of 28)
WARN: deprecated: Usage of deprecated Conan 1.X features that will be removed in Conan 2.X:
WARN: deprecated:     'cpp_info.names' used in: xorg-macros/1.19.3, bzip2/1.0.8
WARN: deprecated:     'cpp_info.build_modules' used in: bzip2/1.0.8
WARN: deprecated:     'env_info' used in: xorg-macros/1.19.3, glib/2.85.3, bzip2/1.0.8, elfutils/0.190
WARN: deprecated:     'cpp_info.filenames' used in: xorg-proto/2024.1

======== Testing the package ========
Removing previously existing 'test_package' build folder: /home/uilian/Development/conan/conan-center-index/recipes/librsvg/all/test_package/build/gcc-13-x86_64-gnu17-release
librsvg/2.62.3 (test package): Test package build: build/gcc-13-x86_64-gnu17-release
librsvg/2.62.3 (test package): Test package build folder: /home/uilian/Development/conan/conan-center-index/recipes/librsvg/all/test_package/build/gcc-13-x86_64-gnu17-release
librsvg/2.62.3 (test package): Writing generators to /home/uilian/Development/conan/conan-center-index/recipes/librsvg/all/test_package/build/gcc-13-x86_64-gnu17-release/generators
librsvg/2.62.3 (test package): Generator 'CMakeDeps' calling 'generate()'
librsvg/2.62.3 (test package): CMakeDeps necessary find_package() and targets for your CMakeLists.txt
    find_package(librsvg)
    target_link_libraries(... librsvg::librsvg)
librsvg/2.62.3 (test package): Generator 'CMakeToolchain' calling 'generate()'
librsvg/2.62.3 (test package): CMakeToolchain generated: conan_toolchain.cmake
librsvg/2.62.3 (test package): CMakeToolchain generated: /home/uilian/Development/conan/conan-center-index/recipes/librsvg/all/test_package/build/gcc-13-x86_64-gnu17-release/generators/CMakePresets.json
librsvg/2.62.3 (test package): CMakeToolchain generated: /home/uilian/Development/conan/conan-center-index/recipes/librsvg/all/test_package/CMakeUserPresets.json
librsvg/2.62.3 (test package): Generating aggregated env files
librsvg/2.62.3 (test package): Generated aggregated env files: ['conanbuild.sh', 'conanrun.sh']

======== Testing the package: Building ========
librsvg/2.62.3 (test package): Calling build()
librsvg/2.62.3 (test package): Running CMake.configure()
librsvg/2.62.3 (test package): RUN: cmake -G "Ninja" -DCMAKE_TOOLCHAIN_FILE="generators/conan_toolchain.cmake" -DCMAKE_INSTALL_PREFIX="/home/uilian/Development/conan/conan-center-index/recipes/librsvg/all/test_package" -DCMAKE_POLICY_DEFAULT_CMP0091="NEW" -DCMAKE_BUILD_TYPE="Release" "/home/uilian/Development/conan/conan-center-index/recipes/librsvg/all/test_package" --loglevel=VERBOSE
-- Using Conan toolchain: /home/uilian/Development/conan/conan-center-index/recipes/librsvg/all/test_package/build/gcc-13-x86_64-gnu17-release/generators/conan_toolchain.cmake
-- Conan toolchain: Defining architecture flag: -m64
-- Conan toolchain: C++ Standard 17 with extensions ON
-- The CXX compiler identification is GNU 13.1.0
-- Detecting CXX compiler ABI info
-- Detecting CXX compiler ABI info - done
-- Check for working CXX compiler: /usr/bin/g++-13 - skipped
-- Detecting CXX compile features
-- Detecting CXX compile features - done
-- Conan: Target declared 'librsvg::librsvg'
-- Conan: Library rsvg-2 found /home/uilian/.conan2/p/b/librs336a2333e6ca6/p/lib/librsvg-2.a
-- Conan: Found: /home/uilian/.conan2/p/b/librs336a2333e6ca6/p/lib/librsvg-2.a
-- Conan: Component target declared 'pango::pango_'
-- Conan: Component target declared 'pango::pangoft2'
-- Conan: Component target declared 'pango::pangofc'
-- Conan: Component target declared 'pango::pangoroot'
-- Conan: Component target declared 'pango::pangoxft'
-- Conan: Component target declared 'pango::pangocairo'
-- Conan: Target declared 'pango::pango'
-- Conan: Library pangocairo-1.0 found /home/uilian/.conan2/p/b/pango751a111f604c7/p/lib/libpangocairo-1.0.a
-- Conan: Found: /home/uilian/.conan2/p/b/pango751a111f604c7/p/lib/libpangocairo-1.0.a
-- Conan: Library pangoxft-1.0 found /home/uilian/.conan2/p/b/pango751a111f604c7/p/lib/libpangoxft-1.0.a
-- Conan: Found: /home/uilian/.conan2/p/b/pango751a111f604c7/p/lib/libpangoxft-1.0.a
-- Conan: Library pangoft2-1.0 found /home/uilian/.conan2/p/b/pango751a111f604c7/p/lib/libpangoft2-1.0.a
-- Conan: Found: /home/uilian/.conan2/p/b/pango751a111f604c7/p/lib/libpangoft2-1.0.a
-- Conan: Library pango-1.0 found /home/uilian/.conan2/p/b/pango751a111f604c7/p/lib/libpango-1.0.a
-- Conan: Found: /home/uilian/.conan2/p/b/pango751a111f604c7/p/lib/libpango-1.0.a
-- Conan: Library pangocairo-1.0 found /home/uilian/.conan2/p/b/pango751a111f604c7/p/lib/libpangocairo-1.0.a
-- Conan: Found: /home/uilian/.conan2/p/b/pango751a111f604c7/p/lib/libpangocairo-1.0.a
-- Conan: Library pangoxft-1.0 found /home/uilian/.conan2/p/b/pango751a111f604c7/p/lib/libpangoxft-1.0.a
-- Conan: Found: /home/uilian/.conan2/p/b/pango751a111f604c7/p/lib/libpangoxft-1.0.a
-- Conan: Library pangoft2-1.0 found /home/uilian/.conan2/p/b/pango751a111f604c7/p/lib/libpangoft2-1.0.a
-- Conan: Found: /home/uilian/.conan2/p/b/pango751a111f604c7/p/lib/libpangoft2-1.0.a
-- Conan: Library pango-1.0 found /home/uilian/.conan2/p/b/pango751a111f604c7/p/lib/libpango-1.0.a
-- Conan: Found: /home/uilian/.conan2/p/b/pango751a111f604c7/p/lib/libpango-1.0.a
-- Conan: Target declared 'libxft::libxft'
-- Conan: Library Xft found /home/uilian/.conan2/p/b/libxf7d57bd3fa5b9c/p/lib/libXft.a
-- Conan: Found: /home/uilian/.conan2/p/b/libxf7d57bd3fa5b9c/p/lib/libXft.a
-- Conan: Component target declared 'xorg-proto::applewmproto'
-- Conan: Component target declared 'xorg-proto::bigreqsproto'
-- Conan: Component target declared 'xorg-proto::compositeproto'
-- Conan: Component target declared 'xorg-proto::damageproto'
-- Conan: Component target declared 'xorg-proto::dmxproto'
-- Conan: Component target declared 'xorg-proto::dpmsproto'
-- Conan: Component target declared 'xorg-proto::dri2proto'
-- Conan: Component target declared 'xorg-proto::dri3proto'
-- Conan: Component target declared 'xorg-proto::fixesproto'
-- Conan: Component target declared 'xorg-proto::fontsproto'
-- Conan: Component target declared 'xorg-proto::glproto'
-- Conan: Component target declared 'xorg-proto::inputproto'
-- Conan: Component target declared 'xorg-proto::kbproto'
-- Conan: Component target declared 'xorg-proto::presentproto'
-- Conan: Component target declared 'xorg-proto::randrproto'
-- Conan: Component target declared 'xorg-proto::recordproto'
-- Conan: Component target declared 'xorg-proto::renderproto'
-- Conan: Component target declared 'xorg-proto::resourceproto'
-- Conan: Component target declared 'xorg-proto::scrnsaverproto'
-- Conan: Component target declared 'xorg-proto::videoproto'
-- Conan: Component target declared 'xorg-proto::xcmiscproto'
-- Conan: Component target declared 'xorg-proto::xextproto'
-- Conan: Component target declared 'xorg-proto::xf86bigfontproto'
-- Conan: Component target declared 'xorg-proto::xf86dgaproto'
-- Conan: Component target declared 'xorg-proto::xf86driproto'
-- Conan: Component target declared 'xorg-proto::xf86vidmodeproto'
-- Conan: Component target declared 'xorg-proto::xineramaproto'
-- Conan: Component target declared 'xorg-proto::xproto'
-- Conan: Component target declared 'xorg-proto::xwaylandproto'
-- Conan: Target declared 'xorg-proto::xorg-proto'
-- Conan: Target declared 'xorg-macros::xorg-macros'
-- Conan: Target declared 'Fontconfig::Fontconfig'
-- Conan: Library fontconfig found /home/uilian/.conan2/p/fontc847d33914bbf8/p/lib/libfontconfig.a
-- Conan: Found: /home/uilian/.conan2/p/fontc847d33914bbf8/p/lib/libfontconfig.a
-- Conan: Target declared 'expat::expat'
-- Conan: Library expat found /home/uilian/.conan2/p/expat49f5ad4a169d0/p/lib/libexpat.a
-- Conan: Found: /home/uilian/.conan2/p/expat49f5ad4a169d0/p/lib/libexpat.a
-- Conan: Target declared 'Freetype::Freetype'
-- Conan: Library freetype found /home/uilian/.conan2/p/freet84d49fa8cc2c8/p/lib/libfreetype.a
-- Conan: Found: /home/uilian/.conan2/p/freet84d49fa8cc2c8/p/lib/libfreetype.a
-- Conan: Target declared 'PNG::PNG'
-- Conan: Library png found /home/uilian/.conan2/p/libpn6f5e2d47f1286/p/lib/libpng.a
-- Conan: Found: /home/uilian/.conan2/p/libpn6f5e2d47f1286/p/lib/libpng.a
-- Conan: Target declared 'ZLIB::ZLIB'
-- Conan: Library z found /home/uilian/.conan2/p/zlib882772c502ae5/p/lib/libz.a
-- Conan: Found: /home/uilian/.conan2/p/zlib882772c502ae5/p/lib/libz.a
-- Conan: Component target declared 'brotli::brotlicommon'
-- Conan: Component target declared 'brotli::brotlidec'
-- Conan: Component target declared 'brotli::brotlienc'
-- Conan: Target declared 'brotli::brotli'
-- Conan: Library brotlienc found /home/uilian/.conan2/p/brotlece89a76cf70e/p/lib/libbrotlienc.a
-- Conan: Found: /home/uilian/.conan2/p/brotlece89a76cf70e/p/lib/libbrotlienc.a
-- Conan: Library brotlidec found /home/uilian/.conan2/p/brotlece89a76cf70e/p/lib/libbrotlidec.a
-- Conan: Found: /home/uilian/.conan2/p/brotlece89a76cf70e/p/lib/libbrotlidec.a
-- Conan: Library brotlicommon found /home/uilian/.conan2/p/brotlece89a76cf70e/p/lib/libbrotlicommon.a
-- Conan: Found: /home/uilian/.conan2/p/brotlece89a76cf70e/p/lib/libbrotlicommon.a
-- Conan: Library brotlienc found /home/uilian/.conan2/p/brotlece89a76cf70e/p/lib/libbrotlienc.a
-- Conan: Found: /home/uilian/.conan2/p/brotlece89a76cf70e/p/lib/libbrotlienc.a
-- Conan: Library brotlidec found /home/uilian/.conan2/p/brotlece89a76cf70e/p/lib/libbrotlidec.a
-- Conan: Found: /home/uilian/.conan2/p/brotlece89a76cf70e/p/lib/libbrotlidec.a
-- Conan: Library brotlicommon found /home/uilian/.conan2/p/brotlece89a76cf70e/p/lib/libbrotlicommon.a
-- Conan: Found: /home/uilian/.conan2/p/brotlece89a76cf70e/p/lib/libbrotlicommon.a
-- Conan: Target declared 'BZip2::BZip2'
-- Conan: Library bz2 found /home/uilian/.conan2/p/bzip29db013e43a5ba/p/lib/libbz2.a
-- Conan: Found: /home/uilian/.conan2/p/bzip29db013e43a5ba/p/lib/libbz2.a
-- Conan: Including build module from '/home/uilian/.conan2/p/bzip29db013e43a5ba/p/lib/cmake/conan-official-bzip2-variables.cmake'
-- Conan: Including build module from '/home/uilian/.conan2/p/freet84d49fa8cc2c8/p/lib/cmake/conan-official-freetype-variables.cmake'
-- Conan: Component target declared 'xorg::x11'
-- Conan: Component target declared 'xorg::x11-xcb'
-- Conan: Component target declared 'xorg::fontenc'
-- Conan: Component target declared 'xorg::ice'
-- Conan: Component target declared 'xorg::xau'
-- Conan: Component target declared 'xorg::xaw7'
-- Conan: Component target declared 'xorg::xcomposite'
-- Conan: Component target declared 'xorg::xcursor'
-- Conan: Component target declared 'xorg::xdamage'
-- Conan: Component target declared 'xorg::xdmcp'
-- Conan: Component target declared 'xorg::xext'
-- Conan: Component target declared 'xorg::xfixes'
-- Conan: Component target declared 'xorg::xi'
-- Conan: Component target declared 'xorg::xinerama'
-- Conan: Component target declared 'xorg::xkbfile'
-- Conan: Component target declared 'xorg::xmu'
-- Conan: Component target declared 'xorg::xmuu'
-- Conan: Component target declared 'xorg::xpm'
-- Conan: Component target declared 'xorg::xrandr'
-- Conan: Component target declared 'xorg::xrender'
-- Conan: Component target declared 'xorg::xres'
-- Conan: Component target declared 'xorg::xscrnsaver'
-- Conan: Component target declared 'xorg::xt'
-- Conan: Component target declared 'xorg::xtst'
-- Conan: Component target declared 'xorg::xv'
-- Conan: Component target declared 'xorg::xxf86vm'
-- Conan: Component target declared 'xorg::xcb-xkb'
-- Conan: Component target declared 'xorg::xcb-icccm'
-- Conan: Component target declared 'xorg::xcb-image'
-- Conan: Component target declared 'xorg::xcb-keysyms'
-- Conan: Component target declared 'xorg::xcb-randr'
-- Conan: Component target declared 'xorg::xcb-render'
-- Conan: Component target declared 'xorg::xcb-renderutil'
-- Conan: Component target declared 'xorg::xcb-shape'
-- Conan: Component target declared 'xorg::xcb-shm'
-- Conan: Component target declared 'xorg::xcb-sync'
-- Conan: Component target declared 'xorg::xcb-xfixes'
-- Conan: Component target declared 'xorg::xcb-xinerama'
-- Conan: Component target declared 'xorg::xcb'
-- Conan: Component target declared 'xorg::xcb-atom'
-- Conan: Component target declared 'xorg::xcb-aux'
-- Conan: Component target declared 'xorg::xcb-event'
-- Conan: Component target declared 'xorg::xcb-util'
-- Conan: Component target declared 'xorg::xcb-dri3'
-- Conan: Component target declared 'xorg::xcb-cursor'
-- Conan: Component target declared 'xorg::xcb-dri2'
-- Conan: Component target declared 'xorg::xcb-glx'
-- Conan: Component target declared 'xorg::xcb-present'
-- Conan: Component target declared 'xorg::xcb-composite'
-- Conan: Component target declared 'xorg::xcb-ewmh'
-- Conan: Component target declared 'xorg::xcb-res'
-- Conan: Component target declared 'xorg::uuid'
-- Conan: Component target declared 'xorg::sm'
-- Conan: Target declared 'xorg::xorg'
-- Conan: Component target declared 'cairo::cairo_'
-- Conan: Component target declared 'cairo::cairo-png'
-- Conan: Component target declared 'cairo::cairo-svg'
-- Conan: Component target declared 'cairo::cairo-fc'
-- Conan: Component target declared 'cairo::cairo-ft'
-- Conan: Component target declared 'cairo::cairo-xlib'
-- Conan: Component target declared 'cairo::cairo-xlib-xrender'
-- Conan: Component target declared 'cairo::cairo-xcb'
-- Conan: Component target declared 'cairo::cairo-xcb-shm'
-- Conan: Component target declared 'cairo::cairo-xlib-xcb'
-- Conan: Component target declared 'cairo::cairo-script'
-- Conan: Component target declared 'cairo::cairo-ps'
-- Conan: Component target declared 'cairo::cairo-pdf'
-- Conan: Component target declared 'cairo::cairo-script-interpreter'
-- Conan: Component target declared 'cairo::cairo-xml'
-- Conan: Component target declared 'cairo::cairo-util_'
-- Conan: Component target declared 'cairo::cairo-gobject'
-- Conan: Target declared 'cairo::cairo'
-- Conan: Library cairo-gobject found /home/uilian/.conan2/p/cairo1f1f1f2872b56/p/lib/libcairo-gobject.a
-- Conan: Found: /home/uilian/.conan2/p/cairo1f1f1f2872b56/p/lib/libcairo-gobject.a
-- Conan: Library cairo-script-interpreter found /home/uilian/.conan2/p/cairo1f1f1f2872b56/p/lib/libcairo-script-interpreter.a
-- Conan: Found: /home/uilian/.conan2/p/cairo1f1f1f2872b56/p/lib/libcairo-script-interpreter.a
-- Conan: Library cairo found /home/uilian/.conan2/p/cairo1f1f1f2872b56/p/lib/libcairo.a
-- Conan: Found: /home/uilian/.conan2/p/cairo1f1f1f2872b56/p/lib/libcairo.a
-- Conan: Library cairo-gobject found /home/uilian/.conan2/p/cairo1f1f1f2872b56/p/lib/libcairo-gobject.a
-- Conan: Found: /home/uilian/.conan2/p/cairo1f1f1f2872b56/p/lib/libcairo-gobject.a
-- Conan: Library cairo-script-interpreter found /home/uilian/.conan2/p/cairo1f1f1f2872b56/p/lib/libcairo-script-interpreter.a
-- Conan: Found: /home/uilian/.conan2/p/cairo1f1f1f2872b56/p/lib/libcairo-script-interpreter.a
-- Conan: Library cairo found /home/uilian/.conan2/p/cairo1f1f1f2872b56/p/lib/libcairo.a
-- Conan: Found: /home/uilian/.conan2/p/cairo1f1f1f2872b56/p/lib/libcairo.a
-- Conan: Target declared 'pixman::pixman'
-- Conan: Library pixman-1 found /home/uilian/.conan2/p/pixma840c91498afef/p/lib/libpixman-1.a
-- Conan: Found: /home/uilian/.conan2/p/pixma840c91498afef/p/lib/libpixman-1.a
-- Conan: Target declared 'lzo::lzo'
-- Conan: Library lzo2 found /home/uilian/.conan2/p/lzob6547b5cfcfab/p/lib/liblzo2.a
-- Conan: Found: /home/uilian/.conan2/p/lzob6547b5cfcfab/p/lib/liblzo2.a
-- Conan: Component target declared 'glib::glib-2.0'
-- Conan: Component target declared 'glib::gresource'
-- Conan: Component target declared 'glib::gmodule-no-export-2.0'
-- Conan: Component target declared 'glib::gobject-2.0'
-- Conan: Component target declared 'glib::gthread-2.0'
-- Conan: Component target declared 'glib::gmodule-export-2.0'
-- Conan: Component target declared 'glib::gmodule-2.0'
-- Conan: Component target declared 'glib::gio-2.0'
-- Conan: Component target declared 'glib::gio-unix-2.0'
-- Conan: Target declared 'glib::glib'
-- Conan: Library gio-2.0 found /home/uilian/.conan2/p/glib9ffb9d61518e2/p/lib/libgio-2.0.a
-- Conan: Found: /home/uilian/.conan2/p/glib9ffb9d61518e2/p/lib/libgio-2.0.a
-- Conan: Library gthread-2.0 found /home/uilian/.conan2/p/glib9ffb9d61518e2/p/lib/libgthread-2.0.a
-- Conan: Found: /home/uilian/.conan2/p/glib9ffb9d61518e2/p/lib/libgthread-2.0.a
-- Conan: Library gobject-2.0 found /home/uilian/.conan2/p/glib9ffb9d61518e2/p/lib/libgobject-2.0.a
-- Conan: Found: /home/uilian/.conan2/p/glib9ffb9d61518e2/p/lib/libgobject-2.0.a
-- Conan: Library gmodule-2.0 found /home/uilian/.conan2/p/glib9ffb9d61518e2/p/lib/libgmodule-2.0.a
-- Conan: Found: /home/uilian/.conan2/p/glib9ffb9d61518e2/p/lib/libgmodule-2.0.a
-- Conan: Library glib-2.0 found /home/uilian/.conan2/p/glib9ffb9d61518e2/p/lib/libglib-2.0.a
-- Conan: Found: /home/uilian/.conan2/p/glib9ffb9d61518e2/p/lib/libglib-2.0.a
-- Conan: Library gio-2.0 found /home/uilian/.conan2/p/glib9ffb9d61518e2/p/lib/libgio-2.0.a
-- Conan: Found: /home/uilian/.conan2/p/glib9ffb9d61518e2/p/lib/libgio-2.0.a
-- Conan: Library gthread-2.0 found /home/uilian/.conan2/p/glib9ffb9d61518e2/p/lib/libgthread-2.0.a
-- Conan: Found: /home/uilian/.conan2/p/glib9ffb9d61518e2/p/lib/libgthread-2.0.a
-- Conan: Library gobject-2.0 found /home/uilian/.conan2/p/glib9ffb9d61518e2/p/lib/libgobject-2.0.a
-- Conan: Found: /home/uilian/.conan2/p/glib9ffb9d61518e2/p/lib/libgobject-2.0.a
-- Conan: Library gmodule-2.0 found /home/uilian/.conan2/p/glib9ffb9d61518e2/p/lib/libgmodule-2.0.a
-- Conan: Found: /home/uilian/.conan2/p/glib9ffb9d61518e2/p/lib/libgmodule-2.0.a
-- Conan: Library glib-2.0 found /home/uilian/.conan2/p/glib9ffb9d61518e2/p/lib/libglib-2.0.a
-- Conan: Found: /home/uilian/.conan2/p/glib9ffb9d61518e2/p/lib/libglib-2.0.a
-- Conan: Target declared 'libffi::libffi'
-- Conan: Library ffi found /home/uilian/.conan2/p/libff744b502bb6b2f/p/lib/libffi.a
-- Conan: Found: /home/uilian/.conan2/p/libff744b502bb6b2f/p/lib/libffi.a
-- Conan: Component target declared 'elfutils::libelf'
-- Conan: Component target declared 'elfutils::libdw'
-- Conan: Component target declared 'elfutils::libasm'
-- Conan: Target declared 'elfutils::elfutils'
-- Conan: Library asm found /home/uilian/.conan2/p/elfutda5e0e249edc1/p/lib/libasm.a
-- Conan: Found: /home/uilian/.conan2/p/elfutda5e0e249edc1/p/lib/libasm.a
-- Conan: Library dw found /home/uilian/.conan2/p/elfutda5e0e249edc1/p/lib/libdw.a
-- Conan: Found: /home/uilian/.conan2/p/elfutda5e0e249edc1/p/lib/libdw.a
-- Conan: Library elf found /home/uilian/.conan2/p/elfutda5e0e249edc1/p/lib/libelf.a
-- Conan: Found: /home/uilian/.conan2/p/elfutda5e0e249edc1/p/lib/libelf.a
-- Conan: Library asm found /home/uilian/.conan2/p/elfutda5e0e249edc1/p/lib/libasm.a
-- Conan: Found: /home/uilian/.conan2/p/elfutda5e0e249edc1/p/lib/libasm.a
-- Conan: Library dw found /home/uilian/.conan2/p/elfutda5e0e249edc1/p/lib/libdw.a
-- Conan: Found: /home/uilian/.conan2/p/elfutda5e0e249edc1/p/lib/libdw.a
-- Conan: Library elf found /home/uilian/.conan2/p/elfutda5e0e249edc1/p/lib/libelf.a
-- Conan: Found: /home/uilian/.conan2/p/elfutda5e0e249edc1/p/lib/libelf.a
-- Conan: Target declared 'LibLZMA::LibLZMA'
-- Conan: Library lzma found /home/uilian/.conan2/p/xz_ut8c5ca9810ee5c/p/lib/liblzma.a
-- Conan: Found: /home/uilian/.conan2/p/xz_ut8c5ca9810ee5c/p/lib/liblzma.a
-- Conan: Including build module from '/home/uilian/.conan2/p/xz_ut8c5ca9810ee5c/p/lib/cmake/conan-official-xz_utils-variables.cmake'
-- Conan: Component target declared 'zstd::libzstd_static'
-- Conan: Library zstd found /home/uilian/.conan2/p/zstd3be92e59f6c03/p/lib/libzstd.a
-- Conan: Found: /home/uilian/.conan2/p/zstd3be92e59f6c03/p/lib/libzstd.a
-- Conan: Library zstd found /home/uilian/.conan2/p/zstd3be92e59f6c03/p/lib/libzstd.a
-- Conan: Found: /home/uilian/.conan2/p/zstd3be92e59f6c03/p/lib/libzstd.a
-- Conan: Component target declared 'libmount::libblkid'
-- Conan: Component target declared 'libmount::libmount'
-- Conan: Library mount found /home/uilian/.conan2/p/libmofb6dd25f205fd/p/lib/libmount.a
-- Conan: Found: /home/uilian/.conan2/p/libmofb6dd25f205fd/p/lib/libmount.a
-- Conan: Library blkid found /home/uilian/.conan2/p/libmofb6dd25f205fd/p/lib/libblkid.a
-- Conan: Found: /home/uilian/.conan2/p/libmofb6dd25f205fd/p/lib/libblkid.a
-- Conan: Library mount found /home/uilian/.conan2/p/libmofb6dd25f205fd/p/lib/libmount.a
-- Conan: Found: /home/uilian/.conan2/p/libmofb6dd25f205fd/p/lib/libmount.a
-- Conan: Library blkid found /home/uilian/.conan2/p/libmofb6dd25f205fd/p/lib/libblkid.a
-- Conan: Found: /home/uilian/.conan2/p/libmofb6dd25f205fd/p/lib/libblkid.a
-- Conan: Component target declared 'libselinux::sepol'
-- Conan: Component target declared 'libselinux::selinux'
-- Conan: Target declared 'libselinux::libselinux'
-- Conan: Library selinux found /home/uilian/.conan2/p/libseddb55c488c970/p/lib/libselinux.a
-- Conan: Found: /home/uilian/.conan2/p/libseddb55c488c970/p/lib/libselinux.a
-- Conan: Library sepol found /home/uilian/.conan2/p/libseddb55c488c970/p/lib/libsepol.a
-- Conan: Found: /home/uilian/.conan2/p/libseddb55c488c970/p/lib/libsepol.a
-- Conan: Library selinux found /home/uilian/.conan2/p/libseddb55c488c970/p/lib/libselinux.a
-- Conan: Found: /home/uilian/.conan2/p/libseddb55c488c970/p/lib/libselinux.a
-- Conan: Library sepol found /home/uilian/.conan2/p/libseddb55c488c970/p/lib/libsepol.a
-- Conan: Found: /home/uilian/.conan2/p/libseddb55c488c970/p/lib/libsepol.a
-- Conan: Component target declared 'PCRE2::8BIT'
-- Conan: Component target declared 'PCRE2::16BIT'
-- Conan: Component target declared 'PCRE2::32BIT'
-- Conan: Component target declared 'PCRE2::POSIX'
-- Conan: Target declared 'pcre2::pcre2'
-- Conan: Library pcre2-posix found /home/uilian/.conan2/p/pcre2fd47fccd64a9c/p/lib/libpcre2-posix.a
-- Conan: Found: /home/uilian/.conan2/p/pcre2fd47fccd64a9c/p/lib/libpcre2-posix.a
-- Conan: Library pcre2-32 found /home/uilian/.conan2/p/pcre2fd47fccd64a9c/p/lib/libpcre2-32.a
-- Conan: Found: /home/uilian/.conan2/p/pcre2fd47fccd64a9c/p/lib/libpcre2-32.a
-- Conan: Library pcre2-16 found /home/uilian/.conan2/p/pcre2fd47fccd64a9c/p/lib/libpcre2-16.a
-- Conan: Found: /home/uilian/.conan2/p/pcre2fd47fccd64a9c/p/lib/libpcre2-16.a
-- Conan: Library pcre2-8 found /home/uilian/.conan2/p/pcre2fd47fccd64a9c/p/lib/libpcre2-8.a
-- Conan: Found: /home/uilian/.conan2/p/pcre2fd47fccd64a9c/p/lib/libpcre2-8.a
-- Conan: Library pcre2-posix found /home/uilian/.conan2/p/pcre2fd47fccd64a9c/p/lib/libpcre2-posix.a
-- Conan: Found: /home/uilian/.conan2/p/pcre2fd47fccd64a9c/p/lib/libpcre2-posix.a
-- Conan: Library pcre2-32 found /home/uilian/.conan2/p/pcre2fd47fccd64a9c/p/lib/libpcre2-32.a
-- Conan: Found: /home/uilian/.conan2/p/pcre2fd47fccd64a9c/p/lib/libpcre2-32.a
-- Conan: Library pcre2-16 found /home/uilian/.conan2/p/pcre2fd47fccd64a9c/p/lib/libpcre2-16.a
-- Conan: Found: /home/uilian/.conan2/p/pcre2fd47fccd64a9c/p/lib/libpcre2-16.a
-- Conan: Library pcre2-8 found /home/uilian/.conan2/p/pcre2fd47fccd64a9c/p/lib/libpcre2-8.a
-- Conan: Found: /home/uilian/.conan2/p/pcre2fd47fccd64a9c/p/lib/libpcre2-8.a
-- Conan: Target declared 'fribidi::fribidi'
-- Conan: Library fribidi found /home/uilian/.conan2/p/fribi7c46c1a208681/p/lib/libfribidi.a
-- Conan: Found: /home/uilian/.conan2/p/fribi7c46c1a208681/p/lib/libfribidi.a
-- Conan: Component target declared 'harfbuzz::harfbuzz'
-- Conan: Component target declared 'harfbuzz::subset'
-- Conan: Component target declared 'harfbuzz::gobject'
-- Conan: Library harfbuzz-gobject found /home/uilian/.conan2/p/harfbab8204bad9578/p/lib/libharfbuzz-gobject.a
-- Conan: Found: /home/uilian/.conan2/p/harfbab8204bad9578/p/lib/libharfbuzz-gobject.a
-- Conan: Library harfbuzz-subset found /home/uilian/.conan2/p/harfbab8204bad9578/p/lib/libharfbuzz-subset.a
-- Conan: Found: /home/uilian/.conan2/p/harfbab8204bad9578/p/lib/libharfbuzz-subset.a
-- Conan: Library harfbuzz found /home/uilian/.conan2/p/harfbab8204bad9578/p/lib/libharfbuzz.a
-- Conan: Found: /home/uilian/.conan2/p/harfbab8204bad9578/p/lib/libharfbuzz.a
-- Conan: Library harfbuzz-gobject found /home/uilian/.conan2/p/harfbab8204bad9578/p/lib/libharfbuzz-gobject.a
-- Conan: Found: /home/uilian/.conan2/p/harfbab8204bad9578/p/lib/libharfbuzz-gobject.a
-- Conan: Library harfbuzz-subset found /home/uilian/.conan2/p/harfbab8204bad9578/p/lib/libharfbuzz-subset.a
-- Conan: Found: /home/uilian/.conan2/p/harfbab8204bad9578/p/lib/libharfbuzz-subset.a
-- Conan: Library harfbuzz found /home/uilian/.conan2/p/harfbab8204bad9578/p/lib/libharfbuzz.a
-- Conan: Found: /home/uilian/.conan2/p/harfbab8204bad9578/p/lib/libharfbuzz.a
-- Conan: Target declared 'LibXml2::LibXml2'
-- Conan: Library xml2 found /home/uilian/.conan2/p/libxmf2d1d982c6952/p/lib/libxml2.a
-- Conan: Found: /home/uilian/.conan2/p/libxmf2d1d982c6952/p/lib/libxml2.a
-- Conan: Target declared 'Iconv::Iconv'
-- Conan: Library iconv found /home/uilian/.conan2/p/libic0f7b3aa6416eb/p/lib/libiconv.a
-- Conan: Found: /home/uilian/.conan2/p/libic0f7b3aa6416eb/p/lib/libiconv.a
-- Conan: Library charset found /home/uilian/.conan2/p/libic0f7b3aa6416eb/p/lib/libcharset.a
-- Conan: Found: /home/uilian/.conan2/p/libic0f7b3aa6416eb/p/lib/libcharset.a
-- Configuring done (1.6s)
-- Generating done (0.2s)
-- Build files have been written to: /home/uilian/Development/conan/conan-center-index/recipes/librsvg/all/test_package/build/gcc-13-x86_64-gnu17-release

librsvg/2.62.3 (test package): Running CMake.build()
librsvg/2.62.3 (test package): RUN: cmake --build "/home/uilian/Development/conan/conan-center-index/recipes/librsvg/all/test_package/build/gcc-13-x86_64-gnu17-release" --verbose -- -j12
Change Dir: '/home/uilian/Development/conan/conan-center-index/recipes/librsvg/all/test_package/build/gcc-13-x86_64-gnu17-release'

Run Build Command(s): /opt/pyenv/versions/3.12.4/bin/ninja -v -j12
[1/2] /usr/bin/g++-13 -DFFI_STATIC_BUILD -DFRIBIDI_LIB_STATIC -DLIBXML_STATIC -DLZMA_API_STATIC -DPCRE2_STATIC -DXML_STATIC -isystem /home/uilian/.conan2/p/b/librs336a2333e6ca6/p/include/librsvg-2.0 -isystem /home/uilian/.conan2/p/glib9ffb9d61518e2/p/include -isystem /home/uilian/.conan2/p/glib9ffb9d61518e2/p/include/glib-2.0 -isystem /home/uilian/.conan2/p/glib9ffb9d61518e2/p/lib/glib-2.0/include -isystem /home/uilian/.conan2/p/zlib882772c502ae5/p/include -isystem /home/uilian/.conan2/p/harfbab8204bad9578/p/include -isystem /home/uilian/.conan2/p/harfbab8204bad9578/p/include/harfbuzz -isystem /home/uilian/.conan2/p/freet84d49fa8cc2c8/p/include -isystem /home/uilian/.conan2/p/freet84d49fa8cc2c8/p/include/freetype2 -isystem /home/uilian/.conan2/p/libpn6f5e2d47f1286/p/include -isystem /home/uilian/.conan2/p/glib9ffb9d61518e2/p/include/gio-unix-2.0 -isystem /home/uilian/.conan2/p/fontc847d33914bbf8/p/include -isystem /home/uilian/.conan2/p/expat49f5ad4a169d0/p/include -isystem /home/uilian/.conan2/p/cairo1f1f1f2872b56/p/include/cairo -isystem /home/uilian/.conan2/p/cairo1f1f1f2872b56/p/include -m64 -O3 -DNDEBUG -std=gnu++17 -pthread -MD -MT CMakeFiles/test_package.dir/test_package.cpp.o -MF CMakeFiles/test_package.dir/test_package.cpp.o.d -o CMakeFiles/test_package.dir/test_package.cpp.o -c /home/uilian/Development/conan/conan-center-index/recipes/librsvg/all/test_package/test_package.cpp
/home/uilian/Development/conan/conan-center-index/recipes/librsvg/all/test_package/test_package.cpp: In function ‘int main()’:
/home/uilian/Development/conan/conan-center-index/recipes/librsvg/all/test_package/test_package.cpp:9:21: warning: ‘void rsvg_handle_free(RsvgHandle*)’ is deprecated: Use 'g_object_unref' instead [-Wdeprecated-declarations]
    9 |     rsvg_handle_free(handle);
      |     ~~~~~~~~~~~~~~~~^~~~~~~~
In file included from /home/uilian/Development/conan/conan-center-index/recipes/librsvg/all/test_package/test_package.cpp:4:
/home/uilian/.conan2/p/b/librs336a2333e6ca6/p/include/librsvg-2.0/librsvg/rsvg.h:1233:6: note: declared here
 1233 | void rsvg_handle_free (RsvgHandle *handle);
      |      ^~~~~~~~~~~~~~~~
[2/2] : && /usr/bin/g++-13 -m64 -O3 -DNDEBUG -m64 CMakeFiles/test_package.dir/test_package.cpp.o -o test_package -L/home/uilian/.conan2/p/b/librs336a2333e6ca6/p/lib   -L/home/uilian/.conan2/p/b/pango751a111f604c7/p/lib   -L/home/uilian/.conan2/p/glib9ffb9d61518e2/p/lib   -L/home/uilian/.conan2/p/pcre2fd47fccd64a9c/p/lib   -L/home/uilian/.conan2/p/zlib882772c502ae5/p/lib   -L/home/uilian/.conan2/p/bzip29db013e43a5ba/p/lib   -L/home/uilian/.conan2/p/libff744b502bb6b2f/p/lib   -L/home/uilian/.conan2/p/libmofb6dd25f205fd/p/lib   -L/home/uilian/.conan2/p/libseddb55c488c970/p/lib   -L/home/uilian/.conan2/p/fribi7c46c1a208681/p/lib   -L/home/uilian/.conan2/p/harfbab8204bad9578/p/lib   -L/home/uilian/.conan2/p/freet84d49fa8cc2c8/p/lib   -L/home/uilian/.conan2/p/libpn6f5e2d47f1286/p/lib   -L/home/uilian/.conan2/p/brotlece89a76cf70e/p/lib   -L/home/uilian/.conan2/p/elfutda5e0e249edc1/p/lib   -L/home/uilian/.conan2/p/xz_ut8c5ca9810ee5c/p/lib   -L/home/uilian/.conan2/p/zstd3be92e59f6c03/p/lib   -L/home/uilian/.conan2/p/fontc847d33914bbf8/p/lib   -L/home/uilian/.conan2/p/expat49f5ad4a169d0/p/lib   -L/home/uilian/.conan2/p/b/libxf7d57bd3fa5b9c/p/lib   -L/home/uilian/.conan2/p/cairo1f1f1f2872b56/p/lib   -L/home/uilian/.conan2/p/lzob6547b5cfcfab/p/lib   -L/home/uilian/.conan2/p/pixma840c91498afef/p/lib   -L/home/uilian/.conan2/p/libxmf2d1d982c6952/p/lib   -L/home/uilian/.conan2/p/libic0f7b3aa6416eb/p/lib -Wl,-rpath,/home/uilian/.conan2/p/b/librs336a2333e6ca6/p/lib:/home/uilian/.conan2/p/b/pango751a111f604c7/p/lib:/home/uilian/.conan2/p/glib9ffb9d61518e2/p/lib:/home/uilian/.conan2/p/pcre2fd47fccd64a9c/p/lib:/home/uilian/.conan2/p/zlib882772c502ae5/p/lib:/home/uilian/.conan2/p/bzip29db013e43a5ba/p/lib:/home/uilian/.conan2/p/libff744b502bb6b2f/p/lib:/home/uilian/.conan2/p/libmofb6dd25f205fd/p/lib:/home/uilian/.conan2/p/libseddb55c488c970/p/lib:/home/uilian/.conan2/p/fribi7c46c1a208681/p/lib:/home/uilian/.conan2/p/harfbab8204bad9578/p/lib:/home/uilian/.conan2/p/freet84d49fa8cc2c8/p/lib:/home/uilian/.conan2/p/libpn6f5e2d47f1286/p/lib:/home/uilian/.conan2/p/brotlece89a76cf70e/p/lib:/home/uilian/.conan2/p/elfutda5e0e249edc1/p/lib:/home/uilian/.conan2/p/xz_ut8c5ca9810ee5c/p/lib:/home/uilian/.conan2/p/zstd3be92e59f6c03/p/lib:/home/uilian/.conan2/p/fontc847d33914bbf8/p/lib:/home/uilian/.conan2/p/expat49f5ad4a169d0/p/lib:/home/uilian/.conan2/p/b/libxf7d57bd3fa5b9c/p/lib:/home/uilian/.conan2/p/cairo1f1f1f2872b56/p/lib:/home/uilian/.conan2/p/lzob6547b5cfcfab/p/lib:/home/uilian/.conan2/p/pixma840c91498afef/p/lib:/home/uilian/.conan2/p/libxmf2d1d982c6952/p/lib:/home/uilian/.conan2/p/libic0f7b3aa6416eb/p/lib  /home/uilian/.conan2/p/b/librs336a2333e6ca6/p/lib/librsvg-2.a  /home/uilian/.conan2/p/b/pango751a111f604c7/p/lib/libpangocairo-1.0.a  /home/uilian/.conan2/p/b/pango751a111f604c7/p/lib/libpangoxft-1.0.a  /home/uilian/.conan2/p/b/pango751a111f604c7/p/lib/libpangoft2-1.0.a  /home/uilian/.conan2/p/b/pango751a111f604c7/p/lib/libpango-1.0.a  /home/uilian/.conan2/p/fribi7c46c1a208681/p/lib/libfribidi.a  /home/uilian/.conan2/p/b/libxf7d57bd3fa5b9c/p/lib/libXft.a  -lSM  -luuid  -lxcb-res  -lxcb-ewmh  -lxcb-composite  -lxcb-present  -lxcb-glx  -lxcb-dri2  -lxcb-cursor  -lxcb-dri3  -lxcb-util  -lxcb-xinerama  -lxcb-xfixes  -lxcb-sync  -lxcb-shape  -lxcb-render-util  -lxcb-randr  -lxcb-keysyms  -lxcb-image  -lxcb-icccm  -lxcb-xkb  -lXxf86vm  -lXv  -lXtst  -lXss  -lXRes  -lXrandr  -lXpm  -lXmuu  -lXmu  -lxkbfile  -lXinerama  -lXi  -lXdmcp  -lXdamage  -lXfixes  -lXcursor  -lXcomposite  -lXaw7  -lXt  -lXau  -lICE  -lfontenc  /home/uilian/.conan2/p/cairo1f1f1f2872b56/p/lib/libcairo-gobject.a  /home/uilian/.conan2/p/cairo1f1f1f2872b56/p/lib/libcairo-script-interpreter.a  /home/uilian/.conan2/p/cairo1f1f1f2872b56/p/lib/libcairo.a  -lX11-xcb  -lxcb  -lxcb-shm  -lxcb-render  -lXrender  -lX11  -lXext  /home/uilian/.conan2/p/fontc847d33914bbf8/p/lib/libfontconfig.a  /home/uilian/.conan2/p/expat49f5ad4a169d0/p/lib/libexpat.a  /home/uilian/.conan2/p/lzob6547b5cfcfab/p/lib/liblzo2.a  /home/uilian/.conan2/p/pixma840c91498afef/p/lib/libpixman-1.a  /home/uilian/.conan2/p/harfbab8204bad9578/p/lib/libharfbuzz-gobject.a  /home/uilian/.conan2/p/harfbab8204bad9578/p/lib/libharfbuzz-subset.a  /home/uilian/.conan2/p/harfbab8204bad9578/p/lib/libharfbuzz-gobject.a  /home/uilian/.conan2/p/harfbab8204bad9578/p/lib/libharfbuzz-subset.a  /home/uilian/.conan2/p/harfbab8204bad9578/p/lib/libharfbuzz.a  /home/uilian/.conan2/p/freet84d49fa8cc2c8/p/lib/libfreetype.a  /home/uilian/.conan2/p/libpn6f5e2d47f1286/p/lib/libpng.a  /home/uilian/.conan2/p/brotlece89a76cf70e/p/lib/libbrotlienc.a  /home/uilian/.conan2/p/brotlece89a76cf70e/p/lib/libbrotlidec.a  /home/uilian/.conan2/p/brotlece89a76cf70e/p/lib/libbrotlicommon.a  -lstdc++  /home/uilian/.conan2/p/glib9ffb9d61518e2/p/lib/libgio-2.0.a  -lresolv  /home/uilian/.conan2/p/libmofb6dd25f205fd/p/lib/libmount.a  -lrt  /home/uilian/.conan2/p/libmofb6dd25f205fd/p/lib/libblkid.a  /home/uilian/.conan2/p/libseddb55c488c970/p/lib/libselinux.a  /home/uilian/.conan2/p/libseddb55c488c970/p/lib/libsepol.a  /home/uilian/.conan2/p/glib9ffb9d61518e2/p/lib/libgthread-2.0.a  /home/uilian/.conan2/p/glib9ffb9d61518e2/p/lib/libgobject-2.0.a  /home/uilian/.conan2/p/libff744b502bb6b2f/p/lib/libffi.a  /home/uilian/.conan2/p/glib9ffb9d61518e2/p/lib/libgmodule-2.0.a  /home/uilian/.conan2/p/elfutda5e0e249edc1/p/lib/libelf.a  /home/uilian/.conan2/p/xz_ut8c5ca9810ee5c/p/lib/liblzma.a  /home/uilian/.conan2/p/zstd3be92e59f6c03/p/lib/libzstd.a  /home/uilian/.conan2/p/glib9ffb9d61518e2/p/lib/libglib-2.0.a  /home/uilian/.conan2/p/pcre2fd47fccd64a9c/p/lib/libpcre2-posix.a  /home/uilian/.conan2/p/pcre2fd47fccd64a9c/p/lib/libpcre2-32.a  /home/uilian/.conan2/p/pcre2fd47fccd64a9c/p/lib/libpcre2-16.a  /home/uilian/.conan2/p/pcre2fd47fccd64a9c/p/lib/libpcre2-8.a  /home/uilian/.conan2/p/bzip29db013e43a5ba/p/lib/libbz2.a  /home/uilian/.conan2/p/libxmf2d1d982c6952/p/lib/libxml2.a  -lm  -lpthread  -ldl  /home/uilian/.conan2/p/zlib882772c502ae5/p/lib/libz.a  /home/uilian/.conan2/p/libic0f7b3aa6416eb/p/lib/libiconv.a  /home/uilian/.conan2/p/libic0f7b3aa6416eb/p/lib/libcharset.a && :
FAILED: [code=1] test_package 
: && /usr/bin/g++-13 -m64 -O3 -DNDEBUG -m64 CMakeFiles/test_package.dir/test_package.cpp.o -o test_package -L/home/uilian/.conan2/p/b/librs336a2333e6ca6/p/lib   -L/home/uilian/.conan2/p/b/pango751a111f604c7/p/lib   -L/home/uilian/.conan2/p/glib9ffb9d61518e2/p/lib   -L/home/uilian/.conan2/p/pcre2fd47fccd64a9c/p/lib   -L/home/uilian/.conan2/p/zlib882772c502ae5/p/lib   -L/home/uilian/.conan2/p/bzip29db013e43a5ba/p/lib   -L/home/uilian/.conan2/p/libff744b502bb6b2f/p/lib   -L/home/uilian/.conan2/p/libmofb6dd25f205fd/p/lib   -L/home/uilian/.conan2/p/libseddb55c488c970/p/lib   -L/home/uilian/.conan2/p/fribi7c46c1a208681/p/lib   -L/home/uilian/.conan2/p/harfbab8204bad9578/p/lib   -L/home/uilian/.conan2/p/freet84d49fa8cc2c8/p/lib   -L/home/uilian/.conan2/p/libpn6f5e2d47f1286/p/lib   -L/home/uilian/.conan2/p/brotlece89a76cf70e/p/lib   -L/home/uilian/.conan2/p/elfutda5e0e249edc1/p/lib   -L/home/uilian/.conan2/p/xz_ut8c5ca9810ee5c/p/lib   -L/home/uilian/.conan2/p/zstd3be92e59f6c03/p/lib   -L/home/uilian/.conan2/p/fontc847d33914bbf8/p/lib   -L/home/uilian/.conan2/p/expat49f5ad4a169d0/p/lib   -L/home/uilian/.conan2/p/b/libxf7d57bd3fa5b9c/p/lib   -L/home/uilian/.conan2/p/cairo1f1f1f2872b56/p/lib   -L/home/uilian/.conan2/p/lzob6547b5cfcfab/p/lib   -L/home/uilian/.conan2/p/pixma840c91498afef/p/lib   -L/home/uilian/.conan2/p/libxmf2d1d982c6952/p/lib   -L/home/uilian/.conan2/p/libic0f7b3aa6416eb/p/lib -Wl,-rpath,/home/uilian/.conan2/p/b/librs336a2333e6ca6/p/lib:/home/uilian/.conan2/p/b/pango751a111f604c7/p/lib:/home/uilian/.conan2/p/glib9ffb9d61518e2/p/lib:/home/uilian/.conan2/p/pcre2fd47fccd64a9c/p/lib:/home/uilian/.conan2/p/zlib882772c502ae5/p/lib:/home/uilian/.conan2/p/bzip29db013e43a5ba/p/lib:/home/uilian/.conan2/p/libff744b502bb6b2f/p/lib:/home/uilian/.conan2/p/libmofb6dd25f205fd/p/lib:/home/uilian/.conan2/p/libseddb55c488c970/p/lib:/home/uilian/.conan2/p/fribi7c46c1a208681/p/lib:/home/uilian/.conan2/p/harfbab8204bad9578/p/lib:/home/uilian/.conan2/p/freet84d49fa8cc2c8/p/lib:/home/uilian/.conan2/p/libpn6f5e2d47f1286/p/lib:/home/uilian/.conan2/p/brotlece89a76cf70e/p/lib:/home/uilian/.conan2/p/elfutda5e0e249edc1/p/lib:/home/uilian/.conan2/p/xz_ut8c5ca9810ee5c/p/lib:/home/uilian/.conan2/p/zstd3be92e59f6c03/p/lib:/home/uilian/.conan2/p/fontc847d33914bbf8/p/lib:/home/uilian/.conan2/p/expat49f5ad4a169d0/p/lib:/home/uilian/.conan2/p/b/libxf7d57bd3fa5b9c/p/lib:/home/uilian/.conan2/p/cairo1f1f1f2872b56/p/lib:/home/uilian/.conan2/p/lzob6547b5cfcfab/p/lib:/home/uilian/.conan2/p/pixma840c91498afef/p/lib:/home/uilian/.conan2/p/libxmf2d1d982c6952/p/lib:/home/uilian/.conan2/p/libic0f7b3aa6416eb/p/lib  /home/uilian/.conan2/p/b/librs336a2333e6ca6/p/lib/librsvg-2.a  /home/uilian/.conan2/p/b/pango751a111f604c7/p/lib/libpangocairo-1.0.a  /home/uilian/.conan2/p/b/pango751a111f604c7/p/lib/libpangoxft-1.0.a  /home/uilian/.conan2/p/b/pango751a111f604c7/p/lib/libpangoft2-1.0.a  /home/uilian/.conan2/p/b/pango751a111f604c7/p/lib/libpango-1.0.a  /home/uilian/.conan2/p/fribi7c46c1a208681/p/lib/libfribidi.a  /home/uilian/.conan2/p/b/libxf7d57bd3fa5b9c/p/lib/libXft.a  -lSM  -luuid  -lxcb-res  -lxcb-ewmh  -lxcb-composite  -lxcb-present  -lxcb-glx  -lxcb-dri2  -lxcb-cursor  -lxcb-dri3  -lxcb-util  -lxcb-xinerama  -lxcb-xfixes  -lxcb-sync  -lxcb-shape  -lxcb-render-util  -lxcb-randr  -lxcb-keysyms  -lxcb-image  -lxcb-icccm  -lxcb-xkb  -lXxf86vm  -lXv  -lXtst  -lXss  -lXRes  -lXrandr  -lXpm  -lXmuu  -lXmu  -lxkbfile  -lXinerama  -lXi  -lXdmcp  -lXdamage  -lXfixes  -lXcursor  -lXcomposite  -lXaw7  -lXt  -lXau  -lICE  -lfontenc  /home/uilian/.conan2/p/cairo1f1f1f2872b56/p/lib/libcairo-gobject.a  /home/uilian/.conan2/p/cairo1f1f1f2872b56/p/lib/libcairo-script-interpreter.a  /home/uilian/.conan2/p/cairo1f1f1f2872b56/p/lib/libcairo.a  -lX11-xcb  -lxcb  -lxcb-shm  -lxcb-render  -lXrender  -lX11  -lXext  /home/uilian/.conan2/p/fontc847d33914bbf8/p/lib/libfontconfig.a  /home/uilian/.conan2/p/expat49f5ad4a169d0/p/lib/libexpat.a  /home/uilian/.conan2/p/lzob6547b5cfcfab/p/lib/liblzo2.a  /home/uilian/.conan2/p/pixma840c91498afef/p/lib/libpixman-1.a  /home/uilian/.conan2/p/harfbab8204bad9578/p/lib/libharfbuzz-gobject.a  /home/uilian/.conan2/p/harfbab8204bad9578/p/lib/libharfbuzz-subset.a  /home/uilian/.conan2/p/harfbab8204bad9578/p/lib/libharfbuzz-gobject.a  /home/uilian/.conan2/p/harfbab8204bad9578/p/lib/libharfbuzz-subset.a  /home/uilian/.conan2/p/harfbab8204bad9578/p/lib/libharfbuzz.a  /home/uilian/.conan2/p/freet84d49fa8cc2c8/p/lib/libfreetype.a  /home/uilian/.conan2/p/libpn6f5e2d47f1286/p/lib/libpng.a  /home/uilian/.conan2/p/brotlece89a76cf70e/p/lib/libbrotlienc.a  /home/uilian/.conan2/p/brotlece89a76cf70e/p/lib/libbrotlidec.a  /home/uilian/.conan2/p/brotlece89a76cf70e/p/lib/libbrotlicommon.a  -lstdc++  /home/uilian/.conan2/p/glib9ffb9d61518e2/p/lib/libgio-2.0.a  -lresolv  /home/uilian/.conan2/p/libmofb6dd25f205fd/p/lib/libmount.a  -lrt  /home/uilian/.conan2/p/libmofb6dd25f205fd/p/lib/libblkid.a  /home/uilian/.conan2/p/libseddb55c488c970/p/lib/libselinux.a  /home/uilian/.conan2/p/libseddb55c488c970/p/lib/libsepol.a  /home/uilian/.conan2/p/glib9ffb9d61518e2/p/lib/libgthread-2.0.a  /home/uilian/.conan2/p/glib9ffb9d61518e2/p/lib/libgobject-2.0.a  /home/uilian/.conan2/p/libff744b502bb6b2f/p/lib/libffi.a  /home/uilian/.conan2/p/glib9ffb9d61518e2/p/lib/libgmodule-2.0.a  /home/uilian/.conan2/p/elfutda5e0e249edc1/p/lib/libelf.a  /home/uilian/.conan2/p/xz_ut8c5ca9810ee5c/p/lib/liblzma.a  /home/uilian/.conan2/p/zstd3be92e59f6c03/p/lib/libzstd.a  /home/uilian/.conan2/p/glib9ffb9d61518e2/p/lib/libglib-2.0.a  /home/uilian/.conan2/p/pcre2fd47fccd64a9c/p/lib/libpcre2-posix.a  /home/uilian/.conan2/p/pcre2fd47fccd64a9c/p/lib/libpcre2-32.a  /home/uilian/.conan2/p/pcre2fd47fccd64a9c/p/lib/libpcre2-16.a  /home/uilian/.conan2/p/pcre2fd47fccd64a9c/p/lib/libpcre2-8.a  /home/uilian/.conan2/p/bzip29db013e43a5ba/p/lib/libbz2.a  /home/uilian/.conan2/p/libxmf2d1d982c6952/p/lib/libxml2.a  -lm  -lpthread  -ldl  /home/uilian/.conan2/p/zlib882772c502ae5/p/lib/libz.a  /home/uilian/.conan2/p/libic0f7b3aa6416eb/p/lib/libiconv.a  /home/uilian/.conan2/p/libic0f7b3aa6416eb/p/lib/libcharset.a && :
/usr/bin/ld: /home/uilian/.conan2/p/b/librs336a2333e6ca6/p/lib/librsvg-2.a(hb-common.cc.o): in function `hb_tag_from_string':
hb-common.cc:(.text+0x30): multiple definition of `hb_tag_from_string'; /home/uilian/.conan2/p/b/librs336a2333e6ca6/p/lib/librsvg-2.a(libharfbuzz_la-hb-common.o):(.text+0x2a0): first defined here
/usr/bin/ld: /home/uilian/.conan2/p/b/librs336a2333e6ca6/p/lib/librsvg-2.a(hb-common.cc.o): in function `hb_tag_to_string':
hb-common.cc:(.text+0x230): multiple definition of `hb_tag_to_string'; /home/uilian/.conan2/p/b/librs336a2333e6ca6/p/lib/librsvg-2.a(libharfbuzz_la-hb-common.o):(.text+0x440): first defined here
/usr/bin/ld: /home/uilian/.conan2/p/b/librs336a2333e6ca6/p/lib/librsvg-2.a(hb-common.cc.o): in function `hb_direction_from_string':
hb-common.cc:(.text+0x240): multiple definition of `hb_direction_from_string'; /home/uilian/.conan2/p/b/librs336a2333e6ca6/p/lib/librsvg-2.a(libharfbuzz_la-hb-common.o):(.text+0x450): first defined here
/usr/bin/ld: /home/uilian/.conan2/p/b/librs336a2333e6ca6/p/lib/librsvg-2.a(hb-common.cc.o): in function `hb_direction_to_string':
hb-common.cc:(.text+0x2b0): multiple definition of `hb_direction_to_string'; /home/uilian/.conan2/p/b/librs336a2333e6ca6/p/lib/librsvg-2.a(libharfbuzz_la-hb-common.o):(.text+0x4c0): first defined here
/usr/bin/ld: /home/uilian/.conan2/p/b/librs336a2333e6ca6/p/lib/librsvg-2.a(hb-common.cc.o): in function `hb_language_to_string':
hb-common.cc:(.text+0x2d0): multiple definition of `hb_language_to_string'; /home/uilian/.conan2/p/b/librs336a2333e6ca6/p/lib/librsvg-2.a(libharfbuzz_la-hb-common.o):(.text+0x590): first defined here
/usr/bin/ld: /home/uilian/.conan2/p/b/librs336a2333e6ca6/p/lib/librsvg-2.a(hb-common.cc.o): in function `hb_script_from_iso15924_tag':
hb-common.cc:(.text+0x390): multiple definition of `hb_script_from_iso15924_tag'; /home/uilian/.conan2/p/b/librs336a2333e6ca6/p/lib/librsvg-2.a(libharfbuzz_la-hb-common.o):(.text+0x610): first defined here
/usr/bin/ld: /home/uilian/.conan2/p/b/librs336a2333e6ca6/p/lib/librsvg-2.a(hb-common.cc.o): in function `hb_script_from_string':
hb-common.cc:(.text+0x4b0): multiple definition of `hb_script_from_string'; /home/uilian/.conan2/p/b/librs336a2333e6ca6/p/lib/librsvg-2.a(libharfbuzz_la-hb-common.o):(.text+0x740): first defined here
/usr/bin/ld: /home/uilian/.conan2/p/b/librs336a2333e6ca6/p/lib/librsvg-2.a(hb-common.cc.o): in function `hb_script_to_iso15924_tag':
hb-common.cc:(.text+0x4d0): multiple definition of `hb_script_to_iso15924_tag'; /home/uilian/.conan2/p/b/librs336a2333e6ca6/p/lib/librsvg-2.a(libharfbuzz_la-hb-common.o):(.text+0x760): first defined here
/usr/bin/ld: /home/uilian/.conan2/p/b/librs336a2333e6ca6/p/lib/librsvg-2.a(hb-common.cc.o): in function `hb_script_get_horizontal_direction':
hb-common.cc:(.text+0x4e0): multiple definition of `hb_script_get_horizontal_direction'; /home/uilian/.conan2/p/b/librs336a2333e6ca6/p/lib/librsvg-2.a(libharfbuzz_la-hb-common.o):(.text+0x770): first defined here
/usr/bin/ld: /home/uilian/.conan2/p/b/librs336a2333e6ca6/p/lib/librsvg-2.a(hb-common.cc.o): in function `hb_version':
hb-common.cc:(.text+0x7a0): multiple definition of `hb_version'; /home/uilian/.conan2/p/b/librs336a2333e6ca6/p/lib/librsvg-2.a(libharfbuzz_la-hb-common.o):(.text+0x9d0): first defined here
/usr/bin/ld: /home/uilian/.conan2/p/b/librs336a2333e6ca6/p/lib/librsvg-2.a(hb-common.cc.o): in function `hb_version_string':
hb-common.cc:(.text+0x7c0): multiple definition of `hb_version_string'; /home/uilian/.conan2/p/b/librs336a2333e6ca6/p/lib/librsvg-2.a(libharfbuzz_la-hb-common.o):(.text+0x9f0): first defined here
/usr/bin/ld: /home/uilian/.conan2/p/b/librs336a2333e6ca6/p/lib/librsvg-2.a(hb-common.cc.o): in function `hb_version_atleast':
hb-common.cc:(.text+0x7d0): multiple definition of `hb_version_atleast'; /home/uilian/.conan2/p/b/librs336a2333e6ca6/p/lib/librsvg-2.a(libharfbuzz_la-hb-common.o):(.text+0xa00): first defined here
/usr/bin/ld: /home/uilian/.conan2/p/b/librs336a2333e6ca6/p/lib/librsvg-2.a(hb-common.cc.o): in function `hb_feature_from_string':
hb-common.cc:(.text+0x7f0): multiple definition of `hb_feature_from_string'; /home/uilian/.conan2/p/b/librs336a2333e6ca6/p/lib/librsvg-2.a(libharfbuzz_la-hb-common.o):(.text+0xa20): first defined here
/usr/bin/ld: /home/uilian/.conan2/p/b/librs336a2333e6ca6/p/lib/librsvg-2.a(hb-common.cc.o): in function `hb_feature_to_string':
hb-common.cc:(.text+0xdc0): multiple definition of `hb_feature_to_string'; /home/uilian/.conan2/p/b/librs336a2333e6ca6/p/lib/librsvg-2.a(libharfbuzz_la-hb-common.o):(.text+0xda0): first defined here
/usr/bin/ld: /home/uilian/.conan2/p/b/librs336a2333e6ca6/p/lib/librsvg-2.a(hb-common.cc.o): in function `hb_variation_from_string':
hb-common.cc:(.text+0x1040): multiple definition of `hb_variation_from_string'; /home/uilian/.conan2/p/b/librs336a2333e6ca6/p/lib/librsvg-2.a(libharfbuzz_la-hb-common.o):(.text+0x1090): first defined here
/usr/bin/ld: /home/uilian/.conan2/p/b/librs336a2333e6ca6/p/lib/librsvg-2.a(hb-common.cc.o): in function `hb_variation_to_string':
hb-common.cc:(.text+0x1180): multiple definition of `hb_variation_to_string'; /home/uilian/.conan2/p/b/librs336a2333e6ca6/p/lib/librsvg-2.a(libharfbuzz_la-hb-common.o):(.text+0x11a0): first defined here
/usr/bin/ld: /home/uilian/.conan2/p/b/librs336a2333e6ca6/p/lib/librsvg-2.a(hb-common.cc.o): in function `hb_color_get_alpha':
hb-common.cc:(.text+0x13b0): multiple definition of `hb_color_get_alpha'; /home/uilian/.conan2/p/b/librs336a2333e6ca6/p/lib/librsvg-2.a(libharfbuzz_la-hb-common.o):(.text+0x1360): first defined here
/usr/bin/ld: /home/uilian/.conan2/p/b/librs336a2333e6ca6/p/lib/librsvg-2.a(hb-common.cc.o): in function `hb_color_get_red':
hb-common.cc:(.text+0x13c0): multiple definition of `hb_color_get_red'; /home/uilian/.conan2/p/b/librs336a2333e6ca6/p/lib/librsvg-2.a(libharfbuzz_la-hb-common.o):(.text+0x1370): first defined here
/usr/bin/ld: /home/uilian/.conan2/p/b/librs336a2333e6ca6/p/lib/librsvg-2.a(hb-common.cc.o): in function `hb_color_get_green':
hb-common.cc:(.text+0x13d0): multiple definition of `hb_color_get_green'; /home/uilian/.conan2/p/b/librs336a2333e6ca6/p/lib/librsvg-2.a(libharfbuzz_la-hb-common.o):(.text+0x1380): first defined here
/usr/bin/ld: /home/uilian/.conan2/p/b/librs336a2333e6ca6/p/lib/librsvg-2.a(hb-common.cc.o): in function `hb_color_get_blue':
hb-common.cc:(.text+0x13e0): multiple definition of `hb_color_get_blue'; /home/uilian/.conan2/p/b/librs336a2333e6ca6/p/lib/librsvg-2.a(libharfbuzz_la-hb-common.o):(.text+0x1390): first defined here
/usr/bin/ld: /home/uilian/.conan2/p/b/librs336a2333e6ca6/p/lib/librsvg-2.a(hb-common.cc.o): in function `hb_language_from_string':
hb-common.cc:(.text+0x15b0): multiple definition of `hb_language_from_string'; /home/uilian/.conan2/p/b/librs336a2333e6ca6/p/lib/librsvg-2.a(libharfbuzz_la-hb-common.o):(.text+0x4f0): first defined here
/usr/bin/ld: /home/uilian/.conan2/p/b/librs336a2333e6ca6/p/lib/librsvg-2.a(hb-common.cc.o): in function `hb_language_get_default':
hb-common.cc:(.text+0x1640): multiple definition of `hb_language_get_default'; /home/uilian/.conan2/p/b/librs336a2333e6ca6/p/lib/librsvg-2.a(libharfbuzz_la-hb-common.o):(.text+0x5a0): first defined here
/usr/bin/ld: /home/uilian/.conan2/p/b/librs336a2333e6ca6/p/lib/librsvg-2.a(hb-ot-metrics.cc.o): in function `hb_ot_metrics_get_variation':
hb-ot-metrics.cc:(.text+0x0): multiple definition of `hb_ot_metrics_get_variation'; /home/uilian/.conan2/p/b/librs336a2333e6ca6/p/lib/librsvg-2.a(libharfbuzz_la-hb-ot-metrics.o):(.text+0x0): first defined here
/usr/bin/ld: /home/uilian/.conan2/p/b/librs336a2333e6ca6/p/lib/librsvg-2.a(hb-ot-metrics.cc.o): in function `hb_ot_metrics_get_x_variation':
hb-ot-metrics.cc:(.text+0x3e0): multiple definition of `hb_ot_metrics_get_x_variation'; /home/uilian/.conan2/p/b/librs336a2333e6ca6/p/lib/librsvg-2.a(libharfbuzz_la-hb-ot-metrics.o):(.text+0x110): first defined here
/usr/bin/ld: /home/uilian/.conan2/p/b/librs336a2333e6ca6/p/lib/librsvg-2.a(hb-ot-metrics.cc.o): in function `hb_ot_metrics_get_y_variation':
hb-ot-metrics.cc:(.text+0x450): multiple definition of `hb_ot_metrics_get_y_variation'; /home/uilian/.conan2/p/b/librs336a2333e6ca6/p/lib/librsvg-2.a(libharfbuzz_la-hb-ot-metrics.o):(.text+0x40): first defined here
/usr/bin/ld: /home/uilian/.conan2/p/b/librs336a2333e6ca6/p/lib/librsvg-2.a(hb-ot-metrics.cc.o): in function `_hb_ot_metrics_get_position_common(hb_font_t*, hb_ot_metrics_tag_t, int*)':
hb-ot-metrics.cc:(.text+0x4c0): multiple definition of `_hb_ot_metrics_get_position_common(hb_font_t*, hb_ot_metrics_tag_t, int*)'; /home/uilian/.conan2/p/b/librs336a2333e6ca6/p/lib/librsvg-2.a(libharfbuzz_la-hb-ot-metrics.o):(.text+0x1e0): first defined here
/usr/bin/ld: /home/uilian/.conan2/p/b/librs336a2333e6ca6/p/lib/librsvg-2.a(hb-ot-metrics.cc.o): in function `hb_ot_metrics_get_position':
hb-ot-metrics.cc:(.text+0x2070): multiple definition of `hb_ot_metrics_get_position'; /home/uilian/.conan2/p/b/librs336a2333e6ca6/p/lib/librsvg-2.a(libharfbuzz_la-hb-ot-metrics.o):(.text+0xf60): first defined here
/usr/bin/ld: /home/uilian/.conan2/p/b/librs336a2333e6ca6/p/lib/librsvg-2.a(hb-set.cc.o): in function `hb_set_get_empty':
hb-set.cc:(.text+0xf0): multiple definition of `hb_set_get_empty'; /home/uilian/.conan2/p/b/librs336a2333e6ca6/p/lib/librsvg-2.a(libharfbuzz_la-hb-set.o):(.text+0x80): first defined here
/usr/bin/ld: /home/uilian/.conan2/p/b/librs336a2333e6ca6/p/lib/librsvg-2.a(hb-set.cc.o): in function `hb_set_create':
hb-set.cc:(.text+0x100): multiple definition of `hb_set_create'; /home/uilian/.conan2/p/b/librs336a2333e6ca6/p/lib/librsvg-2.a(libharfbuzz_la-hb-set.o):(.text+0x0): first defined here
/usr/bin/ld: /home/uilian/.conan2/p/b/librs336a2333e6ca6/p/lib/librsvg-2.a(hb-set.cc.o): in function `hb_set_reference':
hb-set.cc:(.text+0x190): multiple definition of `hb_set_reference'; /home/uilian/.conan2/p/b/librs336a2333e6ca6/p/lib/librsvg-2.a(libharfbuzz_la-hb-set.o):(.text+0x90): first defined here
/usr/bin/ld: /home/uilian/.conan2/p/b/librs336a2333e6ca6/p/lib/librsvg-2.a(hb-set.cc.o): in function `hb_set_destroy':
hb-set.cc:(.text+0x1b0): multiple definition of `hb_set_destroy'; /home/uilian/.conan2/p/b/librs336a2333e6ca6/p/lib/librsvg-2.a(libharfbuzz_la-hb-set.o):(.text+0xe0): first defined here
/usr/bin/ld: /home/uilian/.conan2/p/b/librs336a2333e6ca6/p/lib/librsvg-2.a(hb-set.cc.o): in function `hb_set_set_user_data':
hb-set.cc:(.text+0x450): multiple definition of `hb_set_set_user_data'; /home/uilian/.conan2/p/b/librs336a2333e6ca6/p/lib/librsvg-2.a(libharfbuzz_la-hb-set.o):(.text+0x240): first defined here
/usr/bin/ld: /home/uilian/.conan2/p/b/librs336a2333e6ca6/p/lib/librsvg-2.a(hb-set.cc.o): in function `hb_set_get_user_data':
hb-set.cc:(.text+0x880): multiple definition of `hb_set_get_user_data'; /home/uilian/.conan2/p/b/librs336a2333e6ca6/p/lib/librsvg-2.a(libharfbuzz_la-hb-set.o):(.text+0x420): first defined here
/usr/bin/ld: /home/uilian/.conan2/p/b/librs336a2333e6ca6/p/lib/librsvg-2.a(hb-set.cc.o): in function `hb_set_allocation_successful':
hb-set.cc:(.text+0x910): multiple definition of `hb_set_allocation_successful'; /home/uilian/.conan2/p/b/librs336a2333e6ca6/p/lib/librsvg-2.a(libharfbuzz_la-hb-set.o):(.text+0x480): first defined here
/usr/bin/ld: /home/uilian/.conan2/p/b/librs336a2333e6ca6/p/lib/librsvg-2.a(hb-set.cc.o): in function `hb_set_clear':
hb-set.cc:(.text+0xbb0): multiple definition of `hb_set_clear'; /home/uilian/.conan2/p/b/librs336a2333e6ca6/p/lib/librsvg-2.a(libharfbuzz_la-hb-set.o):(.text+0x490): first defined here
/usr/bin/ld: /home/uilian/.conan2/p/b/librs336a2333e6ca6/p/lib/librsvg-2.a(hb-set.cc.o): in function `hb_set_is_empty':
hb-set.cc:(.text+0xbe0): multiple definition of `hb_set_is_empty'; /home/uilian/.conan2/p/b/librs336a2333e6ca6/p/lib/librsvg-2.a(libharfbuzz_la-hb-set.o):(.text+0x4c0): first defined here
/usr/bin/ld: /home/uilian/.conan2/p/b/librs336a2333e6ca6/p/lib/librsvg-2.a(hb-set.cc.o): in function `hb_set_has':
hb-set.cc:(.text+0x13c0): multiple definition of `hb_set_has'; /home/uilian/.conan2/p/b/librs336a2333e6ca6/p/lib/librsvg-2.a(libharfbuzz_la-hb-set.o):(.text+0x520): first defined here
/usr/bin/ld: /home/uilian/.conan2/p/b/librs336a2333e6ca6/p/lib/librsvg-2.a(hb-set.cc.o): in function `hb_set_add':
hb-set.cc:(.text+0x1480): multiple definition of `hb_set_add'; /home/uilian/.conan2/p/b/librs336a2333e6ca6/p/lib/librsvg-2.a(libharfbuzz_la-hb-set.o):(.text+0x5b0): first defined here
/usr/bin/ld: /home/uilian/.conan2/p/b/librs336a2333e6ca6/p/lib/librsvg-2.a(hb-set.cc.o): in function `hb_set_add_range':
hb-set.cc:(.text+0x1a40): multiple definition of `hb_set_add_range'; /home/uilian/.conan2/p/b/librs336a2333e6ca6/p/lib/librsvg-2.a(libharfbuzz_la-hb-set.o):(.text+0x600): first defined here
/usr/bin/ld: /home/uilian/.conan2/p/b/librs336a2333e6ca6/p/lib/librsvg-2.a(hb-set.cc.o): in function `hb_set_del':
hb-set.cc:(.text+0x2170): multiple definition of `hb_set_del'; /home/uilian/.conan2/p/b/librs336a2333e6ca6/p/lib/librsvg-2.a(libharfbuzz_la-hb-set.o):(.text+0x830): first defined here
/usr/bin/ld: /home/uilian/.conan2/p/b/librs336a2333e6ca6/p/lib/librsvg-2.a(hb-set.cc.o): in function `hb_set_del_range':
hb-set.cc:(.text+0x23e0): multiple definition of `hb_set_del_range'; /home/uilian/.conan2/p/b/librs336a2333e6ca6/p/lib/librsvg-2.a(libharfbuzz_la-hb-set.o):(.text+0x900): first defined here
/usr/bin/ld: /home/uilian/.conan2/p/b/librs336a2333e6ca6/p/lib/librsvg-2.a(hb-set.cc.o): in function `hb_set_is_equal':
hb-set.cc:(.text+0x2b00): multiple definition of `hb_set_is_equal'; /home/uilian/.conan2/p/b/librs336a2333e6ca6/p/lib/librsvg-2.a(libharfbuzz_la-hb-set.o):(.text+0x910): first defined here
/usr/bin/ld: /home/uilian/.conan2/p/b/librs336a2333e6ca6/p/lib/librsvg-2.a(hb-set.cc.o): in function `hb_set_is_subset':
hb-set.cc:(.text+0x3c50): multiple definition of `hb_set_is_subset'; /home/uilian/.conan2/p/b/librs336a2333e6ca6/p/lib/librsvg-2.a(libharfbuzz_la-hb-set.o):(.text+0x930): first defined here
/usr/bin/ld: /home/uilian/.conan2/p/b/librs336a2333e6ca6/p/lib/librsvg-2.a(hb-set.cc.o): in function `hb_set_set':
hb-set.cc:(.text+0x47a0): multiple definition of `hb_set_set'; /home/uilian/.conan2/p/b/librs336a2333e6ca6/p/lib/librsvg-2.a(libharfbuzz_la-hb-set.o):(.text+0xb30): first defined here
/usr/bin/ld: /home/uilian/.conan2/p/b/librs336a2333e6ca6/p/lib/librsvg-2.a(hb-set.cc.o): in function `hb_set_union':
hb-set.cc:(.text+0x4a10): multiple definition of `hb_set_union'; /home/uilian/.conan2/p/b/librs336a2333e6ca6/p/lib/librsvg-2.a(libharfbuzz_la-hb-set.o):(.text+0xba0): first defined here
/usr/bin/ld: /home/uilian/.conan2/p/b/librs336a2333e6ca6/p/lib/librsvg-2.a(hb-set.cc.o): in function `hb_set_intersect':
hb-set.cc:(.text+0x5950): multiple definition of `hb_set_intersect'; /home/uilian/.conan2/p/b/librs336a2333e6ca6/p/lib/librsvg-2.a(libharfbuzz_la-hb-set.o):(.text+0x12f0): first defined here
/usr/bin/ld: /home/uilian/.conan2/p/b/librs336a2333e6ca6/p/lib/librsvg-2.a(hb-set.cc.o): in function `hb_set_subtract':
hb-set.cc:(.text+0x6380): multiple definition of `hb_set_subtract'; /home/uilian/.conan2/p/b/librs336a2333e6ca6/p/lib/librsvg-2.a(libharfbuzz_la-hb-set.o):(.text+0x1790): first defined here
/usr/bin/ld: /home/uilian/.conan2/p/b/librs336a2333e6ca6/p/lib/librsvg-2.a(hb-set.cc.o): in function `hb_set_symmetric_difference':
hb-set.cc:(.text+0x70b0): multiple definition of `hb_set_symmetric_difference'; /home/uilian/.conan2/p/b/librs336a2333e6ca6/p/lib/librsvg-2.a(libharfbuzz_la-hb-set.o):(.text+0x1c30): first defined here
/usr/bin/ld: /home/uilian/.conan2/p/b/librs336a2333e6ca6/p/lib/librsvg-2.a(hb-set.cc.o): in function `hb_set_invert':
hb-set.cc:(.text+0x7420): multiple definition of `hb_set_invert'; /home/uilian/.conan2/p/b/librs336a2333e6ca6/p/lib/librsvg-2.a(libharfbuzz_la-hb-set.o):(.text+0x2380): first defined here
/usr/bin/ld: /home/uilian/.conan2/p/b/librs336a2333e6ca6/p/lib/librsvg-2.a(hb-set.cc.o): in function `hb_set_get_population':
hb-set.cc:(.text+0x7440): multiple definition of `hb_set_get_population'; /home/uilian/.conan2/p/b/librs336a2333e6ca6/p/lib/librsvg-2.a(libharfbuzz_la-hb-set.o):(.text+0x2390): first defined here
/usr/bin/ld: /home/uilian/.conan2/p/b/librs336a2333e6ca6/p/lib/librsvg-2.a(hb-set.cc.o): in function `hb_set_get_min':
hb-set.cc:(.text+0x7600): multiple definition of `hb_set_get_min'; /home/uilian/.conan2/p/b/librs336a2333e6ca6/p/lib/librsvg-2.a(libharfbuzz_la-hb-set.o):(.text+0x2420): first defined here
/usr/bin/ld: /home/uilian/.conan2/p/b/librs336a2333e6ca6/p/lib/librsvg-2.a(hb-set.cc.o): in function `hb_set_get_max':
hb-set.cc:(.text+0x7f30): multiple definition of `hb_set_get_max'; /home/uilian/.conan2/p/b/librs336a2333e6ca6/p/lib/librsvg-2.a(libharfbuzz_la-hb-set.o):(.text+0x24f0): first defined here
/usr/bin/ld: /home/uilian/.conan2/p/b/librs336a2333e6ca6/p/lib/librsvg-2.a(hb-set.cc.o): in function `hb_set_next':
hb-set.cc:(.text+0x8840): multiple definition of `hb_set_next'; /home/uilian/.conan2/p/b/librs336a2333e6ca6/p/lib/librsvg-2.a(libharfbuzz_la-hb-set.o):(.text+0x25c0): first defined here
/usr/bin/ld: /home/uilian/.conan2/p/b/librs336a2333e6ca6/p/lib/librsvg-2.a(hb-set.cc.o): in function `hb_set_previous':
hb-set.cc:(.text+0x95f0): multiple definition of `hb_set_previous'; /home/uilian/.conan2/p/b/librs336a2333e6ca6/p/lib/librsvg-2.a(libharfbuzz_la-hb-set.o):(.text+0x25e0): first defined here
/usr/bin/ld: /home/uilian/.conan2/p/b/librs336a2333e6ca6/p/lib/librsvg-2.a(hb-set.cc.o): in function `hb_set_next_range':
hb-set.cc:(.text+0xa6e0): multiple definition of `hb_set_next_range'; /home/uilian/.conan2/p/b/librs336a2333e6ca6/p/lib/librsvg-2.a(libharfbuzz_la-hb-set.o):(.text+0x2600): first defined here
/usr/bin/ld: /home/uilian/.conan2/p/b/librs336a2333e6ca6/p/lib/librsvg-2.a(hb-set.cc.o): in function `hb_set_previous_range':
hb-set.cc:(.text+0xb080): multiple definition of `hb_set_previous_range'; /home/uilian/.conan2/p/b/librs336a2333e6ca6/p/lib/librsvg-2.a(libharfbuzz_la-hb-set.o):(.text+0x26b0): first defined here
/usr/bin/ld: /home/uilian/.conan2/p/b/librs336a2333e6ca6/p/lib/librsvg-2.a(hb-static.cc.o): in function `_hb_ot_name_language_for_ms_code(unsigned int)':
hb-static.cc:(.text+0x0): multiple definition of `_hb_ot_name_language_for_ms_code(unsigned int)'; /home/uilian/.conan2/p/b/librs336a2333e6ca6/p/lib/librsvg-2.a(libharfbuzz_la-hb-static.o):(.text+0x50): first defined here
/usr/bin/ld: /home/uilian/.conan2/p/b/librs336a2333e6ca6/p/lib/librsvg-2.a(hb-static.cc.o): in function `_hb_ot_name_language_for_mac_code(unsigned int)':
hb-static.cc:(.text+0x50): multiple definition of `_hb_ot_name_language_for_mac_code(unsigned int)'; /home/uilian/.conan2/p/b/librs336a2333e6ca6/p/lib/librsvg-2.a(libharfbuzz_la-hb-static.o):(.text+0x70): first defined here
/usr/bin/ld: /home/uilian/.conan2/p/b/librs336a2333e6ca6/p/lib/librsvg-2.a(hb-static.cc.o): in function `hb_face_t::load_num_glyphs() const':
hb-static.cc:(.text+0xa0): multiple definition of `hb_face_t::load_num_glyphs() const'; /home/uilian/.conan2/p/b/librs336a2333e6ca6/p/lib/librsvg-2.a(libharfbuzz_la-hb-static.o):(.text+0x90): first defined here
/usr/bin/ld: /home/uilian/.conan2/p/b/librs336a2333e6ca6/p/lib/librsvg-2.a(hb-static.cc.o): in function `hb_face_t::load_upem() const':
hb-static.cc:(.text+0x210): multiple definition of `hb_face_t::load_upem() const'; /home/uilian/.conan2/p/b/librs336a2333e6ca6/p/lib/librsvg-2.a(libharfbuzz_la-hb-static.o):(.text+0x4c0): first defined here
/usr/bin/ld: /home/uilian/.conan2/p/b/librs336a2333e6ca6/p/lib/librsvg-2.a(hb-static.cc.o):(.rodata+0x8): multiple definition of `_hb_Null_AAT_Lookup'; /home/uilian/.conan2/p/b/librs336a2333e6ca6/p/lib/librsvg-2.a(libharfbuzz_la-hb-static.o):(.rodata+0x0): first defined here
/usr/bin/ld: /home/uilian/.conan2/p/b/librs336a2333e6ca6/p/lib/librsvg-2.a(hb-static.cc.o):(.rodata+0xa): multiple definition of `_hb_Null_AAT_SettingName'; /home/uilian/.conan2/p/b/librs336a2333e6ca6/p/lib/librsvg-2.a(libharfbuzz_la-hb-static.o):(.rodata+0x2): first defined here
/usr/bin/ld: /home/uilian/.conan2/p/b/librs336a2333e6ca6/p/lib/librsvg-2.a(hb-static.cc.o):(.rodata+0x10): multiple definition of `_hb_Null_OT_CmapSubtableLongGroup'; /home/uilian/.conan2/p/b/librs336a2333e6ca6/p/lib/librsvg-2.a(libharfbuzz_la-hb-static.o):(.rodata+0x8): first defined here
/usr/bin/ld: /home/uilian/.conan2/p/b/librs336a2333e6ca6/p/lib/librsvg-2.a(hb-static.cc.o):(.rodata+0x28): multiple definition of `_hb_Null_OT_RangeRecord'; /home/uilian/.conan2/p/b/librs336a2333e6ca6/p/lib/librsvg-2.a(libharfbuzz_la-hb-static.o):(.rodata+0x14): first defined here
/usr/bin/ld: /home/uilian/.conan2/p/b/librs336a2333e6ca6/p/lib/librsvg-2.a(hb-static.cc.o):(.rodata+0x38): multiple definition of `_hb_Null_OT_LangSys'; /home/uilian/.conan2/p/b/librs336a2333e6ca6/p/lib/librsvg-2.a(libharfbuzz_la-hb-static.o):(.rodata+0x1a): first defined here
/usr/bin/ld: /home/uilian/.conan2/p/b/librs336a2333e6ca6/p/lib/librsvg-2.a(hb-static.cc.o):(.rodata+0x44): multiple definition of `_hb_Null_OT_Index'; /home/uilian/.conan2/p/b/librs336a2333e6ca6/p/lib/librsvg-2.a(libharfbuzz_la-hb-static.o):(.rodata+0x20): first defined here
/usr/bin/ld: /home/uilian/.conan2/p/b/librs336a2333e6ca6/p/lib/librsvg-2.a(hb-static.cc.o):(.bss+0x0): multiple definition of `_hb_CrapPool'; /home/uilian/.conan2/p/b/librs336a2333e6ca6/p/lib/librsvg-2.a(libharfbuzz_la-hb-static.o):(.bss+0x0): first defined here
/usr/bin/ld: /home/uilian/.conan2/p/b/librs336a2333e6ca6/p/lib/librsvg-2.a(hb-static.cc.o):(.rodata+0x60): multiple definition of `_hb_NullPool'; /home/uilian/.conan2/p/b/librs336a2333e6ca6/p/lib/librsvg-2.a(libharfbuzz_la-hb-static.o):(.rodata+0x40): first defined here
/usr/bin/ld: /home/uilian/.conan2/p/b/librs336a2333e6ca6/p/lib/librsvg-2.a(liblzma_la-crc32_fast.o): in function `lzma_crc32':
crc32_fast.c:(.text+0x510): multiple definition of `lzma_crc32'; /home/uilian/.conan2/p/b/librs336a2333e6ca6/p/lib/librsvg-2.a(liblzma_la-crc32_fast.o):(.text+0x0): first defined here
/usr/bin/ld: /home/uilian/.conan2/p/b/librs336a2333e6ca6/p/lib/librsvg-2.a(liblzma_la-crc64_fast.o): in function `lzma_crc64':
crc64_fast.c:(.text+0x4a0): multiple definition of `lzma_crc64'; /home/uilian/.conan2/p/b/librs336a2333e6ca6/p/lib/librsvg-2.a(liblzma_la-crc64_fast.o):(.text+0x0): first defined here
/usr/bin/ld: /home/uilian/.conan2/p/b/librs336a2333e6ca6/p/lib/librsvg-2.a(gappinfo.c.o): in function `g_app_info_create_from_commandline':
gappinfo.c:(.text+0x7c0): multiple definition of `g_app_info_create_from_commandline'; /home/uilian/.conan2/p/b/librs336a2333e6ca6/p/lib/librsvg-2.a(gdesktopappinfo.c.o):(.text+0x54c0): first defined here
/usr/bin/ld: /home/uilian/.conan2/p/b/librs336a2333e6ca6/p/lib/librsvg-2.a(gappinfo.c.o): in function `g_app_info_get_all':
gappinfo.c:(.text+0xec0): multiple definition of `g_app_info_get_all'; /home/uilian/.conan2/p/b/librs336a2333e6ca6/p/lib/librsvg-2.a(gdesktopappinfo.c.o):(.text+0x6350): first defined here
/usr/bin/ld: /home/uilian/.conan2/p/b/librs336a2333e6ca6/p/lib/librsvg-2.a(gappinfo.c.o): in function `g_app_info_get_recommended_for_type':
gappinfo.c:(.text+0xed0): multiple definition of `g_app_info_get_recommended_for_type'; /home/uilian/.conan2/p/b/librs336a2333e6ca6/p/lib/librsvg-2.a(gdesktopappinfo.c.o):(.text+0x56c0): first defined here
/usr/bin/ld: /home/uilian/.conan2/p/b/librs336a2333e6ca6/p/lib/librsvg-2.a(gappinfo.c.o): in function `g_app_info_get_fallback_for_type':
gappinfo.c:(.text+0xf10): multiple definition of `g_app_info_get_fallback_for_type'; /home/uilian/.conan2/p/b/librs336a2333e6ca6/p/lib/librsvg-2.a(gdesktopappinfo.c.o):(.text+0x5750): first defined here
/usr/bin/ld: /home/uilian/.conan2/p/b/librs336a2333e6ca6/p/lib/librsvg-2.a(gappinfo.c.o): in function `g_app_info_get_all_for_type':
gappinfo.c:(.text+0xf50): multiple definition of `g_app_info_get_all_for_type'; /home/uilian/.conan2/p/b/librs336a2333e6ca6/p/lib/librsvg-2.a(gdesktopappinfo.c.o):(.text+0x5840): first defined here
/usr/bin/ld: /home/uilian/.conan2/p/b/librs336a2333e6ca6/p/lib/librsvg-2.a(gappinfo.c.o): in function `g_app_info_reset_type_associations':
gappinfo.c:(.text+0xf90): multiple definition of `g_app_info_reset_type_associations'; /home/uilian/.conan2/p/b/librs336a2333e6ca6/p/lib/librsvg-2.a(gdesktopappinfo.c.o):(.text+0x58e0): first defined here
/usr/bin/ld: /home/uilian/.conan2/p/b/librs336a2333e6ca6/p/lib/librsvg-2.a(gappinfo.c.o): in function `g_app_info_get_default_for_type':
gappinfo.c:(.text+0xfa0): multiple definition of `g_app_info_get_default_for_type'; /home/uilian/.conan2/p/b/librs336a2333e6ca6/p/lib/librsvg-2.a(gdesktopappinfo.c.o):(.text+0x5900): first defined here
/usr/bin/ld: /home/uilian/.conan2/p/b/librs336a2333e6ca6/p/lib/librsvg-2.a(gappinfo.c.o): in function `g_app_info_get_default_for_uri_scheme':
gappinfo.c:(.text+0x1050): multiple definition of `g_app_info_get_default_for_uri_scheme'; /home/uilian/.conan2/p/b/librs336a2333e6ca6/p/lib/librsvg-2.a(gdesktopappinfo.c.o):(.text+0x5b70): first defined here
/usr/bin/ld: /home/uilian/.conan2/p/b/librs336a2333e6ca6/p/lib/librsvg-2.a(gtask.c.o):(.data.rel.local+0x0): multiple definition of `trivial_source_funcs'; /home/uilian/.conan2/p/b/librs336a2333e6ca6/p/lib/librsvg-2.a(gtask.c.o):(.data.rel.local+0x0): first defined here
/usr/bin/ld: /home/uilian/.conan2/p/b/librs336a2333e6ca6/p/lib/librsvg-2.a(gtask.c.o): in function `g_task_get_type':
gtask.c:(.text+0x540): multiple definition of `g_task_get_type'; /home/uilian/.conan2/p/b/librs336a2333e6ca6/p/lib/librsvg-2.a(gtask.c.o):(.text+0x530): first defined here
/usr/bin/ld: /home/uilian/.conan2/p/b/librs336a2333e6ca6/p/lib/librsvg-2.a(gtask.c.o): in function `g_task_new':
gtask.c:(.text+0x5a0): multiple definition of `g_task_new'; /home/uilian/.conan2/p/b/librs336a2333e6ca6/p/lib/librsvg-2.a(gtask.c.o):(.text+0x710): first defined here
/usr/bin/ld: /home/uilian/.conan2/p/b/librs336a2333e6ca6/p/lib/librsvg-2.a(gtask.c.o): in function `g_task_set_task_data':
gtask.c:(.text+0x630): multiple definition of `g_task_set_task_data'; /home/uilian/.conan2/p/b/librs336a2333e6ca6/p/lib/librsvg-2.a(gtask.c.o):(.text+0x7a0): first defined here
/usr/bin/ld: /home/uilian/.conan2/p/b/librs336a2333e6ca6/p/lib/librsvg-2.a(gtask.c.o): in function `g_task_set_priority':
gtask.c:(.text+0x6a0): multiple definition of `g_task_set_priority'; /home/uilian/.conan2/p/b/librs336a2333e6ca6/p/lib/librsvg-2.a(gtask.c.o):(.text+0x820): first defined here
/usr/bin/ld: /home/uilian/.conan2/p/b/librs336a2333e6ca6/p/lib/librsvg-2.a(gtask.c.o): in function `g_task_set_check_cancellable':
gtask.c:(.text+0x700): multiple definition of `g_task_set_check_cancellable'; /home/uilian/.conan2/p/b/librs336a2333e6ca6/p/lib/librsvg-2.a(gtask.c.o):(.text+0x880): first defined here
/usr/bin/ld: /home/uilian/.conan2/p/b/librs336a2333e6ca6/p/lib/librsvg-2.a(gtask.c.o): in function `g_task_set_source_tag':
gtask.c:(.text+0x790): multiple definition of `g_task_set_source_tag'; /home/uilian/.conan2/p/b/librs336a2333e6ca6/p/lib/librsvg-2.a(gtask.c.o):(.text+0x910): first defined here
/usr/bin/ld: /home/uilian/.conan2/p/b/librs336a2333e6ca6/p/lib/librsvg-2.a(gtask.c.o): in function `g_task_set_name':
gtask.c:(.text+0x7f0): multiple definition of `g_task_set_name'; /home/uilian/.conan2/p/b/librs336a2333e6ca6/p/lib/librsvg-2.a(gtask.c.o):(.text+0x980): first defined here
/usr/bin/ld: /home/uilian/.conan2/p/b/librs336a2333e6ca6/p/lib/librsvg-2.a(gtask.c.o): in function `g_task_get_source_object':
gtask.c:(.text+0x900): multiple definition of `g_task_get_source_object'; /home/uilian/.conan2/p/b/librs336a2333e6ca6/p/lib/librsvg-2.a(gtask.c.o):(.text+0xa00): first defined here
/usr/bin/ld: /home/uilian/.conan2/p/b/librs336a2333e6ca6/p/lib/librsvg-2.a(gtask.c.o): in function `g_task_get_task_data':
gtask.c:(.text+0x950): multiple definition of `g_task_get_task_data'; /home/uilian/.conan2/p/b/librs336a2333e6ca6/p/lib/librsvg-2.a(gtask.c.o):(.text+0xa60): first defined here
/usr/bin/ld: /home/uilian/.conan2/p/b/librs336a2333e6ca6/p/lib/librsvg-2.a(gtask.c.o): in function `g_task_get_priority':
gtask.c:(.text+0x9a0): multiple definition of `g_task_get_priority'; /home/uilian/.conan2/p/b/librs336a2333e6ca6/p/lib/librsvg-2.a(gtask.c.o):(.text+0xac0): first defined here
/usr/bin/ld: /home/uilian/.conan2/p/b/librs336a2333e6ca6/p/lib/librsvg-2.a(gtask.c.o): in function `g_task_get_context':
gtask.c:(.text+0x9f0): multiple definition of `g_task_get_context'; /home/uilian/.conan2/p/b/librs336a2333e6ca6/p/lib/librsvg-2.a(gtask.c.o):(.text+0xb20): first defined here
/usr/bin/ld: /home/uilian/.conan2/p/b/librs336a2333e6ca6/p/lib/librsvg-2.a(gtask.c.o): in function `g_task_get_cancellable':
gtask.c:(.text+0xa40): multiple definition of `g_task_get_cancellable'; /home/uilian/.conan2/p/b/librs336a2333e6ca6/p/lib/librsvg-2.a(gtask.c.o):(.text+0xb80): first defined here
/usr/bin/ld: /home/uilian/.conan2/p/b/librs336a2333e6ca6/p/lib/librsvg-2.a(gtask.c.o): in function `g_task_get_check_cancellable':
gtask.c:(.text+0xa90): multiple definition of `g_task_get_check_cancellable'; /home/uilian/.conan2/p/b/librs336a2333e6ca6/p/lib/librsvg-2.a(gtask.c.o):(.text+0xbe0): first defined here
/usr/bin/ld: /home/uilian/.conan2/p/b/librs336a2333e6ca6/p/lib/librsvg-2.a(gtask.c.o): in function `g_task_get_return_on_cancel':
gtask.c:(.text+0xaf0): multiple definition of `g_task_get_return_on_cancel'; /home/uilian/.conan2/p/b/librs336a2333e6ca6/p/lib/librsvg-2.a(gtask.c.o):(.text+0xc40): first defined here
/usr/bin/ld: /home/uilian/.conan2/p/b/librs336a2333e6ca6/p/lib/librsvg-2.a(gtask.c.o): in function `g_task_get_source_tag':
gtask.c:(.text+0xb50): multiple definition of `g_task_get_source_tag'; /home/uilian/.conan2/p/b/librs336a2333e6ca6/p/lib/librsvg-2.a(gtask.c.o):(.text+0xca0): first defined here
/usr/bin/ld: /home/uilian/.conan2/p/b/librs336a2333e6ca6/p/lib/librsvg-2.a(gtask.c.o): in function `g_task_get_name':
gtask.c:(.text+0xba0): multiple definition of `g_task_get_name'; /home/uilian/.conan2/p/b/librs336a2333e6ca6/p/lib/librsvg-2.a(gtask.c.o):(.text+0xd00): first defined here
/usr/bin/ld: /home/uilian/.conan2/p/b/librs336a2333e6ca6/p/lib/librsvg-2.a(gtask.c.o): in function `g_task_run_in_thread_sync':
gtask.c:(.text+0xf80): multiple definition of `g_task_run_in_thread_sync'; /home/uilian/.conan2/p/b/librs336a2333e6ca6/p/lib/librsvg-2.a(gtask.c.o):(.text+0xd60): first defined here
/usr/bin/ld: /home/uilian/.conan2/p/b/librs336a2333e6ca6/p/lib/librsvg-2.a(gtask.c.o): in function `g_task_attach_source':
gtask.c:(.text+0x1050): multiple definition of `g_task_attach_source'; /home/uilian/.conan2/p/b/librs336a2333e6ca6/p/lib/librsvg-2.a(gtask.c.o):(.text+0xe40): first defined here
/usr/bin/ld: /home/uilian/.conan2/p/b/librs336a2333e6ca6/p/lib/librsvg-2.a(gtask.c.o): in function `g_task_set_return_on_cancel':
gtask.c:(.text+0x1210): multiple definition of `g_task_set_return_on_cancel'; /home/uilian/.conan2/p/b/librs336a2333e6ca6/p/lib/librsvg-2.a(gtask.c.o):(.text+0x1370): first defined here
/usr/bin/ld: /home/uilian/.conan2/p/b/librs336a2333e6ca6/p/lib/librsvg-2.a(gtask.c.o): in function `g_task_run_in_thread':
gtask.c:(.text+0x13b0): multiple definition of `g_task_run_in_thread'; /home/uilian/.conan2/p/b/librs336a2333e6ca6/p/lib/librsvg-2.a(gtask.c.o):(.text+0x14c0): first defined here
/usr/bin/ld: /home/uilian/.conan2/p/b/librs336a2333e6ca6/p/lib/librsvg-2.a(gtask.c.o): in function `g_task_return_pointer':
gtask.c:(.text+0x1830): multiple definition of `g_task_return_pointer'; /home/uilian/.conan2/p/b/librs336a2333e6ca6/p/lib/librsvg-2.a(gtask.c.o):(.text+0x1580): first defined here
/usr/bin/ld: /home/uilian/.conan2/p/b/librs336a2333e6ca6/p/lib/librsvg-2.a(gtask.c.o): in function `g_task_propagate_pointer':
gtask.c:(.text+0x18e0): multiple definition of `g_task_propagate_pointer'; /home/uilian/.conan2/p/b/librs336a2333e6ca6/p/lib/librsvg-2.a(gtask.c.o):(.text+0x1610): first defined here
/usr/bin/ld: /home/uilian/.conan2/p/b/librs336a2333e6ca6/p/lib/librsvg-2.a(gtask.c.o): in function `g_task_return_int':
gtask.c:(.text+0x19f0): multiple definition of `g_task_return_int'; /home/uilian/.conan2/p/b/librs336a2333e6ca6/p/lib/librsvg-2.a(gtask.c.o):(.text+0x1740): first defined here
/usr/bin/ld: /home/uilian/.conan2/p/b/librs336a2333e6ca6/p/lib/librsvg-2.a(gtask.c.o): in function `g_task_propagate_int':
gtask.c:(.text+0x1aa0): multiple definition of `g_task_propagate_int'; /home/uilian/.conan2/p/b/librs336a2333e6ca6/p/lib/librsvg-2.a(gtask.c.o):(.text+0x17d0): first defined here
/usr/bin/ld: /home/uilian/.conan2/p/b/librs336a2333e6ca6/p/lib/librsvg-2.a(gtask.c.o): in function `g_task_return_boolean':
gtask.c:(.text+0x1ba0): multiple definition of `g_task_return_boolean'; /home/uilian/.conan2/p/b/librs336a2333e6ca6/p/lib/librsvg-2.a(gtask.c.o):(.text+0x18f0): first defined here
/usr/bin/ld: /home/uilian/.conan2/p/b/librs336a2333e6ca6/p/lib/librsvg-2.a(gtask.c.o): in function `g_task_propagate_boolean':
gtask.c:(.text+0x1c50): multiple definition of `g_task_propagate_boolean'; /home/uilian/.conan2/p/b/librs336a2333e6ca6/p/lib/librsvg-2.a(gtask.c.o):(.text+0x1980): first defined here
/usr/bin/ld: /home/uilian/.conan2/p/b/librs336a2333e6ca6/p/lib/librsvg-2.a(gtask.c.o): in function `g_task_return_error':
gtask.c:(.text+0x1d60): multiple definition of `g_task_return_error'; /home/uilian/.conan2/p/b/librs336a2333e6ca6/p/lib/librsvg-2.a(gtask.c.o):(.text+0x1aa0): first defined here
/usr/bin/ld: /home/uilian/.conan2/p/b/librs336a2333e6ca6/p/lib/librsvg-2.a(gtask.c.o): in function `g_task_report_error':
gtask.c:(.text+0x1e20): multiple definition of `g_task_report_error'; /home/uilian/.conan2/p/b/librs336a2333e6ca6/p/lib/librsvg-2.a(gtask.c.o):(.text+0x1b40): first defined here
/usr/bin/ld: /home/uilian/.conan2/p/b/librs336a2333e6ca6/p/lib/librsvg-2.a(gtask.c.o): in function `g_task_report_new_error':
gtask.c:(.text+0x1ea0): multiple definition of `g_task_report_new_error'; /home/uilian/.conan2/p/b/librs336a2333e6ca6/p/lib/librsvg-2.a(gtask.c.o):(.text+0x1bc0): first defined here
/usr/bin/ld: /home/uilian/.conan2/p/b/librs336a2333e6ca6/p/lib/librsvg-2.a(gtask.c.o): in function `g_task_return_new_error':
gtask.c:(.text+0x2110): multiple definition of `g_task_return_new_error'; /home/uilian/.conan2/p/b/librs336a2333e6ca6/p/lib/librsvg-2.a(gtask.c.o):(.text+0x1ca0): first defined here
/usr/bin/ld: /home/uilian/.conan2/p/b/librs336a2333e6ca6/p/lib/librsvg-2.a(gtask.c.o): in function `g_task_return_error_if_cancelled':
gtask.c:(.text+0x21d0): multiple definition of `g_task_return_error_if_cancelled'; /home/uilian/.conan2/p/b/librs336a2333e6ca6/p/lib/librsvg-2.a(gtask.c.o):(.text+0x1d70): first defined here
/usr/bin/ld: /home/uilian/.conan2/p/b/librs336a2333e6ca6/p/lib/librsvg-2.a(gtask.c.o): in function `g_task_had_error':
gtask.c:(.text+0x22c0): multiple definition of `g_task_had_error'; /home/uilian/.conan2/p/b/librs336a2333e6ca6/p/lib/librsvg-2.a(gtask.c.o):(.text+0x1e80): first defined here
/usr/bin/ld: /home/uilian/.conan2/p/b/librs336a2333e6ca6/p/lib/librsvg-2.a(gtask.c.o): in function `g_task_return_value':
gtask.c:(.text+0x2360): multiple definition of `g_task_return_value'; /home/uilian/.conan2/p/b/librs336a2333e6ca6/p/lib/librsvg-2.a(gtask.c.o):(.text+0x1f10): first defined here
/usr/bin/ld: /home/uilian/.conan2/p/b/librs336a2333e6ca6/p/lib/librsvg-2.a(gtask.c.o): in function `g_task_propagate_value':
gtask.c:(.text+0x2430): multiple definition of `g_task_propagate_value'; /home/uilian/.conan2/p/b/librs336a2333e6ca6/p/lib/librsvg-2.a(gtask.c.o):(.text+0x1ff0): first defined here
/usr/bin/ld: /home/uilian/.conan2/p/b/librs336a2333e6ca6/p/lib/librsvg-2.a(gtask.c.o): in function `g_task_get_completed':
gtask.c:(.text+0x25e0): multiple definition of `g_task_get_completed'; /home/uilian/.conan2/p/b/librs336a2333e6ca6/p/lib/librsvg-2.a(gtask.c.o):(.text+0x21c0): first defined here
/usr/bin/ld: /home/uilian/.conan2/p/b/librs336a2333e6ca6/p/lib/librsvg-2.a(gtask.c.o): in function `g_task_is_valid':
gtask.c:(.text+0x2670): multiple definition of `g_task_is_valid'; /home/uilian/.conan2/p/b/librs336a2333e6ca6/p/lib/librsvg-2.a(gtask.c.o):(.text+0x2270): first defined here
/usr/bin/ld: /home/uilian/.conan2/p/b/librs336a2333e6ca6/p/lib/librsvg-2.a(gdesktopappinfo.c.o):(.rodata+0x613): multiple definition of `desktop_key_match_category'; /home/uilian/.conan2/p/b/librs336a2333e6ca6/p/lib/librsvg-2.a(gdesktopappinfo.c.o):(.rodata+0x593): first defined here
/usr/bin/ld: /home/uilian/.conan2/p/b/librs336a2333e6ca6/p/lib/librsvg-2.a(gdesktopappinfo.c.o):(.data.rel.ro.local+0xc0): multiple definition of `exec_key_match_blocklist'; /home/uilian/.conan2/p/b/librs336a2333e6ca6/p/lib/librsvg-2.a(gdesktopappinfo.c.o):(.data.rel.ro.local+0x0): first defined here
/usr/bin/ld: /home/uilian/.conan2/p/b/librs336a2333e6ca6/p/lib/librsvg-2.a(gdesktopappinfo.c.o): in function `g_desktop_app_info_get_type':
gdesktopappinfo.c:(.text+0x5c70): multiple definition of `g_desktop_app_info_get_type'; /home/uilian/.conan2/p/b/librs336a2333e6ca6/p/lib/librsvg-2.a(gdesktopappinfo.c.o):(.text+0x43c0): first defined here
/usr/bin/ld: /home/uilian/.conan2/p/b/librs336a2333e6ca6/p/lib/librsvg-2.a(gdesktopappinfo.c.o): in function `g_desktop_app_info_new_from_keyfile':
gdesktopappinfo.c:(.text+0x5f10): multiple definition of `g_desktop_app_info_new_from_keyfile'; /home/uilian/.conan2/p/b/librs336a2333e6ca6/p/lib/librsvg-2.a(gdesktopappinfo.c.o):(.text+0x50b0): first defined here
/usr/bin/ld: /home/uilian/.conan2/p/b/librs336a2333e6ca6/p/lib/librsvg-2.a(gdesktopappinfo.c.o): in function `g_desktop_app_info_new_from_filename':
gdesktopappinfo.c:(.text+0x5f70): multiple definition of `g_desktop_app_info_new_from_filename'; /home/uilian/.conan2/p/b/librs336a2333e6ca6/p/lib/librsvg-2.a(gdesktopappinfo.c.o):(.text+0x5120): first defined here
/usr/bin/ld: /home/uilian/.conan2/p/b/librs336a2333e6ca6/p/lib/librsvg-2.a(gdesktopappinfo.c.o): in function `g_desktop_app_info_get_is_hidden':
gdesktopappinfo.c:(.text+0x5fa0): multiple definition of `g_desktop_app_info_get_is_hidden'; /home/uilian/.conan2/p/b/librs336a2333e6ca6/p/lib/librsvg-2.a(gdesktopappinfo.c.o):(.text+0x5150): first defined here
/usr/bin/ld: /home/uilian/.conan2/p/b/librs336a2333e6ca6/p/lib/librsvg-2.a(gdesktopappinfo.c.o): in function `g_desktop_app_info_new':
gdesktopappinfo.c:(.text+0x5fb0): multiple definition of `g_desktop_app_info_new'; /home/uilian/.conan2/p/b/librs336a2333e6ca6/p/lib/librsvg-2.a(gdesktopappinfo.c.o):(.text+0x5170): first defined here
/usr/bin/ld: /home/uilian/.conan2/p/b/librs336a2333e6ca6/p/lib/librsvg-2.a(gdesktopappinfo.c.o): in function `g_desktop_app_info_get_filename':
gdesktopappinfo.c:(.text+0x6070): multiple definition of `g_desktop_app_info_get_filename'; /home/uilian/.conan2/p/b/librs336a2333e6ca6/p/lib/librsvg-2.a(gdesktopappinfo.c.o):(.text+0x5230): first defined here
/usr/bin/ld: /home/uilian/.conan2/p/b/librs336a2333e6ca6/p/lib/librsvg-2.a(gdesktopappinfo.c.o): in function `g_desktop_app_info_get_categories':
gdesktopappinfo.c:(.text+0x6080): multiple definition of `g_desktop_app_info_get_categories'; /home/uilian/.conan2/p/b/librs336a2333e6ca6/p/lib/librsvg-2.a(gdesktopappinfo.c.o):(.text+0x5240): first defined here
/usr/bin/ld: /home/uilian/.conan2/p/b/librs336a2333e6ca6/p/lib/librsvg-2.a(gdesktopappinfo.c.o): in function `g_desktop_app_info_get_keywords':
gdesktopappinfo.c:(.text+0x6090): multiple definition of `g_desktop_app_info_get_keywords'; /home/uilian/.conan2/p/b/librs336a2333e6ca6/p/lib/librsvg-2.a(gdesktopappinfo.c.o):(.text+0x5250): first defined here
/usr/bin/ld: /home/uilian/.conan2/p/b/librs336a2333e6ca6/p/lib/librsvg-2.a(gdesktopappinfo.c.o): in function `g_desktop_app_info_get_generic_name':
gdesktopappinfo.c:(.text+0x60a0): multiple definition of `g_desktop_app_info_get_generic_name'; /home/uilian/.conan2/p/b/librs336a2333e6ca6/p/lib/librsvg-2.a(gdesktopappinfo.c.o):(.text+0x5260): first defined here
/usr/bin/ld: /home/uilian/.conan2/p/b/librs336a2333e6ca6/p/lib/librsvg-2.a(gdesktopappinfo.c.o): in function `g_desktop_app_info_get_nodisplay':
gdesktopappinfo.c:(.text+0x60b0): multiple definition of `g_desktop_app_info_get_nodisplay'; /home/uilian/.conan2/p/b/librs336a2333e6ca6/p/lib/librsvg-2.a(gdesktopappinfo.c.o):(.text+0x5270): first defined here
/usr/bin/ld: /home/uilian/.conan2/p/b/librs336a2333e6ca6/p/lib/librsvg-2.a(gdesktopappinfo.c.o): in function `g_desktop_app_info_get_show_in':
gdesktopappinfo.c:(.text+0x60c0): multiple definition of `g_desktop_app_info_get_show_in'; /home/uilian/.conan2/p/b/librs336a2333e6ca6/p/lib/librsvg-2.a(gdesktopappinfo.c.o):(.text+0x5280): first defined here
/usr/bin/ld: /home/uilian/.conan2/p/b/librs336a2333e6ca6/p/lib/librsvg-2.a(gdesktopappinfo.c.o): in function `g_desktop_app_info_set_desktop_env':
gdesktopappinfo.c:(.text+0x6270): multiple definition of `g_desktop_app_info_set_desktop_env'; /home/uilian/.conan2/p/b/librs336a2333e6ca6/p/lib/librsvg-2.a(gdesktopappinfo.c.o):(.text+0x5460): first defined here
/usr/bin/ld: /home/uilian/.conan2/p/b/librs336a2333e6ca6/p/lib/librsvg-2.a(gdesktopappinfo.c.o): in function `g_desktop_app_info_get_implementations':
gdesktopappinfo.c:(.text+0x6b00): multiple definition of `g_desktop_app_info_get_implementations'; /home/uilian/.conan2/p/b/librs336a2333e6ca6/p/lib/librsvg-2.a(gdesktopappinfo.c.o):(.text+0x5bd0): first defined here
/usr/bin/ld: /home/uilian/.conan2/p/b/librs336a2333e6ca6/p/lib/librsvg-2.a(gdesktopappinfo.c.o): in function `g_desktop_app_info_search':
gdesktopappinfo.c:(.text+0x6c40): multiple definition of `g_desktop_app_info_search'; /home/uilian/.conan2/p/b/librs336a2333e6ca6/p/lib/librsvg-2.a(gdesktopappinfo.c.o):(.text+0x5d40): first defined here
/usr/bin/ld: /home/uilian/.conan2/p/b/librs336a2333e6ca6/p/lib/librsvg-2.a(gdesktopappinfo.c.o): in function `g_desktop_app_info_lookup_get_type':
gdesktopappinfo.c:(.text+0x7580): multiple definition of `g_desktop_app_info_lookup_get_type'; /home/uilian/.conan2/p/b/librs336a2333e6ca6/p/lib/librsvg-2.a(gdesktopappinfo.c.o):(.text+0x6520): first defined here
/usr/bin/ld: /home/uilian/.conan2/p/b/librs336a2333e6ca6/p/lib/librsvg-2.a(gdesktopappinfo.c.o): in function `g_desktop_app_info_lookup_get_default_for_uri_scheme':
gdesktopappinfo.c:(.text+0x7620): multiple definition of `g_desktop_app_info_lookup_get_default_for_uri_scheme'; /home/uilian/.conan2/p/b/librs336a2333e6ca6/p/lib/librsvg-2.a(gdesktopappinfo.c.o):(.text+0x65d0): first defined here
/usr/bin/ld: /home/uilian/.conan2/p/b/librs336a2333e6ca6/p/lib/librsvg-2.a(gdesktopappinfo.c.o): in function `g_desktop_app_info_get_startup_wm_class':
gdesktopappinfo.c:(.text+0x76b0): multiple definition of `g_desktop_app_info_get_startup_wm_class'; /home/uilian/.conan2/p/b/librs336a2333e6ca6/p/lib/librsvg-2.a(gdesktopappinfo.c.o):(.text+0x6660): first defined here
/usr/bin/ld: /home/uilian/.conan2/p/b/librs336a2333e6ca6/p/lib/librsvg-2.a(gdesktopappinfo.c.o): in function `g_desktop_app_info_get_string':
gdesktopappinfo.c:(.text+0x7710): multiple definition of `g_desktop_app_info_get_string'; /home/uilian/.conan2/p/b/librs336a2333e6ca6/p/lib/librsvg-2.a(gdesktopappinfo.c.o):(.text+0x66c0): first defined here
/usr/bin/ld: /home/uilian/.conan2/p/b/librs336a2333e6ca6/p/lib/librsvg-2.a(gdesktopappinfo.c.o): in function `g_desktop_app_info_launch_uris_as_manager_with_fds':
gdesktopappinfo.c:(.text+0x7f50): multiple definition of `g_desktop_app_info_launch_uris_as_manager_with_fds'; /home/uilian/.conan2/p/b/librs336a2333e6ca6/p/lib/librsvg-2.a(gdesktopappinfo.c.o):(.text+0x6bf0): first defined here
/usr/bin/ld: /home/uilian/.conan2/p/b/librs336a2333e6ca6/p/lib/librsvg-2.a(gdesktopappinfo.c.o): in function `g_desktop_app_info_launch_uris_as_manager':
gdesktopappinfo.c:(.text+0x8070): multiple definition of `g_desktop_app_info_launch_uris_as_manager'; /home/uilian/.conan2/p/b/librs336a2333e6ca6/p/lib/librsvg-2.a(gdesktopappinfo.c.o):(.text+0x6c00): first defined here
/usr/bin/ld: /home/uilian/.conan2/p/b/librs336a2333e6ca6/p/lib/librsvg-2.a(gdesktopappinfo.c.o): in function `g_desktop_app_info_get_locale_string':
gdesktopappinfo.c:(.text+0x8090): multiple definition of `g_desktop_app_info_get_locale_string'; /home/uilian/.conan2/p/b/librs336a2333e6ca6/p/lib/librsvg-2.a(gdesktopappinfo.c.o):(.text+0x6eb0): first defined here
/usr/bin/ld: /home/uilian/.conan2/p/b/librs336a2333e6ca6/p/lib/librsvg-2.a(gdesktopappinfo.c.o): in function `g_desktop_app_info_get_boolean':
gdesktopappinfo.c:(.text+0x8140): multiple definition of `g_desktop_app_info_get_boolean'; /home/uilian/.conan2/p/b/librs336a2333e6ca6/p/lib/librsvg-2.a(gdesktopappinfo.c.o):(.text+0x6f70): first defined here
/usr/bin/ld: /home/uilian/.conan2/p/b/librs336a2333e6ca6/p/lib/librsvg-2.a(gdesktopappinfo.c.o): in function `g_desktop_app_info_get_string_list':
gdesktopappinfo.c:(.text+0x81c0): multiple definition of `g_desktop_app_info_get_string_list'; /home/uilian/.conan2/p/b/librs336a2333e6ca6/p/lib/librsvg-2.a(gdesktopappinfo.c.o):(.text+0x6ff0): first defined here
/usr/bin/ld: /home/uilian/.conan2/p/b/librs336a2333e6ca6/p/lib/librsvg-2.a(gdesktopappinfo.c.o): in function `g_desktop_app_info_has_key':
gdesktopappinfo.c:(.text+0x8240): multiple definition of `g_desktop_app_info_has_key'; /home/uilian/.conan2/p/b/librs336a2333e6ca6/p/lib/librsvg-2.a(gdesktopappinfo.c.o):(.text+0x7080): first defined here
/usr/bin/ld: /home/uilian/.conan2/p/b/librs336a2333e6ca6/p/lib/librsvg-2.a(gdesktopappinfo.c.o): in function `g_desktop_app_info_list_actions':
gdesktopappinfo.c:(.text+0x82c0): multiple definition of `g_desktop_app_info_list_actions'; /home/uilian/.conan2/p/b/librs336a2333e6ca6/p/lib/librsvg-2.a(gdesktopappinfo.c.o):(.text+0x7100): first defined here
/usr/bin/ld: /home/uilian/.conan2/p/b/librs336a2333e6ca6/p/lib/librsvg-2.a(gdesktopappinfo.c.o): in function `g_desktop_app_info_get_action_name':
gdesktopappinfo.c:(.text+0x8320): multiple definition of `g_desktop_app_info_get_action_name'; /home/uilian/.conan2/p/b/librs336a2333e6ca6/p/lib/librsvg-2.a(gdesktopappinfo.c.o):(.text+0x7160): first defined here
/usr/bin/ld: /home/uilian/.conan2/p/b/librs336a2333e6ca6/p/lib/librsvg-2.a(gdesktopappinfo.c.o): in function `g_desktop_app_info_launch_action':
gdesktopappinfo.c:(.text+0x8460): multiple definition of `g_desktop_app_info_launch_action'; /home/uilian/.conan2/p/b/librs336a2333e6ca6/p/lib/librsvg-2.a(gdesktopappinfo.c.o):(.text+0x72e0): first defined here
/usr/bin/ld: /home/uilian/.conan2/p/b/librs336a2333e6ca6/p/lib/librsvg-2.a(garray.c.o): in function `g_array_steal':
garray.c:(.text+0x4d0): multiple definition of `g_array_steal'; /home/uilian/.conan2/p/b/librs336a2333e6ca6/p/lib/librsvg-2.a(garray.c.o):(.text+0x520): first defined here
/usr/bin/ld: /home/uilian/.conan2/p/b/librs336a2333e6ca6/p/lib/librsvg-2.a(garray.c.o): in function `g_array_sized_new':
garray.c:(.text+0x520): multiple definition of `g_array_sized_new'; /home/uilian/.conan2/p/b/librs336a2333e6ca6/p/lib/librsvg-2.a(garray.c.o):(.text+0x580): first defined here
/usr/bin/ld: /home/uilian/.conan2/p/b/librs336a2333e6ca6/p/lib/librsvg-2.a(garray.c.o): in function `g_array_new':
garray.c:(.text+0x630): multiple definition of `g_array_new'; /home/uilian/.conan2/p/b/librs336a2333e6ca6/p/lib/librsvg-2.a(garray.c.o):(.text+0x670): first defined here
/usr/bin/ld: /home/uilian/.conan2/p/b/librs336a2333e6ca6/p/lib/librsvg-2.a(garray.c.o): in function `g_array_set_clear_func':
garray.c:(.text+0x810): multiple definition of `g_array_set_clear_func'; /home/uilian/.conan2/p/b/librs336a2333e6ca6/p/lib/librsvg-2.a(garray.c.o):(.text+0x6b0): first defined here
/usr/bin/ld: /home/uilian/.conan2/p/b/librs336a2333e6ca6/p/lib/librsvg-2.a(garray.c.o): in function `g_array_ref':
garray.c:(.text+0x840): multiple definition of `g_array_ref'; /home/uilian/.conan2/p/b/librs336a2333e6ca6/p/lib/librsvg-2.a(garray.c.o):(.text+0x6e0): first defined here
/usr/bin/ld: /home/uilian/.conan2/p/b/librs336a2333e6ca6/p/lib/librsvg-2.a(garray.c.o): in function `g_array_unref':
garray.c:(.text+0x880): multiple definition of `g_array_unref'; /home/uilian/.conan2/p/b/librs336a2333e6ca6/p/lib/librsvg-2.a(garray.c.o):(.text+0x720): first defined here
/usr/bin/ld: /home/uilian/.conan2/p/b/librs336a2333e6ca6/p/lib/librsvg-2.a(garray.c.o): in function `g_array_get_element_size':
garray.c:(.text+0x920): multiple definition of `g_array_get_element_size'; /home/uilian/.conan2/p/b/librs336a2333e6ca6/p/lib/librsvg-2.a(garray.c.o):(.text+0x770): first defined here
/usr/bin/ld: /home/uilian/.conan2/p/b/librs336a2333e6ca6/p/lib/librsvg-2.a(garray.c.o): in function `g_array_free':
garray.c:(.text+0x960): multiple definition of `g_array_free'; /home/uilian/.conan2/p/b/librs336a2333e6ca6/p/lib/librsvg-2.a(garray.c.o):(.text+0x7b0): first defined here
/usr/bin/ld: /home/uilian/.conan2/p/b/librs336a2333e6ca6/p/lib/librsvg-2.a(garray.c.o): in function `g_array_append_vals':
garray.c:(.text+0xa70): multiple definition of `g_array_append_vals'; /home/uilian/.conan2/p/b/librs336a2333e6ca6/p/lib/librsvg-2.a(garray.c.o):(.text+0x830): first defined here
/usr/bin/ld: /home/uilian/.conan2/p/b/librs336a2333e6ca6/p/lib/librsvg-2.a(garray.c.o): in function `g_array_prepend_vals':
garray.c:(.text+0xc80): multiple definition of `g_array_prepend_vals'; /home/uilian/.conan2/p/b/librs336a2333e6ca6/p/lib/librsvg-2.a(garray.c.o):(.text+0x8e0): first defined here
/usr/bin/ld: /home/uilian/.conan2/p/b/librs336a2333e6ca6/p/lib/librsvg-2.a(garray.c.o): in function `g_array_remove_index':
garray.c:(.text+0xd40): multiple definition of `g_array_remove_index'; /home/uilian/.conan2/p/b/librs336a2333e6ca6/p/lib/librsvg-2.a(garray.c.o):(.text+0x9c0): first defined here
/usr/bin/ld: /home/uilian/.conan2/p/b/librs336a2333e6ca6/p/lib/librsvg-2.a(garray.c.o): in function `g_array_remove_index_fast':
garray.c:(.text+0xe50): multiple definition of `g_array_remove_index_fast'; /home/uilian/.conan2/p/b/librs336a2333e6ca6/p/lib/librsvg-2.a(garray.c.o):(.text+0xae0): first defined here
/usr/bin/ld: /home/uilian/.conan2/p/b/librs336a2333e6ca6/p/lib/librsvg-2.a(garray.c.o): in function `g_array_remove_range':
garray.c:(.text+0xf60): multiple definition of `g_array_remove_range'; /home/uilian/.conan2/p/b/librs336a2333e6ca6/p/lib/librsvg-2.a(garray.c.o):(.text+0xc00): first defined here
/usr/bin/ld: /home/uilian/.conan2/p/b/librs336a2333e6ca6/p/lib/librsvg-2.a(garray.c.o): in function `g_array_set_size':
garray.c:(.text+0x10f0): multiple definition of `g_array_set_size'; /home/uilian/.conan2/p/b/librs336a2333e6ca6/p/lib/librsvg-2.a(garray.c.o):(.text+0xda0): first defined here
/usr/bin/ld: /home/uilian/.conan2/p/b/librs336a2333e6ca6/p/lib/librsvg-2.a(garray.c.o): in function `g_array_insert_vals':
garray.c:(.text+0x11b0): multiple definition of `g_array_insert_vals'; /home/uilian/.conan2/p/b/librs336a2333e6ca6/p/lib/librsvg-2.a(garray.c.o):(.text+0xe90): first defined here
/usr/bin/ld: /home/uilian/.conan2/p/b/librs336a2333e6ca6/p/lib/librsvg-2.a(garray.c.o): in function `g_array_sort':
garray.c:(.text+0x12c0): multiple definition of `g_array_sort'; /home/uilian/.conan2/p/b/librs336a2333e6ca6/p/lib/librsvg-2.a(garray.c.o):(.text+0xfc0): first defined here
/usr/bin/ld: /home/uilian/.conan2/p/b/librs336a2333e6ca6/p/lib/librsvg-2.a(garray.c.o): in function `g_array_sort_with_data':
garray.c:(.text+0x1310): multiple definition of `g_array_sort_with_data'; /home/uilian/.conan2/p/b/librs336a2333e6ca6/p/lib/librsvg-2.a(garray.c.o):(.text+0x1010): first defined here
/usr/bin/ld: /home/uilian/.conan2/p/b/librs336a2333e6ca6/p/lib/librsvg-2.a(garray.c.o): in function `g_array_binary_search':
garray.c:(.text+0x1360): multiple definition of `g_array_binary_search'; /home/uilian/.conan2/p/b/librs336a2333e6ca6/p/lib/librsvg-2.a(garray.c.o):(.text+0x1060): first defined here
/usr/bin/ld: /home/uilian/.conan2/p/b/librs336a2333e6ca6/p/lib/librsvg-2.a(garray.c.o): in function `g_ptr_array_new':
garray.c:(.text+0x1450): multiple definition of `g_ptr_array_new'; /home/uilian/.conan2/p/b/librs336a2333e6ca6/p/lib/librsvg-2.a(garray.c.o):(.text+0x1180): first defined here
/usr/bin/ld: /home/uilian/.conan2/p/b/librs336a2333e6ca6/p/lib/librsvg-2.a(garray.c.o): in function `g_ptr_array_steal':
garray.c:(.text+0x16d0): multiple definition of `g_ptr_array_steal'; /home/uilian/.conan2/p/b/librs336a2333e6ca6/p/lib/librsvg-2.a(garray.c.o):(.text+0x11c0): first defined here
/usr/bin/ld: /home/uilian/.conan2/p/b/librs336a2333e6ca6/p/lib/librsvg-2.a(garray.c.o): in function `g_ptr_array_copy':
garray.c:(.text+0x1720): multiple definition of `g_ptr_array_copy'; /home/uilian/.conan2/p/b/librs336a2333e6ca6/p/lib/librsvg-2.a(garray.c.o):(.text+0x1220): first defined here
/usr/bin/ld: /home/uilian/.conan2/p/b/librs336a2333e6ca6/p/lib/librsvg-2.a(garray.c.o): in function `g_ptr_array_sized_new':
garray.c:(.text+0x1850): multiple definition of `g_ptr_array_sized_new'; /home/uilian/.conan2/p/b/librs336a2333e6ca6/p/lib/librsvg-2.a(garray.c.o):(.text+0x1330): first defined here
/usr/bin/ld: /home/uilian/.conan2/p/b/librs336a2333e6ca6/p/lib/librsvg-2.a(garray.c.o): in function `g_array_copy':
garray.c:(.text+0x18c0): multiple definition of `g_array_copy'; /home/uilian/.conan2/p/b/librs336a2333e6ca6/p/lib/librsvg-2.a(garray.c.o):(.text+0x13a0): first defined here
/usr/bin/ld: /home/uilian/.conan2/p/b/librs336a2333e6ca6/p/lib/librsvg-2.a(garray.c.o): in function `g_ptr_array_new_with_free_func':
garray.c:(.text+0x1960): multiple definition of `g_ptr_array_new_with_free_func'; /home/uilian/.conan2/p/b/librs336a2333e6ca6/p/lib/librsvg-2.a(garray.c.o):(.text+0x1460): first defined here
/usr/bin/ld: /home/uilian/.conan2/p/b/librs336a2333e6ca6/p/lib/librsvg-2.a(garray.c.o): in function `g_ptr_array_new_full':
garray.c:(.text+0x19a0): multiple definition of `g_ptr_array_new_full'; /home/uilian/.conan2/p/b/librs336a2333e6ca6/p/lib/librsvg-2.a(garray.c.o):(.text+0x14b0): first defined here
/usr/bin/ld: /home/uilian/.conan2/p/b/librs336a2333e6ca6/p/lib/librsvg-2.a(garray.c.o): in function `g_ptr_array_set_free_func':
garray.c:(.text+0x1aa0): multiple definition of `g_ptr_array_set_free_func'; /home/uilian/.conan2/p/b/librs336a2333e6ca6/p/lib/librsvg-2.a(garray.c.o):(.text+0x1510): first defined here
/usr/bin/ld: /home/uilian/.conan2/p/b/librs336a2333e6ca6/p/lib/librsvg-2.a(garray.c.o): in function `g_ptr_array_ref':
garray.c:(.text+0x1b10): multiple definition of `g_ptr_array_ref'; /home/uilian/.conan2/p/b/librs336a2333e6ca6/p/lib/librsvg-2.a(garray.c.o):(.text+0x1540): first defined here
/usr/bin/ld: /home/uilian/.conan2/p/b/librs336a2333e6ca6/p/lib/librsvg-2.a(garray.c.o): in function `g_ptr_array_unref':
garray.c:(.text+0x1b50): multiple definition of `g_ptr_array_unref'; /home/uilian/.conan2/p/b/librs336a2333e6ca6/p/lib/librsvg-2.a(garray.c.o):(.text+0x1580): first defined here
/usr/bin/ld: /home/uilian/.conan2/p/b/librs336a2333e6ca6/p/lib/librsvg-2.a(garray.c.o): in function `g_ptr_array_free':
garray.c:(.text+0x1be0): multiple definition of `g_ptr_array_free'; /home/uilian/.conan2/p/b/librs336a2333e6ca6/p/lib/librsvg-2.a(garray.c.o):(.text+0x15d0): first defined here
/usr/bin/ld: /home/uilian/.conan2/p/b/librs336a2333e6ca6/p/lib/librsvg-2.a(garray.c.o): in function `g_ptr_array_remove_index':
garray.c:(.text+0x1d20): multiple definition of `g_ptr_array_remove_index'; /home/uilian/.conan2/p/b/librs336a2333e6ca6/p/lib/librsvg-2.a(garray.c.o):(.text+0x1650): first defined here
/usr/bin/ld: /home/uilian/.conan2/p/b/librs336a2333e6ca6/p/lib/librsvg-2.a(garray.c.o): in function `g_ptr_array_remove_index_fast':
garray.c:(.text+0x1e30): multiple definition of `g_ptr_array_remove_index_fast'; /home/uilian/.conan2/p/b/librs336a2333e6ca6/p/lib/librsvg-2.a(garray.c.o):(.text+0x1660): first defined here
/usr/bin/ld: /home/uilian/.conan2/p/b/librs336a2333e6ca6/p/lib/librsvg-2.a(garray.c.o): in function `g_ptr_array_steal_index':
garray.c:(.text+0x1f20): multiple definition of `g_ptr_array_steal_index'; /home/uilian/.conan2/p/b/librs336a2333e6ca6/p/lib/librsvg-2.a(garray.c.o):(.text+0x1680): first defined here
/usr/bin/ld: /home/uilian/.conan2/p/b/librs336a2333e6ca6/p/lib/librsvg-2.a(garray.c.o): in function `g_ptr_array_steal_index_fast':
garray.c:(.text+0x2010): multiple definition of `g_ptr_array_steal_index_fast'; /home/uilian/.conan2/p/b/librs336a2333e6ca6/p/lib/librsvg-2.a(garray.c.o):(.text+0x1690): first defined here
/usr/bin/ld: /home/uilian/.conan2/p/b/librs336a2333e6ca6/p/lib/librsvg-2.a(garray.c.o): in function `g_ptr_array_remove_range':
garray.c:(.text+0x20e0): multiple definition of `g_ptr_array_remove_range'; /home/uilian/.conan2/p/b/librs336a2333e6ca6/p/lib/librsvg-2.a(garray.c.o):(.text+0x16a0): first defined here
/usr/bin/ld: /home/uilian/.conan2/p/b/librs336a2333e6ca6/p/lib/librsvg-2.a(garray.c.o): in function `g_ptr_array_set_size':
garray.c:(.text+0x22d0): multiple definition of `g_ptr_array_set_size'; /home/uilian/.conan2/p/b/librs336a2333e6ca6/p/lib/librsvg-2.a(garray.c.o):(.text+0x1860): first defined here
/usr/bin/ld: /home/uilian/.conan2/p/b/librs336a2333e6ca6/p/lib/librsvg-2.a(garray.c.o): in function `g_ptr_array_remove':
garray.c:(.text+0x23e0): multiple definition of `g_ptr_array_remove'; /home/uilian/.conan2/p/b/librs336a2333e6ca6/p/lib/librsvg-2.a(garray.c.o):(.text+0x1960): first defined here
/usr/bin/ld: /home/uilian/.conan2/p/b/librs336a2333e6ca6/p/lib/librsvg-2.a(garray.c.o): in function `g_ptr_array_remove_fast':
garray.c:(.text+0x2460): multiple definition of `g_ptr_array_remove_fast'; /home/uilian/.conan2/p/b/librs336a2333e6ca6/p/lib/librsvg-2.a(garray.c.o):(.text+0x1a00): first defined here
/usr/bin/ld: /home/uilian/.conan2/p/b/librs336a2333e6ca6/p/lib/librsvg-2.a(garray.c.o): in function `g_ptr_array_add':
garray.c:(.text+0x24e0): multiple definition of `g_ptr_array_add'; /home/uilian/.conan2/p/b/librs336a2333e6ca6/p/lib/librsvg-2.a(garray.c.o):(.text+0x1aa0): first defined here
/usr/bin/ld: /home/uilian/.conan2/p/b/librs336a2333e6ca6/p/lib/librsvg-2.a(garray.c.o): in function `g_ptr_array_extend':
garray.c:(.text+0x2690): multiple definition of `g_ptr_array_extend'; /home/uilian/.conan2/p/b/librs336a2333e6ca6/p/lib/librsvg-2.a(garray.c.o):(.text+0x1b30): first defined here
/usr/bin/ld: /home/uilian/.conan2/p/b/librs336a2333e6ca6/p/lib/librsvg-2.a(garray.c.o): in function `g_ptr_array_extend_and_steal':
garray.c:(.text+0x27c0): multiple definition of `g_ptr_array_extend_and_steal'; /home/uilian/.conan2/p/b/librs336a2333e6ca6/p/lib/librsvg-2.a(garray.c.o):(.text+0x1c40): first defined here
/usr/bin/ld: /home/uilian/.conan2/p/b/librs336a2333e6ca6/p/lib/librsvg-2.a(garray.c.o): in function `g_ptr_array_insert':
garray.c:(.text+0x2850): multiple definition of `g_ptr_array_insert'; /home/uilian/.conan2/p/b/librs336a2333e6ca6/p/lib/librsvg-2.a(garray.c.o):(.text+0x1c90): first defined here
/usr/bin/ld: /home/uilian/.conan2/p/b/librs336a2333e6ca6/p/lib/librsvg-2.a(garray.c.o): in function `g_ptr_array_sort':
garray.c:(.text+0x2a50): multiple definition of `g_ptr_array_sort'; /home/uilian/.conan2/p/b/librs336a2333e6ca6/p/lib/librsvg-2.a(garray.c.o):(.text+0x1d80): first defined here
/usr/bin/ld: /home/uilian/.conan2/p/b/librs336a2333e6ca6/p/lib/librsvg-2.a(garray.c.o): in function `g_ptr_array_sort_with_data':
garray.c:(.text+0x2aa0): multiple definition of `g_ptr_array_sort_with_data'; /home/uilian/.conan2/p/b/librs336a2333e6ca6/p/lib/librsvg-2.a(garray.c.o):(.text+0x1dd0): first defined here
/usr/bin/ld: /home/uilian/.conan2/p/b/librs336a2333e6ca6/p/lib/librsvg-2.a(garray.c.o): in function `g_ptr_array_foreach':
garray.c:(.text+0x2b30): multiple definition of `g_ptr_array_foreach'; /home/uilian/.conan2/p/b/librs336a2333e6ca6/p/lib/librsvg-2.a(garray.c.o):(.text+0x1e20): first defined here
/usr/bin/ld: /home/uilian/.conan2/p/b/librs336a2333e6ca6/p/lib/librsvg-2.a(garray.c.o): in function `g_ptr_array_find_with_equal_func':
garray.c:(.text+0x2ba0): multiple definition of `g_ptr_array_find_with_equal_func'; /home/uilian/.conan2/p/b/librs336a2333e6ca6/p/lib/librsvg-2.a(garray.c.o):(.text+0x1e90): first defined here
/usr/bin/ld: /home/uilian/.conan2/p/b/librs336a2333e6ca6/p/lib/librsvg-2.a(garray.c.o): in function `g_ptr_array_find':
garray.c:(.text+0x2c40): multiple definition of `g_ptr_array_find'; /home/uilian/.conan2/p/b/librs336a2333e6ca6/p/lib/librsvg-2.a(garray.c.o):(.text+0x1f40): first defined here
/usr/bin/ld: /home/uilian/.conan2/p/b/librs336a2333e6ca6/p/lib/librsvg-2.a(garray.c.o): in function `g_byte_array_new':
garray.c:(.text+0x2c50): multiple definition of `g_byte_array_new'; /home/uilian/.conan2/p/b/librs336a2333e6ca6/p/lib/librsvg-2.a(garray.c.o):(.text+0x1f50): first defined here
/usr/bin/ld: /home/uilian/.conan2/p/b/librs336a2333e6ca6/p/lib/librsvg-2.a(garray.c.o): in function `g_byte_array_steal':
garray.c:(.text+0x2c60): multiple definition of `g_byte_array_steal'; /home/uilian/.conan2/p/b/librs336a2333e6ca6/p/lib/librsvg-2.a(garray.c.o):(.text+0x1f70): first defined here
/usr/bin/ld: /home/uilian/.conan2/p/b/librs336a2333e6ca6/p/lib/librsvg-2.a(garray.c.o): in function `g_byte_array_new_take':
garray.c:(.text+0x2c70): multiple definition of `g_byte_array_new_take'; /home/uilian/.conan2/p/b/librs336a2333e6ca6/p/lib/librsvg-2.a(garray.c.o):(.text+0x1f80): first defined here
/usr/bin/ld: /home/uilian/.conan2/p/b/librs336a2333e6ca6/p/lib/librsvg-2.a(garray.c.o): in function `g_byte_array_sized_new':
garray.c:(.text+0x2d20): multiple definition of `g_byte_array_sized_new'; /home/uilian/.conan2/p/b/librs336a2333e6ca6/p/lib/librsvg-2.a(garray.c.o):(.text+0x2050): first defined here
/usr/bin/ld: /home/uilian/.conan2/p/b/librs336a2333e6ca6/p/lib/librsvg-2.a(garray.c.o): in function `g_byte_array_free':
garray.c:(.text+0x2d30): multiple definition of `g_byte_array_free'; /home/uilian/.conan2/p/b/librs336a2333e6ca6/p/lib/librsvg-2.a(garray.c.o):(.text+0x2070): first defined here
/usr/bin/ld: /home/uilian/.conan2/p/b/librs336a2333e6ca6/p/lib/librsvg-2.a(garray.c.o): in function `g_byte_array_free_to_bytes':
garray.c:(.text+0x2d40): multiple definition of `g_byte_array_free_to_bytes'; /home/uilian/.conan2/p/b/librs336a2333e6ca6/p/lib/librsvg-2.a(garray.c.o):(.text+0x2080): first defined here
/usr/bin/ld: /home/uilian/.conan2/p/b/librs336a2333e6ca6/p/lib/librsvg-2.a(garray.c.o): in function `g_byte_array_ref':
garray.c:(.text+0x2d80): multiple definition of `g_byte_array_ref'; /home/uilian/.conan2/p/b/librs336a2333e6ca6/p/lib/librsvg-2.a(garray.c.o):(.text+0x20c0): first defined here
/usr/bin/ld: /home/uilian/.conan2/p/b/librs336a2333e6ca6/p/lib/librsvg-2.a(garray.c.o): in function `g_byte_array_unref':
garray.c:(.text+0x2d90): multiple definition of `g_byte_array_unref'; /home/uilian/.conan2/p/b/librs336a2333e6ca6/p/lib/librsvg-2.a(garray.c.o):(.text+0x20d0): first defined here
/usr/bin/ld: /home/uilian/.conan2/p/b/librs336a2333e6ca6/p/lib/librsvg-2.a(garray.c.o): in function `g_byte_array_append':
garray.c:(.text+0x2da0): multiple definition of `g_byte_array_append'; /home/uilian/.conan2/p/b/librs336a2333e6ca6/p/lib/librsvg-2.a(garray.c.o):(.text+0x20e0): first defined here
/usr/bin/ld: /home/uilian/.conan2/p/b/librs336a2333e6ca6/p/lib/librsvg-2.a(garray.c.o): in function `g_byte_array_prepend':
garray.c:(.text+0x2db0): multiple definition of `g_byte_array_prepend'; /home/uilian/.conan2/p/b/librs336a2333e6ca6/p/lib/librsvg-2.a(garray.c.o):(.text+0x2100): first defined here
/usr/bin/ld: /home/uilian/.conan2/p/b/librs336a2333e6ca6/p/lib/librsvg-2.a(garray.c.o): in function `g_byte_array_set_size':
garray.c:(.text+0x2dc0): multiple definition of `g_byte_array_set_size'; /home/uilian/.conan2/p/b/librs336a2333e6ca6/p/lib/librsvg-2.a(garray.c.o):(.text+0x2120): first defined here
/usr/bin/ld: /home/uilian/.conan2/p/b/librs336a2333e6ca6/p/lib/librsvg-2.a(garray.c.o): in function `g_byte_array_remove_index':
garray.c:(.text+0x2dd0): multiple definition of `g_byte_array_remove_index'; /home/uilian/.conan2/p/b/librs336a2333e6ca6/p/lib/librsvg-2.a(garray.c.o):(.text+0x2140): first defined here
/usr/bin/ld: /home/uilian/.conan2/p/b/librs336a2333e6ca6/p/lib/librsvg-2.a(garray.c.o): in function `g_byte_array_remove_index_fast':
garray.c:(.text+0x2de0): multiple definition of `g_byte_array_remove_index_fast'; /home/uilian/.conan2/p/b/librs336a2333e6ca6/p/lib/librsvg-2.a(garray.c.o):(.text+0x2160): first defined here
/usr/bin/ld: /home/uilian/.conan2/p/b/librs336a2333e6ca6/p/lib/librsvg-2.a(garray.c.o): in function `g_byte_array_remove_range':
garray.c:(.text+0x2df0): multiple definition of `g_byte_array_remove_range'; /home/uilian/.conan2/p/b/librs336a2333e6ca6/p/lib/librsvg-2.a(garray.c.o):(.text+0x2180): first defined here
/usr/bin/ld: /home/uilian/.conan2/p/b/librs336a2333e6ca6/p/lib/librsvg-2.a(garray.c.o): in function `g_byte_array_sort':
garray.c:(.text+0x2ea0): multiple definition of `g_byte_array_sort'; /home/uilian/.conan2/p/b/librs336a2333e6ca6/p/lib/librsvg-2.a(garray.c.o):(.text+0x2220): first defined here
/usr/bin/ld: /home/uilian/.conan2/p/b/librs336a2333e6ca6/p/lib/librsvg-2.a(garray.c.o): in function `g_byte_array_sort_with_data':
garray.c:(.text+0x2eb0): multiple definition of `g_byte_array_sort_with_data'; /home/uilian/.conan2/p/b/librs336a2333e6ca6/p/lib/librsvg-2.a(garray.c.o):(.text+0x2230): first defined here
/usr/bin/ld: /home/uilian/.conan2/p/b/librs336a2333e6ca6/p/lib/librsvg-2.a(ghash.c.o): in function `g_direct_hash':
ghash.c:(.text+0x0): multiple definition of `g_direct_hash'; /home/uilian/.conan2/p/b/librs336a2333e6ca6/p/lib/librsvg-2.a(ghash.c.o):(.text+0xe0): first defined here
/usr/bin/ld: /home/uilian/.conan2/p/b/librs336a2333e6ca6/p/lib/librsvg-2.a(ghash.c.o): in function `g_hash_table_new_full':
ghash.c:(.text+0x10e0): multiple definition of `g_hash_table_new_full'; /home/uilian/.conan2/p/b/librs336a2333e6ca6/p/lib/librsvg-2.a(ghash.c.o):(.text+0xfe0): first defined here
/usr/bin/ld: /home/uilian/.conan2/p/b/librs336a2333e6ca6/p/lib/librsvg-2.a(ghash.c.o): in function `g_hash_table_new':
ghash.c:(.text+0x1220): multiple definition of `g_hash_table_new'; /home/uilian/.conan2/p/b/librs336a2333e6ca6/p/lib/librsvg-2.a(ghash.c.o):(.text+0x1060): first defined here
/usr/bin/ld: /home/uilian/.conan2/p/b/librs336a2333e6ca6/p/lib/librsvg-2.a(ghash.c.o): in function `g_hash_table_new_similar':
ghash.c:(.text+0x1230): multiple definition of `g_hash_table_new_similar'; /home/uilian/.conan2/p/b/librs336a2333e6ca6/p/lib/librsvg-2.a(ghash.c.o):(.text+0x1070): first defined here
/usr/bin/ld: /home/uilian/.conan2/p/b/librs336a2333e6ca6/p/lib/librsvg-2.a(ghash.c.o): in function `g_hash_table_iter_init':
ghash.c:(.text+0x1280): multiple definition of `g_hash_table_iter_init'; /home/uilian/.conan2/p/b/librs336a2333e6ca6/p/lib/librsvg-2.a(ghash.c.o):(.text+0x10c0): first defined here
/usr/bin/ld: /home/uilian/.conan2/p/b/librs336a2333e6ca6/p/lib/librsvg-2.a(ghash.c.o): in function `g_hash_table_iter_next':
ghash.c:(.text+0x12e0): multiple definition of `g_hash_table_iter_next'; /home/uilian/.conan2/p/b/librs336a2333e6ca6/p/lib/librsvg-2.a(ghash.c.o):(.text+0x1120): first defined here
/usr/bin/ld: /home/uilian/.conan2/p/b/librs336a2333e6ca6/p/lib/librsvg-2.a(ghash.c.o): in function `g_hash_table_iter_get_hash_table':
ghash.c:(.text+0x13f0): multiple definition of `g_hash_table_iter_get_hash_table'; /home/uilian/.conan2/p/b/librs336a2333e6ca6/p/lib/librsvg-2.a(ghash.c.o):(.text+0x1260): first defined here
/usr/bin/ld: /home/uilian/.conan2/p/b/librs336a2333e6ca6/p/lib/librsvg-2.a(ghash.c.o): in function `g_hash_table_iter_remove':
ghash.c:(.text+0x1430): multiple definition of `g_hash_table_iter_remove'; /home/uilian/.conan2/p/b/librs336a2333e6ca6/p/lib/librsvg-2.a(ghash.c.o):(.text+0x12a0): first defined here
/usr/bin/ld: /home/uilian/.conan2/p/b/librs336a2333e6ca6/p/lib/librsvg-2.a(ghash.c.o): in function `g_hash_table_iter_replace':
ghash.c:(.text+0x15d0): multiple definition of `g_hash_table_iter_replace'; /home/uilian/.conan2/p/b/librs336a2333e6ca6/p/lib/librsvg-2.a(ghash.c.o):(.text+0x12b0): first defined here
/usr/bin/ld: /home/uilian/.conan2/p/b/librs336a2333e6ca6/p/lib/librsvg-2.a(ghash.c.o): in function `g_hash_table_iter_steal':
ghash.c:(.text+0x16d0): multiple definition of `g_hash_table_iter_steal'; /home/uilian/.conan2/p/b/librs336a2333e6ca6/p/lib/librsvg-2.a(ghash.c.o):(.text+0x13b0): first defined here
/usr/bin/ld: /home/uilian/.conan2/p/b/librs336a2333e6ca6/p/lib/librsvg-2.a(ghash.c.o): in function `g_hash_table_ref':
ghash.c:(.text+0x1810): multiple definition of `g_hash_table_ref'; /home/uilian/.conan2/p/b/librs336a2333e6ca6/p/lib/librsvg-2.a(ghash.c.o):(.text+0x13c0): first defined here
/usr/bin/ld: /home/uilian/.conan2/p/b/librs336a2333e6ca6/p/lib/librsvg-2.a(ghash.c.o): in function `g_hash_table_unref':
ghash.c:(.text+0x1850): multiple definition of `g_hash_table_unref'; /home/uilian/.conan2/p/b/librs336a2333e6ca6/p/lib/librsvg-2.a(ghash.c.o):(.text+0x1400): first defined here
/usr/bin/ld: /home/uilian/.conan2/p/b/librs336a2333e6ca6/p/lib/librsvg-2.a(ghash.c.o): in function `g_hash_table_lookup':
ghash.c:(.text+0x18e0): multiple definition of `g_hash_table_lookup'; /home/uilian/.conan2/p/b/librs336a2333e6ca6/p/lib/librsvg-2.a(ghash.c.o):(.text+0x1490): first defined here
/usr/bin/ld: /home/uilian/.conan2/p/b/librs336a2333e6ca6/p/lib/librsvg-2.a(ghash.c.o): in function `g_hash_table_lookup_extended':
ghash.c:(.text+0x1a50): multiple definition of `g_hash_table_lookup_extended'; /home/uilian/.conan2/p/b/librs336a2333e6ca6/p/lib/librsvg-2.a(ghash.c.o):(.text+0x1610): first defined here
/usr/bin/ld: /home/uilian/.conan2/p/b/librs336a2333e6ca6/p/lib/librsvg-2.a(ghash.c.o): in function `g_hash_table_insert':
ghash.c:(.text+0x1c30): multiple definition of `g_hash_table_insert'; /home/uilian/.conan2/p/b/librs336a2333e6ca6/p/lib/librsvg-2.a(ghash.c.o):(.text+0x1810): first defined here
/usr/bin/ld: /home/uilian/.conan2/p/b/librs336a2333e6ca6/p/lib/librsvg-2.a(ghash.c.o): in function `g_hash_table_replace':
ghash.c:(.text+0x1d80): multiple definition of `g_hash_table_replace'; /home/uilian/.conan2/p/b/librs336a2333e6ca6/p/lib/librsvg-2.a(ghash.c.o):(.text+0x1980): first defined here
/usr/bin/ld: /home/uilian/.conan2/p/b/librs336a2333e6ca6/p/lib/librsvg-2.a(ghash.c.o): in function `g_hash_table_add':
ghash.c:(.text+0x1ed0): multiple definition of `g_hash_table_add'; /home/uilian/.conan2/p/b/librs336a2333e6ca6/p/lib/librsvg-2.a(ghash.c.o):(.text+0x1af0): first defined here
/usr/bin/ld: /home/uilian/.conan2/p/b/librs336a2333e6ca6/p/lib/librsvg-2.a(ghash.c.o): in function `g_hash_table_contains':
ghash.c:(.text+0x2020): multiple definition of `g_hash_table_contains'; /home/uilian/.conan2/p/b/librs336a2333e6ca6/p/lib/librsvg-2.a(ghash.c.o):(.text+0x1c50): first defined here
/usr/bin/ld: /home/uilian/.conan2/p/b/librs336a2333e6ca6/p/lib/librsvg-2.a(ghash.c.o): in function `g_hash_table_remove':
ghash.c:(.text+0x2180): multiple definition of `g_hash_table_remove'; /home/uilian/.conan2/p/b/librs336a2333e6ca6/p/lib/librsvg-2.a(ghash.c.o):(.text+0x1db0): first defined here
/usr/bin/ld: /home/uilian/.conan2/p/b/librs336a2333e6ca6/p/lib/librsvg-2.a(ghash.c.o): in function `g_hash_table_steal':
ghash.c:(.text+0x2310): multiple definition of `g_hash_table_steal'; /home/uilian/.conan2/p/b/librs336a2333e6ca6/p/lib/librsvg-2.a(ghash.c.o):(.text+0x1f80): first defined here
/usr/bin/ld: /home/uilian/.conan2/p/b/librs336a2333e6ca6/p/lib/librsvg-2.a(ghash.c.o): in function `g_hash_table_steal_extended':
ghash.c:(.text+0x24a0): multiple definition of `g_hash_table_steal_extended'; /home/uilian/.conan2/p/b/librs336a2333e6ca6/p/lib/librsvg-2.a(ghash.c.o):(.text+0x2140): first defined here
/usr/bin/ld: /home/uilian/.conan2/p/b/librs336a2333e6ca6/p/lib/librsvg-2.a(ghash.c.o): in function `g_hash_table_remove_all':
ghash.c:(.text+0x2780): multiple definition of `g_hash_table_remove_all'; /home/uilian/.conan2/p/b/librs336a2333e6ca6/p/lib/librsvg-2.a(ghash.c.o):(.text+0x23f0): first defined here
/usr/bin/ld: /home/uilian/.conan2/p/b/librs336a2333e6ca6/p/lib/librsvg-2.a(ghash.c.o): in function `g_hash_table_destroy':
ghash.c:(.text+0x2810): multiple definition of `g_hash_table_destroy'; /home/uilian/.conan2/p/b/librs336a2333e6ca6/p/lib/librsvg-2.a(ghash.c.o):(.text+0x2490): first defined here
/usr/bin/ld: /home/uilian/.conan2/p/b/librs336a2333e6ca6/p/lib/librsvg-2.a(ghash.c.o): in function `g_hash_table_steal_all':
ghash.c:(.text+0x2850): multiple definition of `g_hash_table_steal_all'; /home/uilian/.conan2/p/b/librs336a2333e6ca6/p/lib/librsvg-2.a(ghash.c.o):(.text+0x24d0): first defined here
/usr/bin/ld: /home/uilian/.conan2/p/b/librs336a2333e6ca6/p/lib/librsvg-2.a(ghash.c.o): in function `g_hash_table_foreach_remove':
ghash.c:(.text+0x2940): multiple definition of `g_hash_table_foreach_remove'; /home/uilian/.conan2/p/b/librs336a2333e6ca6/p/lib/librsvg-2.a(ghash.c.o):(.text+0x25c0): first defined here
/usr/bin/ld: /home/uilian/.conan2/p/b/librs336a2333e6ca6/p/lib/librsvg-2.a(ghash.c.o): in function `g_hash_table_foreach_steal':
ghash.c:(.text+0x29b0): multiple definition of `g_hash_table_foreach_steal'; /home/uilian/.conan2/p/b/librs336a2333e6ca6/p/lib/librsvg-2.a(ghash.c.o):(.text+0x2630): first defined here
/usr/bin/ld: /home/uilian/.conan2/p/b/librs336a2333e6ca6/p/lib/librsvg-2.a(ghash.c.o): in function `g_hash_table_foreach':
ghash.c:(.text+0x2a20): multiple definition of `g_hash_table_foreach'; /home/uilian/.conan2/p/b/librs336a2333e6ca6/p/lib/librsvg-2.a(ghash.c.o):(.text+0x26a0): first defined here
/usr/bin/ld: /home/uilian/.conan2/p/b/librs336a2333e6ca6/p/lib/librsvg-2.a(ghash.c.o): in function `g_hash_table_find':
ghash.c:(.text+0x2b20): multiple definition of `g_hash_table_find'; /home/uilian/.conan2/p/b/librs336a2333e6ca6/p/lib/librsvg-2.a(ghash.c.o):(.text+0x2790): first defined here
/usr/bin/ld: /home/uilian/.conan2/p/b/librs336a2333e6ca6/p/lib/librsvg-2.a(ghash.c.o): in function `g_hash_table_size':
ghash.c:(.text+0x2c30): multiple definition of `g_hash_table_size'; /home/uilian/.conan2/p/b/librs336a2333e6ca6/p/lib/librsvg-2.a(ghash.c.o):(.text+0x28c0): first defined here
/usr/bin/ld: /home/uilian/.conan2/p/b/librs336a2333e6ca6/p/lib/librsvg-2.a(ghash.c.o): in function `g_hash_table_get_keys':
ghash.c:(.text+0x2c70): multiple definition of `g_hash_table_get_keys'; /home/uilian/.conan2/p/b/librs336a2333e6ca6/p/lib/librsvg-2.a(ghash.c.o):(.text+0x2900): first defined here
/usr/bin/ld: /home/uilian/.conan2/p/b/librs336a2333e6ca6/p/lib/librsvg-2.a(ghash.c.o): in function `g_hash_table_get_keys_as_array':
ghash.c:(.text+0x2cf0): multiple definition of `g_hash_table_get_keys_as_array'; /home/uilian/.conan2/p/b/librs336a2333e6ca6/p/lib/librsvg-2.a(ghash.c.o):(.text+0x2980): first defined here
/usr/bin/ld: /home/uilian/.conan2/p/b/librs336a2333e6ca6/p/lib/librsvg-2.a(ghash.c.o): in function `g_hash_table_get_values':
ghash.c:(.text+0x2ed0): multiple definition of `g_hash_table_get_values'; /home/uilian/.conan2/p/b/librs336a2333e6ca6/p/lib/librsvg-2.a(ghash.c.o):(.text+0x2aa0): first defined here
/usr/bin/ld: /home/uilian/.conan2/p/b/librs336a2333e6ca6/p/lib/librsvg-2.a(ghash.c.o): in function `g_str_equal':
ghash.c:(.text+0x3070): multiple definition of `g_str_equal'; /home/uilian/.conan2/p/b/librs336a2333e6ca6/p/lib/librsvg-2.a(ghash.c.o):(.text+0x2b20): first defined here
/usr/bin/ld: /home/uilian/.conan2/p/b/librs336a2333e6ca6/p/lib/librsvg-2.a(ghash.c.o): in function `g_str_hash':
ghash.c:(.text+0x3090): multiple definition of `g_str_hash'; /home/uilian/.conan2/p/b/librs336a2333e6ca6/p/lib/librsvg-2.a(ghash.c.o):(.text+0x2b40): first defined here
/usr/bin/ld: /home/uilian/.conan2/p/b/librs336a2333e6ca6/p/lib/librsvg-2.a(ghash.c.o): in function `g_direct_equal':
ghash.c:(.text+0x30c0): multiple definition of `g_direct_equal'; /home/uilian/.conan2/p/b/librs336a2333e6ca6/p/lib/librsvg-2.a(ghash.c.o):(.text+0x2b70): first defined here
/usr/bin/ld: /home/uilian/.conan2/p/b/librs336a2333e6ca6/p/lib/librsvg-2.a(ghash.c.o): in function `g_int_equal':
ghash.c:(.text+0x30d0): multiple definition of `g_int_equal'; /home/uilian/.conan2/p/b/librs336a2333e6ca6/p/lib/librsvg-2.a(ghash.c.o):(.text+0x2b80): first defined here
/usr/bin/ld: /home/uilian/.conan2/p/b/librs336a2333e6ca6/p/lib/librsvg-2.a(ghash.c.o): in function `g_int_hash':
ghash.c:(.text+0x30e0): multiple definition of `g_int_hash'; /home/uilian/.conan2/p/b/librs336a2333e6ca6/p/lib/librsvg-2.a(ghash.c.o):(.text+0x2b90): first defined here
/usr/bin/ld: /home/uilian/.conan2/p/b/librs336a2333e6ca6/p/lib/librsvg-2.a(ghash.c.o): in function `g_int64_equal':
ghash.c:(.text+0x3110): multiple definition of `g_int64_equal'; /home/uilian/.conan2/p/b/librs336a2333e6ca6/p/lib/librsvg-2.a(ghash.c.o):(.text+0x2ba0): first defined here
/usr/bin/ld: /home/uilian/.conan2/p/b/librs336a2333e6ca6/p/lib/librsvg-2.a(ghash.c.o): in function `g_int64_hash':
ghash.c:(.text+0x3120): multiple definition of `g_int64_hash'; /home/uilian/.conan2/p/b/librs336a2333e6ca6/p/lib/librsvg-2.a(ghash.c.o):(.text+0x2bc0): first defined here
/usr/bin/ld: /home/uilian/.conan2/p/b/librs336a2333e6ca6/p/lib/librsvg-2.a(ghash.c.o): in function `g_double_equal':
ghash.c:(.text+0x3130): multiple definition of `g_double_equal'; /home/uilian/.conan2/p/b/librs336a2333e6ca6/p/lib/librsvg-2.a(ghash.c.o):(.text+0x2bd0): first defined here
/usr/bin/ld: /home/uilian/.conan2/p/b/librs336a2333e6ca6/p/lib/librsvg-2.a(ghash.c.o): in function `g_double_hash':
ghash.c:(.text+0x3150): multiple definition of `g_double_hash'; /home/uilian/.conan2/p/b/librs336a2333e6ca6/p/lib/librsvg-2.a(ghash.c.o):(.text+0x2bf0): first defined here
/usr/bin/ld: /home/uilian/.conan2/p/b/librs336a2333e6ca6/p/lib/librsvg-2.a(gmem.c.o): in function `g_malloc':
gmem.c:(.text+0x0): multiple definition of `g_malloc'; /home/uilian/.conan2/p/b/librs336a2333e6ca6/p/lib/librsvg-2.a(gmem.c.o):(.text+0x0): first defined here
/usr/bin/ld: /home/uilian/.conan2/p/b/librs336a2333e6ca6/p/lib/librsvg-2.a(gmem.c.o): in function `g_malloc0':
gmem.c:(.text+0x40): multiple definition of `g_malloc0'; /home/uilian/.conan2/p/b/librs336a2333e6ca6/p/lib/librsvg-2.a(gmem.c.o):(.text+0x50): first defined here
/usr/bin/ld: /home/uilian/.conan2/p/b/librs336a2333e6ca6/p/lib/librsvg-2.a(gmem.c.o): in function `g_realloc':
gmem.c:(.text+0x90): multiple definition of `g_realloc'; /home/uilian/.conan2/p/b/librs336a2333e6ca6/p/lib/librsvg-2.a(gmem.c.o):(.text+0xa0): first defined here
/usr/bin/ld: /home/uilian/.conan2/p/b/librs336a2333e6ca6/p/lib/librsvg-2.a(gmem.c.o): in function `g_free':
gmem.c:(.text+0xe0): multiple definition of `g_free'; /home/uilian/.conan2/p/b/librs336a2333e6ca6/p/lib/librsvg-2.a(gmem.c.o):(.text+0xf0): first defined here
/usr/bin/ld: /home/uilian/.conan2/p/b/librs336a2333e6ca6/p/lib/librsvg-2.a(gmem.c.o): in function `g_clear_pointer':
gmem.c:(.text+0x100): multiple definition of `g_clear_pointer'; /home/uilian/.conan2/p/b/librs336a2333e6ca6/p/lib/librsvg-2.a(gmem.c.o):(.text+0x100): first defined here
/usr/bin/ld: /home/uilian/.conan2/p/b/librs336a2333e6ca6/p/lib/librsvg-2.a(gmem.c.o): in function `g_try_malloc':
gmem.c:(.text+0x120): multiple definition of `g_try_malloc'; /home/uilian/.conan2/p/b/librs336a2333e6ca6/p/lib/librsvg-2.a(gmem.c.o):(.text+0x130): first defined here
/usr/bin/ld: /home/uilian/.conan2/p/b/librs336a2333e6ca6/p/lib/librsvg-2.a(gmem.c.o): in function `g_try_malloc0':
gmem.c:(.text+0x140): multiple definition of `g_try_malloc0'; /home/uilian/.conan2/p/b/librs336a2333e6ca6/p/lib/librsvg-2.a(gmem.c.o):(.text+0x150): first defined here
/usr/bin/ld: /home/uilian/.conan2/p/b/librs336a2333e6ca6/p/lib/librsvg-2.a(gmem.c.o): in function `g_try_realloc':
gmem.c:(.text+0x160): multiple definition of `g_try_realloc'; /home/uilian/.conan2/p/b/librs336a2333e6ca6/p/lib/librsvg-2.a(gmem.c.o):(.text+0x170): first defined here
/usr/bin/ld: /home/uilian/.conan2/p/b/librs336a2333e6ca6/p/lib/librsvg-2.a(gmem.c.o): in function `g_malloc_n':
gmem.c:(.text+0x180): multiple definition of `g_malloc_n'; /home/uilian/.conan2/p/b/librs336a2333e6ca6/p/lib/librsvg-2.a(gmem.c.o):(.text+0x1a0): first defined here
/usr/bin/ld: /home/uilian/.conan2/p/b/librs336a2333e6ca6/p/lib/librsvg-2.a(gmem.c.o): in function `g_malloc0_n':
gmem.c:(.text+0x1c0): multiple definition of `g_malloc0_n'; /home/uilian/.conan2/p/b/librs336a2333e6ca6/p/lib/librsvg-2.a(gmem.c.o):(.text+0x1f0): first defined here
/usr/bin/ld: /home/uilian/.conan2/p/b/librs336a2333e6ca6/p/lib/librsvg-2.a(gmem.c.o): in function `g_realloc_n':
gmem.c:(.text+0x200): multiple definition of `g_realloc_n'; /home/uilian/.conan2/p/b/librs336a2333e6ca6/p/lib/librsvg-2.a(gmem.c.o):(.text+0x240): first defined here
/usr/bin/ld: /home/uilian/.conan2/p/b/librs336a2333e6ca6/p/lib/librsvg-2.a(gmem.c.o): in function `g_try_malloc_n':
gmem.c:(.text+0x240): multiple definition of `g_try_malloc_n'; /home/uilian/.conan2/p/b/librs336a2333e6ca6/p/lib/librsvg-2.a(gmem.c.o):(.text+0x290): first defined here
/usr/bin/ld: /home/uilian/.conan2/p/b/librs336a2333e6ca6/p/lib/librsvg-2.a(gmem.c.o): in function `g_try_malloc0_n':
gmem.c:(.text+0x260): multiple definition of `g_try_malloc0_n'; /home/uilian/.conan2/p/b/librs336a2333e6ca6/p/lib/librsvg-2.a(gmem.c.o):(.text+0x2b0): first defined here
/usr/bin/ld: /home/uilian/.conan2/p/b/librs336a2333e6ca6/p/lib/librsvg-2.a(gmem.c.o): in function `g_try_realloc_n':
gmem.c:(.text+0x280): multiple definition of `g_try_realloc_n'; /home/uilian/.conan2/p/b/librs336a2333e6ca6/p/lib/librsvg-2.a(gmem.c.o):(.text+0x2d0): first defined here
/usr/bin/ld: /home/uilian/.conan2/p/b/librs336a2333e6ca6/p/lib/librsvg-2.a(gmem.c.o): in function `g_mem_is_system_malloc':
gmem.c:(.text+0x2a0): multiple definition of `g_mem_is_system_malloc'; /home/uilian/.conan2/p/b/librs336a2333e6ca6/p/lib/librsvg-2.a(gmem.c.o):(.text+0x2f0): first defined here
/usr/bin/ld: /home/uilian/.conan2/p/b/librs336a2333e6ca6/p/lib/librsvg-2.a(gmem.c.o): in function `g_mem_set_vtable':
gmem.c:(.text+0x2b0): multiple definition of `g_mem_set_vtable'; /home/uilian/.conan2/p/b/librs336a2333e6ca6/p/lib/librsvg-2.a(gmem.c.o):(.text+0x300): first defined here
/usr/bin/ld: /home/uilian/.conan2/p/b/librs336a2333e6ca6/p/lib/librsvg-2.a(gmem.c.o): in function `g_mem_profile':
gmem.c:(.text+0x2d0): multiple definition of `g_mem_profile'; /home/uilian/.conan2/p/b/librs336a2333e6ca6/p/lib/librsvg-2.a(gmem.c.o):(.text+0x320): first defined here
/usr/bin/ld: /home/uilian/.conan2/p/b/librs336a2333e6ca6/p/lib/librsvg-2.a(gmem.c.o): in function `g_aligned_alloc':
gmem.c:(.text+0x2f0): multiple definition of `g_aligned_alloc'; /home/uilian/.conan2/p/b/librs336a2333e6ca6/p/lib/librsvg-2.a(gmem.c.o):(.text+0x340): first defined here
/usr/bin/ld: /home/uilian/.conan2/p/b/librs336a2333e6ca6/p/lib/librsvg-2.a(gmem.c.o): in function `g_aligned_alloc0':
gmem.c:(.text+0x430): multiple definition of `g_aligned_alloc0'; /home/uilian/.conan2/p/b/librs336a2333e6ca6/p/lib/librsvg-2.a(gmem.c.o):(.text+0x490): first defined here
/usr/bin/ld: /home/uilian/.conan2/p/b/librs336a2333e6ca6/p/lib/librsvg-2.a(gmem.c.o): in function `g_aligned_free':
gmem.c:(.text+0x470): multiple definition of `g_aligned_free'; /home/uilian/.conan2/p/b/librs336a2333e6ca6/p/lib/librsvg-2.a(gmem.c.o):(.text+0x4d0): first defined here
/usr/bin/ld: /home/uilian/.conan2/p/b/librs336a2333e6ca6/p/lib/librsvg-2.a(gmem.c.o):(.data.rel.local+0x0): multiple definition of `glib_mem_profiler_table'; /home/uilian/.conan2/p/b/librs336a2333e6ca6/p/lib/librsvg-2.a(gmem.c.o):(.data.rel.local+0x0): first defined here
/usr/bin/ld: /home/uilian/.conan2/p/b/librs336a2333e6ca6/p/lib/librsvg-2.a(gqsort.c.o): in function `g_qsort_with_data':
gqsort.c:(.text+0x21d0): multiple definition of `g_qsort_with_data'; /home/uilian/.conan2/p/b/librs336a2333e6ca6/p/lib/librsvg-2.a(gqsort.c.o):(.text+0x5d0): first defined here
/usr/bin/ld: /home/uilian/.conan2/p/b/librs336a2333e6ca6/p/lib/librsvg-2.a(gstring.c.o): in function `g_string_sized_new':
gstring.c:(.text+0xc0): multiple definition of `g_string_sized_new'; /home/uilian/.conan2/p/b/librs336a2333e6ca6/p/lib/librsvg-2.a(gstring.c.o):(.text+0xe0): first defined here
/usr/bin/ld: /home/uilian/.conan2/p/b/librs336a2333e6ca6/p/lib/librsvg-2.a(gstring.c.o): in function `g_string_free':
gstring.c:(.text+0x240): multiple definition of `g_string_free'; /home/uilian/.conan2/p/b/librs336a2333e6ca6/p/lib/librsvg-2.a(gstring.c.o):(.text+0x140): first defined here
/usr/bin/ld: /home/uilian/.conan2/p/b/librs336a2333e6ca6/p/lib/librsvg-2.a(gstring.c.o): in function `g_string_free_to_bytes':
gstring.c:(.text+0x2b0): multiple definition of `g_string_free_to_bytes'; /home/uilian/.conan2/p/b/librs336a2333e6ca6/p/lib/librsvg-2.a(gstring.c.o):(.text+0x1b0): first defined here
/usr/bin/ld: /home/uilian/.conan2/p/b/librs336a2333e6ca6/p/lib/librsvg-2.a(gstring.c.o): in function `g_string_equal':
gstring.c:(.text+0x2f0): multiple definition of `g_string_equal'; /home/uilian/.conan2/p/b/librs336a2333e6ca6/p/lib/librsvg-2.a(gstring.c.o):(.text+0x200): first defined here
/usr/bin/ld: /home/uilian/.conan2/p/b/librs336a2333e6ca6/p/lib/librsvg-2.a(gstring.c.o): in function `g_string_hash':
gstring.c:(.text+0x340): multiple definition of `g_string_hash'; /home/uilian/.conan2/p/b/librs336a2333e6ca6/p/lib/librsvg-2.a(gstring.c.o):(.text+0x250): first defined here
/usr/bin/ld: /home/uilian/.conan2/p/b/librs336a2333e6ca6/p/lib/librsvg-2.a(gstring.c.o): in function `g_string_truncate':
gstring.c:(.text+0x380): multiple definition of `g_string_truncate'; /home/uilian/.conan2/p/b/librs336a2333e6ca6/p/lib/librsvg-2.a(gstring.c.o):(.text+0x290): first defined here
/usr/bin/ld: /home/uilian/.conan2/p/b/librs336a2333e6ca6/p/lib/librsvg-2.a(gstring.c.o): in function `g_string_set_size':
gstring.c:(.text+0x3d0): multiple definition of `g_string_set_size'; /home/uilian/.conan2/p/b/librs336a2333e6ca6/p/lib/librsvg-2.a(gstring.c.o):(.text+0x2f0): first defined here
/usr/bin/ld: /home/uilian/.conan2/p/b/librs336a2333e6ca6/p/lib/librsvg-2.a(gstring.c.o): in function `g_string_insert_len':
gstring.c:(.text+0x450): multiple definition of `g_string_insert_len'; /home/uilian/.conan2/p/b/librs336a2333e6ca6/p/lib/librsvg-2.a(gstring.c.o):(.text+0x370): first defined here
/usr/bin/ld: /home/uilian/.conan2/p/b/librs336a2333e6ca6/p/lib/librsvg-2.a(gstring.c.o): in function `g_string_assign':
gstring.c:(.text+0x6a0): multiple definition of `g_string_assign'; /home/uilian/.conan2/p/b/librs336a2333e6ca6/p/lib/librsvg-2.a(gstring.c.o):(.text+0x600): first defined here
/usr/bin/ld: /home/uilian/.conan2/p/b/librs336a2333e6ca6/p/lib/librsvg-2.a(gstring.c.o): in function `g_string_append_uri_escaped':
gstring.c:(.text+0x7a0): multiple definition of `g_string_append_uri_escaped'; /home/uilian/.conan2/p/b/librs336a2333e6ca6/p/lib/librsvg-2.a(gstring.c.o):(.text+0x590): first defined here
/usr/bin/ld: /home/uilian/.conan2/p/b/librs336a2333e6ca6/p/lib/librsvg-2.a(gstring.c.o): in function `g_string_append':
gstring.c:(.text+0x7e0): multiple definition of `g_string_append'; /home/uilian/.conan2/p/b/librs336a2333e6ca6/p/lib/librsvg-2.a(gstring.c.o):(.text+0x5e0): first defined here
/usr/bin/ld: /home/uilian/.conan2/p/b/librs336a2333e6ca6/p/lib/librsvg-2.a(gstring.c.o): in function `g_string_append_len':
gstring.c:(.text+0x800): multiple definition of `g_string_append_len'; /home/uilian/.conan2/p/b/librs336a2333e6ca6/p/lib/librsvg-2.a(gstring.c.o):(.text+0x690): first defined here
/usr/bin/ld: /home/uilian/.conan2/p/b/librs336a2333e6ca6/p/lib/librsvg-2.a(gstring.c.o): in function `g_string_new':
gstring.c:(.text+0x820): multiple definition of `g_string_new'; /home/uilian/.conan2/p/b/librs336a2333e6ca6/p/lib/librsvg-2.a(gstring.c.o):(.text+0x6b0): first defined here
/usr/bin/ld: /home/uilian/.conan2/p/b/librs336a2333e6ca6/p/lib/librsvg-2.a(gstring.c.o): in function `g_string_new_len':
gstring.c:(.text+0x950): multiple definition of `g_string_new_len'; /home/uilian/.conan2/p/b/librs336a2333e6ca6/p/lib/librsvg-2.a(gstring.c.o):(.text+0x720): first defined here
/usr/bin/ld: /home/uilian/.conan2/p/b/librs336a2333e6ca6/p/lib/librsvg-2.a(gstring.c.o): in function `g_string_prepend':
gstring.c:(.text+0xa20): multiple definition of `g_string_prepend'; /home/uilian/.conan2/p/b/librs336a2333e6ca6/p/lib/librsvg-2.a(gstring.c.o):(.text+0x770): first defined here
/usr/bin/ld: /home/uilian/.conan2/p/b/librs336a2333e6ca6/p/lib/librsvg-2.a(gstring.c.o): in function `g_string_prepend_len':
gstring.c:(.text+0xa40): multiple definition of `g_string_prepend_len'; /home/uilian/.conan2/p/b/librs336a2333e6ca6/p/lib/librsvg-2.a(gstring.c.o):(.text+0x790): first defined here
/usr/bin/ld: /home/uilian/.conan2/p/b/librs336a2333e6ca6/p/lib/librsvg-2.a(gstring.c.o): in function `g_string_insert':
gstring.c:(.text+0xa50): multiple definition of `g_string_insert'; /home/uilian/.conan2/p/b/librs336a2333e6ca6/p/lib/librsvg-2.a(gstring.c.o):(.text+0x7b0): first defined here
/usr/bin/ld: /home/uilian/.conan2/p/b/librs336a2333e6ca6/p/lib/librsvg-2.a(gstring.c.o): in function `g_string_insert_c':
gstring.c:(.text+0xa60): multiple definition of `g_string_insert_c'; /home/uilian/.conan2/p/b/librs336a2333e6ca6/p/lib/librsvg-2.a(gstring.c.o):(.text+0x7c0): first defined here
/usr/bin/ld: /home/uilian/.conan2/p/b/librs336a2333e6ca6/p/lib/librsvg-2.a(gstring.c.o): in function `g_string_append_c':
gstring.c:(.text+0xb30): multiple definition of `g_string_append_c'; /home/uilian/.conan2/p/b/librs336a2333e6ca6/p/lib/librsvg-2.a(gstring.c.o):(.text+0x890): first defined here
/usr/bin/ld: /home/uilian/.conan2/p/b/librs336a2333e6ca6/p/lib/librsvg-2.a(gstring.c.o): in function `g_string_prepend_c':
gstring.c:(.text+0xb70): multiple definition of `g_string_prepend_c'; /home/uilian/.conan2/p/b/librs336a2333e6ca6/p/lib/librsvg-2.a(gstring.c.o):(.text+0x8e0): first defined here
/usr/bin/ld: /home/uilian/.conan2/p/b/librs336a2333e6ca6/p/lib/librsvg-2.a(gstring.c.o): in function `g_string_insert_unichar':
gstring.c:(.text+0xbb0): multiple definition of `g_string_insert_unichar'; /home/uilian/.conan2/p/b/librs336a2333e6ca6/p/lib/librsvg-2.a(gstring.c.o):(.text+0x920): first defined here
/usr/bin/ld: /home/uilian/.conan2/p/b/librs336a2333e6ca6/p/lib/librsvg-2.a(gstring.c.o): in function `g_string_append_unichar':
gstring.c:(.text+0xdf0): multiple definition of `g_string_append_unichar'; /home/uilian/.conan2/p/b/librs336a2333e6ca6/p/lib/librsvg-2.a(gstring.c.o):(.text+0xaf0): first defined here
/usr/bin/ld: /home/uilian/.conan2/p/b/librs336a2333e6ca6/p/lib/librsvg-2.a(gstring.c.o): in function `g_string_prepend_unichar':
gstring.c:(.text+0xe30): multiple definition of `g_string_prepend_unichar'; /home/uilian/.conan2/p/b/librs336a2333e6ca6/p/lib/librsvg-2.a(gstring.c.o):(.text+0xb40): first defined here
/usr/bin/ld: /home/uilian/.conan2/p/b/librs336a2333e6ca6/p/lib/librsvg-2.a(gstring.c.o): in function `g_string_overwrite_len':
gstring.c:(.text+0xe70): multiple definition of `g_string_overwrite_len'; /home/uilian/.conan2/p/b/librs336a2333e6ca6/p/lib/librsvg-2.a(gstring.c.o):(.text+0xb80): first defined here
/usr/bin/ld: /home/uilian/.conan2/p/b/librs336a2333e6ca6/p/lib/librsvg-2.a(gstring.c.o): in function `g_string_overwrite':
gstring.c:(.text+0xf90): multiple definition of `g_string_overwrite'; /home/uilian/.conan2/p/b/librs336a2333e6ca6/p/lib/librsvg-2.a(gstring.c.o):(.text+0xc90): first defined here
/usr/bin/ld: /home/uilian/.conan2/p/b/librs336a2333e6ca6/p/lib/librsvg-2.a(gstring.c.o): in function `g_string_erase':
gstring.c:(.text+0xff0): multiple definition of `g_string_erase'; /home/uilian/.conan2/p/b/librs336a2333e6ca6/p/lib/librsvg-2.a(gstring.c.o):(.text+0xcf0): first defined here
/usr/bin/ld: /home/uilian/.conan2/p/b/librs336a2333e6ca6/p/lib/librsvg-2.a(gstring.c.o): in function `g_string_replace':
gstring.c:(.text+0x1100): multiple definition of `g_string_replace'; /home/uilian/.conan2/p/b/librs336a2333e6ca6/p/lib/librsvg-2.a(gstring.c.o):(.text+0xe00): first defined here
/usr/bin/ld: /home/uilian/.conan2/p/b/librs336a2333e6ca6/p/lib/librsvg-2.a(gstring.c.o): in function `g_string_ascii_down':
gstring.c:(.text+0x1a30): multiple definition of `g_string_ascii_down'; /home/uilian/.conan2/p/b/librs336a2333e6ca6/p/lib/librsvg-2.a(gstring.c.o):(.text+0xf30): first defined here
/usr/bin/ld: /home/uilian/.conan2/p/b/librs336a2333e6ca6/p/lib/librsvg-2.a(gstring.c.o): in function `g_string_ascii_up':
gstring.c:(.text+0x1a90): multiple definition of `g_string_ascii_up'; /home/uilian/.conan2/p/b/librs336a2333e6ca6/p/lib/librsvg-2.a(gstring.c.o):(.text+0xfa0): first defined here
/usr/bin/ld: /home/uilian/.conan2/p/b/librs336a2333e6ca6/p/lib/librsvg-2.a(gstring.c.o): in function `g_string_down':
gstring.c:(.text+0x1af0): multiple definition of `g_string_down'; /home/uilian/.conan2/p/b/librs336a2333e6ca6/p/lib/librsvg-2.a(gstring.c.o):(.text+0x1010): first defined here
/usr/bin/ld: /home/uilian/.conan2/p/b/librs336a2333e6ca6/p/lib/librsvg-2.a(gstring.c.o): in function `g_string_up':
gstring.c:(.text+0x1b70): multiple definition of `g_string_up'; /home/uilian/.conan2/p/b/librs336a2333e6ca6/p/lib/librsvg-2.a(gstring.c.o):(.text+0x10a0): first defined here
/usr/bin/ld: /home/uilian/.conan2/p/b/librs336a2333e6ca6/p/lib/librsvg-2.a(gstring.c.o): in function `g_string_append_vprintf':
gstring.c:(.text+0x1bf0): multiple definition of `g_string_append_vprintf'; /home/uilian/.conan2/p/b/librs336a2333e6ca6/p/lib/librsvg-2.a(gstring.c.o):(.text+0x1130): first defined here
/usr/bin/ld: /home/uilian/.conan2/p/b/librs336a2333e6ca6/p/lib/librsvg-2.a(gstring.c.o): in function `g_string_vprintf':
gstring.c:(.text+0x1ce0): multiple definition of `g_string_vprintf'; /home/uilian/.conan2/p/b/librs336a2333e6ca6/p/lib/librsvg-2.a(gstring.c.o):(.text+0x1220): first defined here
/usr/bin/ld: /home/uilian/.conan2/p/b/librs336a2333e6ca6/p/lib/librsvg-2.a(gstring.c.o): in function `g_string_printf':
gstring.c:(.text+0x1d00): multiple definition of `g_string_printf'; /home/uilian/.conan2/p/b/librs336a2333e6ca6/p/lib/librsvg-2.a(gstring.c.o):(.text+0x1250): first defined here
/usr/bin/ld: /home/uilian/.conan2/p/b/librs336a2333e6ca6/p/lib/librsvg-2.a(gstring.c.o): in function `g_string_append_printf':
gstring.c:(.text+0x1da0): multiple definition of `g_string_append_printf'; /home/uilian/.conan2/p/b/librs336a2333e6ca6/p/lib/librsvg-2.a(gstring.c.o):(.text+0x1330): first defined here
/usr/bin/ld: /home/uilian/.conan2/p/b/librs336a2333e6ca6/p/lib/librsvg-2.a(gtestutils.c.o): in function `g_test_case_free':
gtestutils.c:(.text+0x3d0): multiple definition of `g_test_case_free'; /home/uilian/.conan2/p/b/librs336a2333e6ca6/p/lib/librsvg-2.a(gtestutils.c.o):(.text+0x500): first defined here
/usr/bin/ld: /home/uilian/.conan2/p/b/librs336a2333e6ca6/p/lib/librsvg-2.a(gtestutils.c.o): in function `g_test_suite_free':
gtestutils.c:(.text+0x410): multiple definition of `g_test_suite_free'; /home/uilian/.conan2/p/b/librs336a2333e6ca6/p/lib/librsvg-2.a(gtestutils.c.o):(.text+0x520): first defined here
/usr/bin/ld: /home/uilian/.conan2/p/b/librs336a2333e6ca6/p/lib/librsvg-2.a(gtestutils.c.o): in function `g_test_log_type_name':
gtestutils.c:(.text+0xd30): multiple definition of `g_test_log_type_name'; /home/uilian/.conan2/p/b/librs336a2333e6ca6/p/lib/librsvg-2.a(gtestutils.c.o):(.text+0xa00): first defined here
/usr/bin/ld: /home/uilian/.conan2/p/b/librs336a2333e6ca6/p/lib/librsvg-2.a(gtestutils.c.o): in function `g_test_rand_int':
gtestutils.c:(.text+0xe50): multiple definition of `g_test_rand_int'; /home/uilian/.conan2/p/b/librs336a2333e6ca6/p/lib/librsvg-2.a(gtestutils.c.o):(.text+0xae0): first defined here
/usr/bin/ld: /home/uilian/.conan2/p/b/librs336a2333e6ca6/p/lib/librsvg-2.a(gtestutils.c.o): in function `g_test_rand_int_range':
gtestutils.c:(.text+0xe90): multiple definition of `g_test_rand_int_range'; /home/uilian/.conan2/p/b/librs336a2333e6ca6/p/lib/librsvg-2.a(gtestutils.c.o):(.text+0xb20): first defined here
/usr/bin/ld: /home/uilian/.conan2/p/b/librs336a2333e6ca6/p/lib/librsvg-2.a(gtestutils.c.o): in function `g_test_rand_double':
gtestutils.c:(.text+0xed0): multiple definition of `g_test_rand_double'; /home/uilian/.conan2/p/b/librs336a2333e6ca6/p/lib/librsvg-2.a(gtestutils.c.o):(.text+0xb70): first defined here
/usr/bin/ld: /home/uilian/.conan2/p/b/librs336a2333e6ca6/p/lib/librsvg-2.a(gtestutils.c.o): in function `g_test_rand_double_range':
gtestutils.c:(.text+0xf10): multiple definition of `g_test_rand_double_range'; /home/uilian/.conan2/p/b/librs336a2333e6ca6/p/lib/librsvg-2.a(gtestutils.c.o):(.text+0xbb0): first defined here
/usr/bin/ld: /home/uilian/.conan2/p/b/librs336a2333e6ca6/p/lib/librsvg-2.a(gtestutils.c.o): in function `g_test_timer_start':
gtestutils.c:(.text+0xf60): multiple definition of `g_test_timer_start'; /home/uilian/.conan2/p/b/librs336a2333e6ca6/p/lib/librsvg-2.a(gtestutils.c.o):(.text+0xc10): first defined here
/usr/bin/ld: /home/uilian/.conan2/p/b/librs336a2333e6ca6/p/lib/librsvg-2.a(gtestutils.c.o): in function `g_test_timer_elapsed':
gtestutils.c:(.text+0xfb0): multiple definition of `g_test_timer_elapsed'; /home/uilian/.conan2/p/b/librs336a2333e6ca6/p/lib/librsvg-2.a(gtestutils.c.o):(.text+0xc60): first defined here
/usr/bin/ld: /home/uilian/.conan2/p/b/librs336a2333e6ca6/p/lib/librsvg-2.a(gtestutils.c.o): in function `g_test_timer_last':
gtestutils.c:(.text+0xff0): multiple definition of `g_test_timer_last'; /home/uilian/.conan2/p/b/librs336a2333e6ca6/p/lib/librsvg-2.a(gtestutils.c.o):(.text+0xca0): first defined here
/usr/bin/ld: /home/uilian/.conan2/p/b/librs336a2333e6ca6/p/lib/librsvg-2.a(gtestutils.c.o): in function `g_test_bug_base':
gtestutils.c:(.text+0x1000): multiple definition of `g_test_bug_base'; /home/uilian/.conan2/p/b/librs336a2333e6ca6/p/lib/librsvg-2.a(gtestutils.c.o):(.text+0xcb0): first defined here
/usr/bin/ld: /home/uilian/.conan2/p/b/librs336a2333e6ca6/p/lib/librsvg-2.a(gtestutils.c.o): in function `g_test_create_case':
gtestutils.c:(.text+0x1030): multiple definition of `g_test_create_case'; /home/uilian/.conan2/p/b/librs336a2333e6ca6/p/lib/librsvg-2.a(gtestutils.c.o):(.text+0xce0): first defined here
/usr/bin/ld: /home/uilian/.conan2/p/b/librs336a2333e6ca6/p/lib/librsvg-2.a(gtestutils.c.o): in function `g_test_fail':
gtestutils.c:(.text+0x1160): multiple definition of `g_test_fail'; /home/uilian/.conan2/p/b/librs336a2333e6ca6/p/lib/librsvg-2.a(gtestutils.c.o):(.text+0xe20): first defined here
/usr/bin/ld: /home/uilian/.conan2/p/b/librs336a2333e6ca6/p/lib/librsvg-2.a(gtestutils.c.o): in function `g_test_fail_printf':
gtestutils.c:(.text+0x11a0): multiple definition of `g_test_fail_printf'; /home/uilian/.conan2/p/b/librs336a2333e6ca6/p/lib/librsvg-2.a(gtestutils.c.o):(.text+0xe60): first defined here
/usr/bin/ld: /home/uilian/.conan2/p/b/librs336a2333e6ca6/p/lib/librsvg-2.a(gtestutils.c.o): in function `g_test_incomplete':
gtestutils.c:(.text+0x1260): multiple definition of `g_test_incomplete'; /home/uilian/.conan2/p/b/librs336a2333e6ca6/p/lib/librsvg-2.a(gtestutils.c.o):(.text+0xf40): first defined here
/usr/bin/ld: /home/uilian/.conan2/p/b/librs336a2333e6ca6/p/lib/librsvg-2.a(gtestutils.c.o): in function `g_test_incomplete_printf':
gtestutils.c:(.text+0x1290): multiple definition of `g_test_incomplete_printf'; /home/uilian/.conan2/p/b/librs336a2333e6ca6/p/lib/librsvg-2.a(gtestutils.c.o):(.text+0xf70): first defined here
/usr/bin/ld: /home/uilian/.conan2/p/b/librs336a2333e6ca6/p/lib/librsvg-2.a(gtestutils.c.o): in function `g_test_skip':
gtestutils.c:(.text+0x1350): multiple definition of `g_test_skip'; /home/uilian/.conan2/p/b/librs336a2333e6ca6/p/lib/librsvg-2.a(gtestutils.c.o):(.text+0x1050): first defined here
/usr/bin/ld: /home/uilian/.conan2/p/b/librs336a2333e6ca6/p/lib/librsvg-2.a(gtestutils.c.o): in function `g_test_skip_printf':
gtestutils.c:(.text+0x1380): multiple definition of `g_test_skip_printf'; /home/uilian/.conan2/p/b/librs336a2333e6ca6/p/lib/librsvg-2.a(gtestutils.c.o):(.text+0x1080): first defined here
/usr/bin/ld: /home/uilian/.conan2/p/b/librs336a2333e6ca6/p/lib/librsvg-2.a(gtestutils.c.o): in function `g_test_failed':
gtestutils.c:(.text+0x1440): multiple definition of `g_test_failed'; /home/uilian/.conan2/p/b/librs336a2333e6ca6/p/lib/librsvg-2.a(gtestutils.c.o):(.text+0x1160): first defined here
/usr/bin/ld: /home/uilian/.conan2/p/b/librs336a2333e6ca6/p/lib/librsvg-2.a(gtestutils.c.o): in function `g_test_set_nonfatal_assertions':
gtestutils.c:(.text+0x1450): multiple definition of `g_test_set_nonfatal_assertions'; /home/uilian/.conan2/p/b/librs336a2333e6ca6/p/lib/librsvg-2.a(gtestutils.c.o):(.text+0x1180): first defined here
/usr/bin/ld: /home/uilian/.conan2/p/b/librs336a2333e6ca6/p/lib/librsvg-2.a(gtestutils.c.o): in function `g_test_create_suite':
gtestutils.c:(.text+0x1490): multiple definition of `g_test_create_suite'; /home/uilian/.conan2/p/b/librs336a2333e6ca6/p/lib/librsvg-2.a(gtestutils.c.o):(.text+0x11d0): first defined here
/usr/bin/ld: /home/uilian/.conan2/p/b/librs336a2333e6ca6/p/lib/librsvg-2.a(gtestutils.c.o): in function `g_test_get_root':
gtestutils.c:(.text+0x1560): multiple definition of `g_test_get_root'; /home/uilian/.conan2/p/b/librs336a2333e6ca6/p/lib/librsvg-2.a(gtestutils.c.o):(.text+0x12b0): first defined here
/usr/bin/ld: /home/uilian/.conan2/p/b/librs336a2333e6ca6/p/lib/librsvg-2.a(gtestutils.c.o): in function `g_test_suite_add':
gtestutils.c:(.text+0x15b0): multiple definition of `g_test_suite_add'; /home/uilian/.conan2/p/b/librs336a2333e6ca6/p/lib/librsvg-2.a(gtestutils.c.o):(.text+0x1310): first defined here
/usr/bin/ld: /home/uilian/.conan2/p/b/librs336a2333e6ca6/p/lib/librsvg-2.a(gtestutils.c.o): in function `g_test_suite_add_suite':
gtestutils.c:(.text+0x1610): multiple definition of `g_test_suite_add_suite'; /home/uilian/.conan2/p/b/librs336a2333e6ca6/p/lib/librsvg-2.a(gtestutils.c.o):(.text+0x1380): first defined here
/usr/bin/ld: /home/uilian/.conan2/p/b/librs336a2333e6ca6/p/lib/librsvg-2.a(gtestutils.c.o): in function `g_test_add_vtable':
gtestutils.c:(.text+0x1670): multiple definition of `g_test_add_vtable'; /home/uilian/.conan2/p/b/librs336a2333e6ca6/p/lib/librsvg-2.a(gtestutils.c.o):(.text+0x13f0): first defined here
/usr/bin/ld: /home/uilian/.conan2/p/b/librs336a2333e6ca6/p/lib/librsvg-2.a(gtestutils.c.o): in function `g_test_add_func':
gtestutils.c:(.text+0x18c0): multiple definition of `g_test_add_func'; /home/uilian/.conan2/p/b/librs336a2333e6ca6/p/lib/librsvg-2.a(gtestutils.c.o):(.text+0x1620): first defined here
/usr/bin/ld: /home/uilian/.conan2/p/b/librs336a2333e6ca6/p/lib/librsvg-2.a(gtestutils.c.o): in function `g_test_add_data_func':
gtestutils.c:(.text+0x1940): multiple definition of `g_test_add_data_func'; /home/uilian/.conan2/p/b/librs336a2333e6ca6/p/lib/librsvg-2.a(gtestutils.c.o):(.text+0x16b0): first defined here
/usr/bin/ld: /home/uilian/.conan2/p/b/librs336a2333e6ca6/p/lib/librsvg-2.a(gtestutils.c.o): in function `g_test_add_data_func_full':
gtestutils.c:(.text+0x19d0): multiple definition of `g_test_add_data_func_full'; /home/uilian/.conan2/p/b/librs336a2333e6ca6/p/lib/librsvg-2.a(gtestutils.c.o):(.text+0x1740): first defined here
/usr/bin/ld: /home/uilian/.conan2/p/b/librs336a2333e6ca6/p/lib/librsvg-2.a(gtestutils.c.o): in function `g_test_queue_destroy':
gtestutils.c:(.text+0x1a60): multiple definition of `g_test_queue_destroy'; /home/uilian/.conan2/p/b/librs336a2333e6ca6/p/lib/librsvg-2.a(gtestutils.c.o):(.text+0x17d0): first defined here
/usr/bin/ld: /home/uilian/.conan2/p/b/librs336a2333e6ca6/p/lib/librsvg-2.a(gtestutils.c.o): in function `g_test_queue_free':
gtestutils.c:(.text+0x1ac0): multiple definition of `g_test_queue_free'; /home/uilian/.conan2/p/b/librs336a2333e6ca6/p/lib/librsvg-2.a(gtestutils.c.o):(.text+0x1830): first defined here
/usr/bin/ld: /home/uilian/.conan2/p/b/librs336a2333e6ca6/p/lib/librsvg-2.a(gtestutils.c.o): in function `g_strcmp0':
gtestutils.c:(.text+0x1ae0): multiple definition of `g_strcmp0'; /home/uilian/.conan2/p/b/librs336a2333e6ca6/p/lib/librsvg-2.a(gtestutils.c.o):(.text+0x1860): first defined here
/usr/bin/ld: /home/uilian/.conan2/p/b/librs336a2333e6ca6/p/lib/librsvg-2.a(gtestutils.c.o): in function `g_test_subprocess':
gtestutils.c:(.text+0x1b80): multiple definition of `g_test_subprocess'; /home/uilian/.conan2/p/b/librs336a2333e6ca6/p/lib/librsvg-2.a(gtestutils.c.o):(.text+0x1bb0): first defined here
/usr/bin/ld: /home/uilian/.conan2/p/b/librs336a2333e6ca6/p/lib/librsvg-2.a(gtestutils.c.o): in function `g_test_trap_has_passed':
gtestutils.c:(.text+0x1b90): multiple definition of `g_test_trap_has_passed'; /home/uilian/.conan2/p/b/librs336a2333e6ca6/p/lib/librsvg-2.a(gtestutils.c.o):(.text+0x1bc0): first defined here
/usr/bin/ld: /home/uilian/.conan2/p/b/librs336a2333e6ca6/p/lib/librsvg-2.a(gtestutils.c.o): in function `g_test_trap_reached_timeout':
gtestutils.c:(.text+0x1ba0): multiple definition of `g_test_trap_reached_timeout'; /home/uilian/.conan2/p/b/librs336a2333e6ca6/p/lib/librsvg-2.a(gtestutils.c.o):(.text+0x1be0): first defined here
/usr/bin/ld: /home/uilian/.conan2/p/b/librs336a2333e6ca6/p/lib/librsvg-2.a(gtestutils.c.o): in function `g_test_log_buffer_new':
gtestutils.c:(.text+0x1bd0): multiple definition of `g_test_log_buffer_new'; /home/uilian/.conan2/p/b/librs336a2333e6ca6/p/lib/librsvg-2.a(gtestutils.c.o):(.text+0x1c10): first defined here
/usr/bin/ld: /home/uilian/.conan2/p/b/librs336a2333e6ca6/p/lib/librsvg-2.a(gtestutils.c.o): in function `g_test_log_buffer_push':
gtestutils.c:(.text+0x1bf0): multiple definition of `g_test_log_buffer_push'; /home/uilian/.conan2/p/b/librs336a2333e6ca6/p/lib/librsvg-2.a(gtestutils.c.o):(.text+0x1c40): first defined here
/usr/bin/ld: /home/uilian/.conan2/p/b/librs336a2333e6ca6/p/lib/librsvg-2.a(gtestutils.c.o): in function `g_test_log_buffer_pop':
gtestutils.c:(.text+0x1e80): multiple definition of `g_test_log_buffer_pop'; /home/uilian/.conan2/p/b/librs336a2333e6ca6/p/lib/librsvg-2.a(gtestutils.c.o):(.text+0x1ea0): first defined here
/usr/bin/ld: /home/uilian/.conan2/p/b/librs336a2333e6ca6/p/lib/librsvg-2.a(gtestutils.c.o): in function `g_test_log_msg_free':
gtestutils.c:(.text+0x1ef0): multiple definition of `g_test_log_msg_free'; /home/uilian/.conan2/p/b/librs336a2333e6ca6/p/lib/librsvg-2.a(gtestutils.c.o):(.text+0x1f10): first defined here
/usr/bin/ld: /home/uilian/.conan2/p/b/librs336a2333e6ca6/p/lib/librsvg-2.a(gtestutils.c.o): in function `g_test_log_buffer_free':
gtestutils.c:(.text+0x1f40): multiple definition of `g_test_log_buffer_free'; /home/uilian/.conan2/p/b/librs336a2333e6ca6/p/lib/librsvg-2.a(gtestutils.c.o):(.text+0x1f60): first defined here
/usr/bin/ld: /home/uilian/.conan2/p/b/librs336a2333e6ca6/p/lib/librsvg-2.a(gtestutils.c.o): in function `g_assertion_message':
gtestutils.c:(.text+0x56a0): multiple definition of `g_assertion_message'; /home/uilian/.conan2/p/b/librs336a2333e6ca6/p/lib/librsvg-2.a(gtestutils.c.o):(.text+0x4c50): first defined here
/usr/bin/ld: /home/uilian/.conan2/p/b/librs336a2333e6ca6/p/lib/librsvg-2.a(gtestutils.c.o): in function `g_assertion_message_expr':
gtestutils.c:(.text+0x5830): multiple definition of `g_assertion_message_expr'; /home/uilian/.conan2/p/b/librs336a2333e6ca6/p/lib/librsvg-2.a(gtestutils.c.o):(.text+0x4df0): first defined here
/usr/bin/ld: /home/uilian/.conan2/p/b/librs336a2333e6ca6/p/lib/librsvg-2.a(gtestutils.c.o): in function `g_test_init':
gtestutils.c:(.text+0x3170): multiple definition of `g_test_init'; /home/uilian/.conan2/p/b/librs336a2333e6ca6/p/lib/librsvg-2.a(gtestutils.c.o):(.text+0x29b0): first defined here
/usr/bin/ld: /home/uilian/.conan2/p/b/librs336a2333e6ca6/p/lib/librsvg-2.a(gtestutils.c.o): in function `g_test_minimized_result':
gtestutils.c:(.text+0x4400): multiple definition of `g_test_minimized_result'; /home/uilian/.conan2/p/b/librs336a2333e6ca6/p/lib/librsvg-2.a(gtestutils.c.o):(.text+0x3af0): first defined here
/usr/bin/ld: /home/uilian/.conan2/p/b/librs336a2333e6ca6/p/lib/librsvg-2.a(gtestutils.c.o): in function `g_test_maximized_result':
gtestutils.c:(.text+0x44d0): multiple definition of `g_test_maximized_result'; /home/uilian/.conan2/p/b/librs336a2333e6ca6/p/lib/librsvg-2.a(gtestutils.c.o):(.text+0x3bf0): first defined here
/usr/bin/ld: /home/uilian/.conan2/p/b/librs336a2333e6ca6/p/lib/librsvg-2.a(gtestutils.c.o): in function `g_test_message':
gtestutils.c:(.text+0x45a0): multiple definition of `g_test_message'; /home/uilian/.conan2/p/b/librs336a2333e6ca6/p/lib/librsvg-2.a(gtestutils.c.o):(.text+0x3cf0): first defined here
/usr/bin/ld: /home/uilian/.conan2/p/b/librs336a2333e6ca6/p/lib/librsvg-2.a(gtestutils.c.o): in function `g_test_bug':
gtestutils.c:(.text+0x4660): multiple definition of `g_test_bug'; /home/uilian/.conan2/p/b/librs336a2333e6ca6/p/lib/librsvg-2.a(gtestutils.c.o):(.text+0x3dd0): first defined here
/usr/bin/ld: /home/uilian/.conan2/p/b/librs336a2333e6ca6/p/lib/librsvg-2.a(gtestutils.c.o): in function `g_test_summary':
gtestutils.c:(.text+0x4790): multiple definition of `g_test_summary'; /home/uilian/.conan2/p/b/librs336a2333e6ca6/p/lib/librsvg-2.a(gtestutils.c.o):(.text+0x3ee0): first defined here
/usr/bin/ld: /home/uilian/.conan2/p/b/librs336a2333e6ca6/p/lib/librsvg-2.a(gtestutils.c.o): in function `g_test_run_suite':
gtestutils.c:(.text+0x54a0): multiple definition of `g_test_run_suite'; /home/uilian/.conan2/p/b/librs336a2333e6ca6/p/lib/librsvg-2.a(gtestutils.c.o):(.text+0x4ab0): first defined here
/usr/bin/ld: /home/uilian/.conan2/p/b/librs336a2333e6ca6/p/lib/librsvg-2.a(gtestutils.c.o): in function `g_test_run':
gtestutils.c:(.text+0x55a0): multiple definition of `g_test_run'; /home/uilian/.conan2/p/b/librs336a2333e6ca6/p/lib/librsvg-2.a(gtestutils.c.o):(.text+0x4b80): first defined here
/usr/bin/ld: /home/uilian/.conan2/p/b/librs336a2333e6ca6/p/lib/librsvg-2.a(gtestutils.c.o):(.bss+0x0): multiple definition of `__glib_assert_msg'; /home/uilian/.conan2/p/b/librs336a2333e6ca6/p/lib/librsvg-2.a(gtestutils.c.o):(.bss+0x0): first defined here
/usr/bin/ld: /home/uilian/.conan2/p/b/librs336a2333e6ca6/p/lib/librsvg-2.a(gtestutils.c.o): in function `g_test_trap_fork':
gtestutils.c:(.text+0x5c40): multiple definition of `g_test_trap_fork'; /home/uilian/.conan2/p/b/librs336a2333e6ca6/p/lib/librsvg-2.a(gtestutils.c.o):(.text+0x1900): first defined here
/usr/bin/ld: /home/uilian/.conan2/p/b/librs336a2333e6ca6/p/lib/librsvg-2.a(gtestutils.c.o): in function `g_test_trap_subprocess':
gtestutils.c:(.text+0x6250): multiple definition of `g_test_trap_subprocess'; /home/uilian/.conan2/p/b/librs336a2333e6ca6/p/lib/librsvg-2.a(gtestutils.c.o):(.text+0x4ed0): first defined here
/usr/bin/ld: /home/uilian/.conan2/p/b/librs336a2333e6ca6/p/lib/librsvg-2.a(gtestutils.c.o): in function `g_assertion_message_cmpnum':
gtestutils.c:(.text+0x67c0): multiple definition of `g_assertion_message_cmpnum'; /home/uilian/.conan2/p/b/librs336a2333e6ca6/p/lib/librsvg-2.a(gtestutils.c.o):(.text+0x5170): first defined here
/usr/bin/ld: /home/uilian/.conan2/p/b/librs336a2333e6ca6/p/lib/librsvg-2.a(gtestutils.c.o): in function `g_assertion_message_cmpstr':
gtestutils.c:(.text+0x6930): multiple definition of `g_assertion_message_cmpstr'; /home/uilian/.conan2/p/b/librs336a2333e6ca6/p/lib/librsvg-2.a(gtestutils.c.o):(.text+0x5450): first defined here
/usr/bin/ld: /home/uilian/.conan2/p/b/librs336a2333e6ca6/p/lib/librsvg-2.a(gtestutils.c.o): in function `g_assertion_message_cmpstrv':
gtestutils.c:(.text+0x6a70): multiple definition of `g_assertion_message_cmpstrv'; /home/uilian/.conan2/p/b/librs336a2333e6ca6/p/lib/librsvg-2.a(gtestutils.c.o):(.text+0x5580): first defined here
/usr/bin/ld: /home/uilian/.conan2/p/b/librs336a2333e6ca6/p/lib/librsvg-2.a(gtestutils.c.o): in function `g_assertion_message_error':
gtestutils.c:(.text+0x6b60): multiple definition of `g_assertion_message_error'; /home/uilian/.conan2/p/b/librs336a2333e6ca6/p/lib/librsvg-2.a(gtestutils.c.o):(.text+0x5680): first defined here
/usr/bin/ld: /home/uilian/.conan2/p/b/librs336a2333e6ca6/p/lib/librsvg-2.a(gtestutils.c.o): in function `g_test_trap_assertions':
gtestutils.c:(.text+0x6c60): multiple definition of `g_test_trap_assertions'; /home/uilian/.conan2/p/b/librs336a2333e6ca6/p/lib/librsvg-2.a(gtestutils.c.o):(.text+0x5790): first defined here
/usr/bin/ld: /home/uilian/.conan2/p/b/librs336a2333e6ca6/p/lib/librsvg-2.a(gtestutils.c.o): in function `g_test_build_filename':
gtestutils.c:(.text+0x6f30): multiple definition of `g_test_build_filename'; /home/uilian/.conan2/p/b/librs336a2333e6ca6/p/lib/librsvg-2.a(gtestutils.c.o):(.text+0x5a50): first defined here
/usr/bin/ld: /home/uilian/.conan2/p/b/librs336a2333e6ca6/p/lib/librsvg-2.a(gtestutils.c.o): in function `g_test_get_dir':
gtestutils.c:(.text+0x6ff0): multiple definition of `g_test_get_dir'; /home/uilian/.conan2/p/b/librs336a2333e6ca6/p/lib/librsvg-2.a(gtestutils.c.o):(.text+0x5b40): first defined here
/usr/bin/ld: /home/uilian/.conan2/p/b/librs336a2333e6ca6/p/lib/librsvg-2.a(gtestutils.c.o): in function `g_test_get_filename':
gtestutils.c:(.text+0x7070): multiple definition of `g_test_get_filename'; /home/uilian/.conan2/p/b/librs336a2333e6ca6/p/lib/librsvg-2.a(gtestutils.c.o):(.text+0x5bd0): first defined here
/usr/bin/ld: /home/uilian/.conan2/p/b/librs336a2333e6ca6/p/lib/librsvg-2.a(gtestutils.c.o): in function `g_test_get_path':
gtestutils.c:(.text+0x7190): multiple definition of `g_test_get_path'; /home/uilian/.conan2/p/b/librs336a2333e6ca6/p/lib/librsvg-2.a(gtestutils.c.o):(.text+0x5d10): first defined here
/usr/bin/ld: /home/uilian/.conan2/p/b/librs336a2333e6ca6/p/lib/librsvg-2.a(gtestutils.c.o):(.data.rel.ro.local+0x0): multiple definition of `g_test_config_vars'; /home/uilian/.conan2/p/b/librs336a2333e6ca6/p/lib/librsvg-2.a(gtestutils.c.o):(.data.rel.ro.local+0x0): first defined here
/usr/bin/ld: /home/uilian/.conan2/p/b/librs336a2333e6ca6/p/lib/librsvg-2.a(gthread.c.o): in function `g_system_thread_exit':
gthread.c:(.text+0x170): multiple definition of `g_system_thread_exit'; /home/uilian/.conan2/p/b/librs336a2333e6ca6/p/lib/librsvg-2.a(gthread-posix.c.o):(.text+0x9c0): first defined here
/usr/bin/ld: /home/uilian/.conan2/p/b/librs336a2333e6ca6/p/lib/librsvg-2.a(gthread.c.o): in function `g_system_thread_set_name':
gthread.c:(.text+0x180): multiple definition of `g_system_thread_set_name'; /home/uilian/.conan2/p/b/librs336a2333e6ca6/p/lib/librsvg-2.a(gthread-posix.c.o):(.text+0x9e0): first defined here
/usr/bin/ld: /home/uilian/.conan2/p/b/librs336a2333e6ca6/p/lib/librsvg-2.a(gthread.c.o): in function `g_thread_error_quark':
gthread.c:(.text+0x1e0): multiple definition of `g_thread_error_quark'; /home/uilian/.conan2/p/b/librs336a2333e6ca6/p/lib/librsvg-2.a(gthread.c.o):(.text+0x80): first defined here
/usr/bin/ld: /home/uilian/.conan2/p/b/librs336a2333e6ca6/p/lib/librsvg-2.a(gthread.c.o): in function `g_thread_ref':
gthread.c:(.text+0x210): multiple definition of `g_thread_ref'; /home/uilian/.conan2/p/b/librs336a2333e6ca6/p/lib/librsvg-2.a(gthread.c.o):(.text+0x330): first defined here
/usr/bin/ld: /home/uilian/.conan2/p/b/librs336a2333e6ca6/p/lib/librsvg-2.a(gthread.c.o): in function `g_thread_n_created':
gthread.c:(.text+0x220): multiple definition of `g_thread_n_created'; /home/uilian/.conan2/p/b/librs336a2333e6ca6/p/lib/librsvg-2.a(gthread.c.o):(.text+0x380): first defined here
/usr/bin/ld: /home/uilian/.conan2/p/b/librs336a2333e6ca6/p/lib/librsvg-2.a(gthread.c.o): in function `g_get_num_processors':
gthread.c:(.text+0x240): multiple definition of `g_get_num_processors'; /home/uilian/.conan2/p/b/librs336a2333e6ca6/p/lib/librsvg-2.a(gthread.c.o):(.text+0x6d0): first defined here
/usr/bin/ld: /home/uilian/.conan2/p/b/librs336a2333e6ca6/p/lib/librsvg-2.a(gthread.c.o): in function `g_mutex_init':
gthread.c:(.text+0x2d0): multiple definition of `g_mutex_init'; /home/uilian/.conan2/p/b/librs336a2333e6ca6/p/lib/librsvg-2.a(gthread-posix.c.o):(.text+0xa00): first defined here
/usr/bin/ld: /home/uilian/.conan2/p/b/librs336a2333e6ca6/p/lib/librsvg-2.a(gthread.c.o): in function `g_system_thread_new':
gthread.c:(.text+0x2e0): multiple definition of `g_system_thread_new'; /home/uilian/.conan2/p/b/librs336a2333e6ca6/p/lib/librsvg-2.a(gthread-posix.c.o):(.text+0xa10): first defined here
/usr/bin/ld: /home/uilian/.conan2/p/b/librs336a2333e6ca6/p/lib/librsvg-2.a(gthread.c.o): in function `g_thread_new_internal':
gthread.c:(.text+0x520): multiple definition of `g_thread_new_internal'; /home/uilian/.conan2/p/b/librs336a2333e6ca6/p/lib/librsvg-2.a(gthread.c.o):(.text+0x4e0): first defined here
/usr/bin/ld: /home/uilian/.conan2/p/b/librs336a2333e6ca6/p/lib/librsvg-2.a(gthread.c.o): in function `g_thread_try_new':
gthread.c:(.text+0x570): multiple definition of `g_thread_try_new'; /home/uilian/.conan2/p/b/librs336a2333e6ca6/p/lib/librsvg-2.a(gthread.c.o):(.text+0x470): first defined here
/usr/bin/ld: /home/uilian/.conan2/p/b/librs336a2333e6ca6/p/lib/librsvg-2.a(gthread.c.o): in function `g_thread_proxy':
gthread.c:(.text+0x1760): multiple definition of `g_thread_proxy'; /home/uilian/.conan2/p/b/librs336a2333e6ca6/p/lib/librsvg-2.a(gthread.c.o):(.text+0x0): first defined here
/usr/bin/ld: /home/uilian/.conan2/p/b/librs336a2333e6ca6/p/lib/librsvg-2.a(gthread.c.o): in function `g_thread_new':
gthread.c:(.text+0x5d0): multiple definition of `g_thread_new'; /home/uilian/.conan2/p/b/librs336a2333e6ca6/p/lib/librsvg-2.a(gthread.c.o):(.text+0x390): first defined here
/usr/bin/ld: /home/uilian/.conan2/p/b/librs336a2333e6ca6/p/lib/librsvg-2.a(gthread.c.o): in function `g_mutex_clear':
gthread.c:(.text+0x680): multiple definition of `g_mutex_clear'; /home/uilian/.conan2/p/b/librs336a2333e6ca6/p/lib/librsvg-2.a(gthread-posix.c.o):(.text+0xcb0): first defined here
/usr/bin/ld: /home/uilian/.conan2/p/b/librs336a2333e6ca6/p/lib/librsvg-2.a(gthread.c.o): in function `g_system_thread_free':
gthread.c:(.text+0x6b0): multiple definition of `g_system_thread_free'; /home/uilian/.conan2/p/b/librs336a2333e6ca6/p/lib/librsvg-2.a(gthread-posix.c.o):(.text+0xcf0): first defined here
/usr/bin/ld: /home/uilian/.conan2/p/b/librs336a2333e6ca6/p/lib/librsvg-2.a(gthread.c.o): in function `g_thread_unref':
gthread.c:(.text+0x6f0): multiple definition of `g_thread_unref'; /home/uilian/.conan2/p/b/librs336a2333e6ca6/p/lib/librsvg-2.a(gthread.c.o):(.text+0x340): first defined here
/usr/bin/ld: /home/uilian/.conan2/p/b/librs336a2333e6ca6/p/lib/librsvg-2.a(gthread.c.o): in function `g_mutex_lock':
gthread.c:(.text+0x760): multiple definition of `g_mutex_lock'; /home/uilian/.conan2/p/b/librs336a2333e6ca6/p/lib/librsvg-2.a(gthread-posix.c.o):(.text+0xd30): first defined here
/usr/bin/ld: /home/uilian/.conan2/p/b/librs336a2333e6ca6/p/lib/librsvg-2.a(gthread.c.o): in function `g_mutex_unlock':
gthread.c:(.text+0x780): multiple definition of `g_mutex_unlock'; /home/uilian/.conan2/p/b/librs336a2333e6ca6/p/lib/librsvg-2.a(gthread-posix.c.o):(.text+0xd60): first defined here
/usr/bin/ld: /home/uilian/.conan2/p/b/librs336a2333e6ca6/p/lib/librsvg-2.a(gthread.c.o): in function `g_system_thread_wait':
gthread.c:(.text+0x7a0): multiple definition of `g_system_thread_wait'; /home/uilian/.conan2/p/b/librs336a2333e6ca6/p/lib/librsvg-2.a(gthread-posix.c.o):(.text+0xd80): first defined here
/usr/bin/ld: /home/uilian/.conan2/p/b/librs336a2333e6ca6/p/lib/librsvg-2.a(gthread.c.o): in function `g_thread_join':
gthread.c:(.text+0x830): multiple definition of `g_thread_join'; /home/uilian/.conan2/p/b/librs336a2333e6ca6/p/lib/librsvg-2.a(gthread.c.o):(.text+0x590): first defined here
/usr/bin/ld: /home/uilian/.conan2/p/b/librs336a2333e6ca6/p/lib/librsvg-2.a(gthread.c.o): in function `g_mutex_trylock':
gthread.c:(.text+0x930): multiple definition of `g_mutex_trylock'; /home/uilian/.conan2/p/b/librs336a2333e6ca6/p/lib/librsvg-2.a(gthread-posix.c.o):(.text+0xe10): first defined here
/usr/bin/ld: /home/uilian/.conan2/p/b/librs336a2333e6ca6/p/lib/librsvg-2.a(gthread.c.o): in function `g_rec_mutex_init':
gthread.c:(.text+0x950): multiple definition of `g_rec_mutex_init'; /home/uilian/.conan2/p/b/librs336a2333e6ca6/p/lib/librsvg-2.a(gthread-posix.c.o):(.text+0x300): first defined here
/usr/bin/ld: /home/uilian/.conan2/p/b/librs336a2333e6ca6/p/lib/librsvg-2.a(gthread.c.o): in function `g_rec_mutex_clear':
gthread.c:(.text+0x9c0): multiple definition of `g_rec_mutex_clear'; /home/uilian/.conan2/p/b/librs336a2333e6ca6/p/lib/librsvg-2.a(gthread-posix.c.o):(.text+0x320): first defined here
/usr/bin/ld: /home/uilian/.conan2/p/b/librs336a2333e6ca6/p/lib/librsvg-2.a(gthread.c.o): in function `g_rec_mutex_lock':
gthread.c:(.text+0x9e0): multiple definition of `g_rec_mutex_lock'; /home/uilian/.conan2/p/b/librs336a2333e6ca6/p/lib/librsvg-2.a(gthread-posix.c.o):(.text+0x340): first defined here
/usr/bin/ld: /home/uilian/.conan2/p/b/librs336a2333e6ca6/p/lib/librsvg-2.a(gthread.c.o): in function `g_rec_mutex_unlock':
gthread.c:(.text+0xa90): multiple definition of `g_rec_mutex_unlock'; /home/uilian/.conan2/p/b/librs336a2333e6ca6/p/lib/librsvg-2.a(gthread-posix.c.o):(.text+0x3a0): first defined here
/usr/bin/ld: /home/uilian/.conan2/p/b/librs336a2333e6ca6/p/lib/librsvg-2.a(gthread.c.o): in function `g_rec_mutex_trylock':
gthread.c:(.text+0xaa0): multiple definition of `g_rec_mutex_trylock'; /home/uilian/.conan2/p/b/librs336a2333e6ca6/p/lib/librsvg-2.a(gthread-posix.c.o):(.text+0x3b0): first defined here
/usr/bin/ld: /home/uilian/.conan2/p/b/librs336a2333e6ca6/p/lib/librsvg-2.a(gthread.c.o): in function `g_rw_lock_init':
gthread.c:(.text+0xb50): multiple definition of `g_rw_lock_init'; /home/uilian/.conan2/p/b/librs336a2333e6ca6/p/lib/librsvg-2.a(gthread-posix.c.o):(.text+0x410): first defined here
/usr/bin/ld: /home/uilian/.conan2/p/b/librs336a2333e6ca6/p/lib/librsvg-2.a(gthread.c.o): in function `g_rw_lock_clear':
gthread.c:(.text+0xbd0): multiple definition of `g_rw_lock_clear'; /home/uilian/.conan2/p/b/librs336a2333e6ca6/p/lib/librsvg-2.a(gthread-posix.c.o):(.text+0x430): first defined here
/usr/bin/ld: /home/uilian/.conan2/p/b/librs336a2333e6ca6/p/lib/librsvg-2.a(gthread.c.o): in function `g_rw_lock_writer_lock':
gthread.c:(.text+0xbf0): multiple definition of `g_rw_lock_writer_lock'; /home/uilian/.conan2/p/b/librs336a2333e6ca6/p/lib/librsvg-2.a(gthread-posix.c.o):(.text+0x450): first defined here
/usr/bin/ld: /home/uilian/.conan2/p/b/librs336a2333e6ca6/p/lib/librsvg-2.a(gthread.c.o): in function `g_rw_lock_writer_trylock':
gthread.c:(.text+0xcd0): multiple definition of `g_rw_lock_writer_trylock'; /home/uilian/.conan2/p/b/librs336a2333e6ca6/p/lib/librsvg-2.a(gthread-posix.c.o):(.text+0x4d0): first defined here
/usr/bin/ld: /home/uilian/.conan2/p/b/librs336a2333e6ca6/p/lib/librsvg-2.a(gthread.c.o): in function `g_rw_lock_writer_unlock':
gthread.c:(.text+0xd90): multiple definition of `g_rw_lock_writer_unlock'; /home/uilian/.conan2/p/b/librs336a2333e6ca6/p/lib/librsvg-2.a(gthread-posix.c.o):(.text+0x530): first defined here
/usr/bin/ld: /home/uilian/.conan2/p/b/librs336a2333e6ca6/p/lib/librsvg-2.a(gthread.c.o): in function `g_rw_lock_reader_lock':
gthread.c:(.text+0xe50): multiple definition of `g_rw_lock_reader_lock'; /home/uilian/.conan2/p/b/librs336a2333e6ca6/p/lib/librsvg-2.a(gthread-posix.c.o):(.text+0x590): first defined here
/usr/bin/ld: /home/uilian/.conan2/p/b/librs336a2333e6ca6/p/lib/librsvg-2.a(gthread.c.o): in function `g_rw_lock_reader_trylock':
gthread.c:(.text+0xf30): multiple definition of `g_rw_lock_reader_trylock'; /home/uilian/.conan2/p/b/librs336a2333e6ca6/p/lib/librsvg-2.a(gthread-posix.c.o):(.text+0x610): first defined here
/usr/bin/ld: /home/uilian/.conan2/p/b/librs336a2333e6ca6/p/lib/librsvg-2.a(gthread.c.o): in function `g_rw_lock_reader_unlock':
gthread.c:(.text+0xff0): multiple definition of `g_rw_lock_reader_unlock'; /home/uilian/.conan2/p/b/librs336a2333e6ca6/p/lib/librsvg-2.a(gthread-posix.c.o):(.text+0x670): first defined here
/usr/bin/ld: /home/uilian/.conan2/p/b/librs336a2333e6ca6/p/lib/librsvg-2.a(gthread.c.o): in function `g_cond_init':
gthread.c:(.text+0x10b0): multiple definition of `g_cond_init'; /home/uilian/.conan2/p/b/librs336a2333e6ca6/p/lib/librsvg-2.a(gthread-posix.c.o):(.text+0xe30): first defined here
/usr/bin/ld: /home/uilian/.conan2/p/b/librs336a2333e6ca6/p/lib/librsvg-2.a(gthread.c.o): in function `g_cond_clear':
gthread.c:(.text+0x10c0): multiple definition of `g_cond_clear'; /home/uilian/.conan2/p/b/librs336a2333e6ca6/p/lib/librsvg-2.a(gthread-posix.c.o):(.text+0xe40): first defined here
/usr/bin/ld: /home/uilian/.conan2/p/b/librs336a2333e6ca6/p/lib/librsvg-2.a(gthread.c.o): in function `g_cond_wait':
gthread.c:(.text+0x10d0): multiple definition of `g_cond_wait'; /home/uilian/.conan2/p/b/librs336a2333e6ca6/p/lib/librsvg-2.a(gthread-posix.c.o):(.text+0xe50): first defined here
/usr/bin/ld: /home/uilian/.conan2/p/b/librs336a2333e6ca6/p/lib/librsvg-2.a(gthread.c.o): in function `g_once_init_enter.localalias':
gthread.c:(.text+0x1150): multiple definition of `g_once_init_enter'; /home/uilian/.conan2/p/b/librs336a2333e6ca6/p/lib/librsvg-2.a(gthread.c.o):(.text+0x190): first defined here
/usr/bin/ld: /home/uilian/.conan2/p/b/librs336a2333e6ca6/p/lib/librsvg-2.a(gthread.c.o): in function `g_cond_signal':
gthread.c:(.text+0x1200): multiple definition of `g_cond_signal'; /home/uilian/.conan2/p/b/librs336a2333e6ca6/p/lib/librsvg-2.a(gthread-posix.c.o):(.text+0xe90): first defined here
/usr/bin/ld: /home/uilian/.conan2/p/b/librs336a2333e6ca6/p/lib/librsvg-2.a(gthread.c.o): in function `g_cond_broadcast':
gthread.c:(.text+0x1250): multiple definition of `g_cond_broadcast'; /home/uilian/.conan2/p/b/librs336a2333e6ca6/p/lib/librsvg-2.a(gthread-posix.c.o):(.text+0xec0): first defined here
/usr/bin/ld: /home/uilian/.conan2/p/b/librs336a2333e6ca6/p/lib/librsvg-2.a(gthread.c.o): in function `g_once_impl':
gthread.c:(.text+0x12a0): multiple definition of `g_once_impl'; /home/uilian/.conan2/p/b/librs336a2333e6ca6/p/lib/librsvg-2.a(gthread.c.o):(.text+0xf0): first defined here
/usr/bin/ld: /home/uilian/.conan2/p/b/librs336a2333e6ca6/p/lib/librsvg-2.a(gthread.c.o): in function `g_once_init_leave':
gthread.c:(.text+0x1340): multiple definition of `g_once_init_leave'; /home/uilian/.conan2/p/b/librs336a2333e6ca6/p/lib/librsvg-2.a(gthread.c.o):(.text+0x250): first defined here
/usr/bin/ld: /home/uilian/.conan2/p/b/librs336a2333e6ca6/p/lib/librsvg-2.a(gthread.c.o): in function `g_cond_wait_until':
gthread.c:(.text+0x14a0): multiple definition of `g_cond_wait_until'; /home/uilian/.conan2/p/b/librs336a2333e6ca6/p/lib/librsvg-2.a(gthread-posix.c.o):(.text+0xef0): first defined here
/usr/bin/ld: /home/uilian/.conan2/p/b/librs336a2333e6ca6/p/lib/librsvg-2.a(gthread.c.o): in function `g_private_get':
gthread.c:(.text+0x15c0): multiple definition of `g_private_get'; /home/uilian/.conan2/p/b/librs336a2333e6ca6/p/lib/librsvg-2.a(gthread-posix.c.o):(.text+0x6d0): first defined here
/usr/bin/ld: /home/uilian/.conan2/p/b/librs336a2333e6ca6/p/lib/librsvg-2.a(gthread.c.o): in function `g_private_set':
gthread.c:(.text+0x1650): multiple definition of `g_private_set'; /home/uilian/.conan2/p/b/librs336a2333e6ca6/p/lib/librsvg-2.a(gthread-posix.c.o):(.text+0x730): first defined here
/usr/bin/ld: /home/uilian/.conan2/p/b/librs336a2333e6ca6/p/lib/librsvg-2.a(gthread.c.o): in function `g_private_set_alloc0':
gthread.c:(.text+0x1720): multiple definition of `g_private_set_alloc0'; /home/uilian/.conan2/p/b/librs336a2333e6ca6/p/lib/librsvg-2.a(gthread.c.o):(.text+0xc0): first defined here
/usr/bin/ld: /home/uilian/.conan2/p/b/librs336a2333e6ca6/p/lib/librsvg-2.a(gthread.c.o): in function `g_thread_self':
gthread.c:(.text+0x1800): multiple definition of `g_thread_self'; /home/uilian/.conan2/p/b/librs336a2333e6ca6/p/lib/librsvg-2.a(gthread.c.o):(.text+0x620): first defined here
/usr/bin/ld: /home/uilian/.conan2/p/b/librs336a2333e6ca6/p/lib/librsvg-2.a(gthread.c.o): in function `g_thread_exit':
gthread.c:(.text+0x1870): multiple definition of `g_thread_exit'; /home/uilian/.conan2/p/b/librs336a2333e6ca6/p/lib/librsvg-2.a(gthread.c.o):(.text+0x690): first defined here
/usr/bin/ld: /home/uilian/.conan2/p/b/librs336a2333e6ca6/p/lib/librsvg-2.a(gthread.c.o): in function `g_private_replace':
gthread.c:(.text+0x18b0): multiple definition of `g_private_replace'; /home/uilian/.conan2/p/b/librs336a2333e6ca6/p/lib/librsvg-2.a(gthread-posix.c.o):(.text+0x7b0): first defined here
/usr/bin/ld: /home/uilian/.conan2/p/b/librs336a2333e6ca6/p/lib/librsvg-2.a(gthread.c.o): in function `g_thread_yield':
gthread.c:(.text+0x19b0): multiple definition of `g_thread_yield'; /home/uilian/.conan2/p/b/librs336a2333e6ca6/p/lib/librsvg-2.a(gthread-posix.c.o):(.text+0x9b0): first defined here
/usr/bin/ld: /home/uilian/.conan2/p/b/librs336a2333e6ca6/p/lib/librsvg-2.a(gutils.c.o): in function `g_atexit':
gutils.c:(.text+0xbc0): multiple definition of `g_atexit'; /home/uilian/.conan2/p/b/librs336a2333e6ca6/p/lib/librsvg-2.a(gutils.c.o):(.text+0xb90): first defined here
/usr/bin/ld: /home/uilian/.conan2/p/b/librs336a2333e6ca6/p/lib/librsvg-2.a(gutils.c.o): in function `g_find_program_in_path':
gutils.c:(.text+0xf10): multiple definition of `g_find_program_in_path'; /home/uilian/.conan2/p/b/librs336a2333e6ca6/p/lib/librsvg-2.a(gutils.c.o):(.text+0xbe0): first defined here
/usr/bin/ld: /home/uilian/.conan2/p/b/librs336a2333e6ca6/p/lib/librsvg-2.a(gutils.c.o): in function `g_bit_nth_lsf':
gutils.c:(.text+0xf20): multiple definition of `g_bit_nth_lsf'; /home/uilian/.conan2/p/b/librs336a2333e6ca6/p/lib/librsvg-2.a(gutils.c.o):(.text+0xe20): first defined here
/usr/bin/ld: /home/uilian/.conan2/p/b/librs336a2333e6ca6/p/lib/librsvg-2.a(gutils.c.o): in function `g_bit_nth_msf':
gutils.c:(.text+0xf50): multiple definition of `g_bit_nth_msf'; /home/uilian/.conan2/p/b/librs336a2333e6ca6/p/lib/librsvg-2.a(gutils.c.o):(.text+0xe50): first defined here
/usr/bin/ld: /home/uilian/.conan2/p/b/librs336a2333e6ca6/p/lib/librsvg-2.a(gutils.c.o): in function `g_bit_storage':
gutils.c:(.text+0xf90): multiple definition of `g_bit_storage'; /home/uilian/.conan2/p/b/librs336a2333e6ca6/p/lib/librsvg-2.a(gutils.c.o):(.text+0xe80): first defined here
/usr/bin/ld: /home/uilian/.conan2/p/b/librs336a2333e6ca6/p/lib/librsvg-2.a(gutils.c.o): in function `g_get_user_name':
gutils.c:(.text+0xfb0): multiple definition of `g_get_user_name'; /home/uilian/.conan2/p/b/librs336a2333e6ca6/p/lib/librsvg-2.a(gutils.c.o):(.text+0xea0): first defined here
/usr/bin/ld: /home/uilian/.conan2/p/b/librs336a2333e6ca6/p/lib/librsvg-2.a(gutils.c.o): in function `g_get_real_name':
gutils.c:(.text+0xfd0): multiple definition of `g_get_real_name'; /home/uilian/.conan2/p/b/librs336a2333e6ca6/p/lib/librsvg-2.a(gutils.c.o):(.text+0xec0): first defined here
/usr/bin/ld: /home/uilian/.conan2/p/b/librs336a2333e6ca6/p/lib/librsvg-2.a(gutils.c.o): in function `g_get_home_dir':
gutils.c:(.text+0xff0): multiple definition of `g_get_home_dir'; /home/uilian/.conan2/p/b/librs336a2333e6ca6/p/lib/librsvg-2.a(gutils.c.o):(.text+0xee0): first defined here
/usr/bin/ld: /home/uilian/.conan2/p/b/librs336a2333e6ca6/p/lib/librsvg-2.a(gutils.c.o): in function `g_get_tmp_dir':
gutils.c:(.text+0x1080): multiple definition of `g_get_tmp_dir'; /home/uilian/.conan2/p/b/librs336a2333e6ca6/p/lib/librsvg-2.a(gutils.c.o):(.text+0xf40): first defined here
/usr/bin/ld: /home/uilian/.conan2/p/b/librs336a2333e6ca6/p/lib/librsvg-2.a(gutils.c.o): in function `g_get_host_name':
gutils.c:(.text+0x1140): multiple definition of `g_get_host_name'; /home/uilian/.conan2/p/b/librs336a2333e6ca6/p/lib/librsvg-2.a(gutils.c.o):(.text+0x1010): first defined here
/usr/bin/ld: /home/uilian/.conan2/p/b/librs336a2333e6ca6/p/lib/librsvg-2.a(gutils.c.o): in function `g_get_prgname':
gutils.c:(.text+0x1260): multiple definition of `g_get_prgname'; /home/uilian/.conan2/p/b/librs336a2333e6ca6/p/lib/librsvg-2.a(gutils.c.o):(.text+0x1110): first defined here
/usr/bin/ld: /home/uilian/.conan2/p/b/librs336a2333e6ca6/p/lib/librsvg-2.a(gutils.c.o): in function `g_set_prgname':
gutils.c:(.text+0x1270): multiple definition of `g_set_prgname'; /home/uilian/.conan2/p/b/librs336a2333e6ca6/p/lib/librsvg-2.a(gutils.c.o):(.text+0x1150): first defined here
/usr/bin/ld: /home/uilian/.conan2/p/b/librs336a2333e6ca6/p/lib/librsvg-2.a(gutils.c.o): in function `g_get_application_name':
gutils.c:(.text+0x12c0): multiple definition of `g_get_application_name'; /home/uilian/.conan2/p/b/librs336a2333e6ca6/p/lib/librsvg-2.a(gutils.c.o):(.text+0x1190): first defined here
/usr/bin/ld: /home/uilian/.conan2/p/b/librs336a2333e6ca6/p/lib/librsvg-2.a(gutils.c.o): in function `g_set_application_name':
gutils.c:(.text+0x12e0): multiple definition of `g_set_application_name'; /home/uilian/.conan2/p/b/librs336a2333e6ca6/p/lib/librsvg-2.a(gutils.c.o):(.text+0x11e0): first defined here
/usr/bin/ld: /home/uilian/.conan2/p/b/librs336a2333e6ca6/p/lib/librsvg-2.a(gutils.c.o): in function `g_get_os_info':
gutils.c:(.text+0x1340): multiple definition of `g_get_os_info'; /home/uilian/.conan2/p/b/librs336a2333e6ca6/p/lib/librsvg-2.a(gutils.c.o):(.text+0x1250): first defined here
/usr/bin/ld: /home/uilian/.conan2/p/b/librs336a2333e6ca6/p/lib/librsvg-2.a(gutils.c.o): in function `g_set_user_dirs':
gutils.c:(.text+0x15b0): multiple definition of `g_set_user_dirs'; /home/uilian/.conan2/p/b/librs336a2333e6ca6/p/lib/librsvg-2.a(gutils.c.o):(.text+0x14c0): first defined here
/usr/bin/ld: /home/uilian/.conan2/p/b/librs336a2333e6ca6/p/lib/librsvg-2.a(gutils.c.o): in function `g_get_user_data_dir':
gutils.c:(.text+0x1a70): multiple definition of `g_get_user_data_dir'; /home/uilian/.conan2/p/b/librs336a2333e6ca6/p/lib/librsvg-2.a(gutils.c.o):(.text+0x1900): first defined here
/usr/bin/ld: /home/uilian/.conan2/p/b/librs336a2333e6ca6/p/lib/librsvg-2.a(gutils.c.o): in function `g_get_user_config_dir':
gutils.c:(.text+0x1b20): multiple definition of `g_get_user_config_dir'; /home/uilian/.conan2/p/b/librs336a2333e6ca6/p/lib/librsvg-2.a(gutils.c.o):(.text+0x19a0): first defined here
/usr/bin/ld: /home/uilian/.conan2/p/b/librs336a2333e6ca6/p/lib/librsvg-2.a(gutils.c.o): in function `g_get_user_cache_dir':
gutils.c:(.text+0x1b70): multiple definition of `g_get_user_cache_dir'; /home/uilian/.conan2/p/b/librs336a2333e6ca6/p/lib/librsvg-2.a(gutils.c.o):(.text+0x1a00): first defined here
/usr/bin/ld: /home/uilian/.conan2/p/b/librs336a2333e6ca6/p/lib/librsvg-2.a(gutils.c.o): in function `g_get_user_state_dir':
gutils.c:(.text+0x1bc0): multiple definition of `g_get_user_state_dir'; /home/uilian/.conan2/p/b/librs336a2333e6ca6/p/lib/librsvg-2.a(gutils.c.o):(.text+0x1a60): first defined here
/usr/bin/ld: /home/uilian/.conan2/p/b/librs336a2333e6ca6/p/lib/librsvg-2.a(gutils.c.o): in function `g_get_user_runtime_dir':
gutils.c:(.text+0x1c60): multiple definition of `g_get_user_runtime_dir'; /home/uilian/.conan2/p/b/librs336a2333e6ca6/p/lib/librsvg-2.a(gutils.c.o):(.text+0x1b00): first defined here
/usr/bin/ld: /home/uilian/.conan2/p/b/librs336a2333e6ca6/p/lib/librsvg-2.a(gutils.c.o): in function `g_reload_user_special_dirs_cache':
gutils.c:(.text+0x1ce0): multiple definition of `g_reload_user_special_dirs_cache'; /home/uilian/.conan2/p/b/librs336a2333e6ca6/p/lib/librsvg-2.a(gutils.c.o):(.text+0x1b90): first defined here
/usr/bin/ld: /home/uilian/.conan2/p/b/librs336a2333e6ca6/p/lib/librsvg-2.a(gutils.c.o): in function `g_get_user_special_dir':
gutils.c:(.text+0x1da0): multiple definition of `g_get_user_special_dir'; /home/uilian/.conan2/p/b/librs336a2333e6ca6/p/lib/librsvg-2.a(gutils.c.o):(.text+0x1c60): first defined here
/usr/bin/ld: /home/uilian/.conan2/p/b/librs336a2333e6ca6/p/lib/librsvg-2.a(gutils.c.o): in function `g_get_system_data_dirs':
gutils.c:(.text+0x1e80): multiple definition of `g_get_system_data_dirs'; /home/uilian/.conan2/p/b/librs336a2333e6ca6/p/lib/librsvg-2.a(gutils.c.o):(.text+0x1d40): first defined here
/usr/bin/ld: /home/uilian/.conan2/p/b/librs336a2333e6ca6/p/lib/librsvg-2.a(gutils.c.o): in function `g_get_system_config_dirs':
gutils.c:(.text+0x1f10): multiple definition of `g_get_system_config_dirs'; /home/uilian/.conan2/p/b/librs336a2333e6ca6/p/lib/librsvg-2.a(gutils.c.o):(.text+0x1dd0): first defined here
/usr/bin/ld: /home/uilian/.conan2/p/b/librs336a2333e6ca6/p/lib/librsvg-2.a(gutils.c.o): in function `g_nullify_pointer':
gutils.c:(.text+0x1fa0): multiple definition of `g_nullify_pointer'; /home/uilian/.conan2/p/b/librs336a2333e6ca6/p/lib/librsvg-2.a(gutils.c.o):(.text+0x1e60): first defined here
/usr/bin/ld: /home/uilian/.conan2/p/b/librs336a2333e6ca6/p/lib/librsvg-2.a(gutils.c.o): in function `g_format_size_full':
gutils.c:(.text+0x1fd0): multiple definition of `g_format_size_full'; /home/uilian/.conan2/p/b/librs336a2333e6ca6/p/lib/librsvg-2.a(gutils.c.o):(.text+0x1ea0): first defined here
/usr/bin/ld: /home/uilian/.conan2/p/b/librs336a2333e6ca6/p/lib/librsvg-2.a(gutils.c.o): in function `g_format_size':
gutils.c:(.text+0x2760): multiple definition of `g_format_size'; /home/uilian/.conan2/p/b/librs336a2333e6ca6/p/lib/librsvg-2.a(gutils.c.o):(.text+0x2210): first defined here
/usr/bin/ld: /home/uilian/.conan2/p/b/librs336a2333e6ca6/p/lib/librsvg-2.a(gutils.c.o): in function `g_format_size_for_display':
gutils.c:(.text+0x2770): multiple definition of `g_format_size_for_display'; /home/uilian/.conan2/p/b/librs336a2333e6ca6/p/lib/librsvg-2.a(gutils.c.o):(.text+0x2220): first defined here
/usr/bin/ld: /home/uilian/.conan2/p/b/librs336a2333e6ca6/p/lib/librsvg-2.a(gutils.c.o): in function `g_check_setuid':
gutils.c:(.text+0x28e0): multiple definition of `g_check_setuid'; /home/uilian/.conan2/p/b/librs336a2333e6ca6/p/lib/librsvg-2.a(gutils.c.o):(.text+0x2410): first defined here
/usr/bin/ld: /home/uilian/.conan2/p/b/librs336a2333e6ca6/p/lib/librsvg-2.a(gvariant.c.o): in function `g_variant_new_boolean':
gvariant.c:(.text+0x0): multiple definition of `g_variant_new_boolean'; /home/uilian/.conan2/p/b/librs336a2333e6ca6/p/lib/librsvg-2.a(gvariant.c.o):(.text+0x60): first defined here
/usr/bin/ld: /home/uilian/.conan2/p/b/librs336a2333e6ca6/p/lib/librsvg-2.a(gvariant.c.o): in function `g_variant_new_byte':
gvariant.c:(.text+0x30): multiple definition of `g_variant_new_byte'; /home/uilian/.conan2/p/b/librs336a2333e6ca6/p/lib/librsvg-2.a(gvariant.c.o):(.text+0xe0): first defined here
/usr/bin/ld: /home/uilian/.conan2/p/b/librs336a2333e6ca6/p/lib/librsvg-2.a(gvariant.c.o): in function `g_variant_new_int16':
gvariant.c:(.text+0x60): multiple definition of `g_variant_new_int16'; /home/uilian/.conan2/p/b/librs336a2333e6ca6/p/lib/librsvg-2.a(gvariant.c.o):(.text+0x130): first defined here
/usr/bin/ld: /home/uilian/.conan2/p/b/librs336a2333e6ca6/p/lib/librsvg-2.a(gvariant.c.o): in function `g_variant_new_uint16':
gvariant.c:(.text+0x90): multiple definition of `g_variant_new_uint16'; /home/uilian/.conan2/p/b/librs336a2333e6ca6/p/lib/librsvg-2.a(gvariant.c.o):(.text+0x180): first defined here
/usr/bin/ld: /home/uilian/.conan2/p/b/librs336a2333e6ca6/p/lib/librsvg-2.a(gvariant.c.o): in function `g_variant_new_int32':
gvariant.c:(.text+0xc0): multiple definition of `g_variant_new_int32'; /home/uilian/.conan2/p/b/librs336a2333e6ca6/p/lib/librsvg-2.a(gvariant.c.o):(.text+0x1d0): first defined here
/usr/bin/ld: /home/uilian/.conan2/p/b/librs336a2333e6ca6/p/lib/librsvg-2.a(gvariant.c.o): in function `g_variant_new_uint32':
gvariant.c:(.text+0xf0): multiple definition of `g_variant_new_uint32'; /home/uilian/.conan2/p/b/librs336a2333e6ca6/p/lib/librsvg-2.a(gvariant.c.o):(.text+0x220): first defined here
/usr/bin/ld: /home/uilian/.conan2/p/b/librs336a2333e6ca6/p/lib/librsvg-2.a(gvariant.c.o): in function `g_variant_new_int64':
gvariant.c:(.text+0x120): multiple definition of `g_variant_new_int64'; /home/uilian/.conan2/p/b/librs336a2333e6ca6/p/lib/librsvg-2.a(gvariant.c.o):(.text+0x270): first defined here
/usr/bin/ld: /home/uilian/.conan2/p/b/librs336a2333e6ca6/p/lib/librsvg-2.a(gvariant.c.o): in function `g_variant_new_uint64':
gvariant.c:(.text+0x150): multiple definition of `g_variant_new_uint64'; /home/uilian/.conan2/p/b/librs336a2333e6ca6/p/lib/librsvg-2.a(gvariant.c.o):(.text+0x2c0): first defined here
/usr/bin/ld: /home/uilian/.conan2/p/b/librs336a2333e6ca6/p/lib/librsvg-2.a(gvariant.c.o): in function `g_variant_new_handle':
gvariant.c:(.text+0x180): multiple definition of `g_variant_new_handle'; /home/uilian/.conan2/p/b/librs336a2333e6ca6/p/lib/librsvg-2.a(gvariant.c.o):(.text+0x310): first defined here
/usr/bin/ld: /home/uilian/.conan2/p/b/librs336a2333e6ca6/p/lib/librsvg-2.a(gvariant.c.o): in function `g_variant_new_double':
gvariant.c:(.text+0x1b0): multiple definition of `g_variant_new_double'; /home/uilian/.conan2/p/b/librs336a2333e6ca6/p/lib/librsvg-2.a(gvariant.c.o):(.text+0x360): first defined here
/usr/bin/ld: /home/uilian/.conan2/p/b/librs336a2333e6ca6/p/lib/librsvg-2.a(gvariant.c.o): in function `g_variant_new_variant':
gvariant.c:(.text+0x1e0): multiple definition of `g_variant_new_variant'; /home/uilian/.conan2/p/b/librs336a2333e6ca6/p/lib/librsvg-2.a(gvariant.c.o):(.text+0x3b0): first defined here
/usr/bin/ld: /home/uilian/.conan2/p/b/librs336a2333e6ca6/p/lib/librsvg-2.a(gvariant.c.o): in function `g_variant_new_string':
gvariant.c:(.text+0x260): multiple definition of `g_variant_new_string'; /home/uilian/.conan2/p/b/librs336a2333e6ca6/p/lib/librsvg-2.a(gvariant.c.o):(.text+0x440): first defined here
/usr/bin/ld: /home/uilian/.conan2/p/b/librs336a2333e6ca6/p/lib/librsvg-2.a(gvariant.c.o): in function `g_variant_new_take_string':
gvariant.c:(.text+0x330): multiple definition of `g_variant_new_take_string'; /home/uilian/.conan2/p/b/librs336a2333e6ca6/p/lib/librsvg-2.a(gvariant.c.o):(.text+0x500): first defined here
/usr/bin/ld: /home/uilian/.conan2/p/b/librs336a2333e6ca6/p/lib/librsvg-2.a(gvariant.c.o): in function `g_variant_new_printf':
gvariant.c:(.text+0x3e0): multiple definition of `g_variant_new_printf'; /home/uilian/.conan2/p/b/librs336a2333e6ca6/p/lib/librsvg-2.a(gvariant.c.o):(.text+0x5c0): first defined here
/usr/bin/ld: /home/uilian/.conan2/p/b/librs336a2333e6ca6/p/lib/librsvg-2.a(gvariant.c.o): in function `g_variant_is_object_path':
gvariant.c:(.text+0x4d0): multiple definition of `g_variant_is_object_path'; /home/uilian/.conan2/p/b/librs336a2333e6ca6/p/lib/librsvg-2.a(gvariant.c.o):(.text+0x6f0): first defined here
/usr/bin/ld: /home/uilian/.conan2/p/b/librs336a2333e6ca6/p/lib/librsvg-2.a(gvariant.c.o): in function `g_variant_new_object_path':
gvariant.c:(.text+0x510): multiple definition of `g_variant_new_object_path'; /home/uilian/.conan2/p/b/librs336a2333e6ca6/p/lib/librsvg-2.a(gvariant.c.o):(.text+0x730): first defined here
/usr/bin/ld: /home/uilian/.conan2/p/b/librs336a2333e6ca6/p/lib/librsvg-2.a(gvariant.c.o): in function `g_variant_is_signature':
gvariant.c:(.text+0x580): multiple definition of `g_variant_is_signature'; /home/uilian/.conan2/p/b/librs336a2333e6ca6/p/lib/librsvg-2.a(gvariant.c.o):(.text+0x7c0): first defined here
/usr/bin/ld: /home/uilian/.conan2/p/b/librs336a2333e6ca6/p/lib/librsvg-2.a(gvariant.c.o): in function `g_variant_new_signature':
gvariant.c:(.text+0x5c0): multiple definition of `g_variant_new_signature'; /home/uilian/.conan2/p/b/librs336a2333e6ca6/p/lib/librsvg-2.a(gvariant.c.o):(.text+0x800): first defined here
/usr/bin/ld: /home/uilian/.conan2/p/b/librs336a2333e6ca6/p/lib/librsvg-2.a(gvariant.c.o): in function `g_variant_new_strv':
gvariant.c:(.text+0x630): multiple definition of `g_variant_new_strv'; /home/uilian/.conan2/p/b/librs336a2333e6ca6/p/lib/librsvg-2.a(gvariant.c.o):(.text+0x890): first defined here
/usr/bin/ld: /home/uilian/.conan2/p/b/librs336a2333e6ca6/p/lib/librsvg-2.a(gvariant.c.o): in function `g_variant_new_objv':
gvariant.c:(.text+0x6f0): multiple definition of `g_variant_new_objv'; /home/uilian/.conan2/p/b/librs336a2333e6ca6/p/lib/librsvg-2.a(gvariant.c.o):(.text+0x950): first defined here
/usr/bin/ld: /home/uilian/.conan2/p/b/librs336a2333e6ca6/p/lib/librsvg-2.a(gvariant.c.o): in function `g_variant_new_bytestring':
gvariant.c:(.text+0x7b0): multiple definition of `g_variant_new_bytestring'; /home/uilian/.conan2/p/b/librs336a2333e6ca6/p/lib/librsvg-2.a(gvariant.c.o):(.text+0xa10): first defined here
/usr/bin/ld: /home/uilian/.conan2/p/b/librs336a2333e6ca6/p/lib/librsvg-2.a(gvariant.c.o): in function `g_variant_new_bytestring_array':
gvariant.c:(.text+0x820): multiple definition of `g_variant_new_bytestring_array'; /home/uilian/.conan2/p/b/librs336a2333e6ca6/p/lib/librsvg-2.a(gvariant.c.o):(.text+0xa90): first defined here
/usr/bin/ld: /home/uilian/.conan2/p/b/librs336a2333e6ca6/p/lib/librsvg-2.a(gvariant.c.o): in function `g_variant_get_type':
gvariant.c:(.text+0x8e0): multiple definition of `g_variant_get_type'; /home/uilian/.conan2/p/b/librs336a2333e6ca6/p/lib/librsvg-2.a(gvariant.c.o):(.text+0xb50): first defined here
/usr/bin/ld: /home/uilian/.conan2/p/b/librs336a2333e6ca6/p/lib/librsvg-2.a(gvariant.c.o): in function `g_variant_new_tuple':
gvariant.c:(.text+0x930): multiple definition of `g_variant_new_tuple'; /home/uilian/.conan2/p/b/librs336a2333e6ca6/p/lib/librsvg-2.a(gvariant.c.o):(.text+0xc10): first defined here
/usr/bin/ld: /home/uilian/.conan2/p/b/librs336a2333e6ca6/p/lib/librsvg-2.a(gvariant.c.o): in function `g_variant_get_type_string':
gvariant.c:(.text+0xa60): multiple definition of `g_variant_get_type_string'; /home/uilian/.conan2/p/b/librs336a2333e6ca6/p/lib/librsvg-2.a(gvariant.c.o):(.text+0xce0): first defined here
/usr/bin/ld: /home/uilian/.conan2/p/b/librs336a2333e6ca6/p/lib/librsvg-2.a(gvariant.c.o): in function `g_variant_is_of_type':
gvariant.c:(.text+0xab0): multiple definition of `g_variant_is_of_type'; /home/uilian/.conan2/p/b/librs336a2333e6ca6/p/lib/librsvg-2.a(gvariant.c.o):(.text+0xd30): first defined here
/usr/bin/ld: /home/uilian/.conan2/p/b/librs336a2333e6ca6/p/lib/librsvg-2.a(gvariant.c.o): in function `g_variant_get_boolean':
gvariant.c:(.text+0xad0): multiple definition of `g_variant_get_boolean'; /home/uilian/.conan2/p/b/librs336a2333e6ca6/p/lib/librsvg-2.a(gvariant.c.o):(.text+0xd50): first defined here
/usr/bin/ld: /home/uilian/.conan2/p/b/librs336a2333e6ca6/p/lib/librsvg-2.a(gvariant.c.o): in function `g_variant_get_byte':
gvariant.c:(.text+0xb20): multiple definition of `g_variant_get_byte'; /home/uilian/.conan2/p/b/librs336a2333e6ca6/p/lib/librsvg-2.a(gvariant.c.o):(.text+0xdc0): first defined here
/usr/bin/ld: /home/uilian/.conan2/p/b/librs336a2333e6ca6/p/lib/librsvg-2.a(gvariant.c.o): in function `g_variant_get_int16':
gvariant.c:(.text+0xb70): multiple definition of `g_variant_get_int16'; /home/uilian/.conan2/p/b/librs336a2333e6ca6/p/lib/librsvg-2.a(gvariant.c.o):(.text+0xe20): first defined here
/usr/bin/ld: /home/uilian/.conan2/p/b/librs336a2333e6ca6/p/lib/librsvg-2.a(gvariant.c.o): in function `g_variant_get_uint16':
gvariant.c:(.text+0xbc0): multiple definition of `g_variant_get_uint16'; /home/uilian/.conan2/p/b/librs336a2333e6ca6/p/lib/librsvg-2.a(gvariant.c.o):(.text+0xe80): first defined here
/usr/bin/ld: /home/uilian/.conan2/p/b/librs336a2333e6ca6/p/lib/librsvg-2.a(gvariant.c.o): in function `g_variant_get_int32':
gvariant.c:(.text+0xc10): multiple definition of `g_variant_get_int32'; /home/uilian/.conan2/p/b/librs336a2333e6ca6/p/lib/librsvg-2.a(gvariant.c.o):(.text+0xee0): first defined here
/usr/bin/ld: /home/uilian/.conan2/p/b/librs336a2333e6ca6/p/lib/librsvg-2.a(gvariant.c.o): in function `g_variant_get_uint32':
gvariant.c:(.text+0xc60): multiple definition of `g_variant_get_uint32'; /home/uilian/.conan2/p/b/librs336a2333e6ca6/p/lib/librsvg-2.a(gvariant.c.o):(.text+0xf40): first defined here
/usr/bin/ld: /home/uilian/.conan2/p/b/librs336a2333e6ca6/p/lib/librsvg-2.a(gvariant.c.o): in function `g_variant_get_int64':
gvariant.c:(.text+0xcb0): multiple definition of `g_variant_get_int64'; /home/uilian/.conan2/p/b/librs336a2333e6ca6/p/lib/librsvg-2.a(gvariant.c.o):(.text+0xfa0): first defined here
/usr/bin/ld: /home/uilian/.conan2/p/b/librs336a2333e6ca6/p/lib/librsvg-2.a(gvariant.c.o): in function `g_variant_get_uint64':
gvariant.c:(.text+0xd00): multiple definition of `g_variant_get_uint64'; /home/uilian/.conan2/p/b/librs336a2333e6ca6/p/lib/librsvg-2.a(gvariant.c.o):(.text+0x1000): first defined here
/usr/bin/ld: /home/uilian/.conan2/p/b/librs336a2333e6ca6/p/lib/librsvg-2.a(gvariant.c.o): in function `g_variant_get_handle':
gvariant.c:(.text+0xd50): multiple definition of `g_variant_get_handle'; /home/uilian/.conan2/p/b/librs336a2333e6ca6/p/lib/librsvg-2.a(gvariant.c.o):(.text+0x1060): first defined here
/usr/bin/ld: /home/uilian/.conan2/p/b/librs336a2333e6ca6/p/lib/librsvg-2.a(gvariant.c.o): in function `g_variant_get_double':
gvariant.c:(.text+0xda0): multiple definition of `g_variant_get_double'; /home/uilian/.conan2/p/b/librs336a2333e6ca6/p/lib/librsvg-2.a(gvariant.c.o):(.text+0x10c0): first defined here
/usr/bin/ld: /home/uilian/.conan2/p/b/librs336a2333e6ca6/p/lib/librsvg-2.a(gvariant.c.o): in function `g_variant_new_maybe':
gvariant.c:(.text+0xdf0): multiple definition of `g_variant_new_maybe'; /home/uilian/.conan2/p/b/librs336a2333e6ca6/p/lib/librsvg-2.a(gvariant.c.o):(.text+0x1120): first defined here
/usr/bin/ld: /home/uilian/.conan2/p/b/librs336a2333e6ca6/p/lib/librsvg-2.a(gvariant.c.o): in function `g_variant_get_maybe':
gvariant.c:(.text+0xf40): multiple definition of `g_variant_get_maybe'; /home/uilian/.conan2/p/b/librs336a2333e6ca6/p/lib/librsvg-2.a(gvariant.c.o):(.text+0x1280): first defined here
/usr/bin/ld: /home/uilian/.conan2/p/b/librs336a2333e6ca6/p/lib/librsvg-2.a(gvariant.c.o): in function `g_variant_get_variant':
gvariant.c:(.text+0xfa0): multiple definition of `g_variant_get_variant'; /home/uilian/.conan2/p/b/librs336a2333e6ca6/p/lib/librsvg-2.a(gvariant.c.o):(.text+0x12e0): first defined here
/usr/bin/ld: /home/uilian/.conan2/p/b/librs336a2333e6ca6/p/lib/librsvg-2.a(gvariant.c.o): in function `g_variant_new_array':
gvariant.c:(.text+0xfe0): multiple definition of `g_variant_new_array'; /home/uilian/.conan2/p/b/librs336a2333e6ca6/p/lib/librsvg-2.a(gvariant.c.o):(.text+0x1330): first defined here
/usr/bin/ld: /home/uilian/.conan2/p/b/librs336a2333e6ca6/p/lib/librsvg-2.a(gvariant.c.o): in function `g_variant_get_fixed_array':
gvariant.c:(.text+0x1190): multiple definition of `g_variant_get_fixed_array'; /home/uilian/.conan2/p/b/librs336a2333e6ca6/p/lib/librsvg-2.a(gvariant.c.o):(.text+0x1560): first defined here
/usr/bin/ld: /home/uilian/.conan2/p/b/librs336a2333e6ca6/p/lib/librsvg-2.a(gvariant.c.o): in function `g_variant_get_bytestring':
gvariant.c:(.text+0x12e0): multiple definition of `g_variant_get_bytestring'; /home/uilian/.conan2/p/b/librs336a2333e6ca6/p/lib/librsvg-2.a(gvariant.c.o):(.text+0x1700): first defined here
/usr/bin/ld: /home/uilian/.conan2/p/b/librs336a2333e6ca6/p/lib/librsvg-2.a(gvariant.c.o): in function `g_variant_dup_bytestring':
gvariant.c:(.text+0x1370): multiple definition of `g_variant_dup_bytestring'; /home/uilian/.conan2/p/b/librs336a2333e6ca6/p/lib/librsvg-2.a(gvariant.c.o):(.text+0x1790): first defined here
/usr/bin/ld: /home/uilian/.conan2/p/b/librs336a2333e6ca6/p/lib/librsvg-2.a(gvariant.c.o): in function `g_variant_get_bytestring_array':
gvariant.c:(.text+0x13c0): multiple definition of `g_variant_get_bytestring_array'; /home/uilian/.conan2/p/b/librs336a2333e6ca6/p/lib/librsvg-2.a(gvariant.c.o):(.text+0x17e0): first defined here
/usr/bin/ld: /home/uilian/.conan2/p/b/librs336a2333e6ca6/p/lib/librsvg-2.a(gvariant.c.o): in function `g_variant_dup_bytestring_array':
gvariant.c:(.text+0x1480): multiple definition of `g_variant_dup_bytestring_array'; /home/uilian/.conan2/p/b/librs336a2333e6ca6/p/lib/librsvg-2.a(gvariant.c.o):(.text+0x18c0): first defined here
/usr/bin/ld: /home/uilian/.conan2/p/b/librs336a2333e6ca6/p/lib/librsvg-2.a(gvariant.c.o): in function `g_variant_is_container':
gvariant.c:(.text+0x1550): multiple definition of `g_variant_is_container'; /home/uilian/.conan2/p/b/librs336a2333e6ca6/p/lib/librsvg-2.a(gvariant.c.o):(.text+0x19a0): first defined here
/usr/bin/ld: /home/uilian/.conan2/p/b/librs336a2333e6ca6/p/lib/librsvg-2.a(gvariant.c.o): in function `g_variant_new_dict_entry':
gvariant.c:(.text+0x1570): multiple definition of `g_variant_new_dict_entry'; /home/uilian/.conan2/p/b/librs336a2333e6ca6/p/lib/librsvg-2.a(gvariant.c.o):(.text+0x19c0): first defined here
/usr/bin/ld: /home/uilian/.conan2/p/b/librs336a2333e6ca6/p/lib/librsvg-2.a(gvariant.c.o): in function `g_variant_classify':
gvariant.c:(.text+0x1690): multiple definition of `g_variant_classify'; /home/uilian/.conan2/p/b/librs336a2333e6ca6/p/lib/librsvg-2.a(gvariant.c.o):(.text+0x1af0): first defined here
/usr/bin/ld: /home/uilian/.conan2/p/b/librs336a2333e6ca6/p/lib/librsvg-2.a(gvariant.c.o): in function `g_variant_get_string':
gvariant.c:(.text+0x16e0): multiple definition of `g_variant_get_string'; /home/uilian/.conan2/p/b/librs336a2333e6ca6/p/lib/librsvg-2.a(gvariant.c.o):(.text+0x1b40): first defined here
/usr/bin/ld: /home/uilian/.conan2/p/b/librs336a2333e6ca6/p/lib/librsvg-2.a(gvariant.c.o): in function `g_variant_dup_string':
gvariant.c:(.text+0x1870): multiple definition of `g_variant_dup_string'; /home/uilian/.conan2/p/b/librs336a2333e6ca6/p/lib/librsvg-2.a(gvariant.c.o):(.text+0x1cd0): first defined here
/usr/bin/ld: /home/uilian/.conan2/p/b/librs336a2333e6ca6/p/lib/librsvg-2.a(gvariant.c.o): in function `g_variant_dup_strv':
gvariant.c:(.text+0x1890): multiple definition of `g_variant_dup_strv'; /home/uilian/.conan2/p/b/librs336a2333e6ca6/p/lib/librsvg-2.a(gvariant.c.o):(.text+0x1cf0): first defined here
/usr/bin/ld: /home/uilian/.conan2/p/b/librs336a2333e6ca6/p/lib/librsvg-2.a(gvariant.c.o): in function `g_variant_dup_objv':
gvariant.c:(.text+0x1960): multiple definition of `g_variant_dup_objv'; /home/uilian/.conan2/p/b/librs336a2333e6ca6/p/lib/librsvg-2.a(gvariant.c.o):(.text+0x1dc0): first defined here
/usr/bin/ld: /home/uilian/.conan2/p/b/librs336a2333e6ca6/p/lib/librsvg-2.a(gvariant.c.o): in function `g_variant_get_strv':
gvariant.c:(.text+0x1a30): multiple definition of `g_variant_get_strv'; /home/uilian/.conan2/p/b/librs336a2333e6ca6/p/lib/librsvg-2.a(gvariant.c.o):(.text+0x1e90): first defined here
/usr/bin/ld: /home/uilian/.conan2/p/b/librs336a2333e6ca6/p/lib/librsvg-2.a(gvariant.c.o): in function `g_variant_get_objv':
gvariant.c:(.text+0x1b00): multiple definition of `g_variant_get_objv'; /home/uilian/.conan2/p/b/librs336a2333e6ca6/p/lib/librsvg-2.a(gvariant.c.o):(.text+0x1f70): first defined here
/usr/bin/ld: /home/uilian/.conan2/p/b/librs336a2333e6ca6/p/lib/librsvg-2.a(gvariant.c.o): in function `g_variant_print_string.localalias':
gvariant.c:(.text+0x1bd0): multiple definition of `g_variant_print_string'; /home/uilian/.conan2/p/b/librs336a2333e6ca6/p/lib/librsvg-2.a(gvariant.c.o):(.text+0x2070): first defined here
/usr/bin/ld: /home/uilian/.conan2/p/b/librs336a2333e6ca6/p/lib/librsvg-2.a(gvariant.c.o): in function `g_variant_print':
gvariant.c:(.text+0x3970): multiple definition of `g_variant_print'; /home/uilian/.conan2/p/b/librs336a2333e6ca6/p/lib/librsvg-2.a(gvariant.c.o):(.text+0x2050): first defined here
/usr/bin/ld: /home/uilian/.conan2/p/b/librs336a2333e6ca6/p/lib/librsvg-2.a(gvariant.c.o): in function `g_variant_hash':
gvariant.c:(.text+0x3990): multiple definition of `g_variant_hash'; /home/uilian/.conan2/p/b/librs336a2333e6ca6/p/lib/librsvg-2.a(gvariant.c.o):(.text+0x2f70): first defined here
/usr/bin/ld: /home/uilian/.conan2/p/b/librs336a2333e6ca6/p/lib/librsvg-2.a(gvariant.c.o): in function `g_variant_equal':
gvariant.c:(.text+0x3ad0): multiple definition of `g_variant_equal'; /home/uilian/.conan2/p/b/librs336a2333e6ca6/p/lib/librsvg-2.a(gvariant.c.o):(.text+0x30a0): first defined here
/usr/bin/ld: /home/uilian/.conan2/p/b/librs336a2333e6ca6/p/lib/librsvg-2.a(gvariant.c.o): in function `g_variant_compare':
gvariant.c:(.text+0x3c00): multiple definition of `g_variant_compare'; /home/uilian/.conan2/p/b/librs336a2333e6ca6/p/lib/librsvg-2.a(gvariant.c.o):(.text+0x31e0): first defined here
/usr/bin/ld: /home/uilian/.conan2/p/b/librs336a2333e6ca6/p/lib/librsvg-2.a(gvariant.c.o): in function `g_variant_iter_init':
gvariant.c:(.text+0x3e50): multiple definition of `g_variant_iter_init'; /home/uilian/.conan2/p/b/librs336a2333e6ca6/p/lib/librsvg-2.a(gvariant.c.o):(.text+0x3450): first defined here
/usr/bin/ld: /home/uilian/.conan2/p/b/librs336a2333e6ca6/p/lib/librsvg-2.a(gvariant.c.o): in function `g_variant_iter_new':
gvariant.c:(.text+0x3e80): multiple definition of `g_variant_iter_new'; /home/uilian/.conan2/p/b/librs336a2333e6ca6/p/lib/librsvg-2.a(gvariant.c.o):(.text+0x3490): first defined here
/usr/bin/ld: /home/uilian/.conan2/p/b/librs336a2333e6ca6/p/lib/librsvg-2.a(gvariant.c.o): in function `g_variant_iter_copy':
gvariant.c:(.text+0x3ec0): multiple definition of `g_variant_iter_copy'; /home/uilian/.conan2/p/b/librs336a2333e6ca6/p/lib/librsvg-2.a(gvariant.c.o):(.text+0x34e0): first defined here
/usr/bin/ld: /home/uilian/.conan2/p/b/librs336a2333e6ca6/p/lib/librsvg-2.a(gvariant.c.o): in function `g_variant_iter_n_children':
gvariant.c:(.text+0x3f10): multiple definition of `g_variant_iter_n_children'; /home/uilian/.conan2/p/b/librs336a2333e6ca6/p/lib/librsvg-2.a(gvariant.c.o):(.text+0x3540): first defined here
/usr/bin/ld: /home/uilian/.conan2/p/b/librs336a2333e6ca6/p/lib/librsvg-2.a(gvariant.c.o): in function `g_variant_iter_free':
gvariant.c:(.text+0x3f50): multiple definition of `g_variant_iter_free'; /home/uilian/.conan2/p/b/librs336a2333e6ca6/p/lib/librsvg-2.a(gvariant.c.o):(.text+0x3590): first defined here
/usr/bin/ld: /home/uilian/.conan2/p/b/librs336a2333e6ca6/p/lib/librsvg-2.a(gvariant.c.o): in function `g_variant_iter_next_value':
gvariant.c:(.text+0x3fb0): multiple definition of `g_variant_iter_next_value'; /home/uilian/.conan2/p/b/librs336a2333e6ca6/p/lib/librsvg-2.a(gvariant.c.o):(.text+0x3600): first defined here
/usr/bin/ld: /home/uilian/.conan2/p/b/librs336a2333e6ca6/p/lib/librsvg-2.a(gvariant.c.o): in function `g_variant_lookup_value':
gvariant.c:(.text+0x4040): multiple definition of `g_variant_lookup_value'; /home/uilian/.conan2/p/b/librs336a2333e6ca6/p/lib/librsvg-2.a(gvariant.c.o):(.text+0x3690): first defined here
/usr/bin/ld: /home/uilian/.conan2/p/b/librs336a2333e6ca6/p/lib/librsvg-2.a(gvariant.c.o): in function `g_variant_builder_ref':
gvariant.c:(.text+0x41e0): multiple definition of `g_variant_builder_ref'; /home/uilian/.conan2/p/b/librs336a2333e6ca6/p/lib/librsvg-2.a(gvariant.c.o):(.text+0x3870): first defined here
/usr/bin/ld: /home/uilian/.conan2/p/b/librs336a2333e6ca6/p/lib/librsvg-2.a(gvariant.c.o): in function `g_variant_builder_init':
gvariant.c:(.text+0x4230): multiple definition of `g_variant_builder_init'; /home/uilian/.conan2/p/b/librs336a2333e6ca6/p/lib/librsvg-2.a(gvariant.c.o):(.text+0x38c0): first defined here
/usr/bin/ld: /home/uilian/.conan2/p/b/librs336a2333e6ca6/p/lib/librsvg-2.a(gvariant.c.o): in function `g_variant_builder_new':
gvariant.c:(.text+0x4400): multiple definition of `g_variant_builder_new'; /home/uilian/.conan2/p/b/librs336a2333e6ca6/p/lib/librsvg-2.a(gvariant.c.o):(.text+0x3af0): first defined here
/usr/bin/ld: /home/uilian/.conan2/p/b/librs336a2333e6ca6/p/lib/librsvg-2.a(gvariant.c.o): in function `g_variant_builder_clear':
gvariant.c:(.text+0x4630): multiple definition of `g_variant_builder_clear'; /home/uilian/.conan2/p/b/librs336a2333e6ca6/p/lib/librsvg-2.a(gvariant.c.o):(.text+0x3bc0): first defined here
/usr/bin/ld: /home/uilian/.conan2/p/b/librs336a2333e6ca6/p/lib/librsvg-2.a(gvariant.c.o): in function `g_variant_builder_unref':
gvariant.c:(.text+0x4760): multiple definition of `g_variant_builder_unref'; /home/uilian/.conan2/p/b/librs336a2333e6ca6/p/lib/librsvg-2.a(gvariant.c.o):(.text+0x3c90): first defined here
/usr/bin/ld: /home/uilian/.conan2/p/b/librs336a2333e6ca6/p/lib/librsvg-2.a(gvariant.c.o): in function `g_variant_builder_add_value':
gvariant.c:(.text+0x47c0): multiple definition of `g_variant_builder_add_value'; /home/uilian/.conan2/p/b/librs336a2333e6ca6/p/lib/librsvg-2.a(gvariant.c.o):(.text+0x3d00): first defined here
/usr/bin/ld: /home/uilian/.conan2/p/b/librs336a2333e6ca6/p/lib/librsvg-2.a(gvariant.c.o): in function `g_variant_builder_open':
gvariant.c:(.text+0x4940): multiple definition of `g_variant_builder_open'; /home/uilian/.conan2/p/b/librs336a2333e6ca6/p/lib/librsvg-2.a(gvariant.c.o):(.text+0x3e50): first defined here
/usr/bin/ld: /home/uilian/.conan2/p/b/librs336a2333e6ca6/p/lib/librsvg-2.a(gvariant.c.o): in function `g_variant_builder_end':
gvariant.c:(.text+0x4a90): multiple definition of `g_variant_builder_end'; /home/uilian/.conan2/p/b/librs336a2333e6ca6/p/lib/librsvg-2.a(gvariant.c.o):(.text+0x3f50): first defined here
/usr/bin/ld: /home/uilian/.conan2/p/b/librs336a2333e6ca6/p/lib/librsvg-2.a(gvariant.c.o): in function `g_variant_builder_close':
gvariant.c:(.text+0x4d90): multiple definition of `g_variant_builder_close'; /home/uilian/.conan2/p/b/librs336a2333e6ca6/p/lib/librsvg-2.a(gvariant.c.o):(.text+0x41a0): first defined here
/usr/bin/ld: /home/uilian/.conan2/p/b/librs336a2333e6ca6/p/lib/librsvg-2.a(gvariant.c.o): in function `g_variant_dict_ref':
gvariant.c:(.text+0x56b0): multiple definition of `g_variant_dict_ref'; /home/uilian/.conan2/p/b/librs336a2333e6ca6/p/lib/librsvg-2.a(gvariant.c.o):(.text+0x4c70): first defined here
/usr/bin/ld: /home/uilian/.conan2/p/b/librs336a2333e6ca6/p/lib/librsvg-2.a(gvariant.c.o): in function `g_variant_format_string_scan.localalias':
gvariant.c:(.text+0x56f0): multiple definition of `g_variant_format_string_scan'; /home/uilian/.conan2/p/b/librs336a2333e6ca6/p/lib/librsvg-2.a(gvariant.c.o):(.text+0x4cb0): first defined here
/usr/bin/ld: /home/uilian/.conan2/p/b/librs336a2333e6ca6/p/lib/librsvg-2.a(gvariant.c.o): in function `g_variant_check_format_string':
gvariant.c:(.text+0x6280): multiple definition of `g_variant_check_format_string'; /home/uilian/.conan2/p/b/librs336a2333e6ca6/p/lib/librsvg-2.a(gvariant.c.o):(.text+0x57f0): first defined here
/usr/bin/ld: /home/uilian/.conan2/p/b/librs336a2333e6ca6/p/lib/librsvg-2.a(gvariant.c.o): in function `g_variant_format_string_scan_type':
gvariant.c:(.text+0x6550): multiple definition of `g_variant_format_string_scan_type'; /home/uilian/.conan2/p/b/librs336a2333e6ca6/p/lib/librsvg-2.a(gvariant.c.o):(.text+0x5990): first defined here
/usr/bin/ld: /home/uilian/.conan2/p/b/librs336a2333e6ca6/p/lib/librsvg-2.a(gvariant.c.o): in function `g_variant_new_va':
gvariant.c:(.text+0x6cf0): multiple definition of `g_variant_new_va'; /home/uilian/.conan2/p/b/librs336a2333e6ca6/p/lib/librsvg-2.a(gvariant.c.o):(.text+0x6200): first defined here
/usr/bin/ld: /home/uilian/.conan2/p/b/librs336a2333e6ca6/p/lib/librsvg-2.a(gvariant.c.o): in function `g_variant_new':
gvariant.c:(.text+0x6e80): multiple definition of `g_variant_new'; /home/uilian/.conan2/p/b/librs336a2333e6ca6/p/lib/librsvg-2.a(gvariant.c.o):(.text+0x62a0): first defined here
/usr/bin/ld: /home/uilian/.conan2/p/b/librs336a2333e6ca6/p/lib/librsvg-2.a(gvariant.c.o): in function `g_variant_get_va':
gvariant.c:(.text+0x7010): multiple definition of `g_variant_get_va'; /home/uilian/.conan2/p/b/librs336a2333e6ca6/p/lib/librsvg-2.a(gvariant.c.o):(.text+0x63c0): first defined here
/usr/bin/ld: /home/uilian/.conan2/p/b/librs336a2333e6ca6/p/lib/librsvg-2.a(gvariant.c.o): in function `g_variant_lookup':
gvariant.c:(.text+0x7100): multiple definition of `g_variant_lookup'; /home/uilian/.conan2/p/b/librs336a2333e6ca6/p/lib/librsvg-2.a(gvariant.c.o):(.text+0x64b0): first defined here
/usr/bin/ld: /home/uilian/.conan2/p/b/librs336a2333e6ca6/p/lib/librsvg-2.a(gvariant.c.o): in function `g_variant_get':
gvariant.c:(.text+0x71f0): multiple definition of `g_variant_get'; /home/uilian/.conan2/p/b/librs336a2333e6ca6/p/lib/librsvg-2.a(gvariant.c.o):(.text+0x65d0): first defined here
/usr/bin/ld: /home/uilian/.conan2/p/b/librs336a2333e6ca6/p/lib/librsvg-2.a(gvariant.c.o): in function `g_variant_builder_add':
gvariant.c:(.text+0x7430): multiple definition of `g_variant_builder_add'; /home/uilian/.conan2/p/b/librs336a2333e6ca6/p/lib/librsvg-2.a(gvariant.c.o):(.text+0x6720): first defined here
/usr/bin/ld: /home/uilian/.conan2/p/b/librs336a2333e6ca6/p/lib/librsvg-2.a(gvariant.c.o): in function `g_variant_get_child':
gvariant.c:(.text+0x74e0): multiple definition of `g_variant_get_child'; /home/uilian/.conan2/p/b/librs336a2333e6ca6/p/lib/librsvg-2.a(gvariant.c.o):(.text+0x67f0): first defined here
/usr/bin/ld: /home/uilian/.conan2/p/b/librs336a2333e6ca6/p/lib/librsvg-2.a(gvariant.c.o): in function `g_variant_iter_next':
gvariant.c:(.text+0x7600): multiple definition of `g_variant_iter_next'; /home/uilian/.conan2/p/b/librs336a2333e6ca6/p/lib/librsvg-2.a(gvariant.c.o):(.text+0x6930): first defined here
/usr/bin/ld: /home/uilian/.conan2/p/b/librs336a2333e6ca6/p/lib/librsvg-2.a(gvariant.c.o): in function `g_variant_dict_init':
gvariant.c:(.text+0x7840): multiple definition of `g_variant_dict_init'; /home/uilian/.conan2/p/b/librs336a2333e6ca6/p/lib/librsvg-2.a(gvariant.c.o):(.text+0x6a60): first defined here
/usr/bin/ld: /home/uilian/.conan2/p/b/librs336a2333e6ca6/p/lib/librsvg-2.a(gvariant.c.o): in function `g_variant_dict_new':
gvariant.c:(.text+0x78f0): multiple definition of `g_variant_dict_new'; /home/uilian/.conan2/p/b/librs336a2333e6ca6/p/lib/librsvg-2.a(gvariant.c.o):(.text+0x6b30): first defined here
/usr/bin/ld: /home/uilian/.conan2/p/b/librs336a2333e6ca6/p/lib/librsvg-2.a(gvariant.c.o): in function `g_variant_dict_clear':
gvariant.c:(.text+0x7930): multiple definition of `g_variant_dict_clear'; /home/uilian/.conan2/p/b/librs336a2333e6ca6/p/lib/librsvg-2.a(gvariant.c.o):(.text+0x7150): first defined here
/usr/bin/ld: /home/uilian/.conan2/p/b/librs336a2333e6ca6/p/lib/librsvg-2.a(gvariant.c.o): in function `g_variant_dict_unref':
gvariant.c:(.text+0x79d0): multiple definition of `g_variant_dict_unref'; /home/uilian/.conan2/p/b/librs336a2333e6ca6/p/lib/librsvg-2.a(gvariant.c.o):(.text+0x71b0): first defined here
/usr/bin/ld: /home/uilian/.conan2/p/b/librs336a2333e6ca6/p/lib/librsvg-2.a(gvariant.c.o): in function `g_variant_dict_remove':
gvariant.c:(.text+0x7a30): multiple definition of `g_variant_dict_remove'; /home/uilian/.conan2/p/b/librs336a2333e6ca6/p/lib/librsvg-2.a(gvariant.c.o):(.text+0x70d0): first defined here
/usr/bin/ld: /home/uilian/.conan2/p/b/librs336a2333e6ca6/p/lib/librsvg-2.a(gvariant.c.o): in function `g_variant_dict_contains':
gvariant.c:(.text+0x7af0): multiple definition of `g_variant_dict_contains'; /home/uilian/.conan2/p/b/librs336a2333e6ca6/p/lib/librsvg-2.a(gvariant.c.o):(.text+0x6e50): first defined here
/usr/bin/ld: /home/uilian/.conan2/p/b/librs336a2333e6ca6/p/lib/librsvg-2.a(gvariant.c.o): in function `g_variant_dict_lookup_value':
gvariant.c:(.text+0x7bb0): multiple definition of `g_variant_dict_lookup_value'; /home/uilian/.conan2/p/b/librs336a2333e6ca6/p/lib/librsvg-2.a(gvariant.c.o):(.text+0x6db0): first defined here
/usr/bin/ld: /home/uilian/.conan2/p/b/librs336a2333e6ca6/p/lib/librsvg-2.a(gvariant.c.o): in function `g_variant_dict_end':
gvariant.c:(.text+0x7ca0): multiple definition of `g_variant_dict_end'; /home/uilian/.conan2/p/b/librs336a2333e6ca6/p/lib/librsvg-2.a(gvariant.c.o):(.text+0x7210): first defined here
/usr/bin/ld: /home/uilian/.conan2/p/b/librs336a2333e6ca6/p/lib/librsvg-2.a(gvariant.c.o): in function `g_variant_dict_lookup':
gvariant.c:(.text+0x7da0): multiple definition of `g_variant_dict_lookup'; /home/uilian/.conan2/p/b/librs336a2333e6ca6/p/lib/librsvg-2.a(gvariant.c.o):(.text+0x6c00): first defined here
/usr/bin/ld: /home/uilian/.conan2/p/b/librs336a2333e6ca6/p/lib/librsvg-2.a(gvariant.c.o): in function `g_variant_dict_insert_value':
gvariant.c:(.text+0x7f40): multiple definition of `g_variant_dict_insert_value'; /home/uilian/.conan2/p/b/librs336a2333e6ca6/p/lib/librsvg-2.a(gvariant.c.o):(.text+0x6ed0): first defined here
/usr/bin/ld: /home/uilian/.conan2/p/b/librs336a2333e6ca6/p/lib/librsvg-2.a(gvariant.c.o): in function `g_variant_dict_insert':
gvariant.c:(.text+0x8020): multiple definition of `g_variant_dict_insert'; /home/uilian/.conan2/p/b/librs336a2333e6ca6/p/lib/librsvg-2.a(gvariant.c.o):(.text+0x6f60): first defined here
/usr/bin/ld: /home/uilian/.conan2/p/b/librs336a2333e6ca6/p/lib/librsvg-2.a(gvariant.c.o): in function `g_variant_iter_loop':
gvariant.c:(.text+0x81b0): multiple definition of `g_variant_iter_loop'; /home/uilian/.conan2/p/b/librs336a2333e6ca6/p/lib/librsvg-2.a(gvariant.c.o):(.text+0x7310): first defined here
/usr/bin/ld: /home/uilian/.conan2/p/b/librs336a2333e6ca6/p/lib/librsvg-2.a(gvariant.c.o): in function `g_variant_get_normal_form':
gvariant.c:(.text+0x8380): multiple definition of `g_variant_get_normal_form'; /home/uilian/.conan2/p/b/librs336a2333e6ca6/p/lib/librsvg-2.a(gvariant.c.o):(.text+0x7500): first defined here
/usr/bin/ld: /home/uilian/.conan2/p/b/librs336a2333e6ca6/p/lib/librsvg-2.a(gvariant.c.o): in function `g_variant_byteswap':
gvariant.c:(.text+0x83e0): multiple definition of `g_variant_byteswap'; /home/uilian/.conan2/p/b/librs336a2333e6ca6/p/lib/librsvg-2.a(gvariant.c.o):(.text+0x7570): first defined here
/usr/bin/ld: /home/uilian/.conan2/p/b/librs336a2333e6ca6/p/lib/librsvg-2.a(gvariant.c.o): in function `g_variant_new_from_data':
gvariant.c:(.text+0x8550): multiple definition of `g_variant_new_from_data'; /home/uilian/.conan2/p/b/librs336a2333e6ca6/p/lib/librsvg-2.a(gvariant.c.o):(.text+0x7710): first defined here
/usr/bin/ld: /home/uilian/.conan2/p/b/librs336a2333e6ca6/p/lib/librsvg-2.a(gvariant.c.o): in function `g_variant_new_fixed_array':
gvariant.c:(.text+0x8620): multiple definition of `g_variant_new_fixed_array'; /home/uilian/.conan2/p/b/librs336a2333e6ca6/p/lib/librsvg-2.a(gvariant.c.o):(.text+0x77f0): first defined here
/usr/bin/ld: /home/uilian/.conan2/p/b/librs336a2333e6ca6/p/lib/librsvg-2.a(gvariant-core.c.o): in function `g_variant_new_from_bytes':
gvariant-core.c:(.text+0x430): multiple definition of `g_variant_new_from_bytes'; /home/uilian/.conan2/p/b/librs336a2333e6ca6/p/lib/librsvg-2.a(gvariant-core.c.o):(.text+0x120): first defined here
/usr/bin/ld: /home/uilian/.conan2/p/b/librs336a2333e6ca6/p/lib/librsvg-2.a(gvariant-core.c.o): in function `g_variant_new_from_children':
gvariant-core.c:(.text+0x460): multiple definition of `g_variant_new_from_children'; /home/uilian/.conan2/p/b/librs336a2333e6ca6/p/lib/librsvg-2.a(gvariant-core.c.o):(.text+0x3b0): first defined here
/usr/bin/ld: /home/uilian/.conan2/p/b/librs336a2333e6ca6/p/lib/librsvg-2.a(gvariant-core.c.o): in function `g_variant_get_type_info':
gvariant-core.c:(.text+0x4d0): multiple definition of `g_variant_get_type_info'; /home/uilian/.conan2/p/b/librs336a2333e6ca6/p/lib/librsvg-2.a(gvariant-core.c.o):(.text+0x430): first defined here
/usr/bin/ld: /home/uilian/.conan2/p/b/librs336a2333e6ca6/p/lib/librsvg-2.a(gvariant-core.c.o): in function `g_variant_is_trusted':
gvariant-core.c:(.text+0x4e0): multiple definition of `g_variant_is_trusted'; /home/uilian/.conan2/p/b/librs336a2333e6ca6/p/lib/librsvg-2.a(gvariant-core.c.o):(.text+0x440): first defined here
/usr/bin/ld: /home/uilian/.conan2/p/b/librs336a2333e6ca6/p/lib/librsvg-2.a(gvariant-core.c.o): in function `g_variant_get_depth':
gvariant-core.c:(.text+0x4f0): multiple definition of `g_variant_get_depth'; /home/uilian/.conan2/p/b/librs336a2333e6ca6/p/lib/librsvg-2.a(gvariant-core.c.o):(.text+0x450): first defined here
/usr/bin/ld: /home/uilian/.conan2/p/b/librs336a2333e6ca6/p/lib/librsvg-2.a(gvariant-core.c.o): in function `g_variant_unref':
gvariant-core.c:(.text+0x500): multiple definition of `g_variant_unref'; /home/uilian/.conan2/p/b/librs336a2333e6ca6/p/lib/librsvg-2.a(gvariant-core.c.o):(.text+0x460): first defined here
/usr/bin/ld: /home/uilian/.conan2/p/b/librs336a2333e6ca6/p/lib/librsvg-2.a(gvariant-core.c.o): in function `g_variant_ref':
gvariant-core.c:(.text+0x650): multiple definition of `g_variant_ref'; /home/uilian/.conan2/p/b/librs336a2333e6ca6/p/lib/librsvg-2.a(gvariant-core.c.o):(.text+0x690): first defined here
/usr/bin/ld: /home/uilian/.conan2/p/b/librs336a2333e6ca6/p/lib/librsvg-2.a(gvariant-core.c.o): in function `g_variant_ref_sink':
gvariant-core.c:(.text+0x690): multiple definition of `g_variant_ref_sink'; /home/uilian/.conan2/p/b/librs336a2333e6ca6/p/lib/librsvg-2.a(gvariant-core.c.o):(.text+0x6d0): first defined here
/usr/bin/ld: /home/uilian/.conan2/p/b/librs336a2333e6ca6/p/lib/librsvg-2.a(gvariant-core.c.o): in function `g_variant_take_ref':
gvariant-core.c:(.text+0x720): multiple definition of `g_variant_take_ref'; /home/uilian/.conan2/p/b/librs336a2333e6ca6/p/lib/librsvg-2.a(gvariant-core.c.o):(.text+0x780): first defined here
/usr/bin/ld: /home/uilian/.conan2/p/b/librs336a2333e6ca6/p/lib/librsvg-2.a(gvariant-core.c.o): in function `g_variant_is_floating':
gvariant-core.c:(.text+0x790): multiple definition of `g_variant_is_floating'; /home/uilian/.conan2/p/b/librs336a2333e6ca6/p/lib/librsvg-2.a(gvariant-core.c.o):(.text+0x7f0): first defined here
/usr/bin/ld: /home/uilian/.conan2/p/b/librs336a2333e6ca6/p/lib/librsvg-2.a(gvariant-core.c.o): in function `g_variant_get_size':
gvariant-core.c:(.text+0x7d0): multiple definition of `g_variant_get_size'; /home/uilian/.conan2/p/b/librs336a2333e6ca6/p/lib/librsvg-2.a(gvariant-core.c.o):(.text+0x830): first defined here
/usr/bin/ld: /home/uilian/.conan2/p/b/librs336a2333e6ca6/p/lib/librsvg-2.a(gvariant-core.c.o): in function `g_variant_get_data':
gvariant-core.c:(.text+0x840): multiple definition of `g_variant_get_data'; /home/uilian/.conan2/p/b/librs336a2333e6ca6/p/lib/librsvg-2.a(gvariant-core.c.o):(.text+0x870): first defined here
/usr/bin/ld: /home/uilian/.conan2/p/b/librs336a2333e6ca6/p/lib/librsvg-2.a(gvariant-core.c.o): in function `g_variant_get_data_as_bytes':
gvariant-core.c:(.text+0x9c0): multiple definition of `g_variant_get_data_as_bytes'; /home/uilian/.conan2/p/b/librs336a2333e6ca6/p/lib/librsvg-2.a(gvariant-core.c.o):(.text+0x8b0): first defined here
/usr/bin/ld: /home/uilian/.conan2/p/b/librs336a2333e6ca6/p/lib/librsvg-2.a(gvariant-core.c.o): in function `g_variant_n_children':
gvariant-core.c:(.text+0xc30): multiple definition of `g_variant_n_children'; /home/uilian/.conan2/p/b/librs336a2333e6ca6/p/lib/librsvg-2.a(gvariant-core.c.o):(.text+0x980): first defined here
/usr/bin/ld: /home/uilian/.conan2/p/b/librs336a2333e6ca6/p/lib/librsvg-2.a(gvariant-core.c.o): in function `g_variant_get_child_value':
gvariant-core.c:(.text+0xcc0): multiple definition of `g_variant_get_child_value'; /home/uilian/.conan2/p/b/librs336a2333e6ca6/p/lib/librsvg-2.a(gvariant-core.c.o):(.text+0xa20): first defined here
/usr/bin/ld: /home/uilian/.conan2/p/b/librs336a2333e6ca6/p/lib/librsvg-2.a(gvariant-core.c.o): in function `g_variant_maybe_get_child_value':
gvariant-core.c:(.text+0xf30): multiple definition of `g_variant_maybe_get_child_value'; /home/uilian/.conan2/p/b/librs336a2333e6ca6/p/lib/librsvg-2.a(gvariant-core.c.o):(.text+0xd10): first defined here
/usr/bin/ld: /home/uilian/.conan2/p/b/librs336a2333e6ca6/p/lib/librsvg-2.a(gvariant-core.c.o): in function `g_variant_store':
gvariant-core.c:(.text+0x10b0): multiple definition of `g_variant_store'; /home/uilian/.conan2/p/b/librs336a2333e6ca6/p/lib/librsvg-2.a(gvariant-core.c.o):(.text+0xef0): first defined here
/usr/bin/ld: /home/uilian/.conan2/p/b/librs336a2333e6ca6/p/lib/librsvg-2.a(gvariant-core.c.o): in function `g_variant_is_normal_form.localalias':
gvariant-core.c:(.text+0x12c0): multiple definition of `g_variant_is_normal_form'; /home/uilian/.conan2/p/b/librs336a2333e6ca6/p/lib/librsvg-2.a(gvariant-core.c.o):(.text+0x10a0): first defined here
/usr/bin/ld: /home/uilian/.conan2/p/b/librs336a2333e6ca6/p/lib/librsvg-2.a(cairo-image-surface.o): in function `_cairo_image_surface_source':
(.text+0x0): multiple definition of `_cairo_image_surface_source'; /home/uilian/.conan2/p/b/librs336a2333e6ca6/p/lib/librsvg-2.a(cairo-image-surface.c.o):cairo-image-surface.c:(.text+0x0): first defined here
/usr/bin/ld: /home/uilian/.conan2/p/b/librs336a2333e6ca6/p/lib/librsvg-2.a(cairo-image-surface.o): in function `_cairo_image_surface_acquire_source_image':
(.text+0x30): multiple definition of `_cairo_image_surface_acquire_source_image'; /home/uilian/.conan2/p/b/librs336a2333e6ca6/p/lib/librsvg-2.a(cairo-image-surface.c.o):cairo-image-surface.c:(.text+0x30): first defined here
/usr/bin/ld: /home/uilian/.conan2/p/b/librs336a2333e6ca6/p/lib/librsvg-2.a(cairo-image-surface.o): in function `_cairo_image_surface_release_source_image':
(.text+0x50): multiple definition of `_cairo_image_surface_release_source_image'; /home/uilian/.conan2/p/b/librs336a2333e6ca6/p/lib/librsvg-2.a(cairo-image-surface.c.o):cairo-image-surface.c:(.text+0x40): first defined here
/usr/bin/ld: /home/uilian/.conan2/p/b/librs336a2333e6ca6/p/lib/librsvg-2.a(cairo-image-surface.o): in function `_cairo_image_surface_get_extents':
(.text+0x60): multiple definition of `_cairo_image_surface_get_extents'; /home/uilian/.conan2/p/b/librs336a2333e6ca6/p/lib/librsvg-2.a(cairo-image-surface.c.o):cairo-image-surface.c:(.text+0x50): first defined here
/usr/bin/ld: /home/uilian/.conan2/p/b/librs336a2333e6ca6/p/lib/librsvg-2.a(cairo-image-surface.o): in function `_cairo_image_surface_unmap_image':
(.text+0x410): multiple definition of `_cairo_image_surface_unmap_image'; /home/uilian/.conan2/p/b/librs336a2333e6ca6/p/lib/librsvg-2.a(cairo-image-surface.c.o):cairo-image-surface.c:(.text+0x250): first defined here
/usr/bin/ld: /home/uilian/.conan2/p/b/librs336a2333e6ca6/p/lib/librsvg-2.a(cairo-image-surface.o): in function `_cairo_image_surface_finish':
(.text+0x430): multiple definition of `_cairo_image_surface_finish'; /home/uilian/.conan2/p/b/librs336a2333e6ca6/p/lib/librsvg-2.a(cairo-image-surface.c.o):cairo-image-surface.c:(.text+0x270): first defined here
/usr/bin/ld: /home/uilian/.conan2/p/b/librs336a2333e6ca6/p/lib/librsvg-2.a(cairo-image-surface.o): in function `_cairo_image_surface_paint':
(.text+0x4a0): multiple definition of `_cairo_image_surface_paint'; /home/uilian/.conan2/p/b/librs336a2333e6ca6/p/lib/librsvg-2.a(cairo-image-surface.c.o):cairo-image-surface.c:(.text+0x2e0): first defined here
/usr/bin/ld: /home/uilian/.conan2/p/b/librs336a2333e6ca6/p/lib/librsvg-2.a(cairo-image-surface.o): in function `_cairo_image_surface_mask':
(.text+0x4c0): multiple definition of `_cairo_image_surface_mask'; /home/uilian/.conan2/p/b/librs336a2333e6ca6/p/lib/librsvg-2.a(cairo-image-surface.c.o):cairo-image-surface.c:(.text+0x340): first defined here
/usr/bin/ld: /home/uilian/.conan2/p/b/librs336a2333e6ca6/p/lib/librsvg-2.a(cairo-image-surface.o): in function `_cairo_image_surface_stroke':
(.text+0x4f0): multiple definition of `_cairo_image_surface_stroke'; /home/uilian/.conan2/p/b/librs336a2333e6ca6/p/lib/librsvg-2.a(cairo-image-surface.c.o):cairo-image-surface.c:(.text+0x360): first defined here
/usr/bin/ld: /home/uilian/.conan2/p/b/librs336a2333e6ca6/p/lib/librsvg-2.a(cairo-image-surface.o): in function `_cairo_image_surface_fill':
(.text+0x530): multiple definition of `_cairo_image_surface_fill'; /home/uilian/.conan2/p/b/librs336a2333e6ca6/p/lib/librsvg-2.a(cairo-image-surface.c.o):cairo-image-surface.c:(.text+0x3a0): first defined here
/usr/bin/ld: /home/uilian/.conan2/p/b/librs336a2333e6ca6/p/lib/librsvg-2.a(cairo-image-surface.o): in function `_cairo_image_surface_glyphs':
(.text+0x560): multiple definition of `_cairo_image_surface_glyphs'; /home/uilian/.conan2/p/b/librs336a2333e6ca6/p/lib/librsvg-2.a(cairo-image-surface.c.o):cairo-image-surface.c:(.text+0x3d0): first defined here
/usr/bin/ld: /home/uilian/.conan2/p/b/librs336a2333e6ca6/p/lib/librsvg-2.a(cairo-image-surface.o): in function `_cairo_image_surface_get_font_options':
(.text+0x590): multiple definition of `_cairo_image_surface_get_font_options'; /home/uilian/.conan2/p/b/librs336a2333e6ca6/p/lib/librsvg-2.a(cairo-image-surface.c.o):cairo-image-surface.c:(.text+0x400): first defined here
/usr/bin/ld: /home/uilian/.conan2/p/b/librs336a2333e6ca6/p/lib/librsvg-2.a(cairo-image-surface.o): in function `_cairo_format_from_pixman_format':
(.text+0x5f0): multiple definition of `_cairo_format_from_pixman_format'; /home/uilian/.conan2/p/b/librs336a2333e6ca6/p/lib/librsvg-2.a(cairo-image-surface.c.o):cairo-image-surface.c:(.text+0x430): first defined here
/usr/bin/ld: /home/uilian/.conan2/p/b/librs336a2333e6ca6/p/lib/librsvg-2.a(cairo-image-surface.o): in function `_cairo_content_from_pixman_format':
(.text+0x660): multiple definition of `_cairo_content_from_pixman_format'; /home/uilian/.conan2/p/b/librs336a2333e6ca6/p/lib/librsvg-2.a(cairo-image-surface.c.o):cairo-image-surface.c:(.text+0x4c0): first defined here
/usr/bin/ld: /home/uilian/.conan2/p/b/librs336a2333e6ca6/p/lib/librsvg-2.a(cairo-image-surface.o): in function `_cairo_image_surface_init':
(.text+0x690): multiple definition of `_cairo_image_surface_init'; /home/uilian/.conan2/p/b/librs336a2333e6ca6/p/lib/librsvg-2.a(cairo-image-surface.c.o):cairo-image-surface.c:(.text+0x4f0): first defined here
/usr/bin/ld: /home/uilian/.conan2/p/b/librs336a2333e6ca6/p/lib/librsvg-2.a(cairo-image-surface.o): in function `_cairo_image_surface_create_for_pixman_image':
(.text+0x7e0): multiple definition of `_cairo_image_surface_create_for_pixman_image'; /home/uilian/.conan2/p/b/librs336a2333e6ca6/p/lib/librsvg-2.a(cairo-image-surface.c.o):cairo-image-surface.c:(.text+0xac0): first defined here
/usr/bin/ld: /home/uilian/.conan2/p/b/librs336a2333e6ca6/p/lib/librsvg-2.a(cairo-image-surface.o):(.data.rel.ro.local+0x0): multiple definition of `_cairo_image_surface_backend'; /home/uilian/.conan2/p/b/librs336a2333e6ca6/p/lib/librsvg-2.a(cairo-image-surface.c.o):(.data.rel.ro.local+0x0): first defined here
/usr/bin/ld: /home/uilian/.conan2/p/b/librs336a2333e6ca6/p/lib/librsvg-2.a(cairo-image-surface.o): in function `_pixman_format_to_masks':
(.text+0x880): multiple definition of `_pixman_format_to_masks'; /home/uilian/.conan2/p/b/librs336a2333e6ca6/p/lib/librsvg-2.a(cairo-image-surface.c.o):cairo-image-surface.c:(.text+0xb50): first defined here
/usr/bin/ld: /home/uilian/.conan2/p/b/librs336a2333e6ca6/p/lib/librsvg-2.a(cairo-image-surface.o): in function `_pixman_format_from_masks':
(.text+0xa90): multiple definition of `_pixman_format_from_masks'; /home/uilian/.conan2/p/b/librs336a2333e6ca6/p/lib/librsvg-2.a(cairo-image-surface.c.o):cairo-image-surface.c:(.text+0xd40): first defined here
/usr/bin/ld: /home/uilian/.conan2/p/b/librs336a2333e6ca6/p/lib/librsvg-2.a(cairo-image-surface.o): in function `_cairo_format_to_pixman_format_code':
(.text+0xbd0): multiple definition of `_cairo_format_to_pixman_format_code'; /home/uilian/.conan2/p/b/librs336a2333e6ca6/p/lib/librsvg-2.a(cairo-image-surface.c.o):cairo-image-surface.c:(.text+0xe40): first defined here
/usr/bin/ld: /home/uilian/.conan2/p/b/librs336a2333e6ca6/p/lib/librsvg-2.a(cairo-image-surface.o): in function `_cairo_image_surface_create_with_pixman_format':
(.text+0xbf0): multiple definition of `_cairo_image_surface_create_with_pixman_format'; /home/uilian/.conan2/p/b/librs336a2333e6ca6/p/lib/librsvg-2.a(cairo-image-surface.c.o):cairo-image-surface.c:(.text+0xe60): first defined here
/usr/bin/ld: /home/uilian/.conan2/p/b/librs336a2333e6ca6/p/lib/librsvg-2.a(cairo-image-surface.o): in function `_cairo_image_surface_snapshot':
(.text+0xca0): multiple definition of `_cairo_image_surface_snapshot'; /home/uilian/.conan2/p/b/librs336a2333e6ca6/p/lib/librsvg-2.a(cairo-image-surface.c.o):cairo-image-surface.c:(.text+0x800): first defined here
/usr/bin/ld: /home/uilian/.conan2/p/b/librs336a2333e6ca6/p/lib/librsvg-2.a(cairo-image-surface.o): in function `_cairo_image_surface_map_to_image':
(.text+0xdd0): multiple definition of `_cairo_image_surface_map_to_image'; /home/uilian/.conan2/p/b/librs336a2333e6ca6/p/lib/librsvg-2.a(cairo-image-surface.c.o):cairo-image-surface.c:(.text+0x660): first defined here
/usr/bin/ld: /home/uilian/.conan2/p/b/librs336a2333e6ca6/p/lib/librsvg-2.a(cairo-image-surface.o): in function `INT_cairo_image_surface_create':
(.text+0xe60): multiple definition of `cairo_image_surface_create'; /home/uilian/.conan2/p/b/librs336a2333e6ca6/p/lib/librsvg-2.a(cairo-image-surface.c.o):cairo-image-surface.c:(.text+0xf90): first defined here
/usr/bin/ld: /home/uilian/.conan2/p/b/librs336a2333e6ca6/p/lib/librsvg-2.a(cairo-image-surface.o): in function `_cairo_image_surface_create_similar':
(.text+0xec0): multiple definition of `_cairo_image_surface_create_similar'; /home/uilian/.conan2/p/b/librs336a2333e6ca6/p/lib/librsvg-2.a(cairo-image-surface.c.o):cairo-image-surface.c:(.text+0x10d0): first defined here
/usr/bin/ld: /home/uilian/.conan2/p/b/librs336a2333e6ca6/p/lib/librsvg-2.a(cairo-image-surface.o): in function `_cairo_image_surface_create_with_content':
(.text+0xf70): multiple definition of `_cairo_image_surface_create_with_content'; /home/uilian/.conan2/p/b/librs336a2333e6ca6/p/lib/librsvg-2.a(cairo-image-surface.c.o):cairo-image-surface.c:(.text+0x1150): first defined here
/usr/bin/ld: /home/uilian/.conan2/p/b/librs336a2333e6ca6/p/lib/librsvg-2.a(cairo-image-surface.o): in function `INT_cairo_format_stride_for_width':
(.text+0xfd0): multiple definition of `cairo_format_stride_for_width'; /home/uilian/.conan2/p/b/librs336a2333e6ca6/p/lib/librsvg-2.a(cairo-image-surface.c.o):cairo-image-surface.c:(.text+0x1180): first defined here
/usr/bin/ld: /home/uilian/.conan2/p/b/librs336a2333e6ca6/p/lib/librsvg-2.a(cairo-image-surface.o): in function `INT_cairo_image_surface_create_for_data':
(.text+0x1030): multiple definition of `cairo_image_surface_create_for_data'; /home/uilian/.conan2/p/b/librs336a2333e6ca6/p/lib/librsvg-2.a(cairo-image-surface.c.o):cairo-image-surface.c:(.text+0x11e0): first defined here
/usr/bin/ld: /home/uilian/.conan2/p/b/librs336a2333e6ca6/p/lib/librsvg-2.a(cairo-image-surface.o): in function `INT_cairo_image_surface_get_data':
(.text+0x1120): multiple definition of `cairo_image_surface_get_data'; /home/uilian/.conan2/p/b/librs336a2333e6ca6/p/lib/librsvg-2.a(cairo-image-surface.c.o):cairo-image-surface.c:(.text+0x12b0): first defined here
/usr/bin/ld: /home/uilian/.conan2/p/b/librs336a2333e6ca6/p/lib/librsvg-2.a(cairo-image-surface.o): in function `INT_cairo_image_surface_get_format':
(.text+0x1160): multiple definition of `cairo_image_surface_get_format'; /home/uilian/.conan2/p/b/librs336a2333e6ca6/p/lib/librsvg-2.a(cairo-image-surface.c.o):cairo-image-surface.c:(.text+0x12f0): first defined here
/usr/bin/ld: /home/uilian/.conan2/p/b/librs336a2333e6ca6/p/lib/librsvg-2.a(cairo-image-surface.o): in function `INT_cairo_image_surface_get_width':
(.text+0x11a0): multiple definition of `cairo_image_surface_get_width'; /home/uilian/.conan2/p/b/librs336a2333e6ca6/p/lib/librsvg-2.a(cairo-image-surface.c.o):cairo-image-surface.c:(.text+0x1320): first defined here
/usr/bin/ld: /home/uilian/.conan2/p/b/librs336a2333e6ca6/p/lib/librsvg-2.a(cairo-image-surface.o): in function `INT_cairo_image_surface_get_height':
(.text+0x11e0): multiple definition of `cairo_image_surface_get_height'; /home/uilian/.conan2/p/b/librs336a2333e6ca6/p/lib/librsvg-2.a(cairo-image-surface.c.o):cairo-image-surface.c:(.text+0x1350): first defined here
/usr/bin/ld: /home/uilian/.conan2/p/b/librs336a2333e6ca6/p/lib/librsvg-2.a(cairo-image-surface.o): in function `INT_cairo_image_surface_get_stride':
(.text+0x1220): multiple definition of `cairo_image_surface_get_stride'; /home/uilian/.conan2/p/b/librs336a2333e6ca6/p/lib/librsvg-2.a(cairo-image-surface.c.o):cairo-image-surface.c:(.text+0x1380): first defined here
/usr/bin/ld: /home/uilian/.conan2/p/b/librs336a2333e6ca6/p/lib/librsvg-2.a(cairo-image-surface.o): in function `_cairo_format_from_content':
(.text+0x1260): multiple definition of `_cairo_format_from_content'; /home/uilian/.conan2/p/b/librs336a2333e6ca6/p/lib/librsvg-2.a(cairo-image-surface.c.o):cairo-image-surface.c:(.text+0x13b0): first defined here
/usr/bin/ld: /home/uilian/.conan2/p/b/librs336a2333e6ca6/p/lib/librsvg-2.a(cairo-image-surface.o): in function `_cairo_content_from_format':
(.text+0x12b0): multiple definition of `_cairo_content_from_format'; /home/uilian/.conan2/p/b/librs336a2333e6ca6/p/lib/librsvg-2.a(cairo-image-surface.c.o):cairo-image-surface.c:(.text+0x13e0): first defined here
/usr/bin/ld: /home/uilian/.conan2/p/b/librs336a2333e6ca6/p/lib/librsvg-2.a(cairo-image-surface.o): in function `_cairo_format_bits_per_pixel':
(.text+0x12f0): multiple definition of `_cairo_format_bits_per_pixel'; /home/uilian/.conan2/p/b/librs336a2333e6ca6/p/lib/librsvg-2.a(cairo-image-surface.c.o):cairo-image-surface.c:(.text+0x1420): first defined here
/usr/bin/ld: /home/uilian/.conan2/p/b/librs336a2333e6ca6/p/lib/librsvg-2.a(cairo-image-surface.o): in function `_cairo_image_surface_assume_ownership_of_data':
(.text+0x1330): multiple definition of `_cairo_image_surface_assume_ownership_of_data'; /home/uilian/.conan2/p/b/librs336a2333e6ca6/p/lib/librsvg-2.a(cairo-image-surface.c.o):cairo-image-surface.c:(.text+0x1440): first defined here
/usr/bin/ld: /home/uilian/.conan2/p/b/librs336a2333e6ca6/p/lib/librsvg-2.a(cairo-image-surface.o): in function `_cairo_image_surface_coerce_to_format':
(.text+0x1340): multiple definition of `_cairo_image_surface_coerce_to_format'; /home/uilian/.conan2/p/b/librs336a2333e6ca6/p/lib/librsvg-2.a(cairo-image-surface.c.o):cairo-image-surface.c:(.text+0x1570): first defined here
/usr/bin/ld: /home/uilian/.conan2/p/b/librs336a2333e6ca6/p/lib/librsvg-2.a(cairo-image-surface.o): in function `_cairo_image_surface_coerce':
(.text+0x1450): multiple definition of `_cairo_image_surface_coerce'; /home/uilian/.conan2/p/b/librs336a2333e6ca6/p/lib/librsvg-2.a(cairo-image-surface.c.o):cairo-image-surface.c:(.text+0x1450): first defined here
/usr/bin/ld: /home/uilian/.conan2/p/b/librs336a2333e6ca6/p/lib/librsvg-2.a(cairo-image-surface.o): in function `_cairo_image_surface_create_from_image':
(.text+0x14b0): multiple definition of `_cairo_image_surface_create_from_image'; /home/uilian/.conan2/p/b/librs336a2333e6ca6/p/lib/librsvg-2.a(cairo-image-surface.c.o):cairo-image-surface.c:(.text+0x1670): first defined here
/usr/bin/ld: /home/uilian/.conan2/p/b/librs336a2333e6ca6/p/lib/librsvg-2.a(cairo-image-surface.o): in function `_cairo_image_analyze_transparency':
(.text+0x1630): multiple definition of `_cairo_image_analyze_transparency'; /home/uilian/.conan2/p/b/librs336a2333e6ca6/p/lib/librsvg-2.a(cairo-image-surface.c.o):cairo-image-surface.c:(.text+0x1870): first defined here
/usr/bin/ld: /home/uilian/.conan2/p/b/librs336a2333e6ca6/p/lib/librsvg-2.a(cairo-image-surface.o): in function `_cairo_image_analyze_color':
(.text+0x1690): multiple definition of `_cairo_image_analyze_color'; /home/uilian/.conan2/p/b/librs336a2333e6ca6/p/lib/librsvg-2.a(cairo-image-surface.c.o):cairo-image-surface.c:(.text+0x1b90): first defined here
/usr/bin/ld: /home/uilian/.conan2/p/b/librs336a2333e6ca6/p/lib/librsvg-2.a(cairo-image-surface.o): in function `_cairo_image_surface_clone_subimage':
(.text+0x1700): multiple definition of `_cairo_image_surface_clone_subimage'; /home/uilian/.conan2/p/b/librs336a2333e6ca6/p/lib/librsvg-2.a(cairo-image-surface.c.o):cairo-image-surface.c:(.text+0x1bf0): first defined here
/usr/bin/ld: /home/uilian/.conan2/p/b/librs336a2333e6ca6/p/lib/librsvg-2.a(cairo-matrix.o): in function `INT_cairo_matrix_init_identity':
(.text+0x0): multiple definition of `cairo_matrix_init_identity'; /home/uilian/.conan2/p/b/librs336a2333e6ca6/p/lib/librsvg-2.a(cairo-matrix.c.o):cairo-matrix.c:(.text+0x20): first defined here
/usr/bin/ld: /home/uilian/.conan2/p/b/librs336a2333e6ca6/p/lib/librsvg-2.a(cairo-matrix.o): in function `INT_cairo_matrix_init':
(.text+0x40): multiple definition of `cairo_matrix_init'; /home/uilian/.conan2/p/b/librs336a2333e6ca6/p/lib/librsvg-2.a(cairo-matrix.c.o):cairo-matrix.c:(.text+0x0): first defined here
/usr/bin/ld: /home/uilian/.conan2/p/b/librs336a2333e6ca6/p/lib/librsvg-2.a(cairo-matrix.o): in function `_cairo_matrix_get_affine':
(.text+0x70): multiple definition of `_cairo_matrix_get_affine'; /home/uilian/.conan2/p/b/librs336a2333e6ca6/p/lib/librsvg-2.a(cairo-matrix.c.o):cairo-matrix.c:(.text+0x50): first defined here
/usr/bin/ld: /home/uilian/.conan2/p/b/librs336a2333e6ca6/p/lib/librsvg-2.a(cairo-matrix.o): in function `INT_cairo_matrix_init_translate':
(.text+0xc0): multiple definition of `cairo_matrix_init_translate'; /home/uilian/.conan2/p/b/librs336a2333e6ca6/p/lib/librsvg-2.a(cairo-matrix.c.o):cairo-matrix.c:(.text+0xa0): first defined here
/usr/bin/ld: /home/uilian/.conan2/p/b/librs336a2333e6ca6/p/lib/librsvg-2.a(cairo-matrix.o): in function `INT_cairo_matrix_translate':
(.text+0x100): multiple definition of `cairo_matrix_translate'; /home/uilian/.conan2/p/b/librs336a2333e6ca6/p/lib/librsvg-2.a(cairo-matrix.c.o):cairo-matrix.c:(.text+0x1c0): first defined here
/usr/bin/ld: /home/uilian/.conan2/p/b/librs336a2333e6ca6/p/lib/librsvg-2.a(cairo-matrix.o): in function `INT_cairo_matrix_init_scale':
(.text+0x190): multiple definition of `cairo_matrix_init_scale'; /home/uilian/.conan2/p/b/librs336a2333e6ca6/p/lib/librsvg-2.a(cairo-matrix.c.o):cairo-matrix.c:(.text+0xd0): first defined here
/usr/bin/ld: /home/uilian/.conan2/p/b/librs336a2333e6ca6/p/lib/librsvg-2.a(cairo-matrix.o): in function `INT_cairo_matrix_scale':
(.text+0x1c0): multiple definition of `cairo_matrix_scale'; /home/uilian/.conan2/p/b/librs336a2333e6ca6/p/lib/librsvg-2.a(cairo-matrix.c.o):cairo-matrix.c:(.text+0x1f0): first defined here
/usr/bin/ld: /home/uilian/.conan2/p/b/librs336a2333e6ca6/p/lib/librsvg-2.a(cairo-matrix.o): in function `INT_cairo_matrix_init_rotate':
(.text+0x270): multiple definition of `cairo_matrix_init_rotate'; /home/uilian/.conan2/p/b/librs336a2333e6ca6/p/lib/librsvg-2.a(cairo-matrix.c.o):cairo-matrix.c:(.text+0xf0): first defined here
/usr/bin/ld: /home/uilian/.conan2/p/b/librs336a2333e6ca6/p/lib/librsvg-2.a(cairo-matrix.o): in function `cairo_matrix_rotate':
(.text+0x2d0): multiple definition of `cairo_matrix_rotate'; /home/uilian/.conan2/p/b/librs336a2333e6ca6/p/lib/librsvg-2.a(cairo-matrix.c.o):cairo-matrix.c:(.text+0x220): first defined here
/usr/bin/ld: /home/uilian/.conan2/p/b/librs336a2333e6ca6/p/lib/librsvg-2.a(cairo-matrix.o): in function `INT_cairo_matrix_multiply':
(.text+0x3b0): multiple definition of `cairo_matrix_multiply'; /home/uilian/.conan2/p/b/librs336a2333e6ca6/p/lib/librsvg-2.a(cairo-matrix.c.o):cairo-matrix.c:(.text+0x140): first defined here
/usr/bin/ld: /home/uilian/.conan2/p/b/librs336a2333e6ca6/p/lib/librsvg-2.a(cairo-matrix.o): in function `_cairo_matrix_multiply':
(.text+0x480): multiple definition of `_cairo_matrix_multiply'; /home/uilian/.conan2/p/b/librs336a2333e6ca6/p/lib/librsvg-2.a(cairo-matrix.c.o):cairo-matrix.c:(.text+0x250): first defined here
/usr/bin/ld: /home/uilian/.conan2/p/b/librs336a2333e6ca6/p/lib/librsvg-2.a(cairo-matrix.o): in function `INT_cairo_matrix_transform_distance':
(.text+0x540): multiple definition of `cairo_matrix_transform_distance'; /home/uilian/.conan2/p/b/librs336a2333e6ca6/p/lib/librsvg-2.a(cairo-matrix.c.o):cairo-matrix.c:(.text+0x310): first defined here
/usr/bin/ld: /home/uilian/.conan2/p/b/librs336a2333e6ca6/p/lib/librsvg-2.a(cairo-matrix.o): in function `INT_cairo_matrix_transform_point':
(.text+0x580): multiple definition of `cairo_matrix_transform_point'; /home/uilian/.conan2/p/b/librs336a2333e6ca6/p/lib/librsvg-2.a(cairo-matrix.c.o):cairo-matrix.c:(.text+0x350): first defined here
/usr/bin/ld: /home/uilian/.conan2/p/b/librs336a2333e6ca6/p/lib/librsvg-2.a(cairo-matrix.o): in function `_cairo_matrix_transform_bounding_box':
(.text+0x5e0): multiple definition of `_cairo_matrix_transform_bounding_box'; /home/uilian/.conan2/p/b/librs336a2333e6ca6/p/lib/librsvg-2.a(cairo-matrix.c.o):cairo-matrix.c:(.text+0x390): first defined here
/usr/bin/ld: /home/uilian/.conan2/p/b/librs336a2333e6ca6/p/lib/librsvg-2.a(cairo-matrix.o): in function `_cairo_matrix_transform_bounding_box_fixed':
(.text+0x900): multiple definition of `_cairo_matrix_transform_bounding_box_fixed'; /home/uilian/.conan2/p/b/librs336a2333e6ca6/p/lib/librsvg-2.a(cairo-matrix.c.o):cairo-matrix.c:(.text+0x780): first defined here
/usr/bin/ld: /home/uilian/.conan2/p/b/librs336a2333e6ca6/p/lib/librsvg-2.a(cairo-matrix.o): in function `INT_cairo_matrix_invert':
(.text+0x9b0): multiple definition of `cairo_matrix_invert'; /home/uilian/.conan2/p/b/librs336a2333e6ca6/p/lib/librsvg-2.a(cairo-matrix.c.o):cairo-matrix.c:(.text+0xbd0): first defined here
/usr/bin/ld: /home/uilian/.conan2/p/b/librs336a2333e6ca6/p/lib/librsvg-2.a(cairo-matrix.o): in function `_cairo_matrix_is_invertible':
(.text+0xb60): multiple definition of `_cairo_matrix_is_invertible'; /home/uilian/.conan2/p/b/librs336a2333e6ca6/p/lib/librsvg-2.a(cairo-matrix.c.o):cairo-matrix.c:(.text+0xd90): first defined here
/usr/bin/ld: /home/uilian/.conan2/p/b/librs336a2333e6ca6/p/lib/librsvg-2.a(cairo-matrix.o): in function `_cairo_matrix_is_scale_0':
(.text+0xbb0): multiple definition of `_cairo_matrix_is_scale_0'; /home/uilian/.conan2/p/b/librs336a2333e6ca6/p/lib/librsvg-2.a(cairo-matrix.c.o):cairo-matrix.c:(.text+0xde0): first defined here
/usr/bin/ld: /home/uilian/.conan2/p/b/librs336a2333e6ca6/p/lib/librsvg-2.a(cairo-matrix.o): in function `_cairo_matrix_compute_determinant':
(.text+0xbf0): multiple definition of `_cairo_matrix_compute_determinant'; /home/uilian/.conan2/p/b/librs336a2333e6ca6/p/lib/librsvg-2.a(cairo-matrix.c.o):cairo-matrix.c:(.text+0xe20): first defined here
/usr/bin/ld: /home/uilian/.conan2/p/b/librs336a2333e6ca6/p/lib/librsvg-2.a(cairo-matrix.o): in function `_cairo_matrix_compute_basis_scale_factors':
(.text+0xc10): multiple definition of `_cairo_matrix_compute_basis_scale_factors'; /home/uilian/.conan2/p/b/librs336a2333e6ca6/p/lib/librsvg-2.a(cairo-matrix.c.o):cairo-matrix.c:(.text+0xe40): first defined here
/usr/bin/ld: /home/uilian/.conan2/p/b/librs336a2333e6ca6/p/lib/librsvg-2.a(cairo-matrix.o): in function `_cairo_matrix_is_integer_translation':
(.text+0xd30): multiple definition of `_cairo_matrix_is_integer_translation'; /home/uilian/.conan2/p/b/librs336a2333e6ca6/p/lib/librsvg-2.a(cairo-matrix.c.o):cairo-matrix.c:(.text+0xf70): first defined here
/usr/bin/ld: /home/uilian/.conan2/p/b/librs336a2333e6ca6/p/lib/librsvg-2.a(cairo-matrix.o): in function `_cairo_matrix_has_unity_scale':
(.text+0xdc0): multiple definition of `_cairo_matrix_has_unity_scale'; /home/uilian/.conan2/p/b/librs336a2333e6ca6/p/lib/librsvg-2.a(cairo-matrix.c.o):cairo-matrix.c:(.text+0x1000): first defined here
/usr/bin/ld: /home/uilian/.conan2/p/b/librs336a2333e6ca6/p/lib/librsvg-2.a(cairo-matrix.o): in function `_cairo_matrix_is_pixel_exact':
(.text+0xe50): multiple definition of `_cairo_matrix_is_pixel_exact'; /home/uilian/.conan2/p/b/librs336a2333e6ca6/p/lib/librsvg-2.a(cairo-matrix.c.o):cairo-matrix.c:(.text+0x1090): first defined here
/usr/bin/ld: /home/uilian/.conan2/p/b/librs336a2333e6ca6/p/lib/librsvg-2.a(cairo-matrix.o): in function `_cairo_matrix_transformed_circle_major_axis':
(.text+0xf00): multiple definition of `_cairo_matrix_transformed_circle_major_axis'; /home/uilian/.conan2/p/b/librs336a2333e6ca6/p/lib/librsvg-2.a(cairo-matrix.c.o):cairo-matrix.c:(.text+0x1140): first defined here
/usr/bin/ld: /home/uilian/.conan2/p/b/librs336a2333e6ca6/p/lib/librsvg-2.a(cairo-matrix.o): in function `_cairo_matrix_is_pixman_translation':
(.text+0x1000): multiple definition of `_cairo_matrix_is_pixman_translation'; /home/uilian/.conan2/p/b/librs336a2333e6ca6/p/lib/librsvg-2.a(cairo-matrix.c.o):cairo-matrix.c:(.text+0x1280): first defined here
/usr/bin/ld: /home/uilian/.conan2/p/b/librs336a2333e6ca6/p/lib/librsvg-2.a(cairo-matrix.o): in function `_cairo_matrix_to_pixman_matrix_offset':
(.text+0x12d0): multiple definition of `_cairo_matrix_to_pixman_matrix_offset'; /home/uilian/.conan2/p/b/librs336a2333e6ca6/p/lib/librsvg-2.a(cairo-matrix.c.o):cairo-matrix.c:(.text+0x1560): first defined here
/usr/bin/ld: /home/uilian/.conan2/p/b/librs336a2333e6ca6/p/lib/librsvg-2.a(cairo-misc.o): in function `cairo_status_to_string':
(.text+0x60): multiple definition of `cairo_status_to_string'; /home/uilian/.conan2/p/b/librs336a2333e6ca6/p/lib/librsvg-2.a(cairo-misc.c.o):cairo-misc.c:(.text+0x60): first defined here
/usr/bin/ld: /home/uilian/.conan2/p/b/librs336a2333e6ca6/p/lib/librsvg-2.a(cairo-misc.o): in function `INT_cairo_glyph_allocate':
(.text+0x330): multiple definition of `cairo_glyph_allocate'; /home/uilian/.conan2/p/b/librs336a2333e6ca6/p/lib/librsvg-2.a(cairo-misc.c.o):cairo-misc.c:(.text+0x350): first defined here
/usr/bin/ld: /home/uilian/.conan2/p/b/librs336a2333e6ca6/p/lib/librsvg-2.a(cairo-misc.o): in function `INT_cairo_glyph_free':
(.text+0x360): multiple definition of `cairo_glyph_free'; /home/uilian/.conan2/p/b/librs336a2333e6ca6/p/lib/librsvg-2.a(cairo-misc.c.o):cairo-misc.c:(.text+0x370): first defined here
/usr/bin/ld: /home/uilian/.conan2/p/b/librs336a2333e6ca6/p/lib/librsvg-2.a(cairo-misc.o): in function `INT_cairo_text_cluster_allocate':
(.text+0x370): multiple definition of `cairo_text_cluster_allocate'; /home/uilian/.conan2/p/b/librs336a2333e6ca6/p/lib/librsvg-2.a(cairo-misc.c.o):cairo-misc.c:(.text+0x380): first defined here
/usr/bin/ld: /home/uilian/.conan2/p/b/librs336a2333e6ca6/p/lib/librsvg-2.a(cairo-misc.o): in function `INT_cairo_text_cluster_free':
(.text+0x3a0): multiple definition of `cairo_text_cluster_free'; /home/uilian/.conan2/p/b/librs336a2333e6ca6/p/lib/librsvg-2.a(cairo-misc.c.o):cairo-misc.c:(.text+0x3a0): first defined here
/usr/bin/ld: /home/uilian/.conan2/p/b/librs336a2333e6ca6/p/lib/librsvg-2.a(cairo-misc.o): in function `_cairo_validate_text_clusters':
(.text+0x3b0): multiple definition of `_cairo_validate_text_clusters'; /home/uilian/.conan2/p/b/librs336a2333e6ca6/p/lib/librsvg-2.a(cairo-misc.c.o):cairo-misc.c:(.text+0x3b0): first defined here
/usr/bin/ld: /home/uilian/.conan2/p/b/librs336a2333e6ca6/p/lib/librsvg-2.a(cairo-misc.o): in function `_cairo_operator_bounded_by_mask':
(.text+0x470): multiple definition of `_cairo_operator_bounded_by_mask'; /home/uilian/.conan2/p/b/librs336a2333e6ca6/p/lib/librsvg-2.a(cairo-misc.c.o):cairo-misc.c:(.text+0x460): first defined here
/usr/bin/ld: /home/uilian/.conan2/p/b/librs336a2333e6ca6/p/lib/librsvg-2.a(cairo-misc.o): in function `_cairo_operator_bounded_by_source':
(.text+0x4d0): multiple definition of `_cairo_operator_bounded_by_source'; /home/uilian/.conan2/p/b/librs336a2333e6ca6/p/lib/librsvg-2.a(cairo-misc.c.o):cairo-misc.c:(.text+0x480): first defined here
/usr/bin/ld: /home/uilian/.conan2/p/b/librs336a2333e6ca6/p/lib/librsvg-2.a(cairo-misc.o): in function `_cairo_operator_bounded_by_either':
(.text+0x530): multiple definition of `_cairo_operator_bounded_by_either'; /home/uilian/.conan2/p/b/librs336a2333e6ca6/p/lib/librsvg-2.a(cairo-misc.c.o):cairo-misc.c:(.text+0x4a0): first defined here
/usr/bin/ld: /home/uilian/.conan2/p/b/librs336a2333e6ca6/p/lib/librsvg-2.a(cairo-misc.o): in function `_cairo_half_from_float':
(.text+0x590): multiple definition of `_cairo_half_from_float'; /home/uilian/.conan2/p/b/librs336a2333e6ca6/p/lib/librsvg-2.a(cairo-misc.c.o):cairo-misc.c:(.text+0x4e0): first defined here
/usr/bin/ld: /home/uilian/.conan2/p/b/librs336a2333e6ca6/p/lib/librsvg-2.a(cairo-misc.o): in function `_cairo_get_locale_decimal_point':
(.text+0x650): multiple definition of `_cairo_get_locale_decimal_point'; /home/uilian/.conan2/p/b/librs336a2333e6ca6/p/lib/librsvg-2.a(cairo-misc.c.o):cairo-misc.c:(.text+0x590): first defined here
/usr/bin/ld: /home/uilian/.conan2/p/b/librs336a2333e6ca6/p/lib/librsvg-2.a(cairo-misc.o): in function `_cairo_strtod':
(.text+0x670): multiple definition of `_cairo_strtod'; /home/uilian/.conan2/p/b/librs336a2333e6ca6/p/lib/librsvg-2.a(cairo-misc.c.o):cairo-misc.c:(.text+0x5b0): first defined here
/usr/bin/ld: /home/uilian/.conan2/p/b/librs336a2333e6ca6/p/lib/librsvg-2.a(cairo-misc.o): in function `_cairo_fopen':
(.text+0x6e0): multiple definition of `_cairo_fopen'; /home/uilian/.conan2/p/b/librs336a2333e6ca6/p/lib/librsvg-2.a(cairo-misc.c.o):cairo-misc.c:(.text+0x620): first defined here
/usr/bin/ld: /home/uilian/.conan2/p/b/librs336a2333e6ca6/p/lib/librsvg-2.a(cairo-misc.o): in function `_cairo_string_hash':
(.text+0x700): multiple definition of `_cairo_string_hash'; /home/uilian/.conan2/p/b/librs336a2333e6ca6/p/lib/librsvg-2.a(cairo-misc.c.o):cairo-misc.c:(.text+0x750): first defined here
/usr/bin/ld: /home/uilian/.conan2/p/b/librs336a2333e6ca6/p/lib/librsvg-2.a(cairo-misc.o): in function `_cairo_intern_string':
(.text+0x730): multiple definition of `_cairo_intern_string'; /home/uilian/.conan2/p/b/librs336a2333e6ca6/p/lib/librsvg-2.a(cairo-misc.c.o):cairo-misc.c:(.text+0x780): first defined here
/usr/bin/ld: /home/uilian/.conan2/p/b/librs336a2333e6ca6/p/lib/librsvg-2.a(cairo-misc.o): in function `_cairo_intern_string_reset_static_data':
(.text+0x8b0): multiple definition of `_cairo_intern_string_reset_static_data'; /home/uilian/.conan2/p/b/librs336a2333e6ca6/p/lib/librsvg-2.a(cairo-misc.c.o):cairo-misc.c:(.text+0x8e0): first defined here
/usr/bin/ld: /home/uilian/.conan2/p/b/librs336a2333e6ca6/p/lib/librsvg-2.a(cairo-pattern.o): in function `_cairo_pattern_init':
(.text+0x610): multiple definition of `_cairo_pattern_init'; /home/uilian/.conan2/p/b/librs336a2333e6ca6/p/lib/librsvg-2.a(cairo-pattern.c.o):cairo-pattern.c:(.text+0x0): first defined here
/usr/bin/ld: /home/uilian/.conan2/p/b/librs336a2333e6ca6/p/lib/librsvg-2.a(cairo-pattern.o): in function `_cairo_pattern_init_copy':
(.text+0x680): multiple definition of `_cairo_pattern_init_copy'; /home/uilian/.conan2/p/b/librs336a2333e6ca6/p/lib/librsvg-2.a(cairo-pattern.c.o):cairo-pattern.c:(.text+0x80): first defined here
/usr/bin/ld: /home/uilian/.conan2/p/b/librs336a2333e6ca6/p/lib/librsvg-2.a(cairo-pattern.o): in function `_cairo_pattern_init_static_copy':
(.text+0x9a0): multiple definition of `_cairo_pattern_init_static_copy'; /home/uilian/.conan2/p/b/librs336a2333e6ca6/p/lib/librsvg-2.a(cairo-pattern.c.o):cairo-pattern.c:(.text+0x3d0): first defined here
/usr/bin/ld: /home/uilian/.conan2/p/b/librs336a2333e6ca6/p/lib/librsvg-2.a(cairo-pattern.o): in function `_cairo_pattern_init_snapshot':
(.text+0xa50): multiple definition of `_cairo_pattern_init_snapshot'; /home/uilian/.conan2/p/b/librs336a2333e6ca6/p/lib/librsvg-2.a(cairo-pattern.c.o):cairo-pattern.c:(.text+0x440): first defined here
/usr/bin/ld: /home/uilian/.conan2/p/b/librs336a2333e6ca6/p/lib/librsvg-2.a(cairo-pattern.o): in function `_cairo_pattern_fini':
(.text+0xac0): multiple definition of `_cairo_pattern_fini'; /home/uilian/.conan2/p/b/librs336a2333e6ca6/p/lib/librsvg-2.a(cairo-pattern.c.o):cairo-pattern.c:(.text+0x7f0): first defined here
/usr/bin/ld: /home/uilian/.conan2/p/b/librs336a2333e6ca6/p/lib/librsvg-2.a(cairo-pattern.o): in function `_cairo_pattern_create_copy':
(.text+0xb50): multiple definition of `_cairo_pattern_create_copy'; /home/uilian/.conan2/p/b/librs336a2333e6ca6/p/lib/librsvg-2.a(cairo-pattern.c.o):cairo-pattern.c:(.text+0x880): first defined here
/usr/bin/ld: /home/uilian/.conan2/p/b/librs336a2333e6ca6/p/lib/librsvg-2.a(cairo-pattern.o): in function `_cairo_pattern_init_solid':
(.text+0xc60): multiple definition of `_cairo_pattern_init_solid'; /home/uilian/.conan2/p/b/librs336a2333e6ca6/p/lib/librsvg-2.a(cairo-pattern.c.o):cairo-pattern.c:(.text+0xc70): first defined here
/usr/bin/ld: /home/uilian/.conan2/p/b/librs336a2333e6ca6/p/lib/librsvg-2.a(cairo-pattern.o): in function `_cairo_pattern_init_for_surface':
(.text+0xce0): multiple definition of `_cairo_pattern_init_for_surface'; /home/uilian/.conan2/p/b/librs336a2333e6ca6/p/lib/librsvg-2.a(cairo-pattern.c.o):cairo-pattern.c:(.text+0xd00): first defined here
/usr/bin/ld: /home/uilian/.conan2/p/b/librs336a2333e6ca6/p/lib/librsvg-2.a(cairo-pattern.o): in function `_cairo_pattern_create_solid':
(.text+0xdd0): multiple definition of `_cairo_pattern_create_solid'; /home/uilian/.conan2/p/b/librs336a2333e6ca6/p/lib/librsvg-2.a(cairo-pattern.c.o):cairo-pattern.c:(.text+0xe10): first defined here
/usr/bin/ld: /home/uilian/.conan2/p/b/librs336a2333e6ca6/p/lib/librsvg-2.a(cairo-pattern.o): in function `_cairo_pattern_create_in_error':
(.text+0xef0): multiple definition of `_cairo_pattern_create_in_error'; /home/uilian/.conan2/p/b/librs336a2333e6ca6/p/lib/librsvg-2.a(cairo-pattern.c.o):cairo-pattern.c:(.text+0xf60): first defined here
/usr/bin/ld: /home/uilian/.conan2/p/b/librs336a2333e6ca6/p/lib/librsvg-2.a(cairo-pattern.o): in function `INT_cairo_pattern_create_rgb':
(.text+0xf70): multiple definition of `cairo_pattern_create_rgb'; /home/uilian/.conan2/p/b/librs336a2333e6ca6/p/lib/librsvg-2.a(cairo-pattern.c.o):cairo-pattern.c:(.text+0x1080): first defined here
/usr/bin/ld: /home/uilian/.conan2/p/b/librs336a2333e6ca6/p/lib/librsvg-2.a(cairo-pattern.o): in function `INT_cairo_pattern_create_rgba':
(.text+0x1020): multiple definition of `cairo_pattern_create_rgba'; /home/uilian/.conan2/p/b/librs336a2333e6ca6/p/lib/librsvg-2.a(cairo-pattern.c.o):cairo-pattern.c:(.text+0xfc0): first defined here
/usr/bin/ld: /home/uilian/.conan2/p/b/librs336a2333e6ca6/p/lib/librsvg-2.a(cairo-pattern.o): in function `INT_cairo_pattern_create_for_surface':
(.text+0x10f0): multiple definition of `cairo_pattern_create_for_surface'; /home/uilian/.conan2/p/b/librs336a2333e6ca6/p/lib/librsvg-2.a(cairo-pattern.c.o):cairo-pattern.c:(.text+0x1090): first defined here
/usr/bin/ld: /home/uilian/.conan2/p/b/librs336a2333e6ca6/p/lib/librsvg-2.a(cairo-pattern.o): in function `cairo_pattern_create_linear':
(.text+0x1250): multiple definition of `cairo_pattern_create_linear'; /home/uilian/.conan2/p/b/librs336a2333e6ca6/p/lib/librsvg-2.a(cairo-pattern.c.o):cairo-pattern.c:(.text+0x12a0): first defined here
/usr/bin/ld: /home/uilian/.conan2/p/b/librs336a2333e6ca6/p/lib/librsvg-2.a(cairo-pattern.o): in function `cairo_pattern_create_radial':
(.text+0x13a0): multiple definition of `cairo_pattern_create_radial'; /home/uilian/.conan2/p/b/librs336a2333e6ca6/p/lib/librsvg-2.a(cairo-pattern.c.o):cairo-pattern.c:(.text+0x13f0): first defined here
/usr/bin/ld: /home/uilian/.conan2/p/b/librs336a2333e6ca6/p/lib/librsvg-2.a(cairo-pattern.o): in function `cairo_pattern_create_mesh':
(.text+0x1530): multiple definition of `cairo_pattern_create_mesh'; /home/uilian/.conan2/p/b/librs336a2333e6ca6/p/lib/librsvg-2.a(cairo-pattern.c.o):cairo-pattern.c:(.text+0x1580): first defined here
/usr/bin/ld: /home/uilian/.conan2/p/b/librs336a2333e6ca6/p/lib/librsvg-2.a(cairo-pattern.o): in function `INT_cairo_pattern_reference':
(.text+0x1640): multiple definition of `cairo_pattern_reference'; /home/uilian/.conan2/p/b/librs336a2333e6ca6/p/lib/librsvg-2.a(cairo-pattern.c.o):cairo-pattern.c:(.text+0x1690): first defined here
/usr/bin/ld: /home/uilian/.conan2/p/b/librs336a2333e6ca6/p/lib/librsvg-2.a(cairo-pattern.o): in function `cairo_pattern_get_type':
(.text+0x1680): multiple definition of `cairo_pattern_get_type'; /home/uilian/.conan2/p/b/librs336a2333e6ca6/p/lib/librsvg-2.a(cairo-pattern.c.o):cairo-pattern.c:(.text+0x16b0): first defined here
/usr/bin/ld: /home/uilian/.conan2/p/b/librs336a2333e6ca6/p/lib/librsvg-2.a(cairo-pattern.o): in function `cairo_pattern_status':
(.text+0x1690): multiple definition of `cairo_pattern_status'; /home/uilian/.conan2/p/b/librs336a2333e6ca6/p/lib/librsvg-2.a(cairo-pattern.c.o):cairo-pattern.c:(.text+0x16c0): first defined here
/usr/bin/ld: /home/uilian/.conan2/p/b/librs336a2333e6ca6/p/lib/librsvg-2.a(cairo-pattern.o): in function `INT_cairo_pattern_destroy':
(.text+0x16a0): multiple definition of `cairo_pattern_destroy'; /home/uilian/.conan2/p/b/librs336a2333e6ca6/p/lib/librsvg-2.a(cairo-pattern.c.o):cairo-pattern.c:(.text+0x16d0): first defined here
/usr/bin/ld: /home/uilian/.conan2/p/b/librs336a2333e6ca6/p/lib/librsvg-2.a(cairo-pattern.o): in function `cairo_pattern_get_reference_count':
(.text+0x1780): multiple definition of `cairo_pattern_get_reference_count'; /home/uilian/.conan2/p/b/librs336a2333e6ca6/p/lib/librsvg-2.a(cairo-pattern.c.o):cairo-pattern.c:(.text+0x1810): first defined here
/usr/bin/ld: /home/uilian/.conan2/p/b/librs336a2333e6ca6/p/lib/librsvg-2.a(cairo-pattern.o): in function `cairo_pattern_get_user_data':
(.text+0x17a0): multiple definition of `cairo_pattern_get_user_data'; /home/uilian/.conan2/p/b/librs336a2333e6ca6/p/lib/librsvg-2.a(cairo-pattern.c.o):cairo-pattern.c:(.text+0x1830): first defined here
/usr/bin/ld: /home/uilian/.conan2/p/b/librs336a2333e6ca6/p/lib/librsvg-2.a(cairo-pattern.o): in function `cairo_pattern_set_user_data':
(.text+0x17b0): multiple definition of `cairo_pattern_set_user_data'; /home/uilian/.conan2/p/b/librs336a2333e6ca6/p/lib/librsvg-2.a(cairo-pattern.c.o):cairo-pattern.c:(.text+0x1840): first defined here
/usr/bin/ld: /home/uilian/.conan2/p/b/librs336a2333e6ca6/p/lib/librsvg-2.a(cairo-pattern.o): in function `cairo_mesh_pattern_begin_patch':
(.text+0x17d0): multiple definition of `cairo_mesh_pattern_begin_patch'; /home/uilian/.conan2/p/b/librs336a2333e6ca6/p/lib/librsvg-2.a(cairo-pattern.c.o):cairo-pattern.c:(.text+0x1860): first defined here
/usr/bin/ld: /home/uilian/.conan2/p/b/librs336a2333e6ca6/p/lib/librsvg-2.a(cairo-pattern.o): in function `INT_cairo_mesh_pattern_move_to':
(.text+0x1900): multiple definition of `cairo_mesh_pattern_move_to'; /home/uilian/.conan2/p/b/librs336a2333e6ca6/p/lib/librsvg-2.a(cairo-pattern.c.o):cairo-pattern.c:(.text+0x1940): first defined here
/usr/bin/ld: /home/uilian/.conan2/p/b/librs336a2333e6ca6/p/lib/librsvg-2.a(cairo-pattern.o): in function `INT_cairo_mesh_pattern_curve_to':
(.text+0x1980): multiple definition of `cairo_mesh_pattern_curve_to'; /home/uilian/.conan2/p/b/librs336a2333e6ca6/p/lib/librsvg-2.a(cairo-pattern.c.o):cairo-pattern.c:(.text+0x19c0): first defined here
/usr/bin/ld: /home/uilian/.conan2/p/b/librs336a2333e6ca6/p/lib/librsvg-2.a(cairo-pattern.o): in function `INT_cairo_mesh_pattern_line_to':
(.text+0x1b70): multiple definition of `cairo_mesh_pattern_line_to'; /home/uilian/.conan2/p/b/librs336a2333e6ca6/p/lib/librsvg-2.a(cairo-pattern.c.o):cairo-pattern.c:(.text+0x1b60): first defined here
/usr/bin/ld: /home/uilian/.conan2/p/b/librs336a2333e6ca6/p/lib/librsvg-2.a(cairo-pattern.o): in function `cairo_mesh_pattern_end_patch':
(.text+0x1c80): multiple definition of `cairo_mesh_pattern_end_patch'; /home/uilian/.conan2/p/b/librs336a2333e6ca6/p/lib/librsvg-2.a(cairo-pattern.c.o):cairo-pattern.c:(.text+0x1c70): first defined here
/usr/bin/ld: /home/uilian/.conan2/p/b/librs336a2333e6ca6/p/lib/librsvg-2.a(cairo-pattern.o): in function `cairo_mesh_pattern_set_control_point':
(.text+0x1fc0): multiple definition of `cairo_mesh_pattern_set_control_point'; /home/uilian/.conan2/p/b/librs336a2333e6ca6/p/lib/librsvg-2.a(cairo-pattern.c.o):cairo-pattern.c:(.text+0x2150): first defined here
/usr/bin/ld: /home/uilian/.conan2/p/b/librs336a2333e6ca6/p/lib/librsvg-2.a(cairo-pattern.o): in function `INT_cairo_mesh_pattern_set_corner_color_rgba':
(.text+0x2080): multiple definition of `cairo_mesh_pattern_set_corner_color_rgba'; /home/uilian/.conan2/p/b/librs336a2333e6ca6/p/lib/librsvg-2.a(cairo-pattern.c.o):cairo-pattern.c:(.text+0x2210): first defined here
/usr/bin/ld: /home/uilian/.conan2/p/b/librs336a2333e6ca6/p/lib/librsvg-2.a(cairo-pattern.o): in function `cairo_mesh_pattern_set_corner_color_rgb':
(.text+0x2280): multiple definition of `cairo_mesh_pattern_set_corner_color_rgb'; /home/uilian/.conan2/p/b/librs336a2333e6ca6/p/lib/librsvg-2.a(cairo-pattern.c.o):cairo-pattern.c:(.text+0x2430): first defined here
/usr/bin/ld: /home/uilian/.conan2/p/b/librs336a2333e6ca6/p/lib/librsvg-2.a(cairo-pattern.o): in function `INT_cairo_pattern_add_color_stop_rgba':
(.text+0x22a0): multiple definition of `cairo_pattern_add_color_stop_rgba'; /home/uilian/.conan2/p/b/librs336a2333e6ca6/p/lib/librsvg-2.a(cairo-pattern.c.o):cairo-pattern.c:(.text+0x2440): first defined here
/usr/bin/ld: /home/uilian/.conan2/p/b/librs336a2333e6ca6/p/lib/librsvg-2.a(cairo-pattern.o): in function `cairo_pattern_add_color_stop_rgb':
(.text+0x2720): multiple definition of `cairo_pattern_add_color_stop_rgb'; /home/uilian/.conan2/p/b/librs336a2333e6ca6/p/lib/librsvg-2.a(cairo-pattern.c.o):cairo-pattern.c:(.text+0x28f0): first defined here
/usr/bin/ld: /home/uilian/.conan2/p/b/librs336a2333e6ca6/p/lib/librsvg-2.a(cairo-pattern.o): in function `INT_cairo_pattern_set_matrix':
(.text+0x2740): multiple definition of `cairo_pattern_set_matrix'; /home/uilian/.conan2/p/b/librs336a2333e6ca6/p/lib/librsvg-2.a(cairo-pattern.c.o):cairo-pattern.c:(.text+0x2900): first defined here
/usr/bin/ld: /home/uilian/.conan2/p/b/librs336a2333e6ca6/p/lib/librsvg-2.a(cairo-pattern.o): in function `cairo_pattern_get_matrix':
(.text+0x2880): multiple definition of `cairo_pattern_get_matrix'; /home/uilian/.conan2/p/b/librs336a2333e6ca6/p/lib/librsvg-2.a(cairo-pattern.c.o):cairo-pattern.c:(.text+0x2a10): first defined here
/usr/bin/ld: /home/uilian/.conan2/p/b/librs336a2333e6ca6/p/lib/librsvg-2.a(cairo-pattern.o): in function `cairo_pattern_set_filter':
(.text+0x28a0): multiple definition of `cairo_pattern_set_filter'; /home/uilian/.conan2/p/b/librs336a2333e6ca6/p/lib/librsvg-2.a(cairo-pattern.c.o):cairo-pattern.c:(.text+0x2a30): first defined here
/usr/bin/ld: /home/uilian/.conan2/p/b/librs336a2333e6ca6/p/lib/librsvg-2.a(cairo-pattern.o): in function `cairo_pattern_get_filter':
(.text+0x28f0): multiple definition of `cairo_pattern_get_filter'; /home/uilian/.conan2/p/b/librs336a2333e6ca6/p/lib/librsvg-2.a(cairo-pattern.c.o):cairo-pattern.c:(.text+0x2a90): first defined here
/usr/bin/ld: /home/uilian/.conan2/p/b/librs336a2333e6ca6/p/lib/librsvg-2.a(cairo-pattern.o): in function `cairo_pattern_set_extend':
(.text+0x2900): multiple definition of `cairo_pattern_set_extend'; /home/uilian/.conan2/p/b/librs336a2333e6ca6/p/lib/librsvg-2.a(cairo-pattern.c.o):cairo-pattern.c:(.text+0x2b10): first defined here
/usr/bin/ld: /home/uilian/.conan2/p/b/librs336a2333e6ca6/p/lib/librsvg-2.a(cairo-pattern.o): in function `INT_cairo_pattern_get_extend':
(.text+0x2950): multiple definition of `cairo_pattern_get_extend'; /home/uilian/.conan2/p/b/librs336a2333e6ca6/p/lib/librsvg-2.a(cairo-pattern.c.o):cairo-pattern.c:(.text+0x2b70): first defined here
/usr/bin/ld: /home/uilian/.conan2/p/b/librs336a2333e6ca6/p/lib/librsvg-2.a(cairo-pattern.o): in function `_cairo_pattern_pretransform':
(.text+0x2960): multiple definition of `_cairo_pattern_pretransform'; /home/uilian/.conan2/p/b/librs336a2333e6ca6/p/lib/librsvg-2.a(cairo-pattern.c.o):cairo-pattern.c:(.text+0x2b80): first defined here
/usr/bin/ld: /home/uilian/.conan2/p/b/librs336a2333e6ca6/p/lib/librsvg-2.a(cairo-pattern.o): in function `_cairo_pattern_transform':
(.text+0x2980): multiple definition of `_cairo_pattern_transform'; /home/uilian/.conan2/p/b/librs336a2333e6ca6/p/lib/librsvg-2.a(cairo-pattern.c.o):cairo-pattern.c:(.text+0x2ba0): first defined here
/usr/bin/ld: /home/uilian/.conan2/p/b/librs336a2333e6ca6/p/lib/librsvg-2.a(cairo-pattern.o): in function `_cairo_radial_pattern_focus_is_inside':
(.text+0x29a0): multiple definition of `_cairo_radial_pattern_focus_is_inside'; /home/uilian/.conan2/p/b/librs336a2333e6ca6/p/lib/librsvg-2.a(cairo-pattern.c.o):cairo-pattern.c:(.text+0x2bc0): first defined here
/usr/bin/ld: /home/uilian/.conan2/p/b/librs336a2333e6ca6/p/lib/librsvg-2.a(cairo-pattern.o): in function `_cairo_gradient_pattern_box_to_parameter':
(.text+0x29f0): multiple definition of `_cairo_gradient_pattern_box_to_parameter'; /home/uilian/.conan2/p/b/librs336a2333e6ca6/p/lib/librsvg-2.a(cairo-pattern.c.o):cairo-pattern.c:(.text+0x2c10): first defined here
/usr/bin/ld: /home/uilian/.conan2/p/b/librs336a2333e6ca6/p/lib/librsvg-2.a(cairo-pattern.o): in function `_cairo_gradient_pattern_interpolate':
(.text+0x3d60): multiple definition of `_cairo_gradient_pattern_interpolate'; /home/uilian/.conan2/p/b/librs336a2333e6ca6/p/lib/librsvg-2.a(cairo-pattern.c.o):cairo-pattern.c:(.text+0x3f10): first defined here
/usr/bin/ld: /home/uilian/.conan2/p/b/librs336a2333e6ca6/p/lib/librsvg-2.a(cairo-pattern.o): in function `_cairo_gradient_pattern_fit_to_range':
(.text+0x3e40): multiple definition of `_cairo_gradient_pattern_fit_to_range'; /home/uilian/.conan2/p/b/librs336a2333e6ca6/p/lib/librsvg-2.a(cairo-pattern.c.o):cairo-pattern.c:(.text+0x3fc0): first defined here
/usr/bin/ld: /home/uilian/.conan2/p/b/librs336a2333e6ca6/p/lib/librsvg-2.a(cairo-pattern.o): in function `_cairo_pattern_alpha_range':
(.text+0x40d0): multiple definition of `_cairo_pattern_alpha_range'; /home/uilian/.conan2/p/b/librs336a2333e6ca6/p/lib/librsvg-2.a(cairo-pattern.c.o):cairo-pattern.c:(.text+0x4260): first defined here
/usr/bin/ld: /home/uilian/.conan2/p/b/librs336a2333e6ca6/p/lib/librsvg-2.a(cairo-pattern.o): in function `_cairo_mesh_pattern_coord_box':
(.text+0x42c0): multiple definition of `_cairo_mesh_pattern_coord_box'; /home/uilian/.conan2/p/b/librs336a2333e6ca6/p/lib/librsvg-2.a(cairo-pattern.c.o):cairo-pattern.c:(.text+0x4460): first defined here
/usr/bin/ld: /home/uilian/.conan2/p/b/librs336a2333e6ca6/p/lib/librsvg-2.a(cairo-pattern.o): in function `_cairo_gradient_pattern_is_solid':
(.text+0x4670): multiple definition of `_cairo_gradient_pattern_is_solid'; /home/uilian/.conan2/p/b/librs336a2333e6ca6/p/lib/librsvg-2.a(cairo-pattern.c.o):cairo-pattern.c:(.text+0x45c0): first defined here
/usr/bin/ld: /home/uilian/.conan2/p/b/librs336a2333e6ca6/p/lib/librsvg-2.a(cairo-pattern.o): in function `_cairo_pattern_is_constant_alpha':
(.text+0x4ab0): multiple definition of `_cairo_pattern_is_constant_alpha'; /home/uilian/.conan2/p/b/librs336a2333e6ca6/p/lib/librsvg-2.a(cairo-pattern.c.o):cairo-pattern.c:(.text+0x4aa0): first defined here
/usr/bin/ld: /home/uilian/.conan2/p/b/librs336a2333e6ca6/p/lib/librsvg-2.a(cairo-pattern.o): in function `_cairo_pattern_is_opaque_solid':
(.text+0x4bd0): multiple definition of `_cairo_pattern_is_opaque_solid'; /home/uilian/.conan2/p/b/librs336a2333e6ca6/p/lib/librsvg-2.a(cairo-pattern.c.o):cairo-pattern.c:(.text+0x50c0): first defined here
/usr/bin/ld: /home/uilian/.conan2/p/b/librs336a2333e6ca6/p/lib/librsvg-2.a(cairo-pattern.o): in function `_cairo_pattern_is_opaque':
(.text+0x4bf0): multiple definition of `_cairo_pattern_is_opaque'; /home/uilian/.conan2/p/b/librs336a2333e6ca6/p/lib/librsvg-2.a(cairo-pattern.c.o):cairo-pattern.c:(.text+0x50e0): first defined here
/usr/bin/ld: /home/uilian/.conan2/p/b/librs336a2333e6ca6/p/lib/librsvg-2.a(cairo-pattern.o): in function `_cairo_pattern_is_clear':
(.text+0x4c10): multiple definition of `_cairo_pattern_is_clear'; /home/uilian/.conan2/p/b/librs336a2333e6ca6/p/lib/librsvg-2.a(cairo-pattern.c.o):cairo-pattern.c:(.text+0x53f0): first defined here
/usr/bin/ld: /home/uilian/.conan2/p/b/librs336a2333e6ca6/p/lib/librsvg-2.a(cairo-pattern.o): in function `_cairo_pattern_analyze_filter':
(.text+0x4c30): multiple definition of `_cairo_pattern_analyze_filter'; /home/uilian/.conan2/p/b/librs336a2333e6ca6/p/lib/librsvg-2.a(cairo-pattern.c.o):cairo-pattern.c:(.text+0x56c0): first defined here
/usr/bin/ld: /home/uilian/.conan2/p/b/librs336a2333e6ca6/p/lib/librsvg-2.a(cairo-pattern.o): in function `_cairo_pattern_sampled_area':
(.text+0x4d90): multiple definition of `_cairo_pattern_sampled_area'; /home/uilian/.conan2/p/b/librs336a2333e6ca6/p/lib/librsvg-2.a(cairo-pattern.c.o):cairo-pattern.c:(.text+0x5820): first defined here
/usr/bin/ld: /home/uilian/.conan2/p/b/librs336a2333e6ca6/p/lib/librsvg-2.a(cairo-pattern.o): in function `_cairo_pattern_get_extents':
(.text+0x5210): multiple definition of `_cairo_pattern_get_extents'; /home/uilian/.conan2/p/b/librs336a2333e6ca6/p/lib/librsvg-2.a(cairo-pattern.c.o):cairo-pattern.c:(.text+0x5c40): first defined here
/usr/bin/ld: /home/uilian/.conan2/p/b/librs336a2333e6ca6/p/lib/librsvg-2.a(cairo-pattern.o): in function `_cairo_pattern_get_ink_extents':
(.text+0x5b60): multiple definition of `_cairo_pattern_get_ink_extents'; /home/uilian/.conan2/p/b/librs336a2333e6ca6/p/lib/librsvg-2.a(cairo-pattern.c.o):cairo-pattern.c:(.text+0x65e0): first defined here
/usr/bin/ld: /home/uilian/.conan2/p/b/librs336a2333e6ca6/p/lib/librsvg-2.a(cairo-pattern.o): in function `_cairo_linear_pattern_hash':
(.text+0x5c60): multiple definition of `_cairo_linear_pattern_hash'; /home/uilian/.conan2/p/b/librs336a2333e6ca6/p/lib/librsvg-2.a(cairo-pattern.c.o):cairo-pattern.c:(.text+0x66a0): first defined here
/usr/bin/ld: /home/uilian/.conan2/p/b/librs336a2333e6ca6/p/lib/librsvg-2.a(cairo-pattern.o): in function `_cairo_radial_pattern_hash':
(.text+0x5ca0): multiple definition of `_cairo_radial_pattern_hash'; /home/uilian/.conan2/p/b/librs336a2333e6ca6/p/lib/librsvg-2.a(cairo-pattern.c.o):cairo-pattern.c:(.text+0x6750): first defined here
/usr/bin/ld: /home/uilian/.conan2/p/b/librs336a2333e6ca6/p/lib/librsvg-2.a(cairo-pattern.o): in function `_cairo_pattern_hash':
(.text+0x5d10): multiple definition of `_cairo_pattern_hash'; /home/uilian/.conan2/p/b/librs336a2333e6ca6/p/lib/librsvg-2.a(cairo-pattern.c.o):cairo-pattern.c:(.text+0x6820): first defined here
/usr/bin/ld: /home/uilian/.conan2/p/b/librs336a2333e6ca6/p/lib/librsvg-2.a(cairo-pattern.o): in function `_cairo_linear_pattern_equal':
(.text+0x5ef0): multiple definition of `_cairo_linear_pattern_equal'; /home/uilian/.conan2/p/b/librs336a2333e6ca6/p/lib/librsvg-2.a(cairo-pattern.c.o):cairo-pattern.c:(.text+0x6a40): first defined here
/usr/bin/ld: /home/uilian/.conan2/p/b/librs336a2333e6ca6/p/lib/librsvg-2.a(cairo-pattern.o): in function `_cairo_radial_pattern_equal':
(.text+0x5f60): multiple definition of `_cairo_radial_pattern_equal'; /home/uilian/.conan2/p/b/librs336a2333e6ca6/p/lib/librsvg-2.a(cairo-pattern.c.o):cairo-pattern.c:(.text+0x6b30): first defined here
/usr/bin/ld: /home/uilian/.conan2/p/b/librs336a2333e6ca6/p/lib/librsvg-2.a(cairo-pattern.o): in function `_cairo_pattern_equal':
(.text+0x5ff0): multiple definition of `_cairo_pattern_equal'; /home/uilian/.conan2/p/b/librs336a2333e6ca6/p/lib/librsvg-2.a(cairo-pattern.c.o):cairo-pattern.c:(.text+0x6c70): first defined here
/usr/bin/ld: /home/uilian/.conan2/p/b/librs336a2333e6ca6/p/lib/librsvg-2.a(cairo-pattern.o): in function `cairo_pattern_get_rgba':
(.text+0x6230): multiple definition of `cairo_pattern_get_rgba'; /home/uilian/.conan2/p/b/librs336a2333e6ca6/p/lib/librsvg-2.a(cairo-pattern.c.o):cairo-pattern.c:(.text+0x6f00): first defined here
/usr/bin/ld: /home/uilian/.conan2/p/b/librs336a2333e6ca6/p/lib/librsvg-2.a(cairo-pattern.o): in function `cairo_pattern_get_surface':
(.text+0x6320): multiple definition of `cairo_pattern_get_surface'; /home/uilian/.conan2/p/b/librs336a2333e6ca6/p/lib/librsvg-2.a(cairo-pattern.c.o):cairo-pattern.c:(.text+0x6fb0): first defined here
/usr/bin/ld: /home/uilian/.conan2/p/b/librs336a2333e6ca6/p/lib/librsvg-2.a(cairo-pattern.o): in function `cairo_pattern_get_color_stop_rgba':
(.text+0x6350): multiple definition of `cairo_pattern_get_color_stop_rgba'; /home/uilian/.conan2/p/b/librs336a2333e6ca6/p/lib/librsvg-2.a(cairo-pattern.c.o):cairo-pattern.c:(.text+0x6fe0): first defined here
/usr/bin/ld: /home/uilian/.conan2/p/b/librs336a2333e6ca6/p/lib/librsvg-2.a(cairo-pattern.o): in function `cairo_pattern_get_color_stop_count':
(.text+0x6460): multiple definition of `cairo_pattern_get_color_stop_count'; /home/uilian/.conan2/p/b/librs336a2333e6ca6/p/lib/librsvg-2.a(cairo-pattern.c.o):cairo-pattern.c:(.text+0x70f0): first defined here
/usr/bin/ld: /home/uilian/.conan2/p/b/librs336a2333e6ca6/p/lib/librsvg-2.a(cairo-pattern.o): in function `cairo_pattern_get_linear_points':
(.text+0x64a0): multiple definition of `cairo_pattern_get_linear_points'; /home/uilian/.conan2/p/b/librs336a2333e6ca6/p/lib/librsvg-2.a(cairo-pattern.c.o):cairo-pattern.c:(.text+0x7120): first defined here
/usr/bin/ld: /home/uilian/.conan2/p/b/librs336a2333e6ca6/p/lib/librsvg-2.a(cairo-pattern.o): in function `cairo_pattern_get_radial_circles':
(.text+0x6510): multiple definition of `cairo_pattern_get_radial_circles'; /home/uilian/.conan2/p/b/librs336a2333e6ca6/p/lib/librsvg-2.a(cairo-pattern.c.o):cairo-pattern.c:(.text+0x7190): first defined here
/usr/bin/ld: /home/uilian/.conan2/p/b/librs336a2333e6ca6/p/lib/librsvg-2.a(cairo-pattern.o): in function `INT_cairo_mesh_pattern_get_patch_count':
(.text+0x65b0): multiple definition of `cairo_mesh_pattern_get_patch_count'; /home/uilian/.conan2/p/b/librs336a2333e6ca6/p/lib/librsvg-2.a(cairo-pattern.c.o):cairo-pattern.c:(.text+0x7230): first defined here
/usr/bin/ld: /home/uilian/.conan2/p/b/librs336a2333e6ca6/p/lib/librsvg-2.a(cairo-pattern.o): in function `INT_cairo_mesh_pattern_get_path':
(.text+0x6610): multiple definition of `cairo_mesh_pattern_get_path'; /home/uilian/.conan2/p/b/librs336a2333e6ca6/p/lib/librsvg-2.a(cairo-pattern.c.o):cairo-pattern.c:(.text+0x7290): first defined here
/usr/bin/ld: /home/uilian/.conan2/p/b/librs336a2333e6ca6/p/lib/librsvg-2.a(cairo-pattern.o): in function `INT_cairo_mesh_pattern_get_corner_color_rgba':
(.text+0x6800): multiple definition of `cairo_mesh_pattern_get_corner_color_rgba'; /home/uilian/.conan2/p/b/librs336a2333e6ca6/p/lib/librsvg-2.a(cairo-pattern.c.o):cairo-pattern.c:(.text+0x74e0): first defined here
/usr/bin/ld: /home/uilian/.conan2/p/b/librs336a2333e6ca6/p/lib/librsvg-2.a(cairo-pattern.o): in function `INT_cairo_mesh_pattern_get_control_point':
(.text+0x6920): multiple definition of `cairo_mesh_pattern_get_control_point'; /home/uilian/.conan2/p/b/librs336a2333e6ca6/p/lib/librsvg-2.a(cairo-pattern.c.o):cairo-pattern.c:(.text+0x7600): first defined here
/usr/bin/ld: /home/uilian/.conan2/p/b/librs336a2333e6ca6/p/lib/librsvg-2.a(cairo-pattern.o): in function `_cairo_pattern_reset_static_data':
(.text+0x6a10): multiple definition of `_cairo_pattern_reset_static_data'; /home/uilian/.conan2/p/b/librs336a2333e6ca6/p/lib/librsvg-2.a(cairo-pattern.c.o):cairo-pattern.c:(.text+0x76f0): first defined here
/usr/bin/ld: /home/uilian/.conan2/p/b/librs336a2333e6ca6/p/lib/librsvg-2.a(cairo-pattern.o): in function `_cairo_debug_print_pattern':
(.text+0x6a50): multiple definition of `_cairo_debug_print_pattern'; /home/uilian/.conan2/p/b/librs336a2333e6ca6/p/lib/librsvg-2.a(cairo-pattern.c.o):cairo-pattern.c:(.text+0x7730): first defined here
/usr/bin/ld: /home/uilian/.conan2/p/b/librs336a2333e6ca6/p/lib/librsvg-2.a(cairo-pattern.o):(.rodata+0x640): multiple definition of `_cairo_pattern_white'; /home/uilian/.conan2/p/b/librs336a2333e6ca6/p/lib/librsvg-2.a(cairo-pattern.c.o):(.rodata+0x220): first defined here
/usr/bin/ld: /home/uilian/.conan2/p/b/librs336a2333e6ca6/p/lib/librsvg-2.a(cairo-pattern.o):(.rodata+0x6e0): multiple definition of `_cairo_pattern_clear'; /home/uilian/.conan2/p/b/librs336a2333e6ca6/p/lib/librsvg-2.a(cairo-pattern.c.o):(.rodata+0x2e0): first defined here
/usr/bin/ld: /home/uilian/.conan2/p/b/librs336a2333e6ca6/p/lib/librsvg-2.a(cairo-pattern.o):(.rodata+0x780): multiple definition of `_cairo_pattern_black'; /home/uilian/.conan2/p/b/librs336a2333e6ca6/p/lib/librsvg-2.a(cairo-pattern.c.o):(.rodata+0x3a0): first defined here
/usr/bin/ld: /home/uilian/.conan2/p/b/librs336a2333e6ca6/p/lib/librsvg-2.a(cairo-recording-surface.o): in function `INT_cairo_recording_surface_create':
(.text+0x33b0): multiple definition of `cairo_recording_surface_create'; /home/uilian/.conan2/p/b/librs336a2333e6ca6/p/lib/librsvg-2.a(cairo-recording-surface.c.o):cairo-recording-surface.c:(.text+0x3f70): first defined here
/usr/bin/ld: /home/uilian/.conan2/p/b/librs336a2333e6ca6/p/lib/librsvg-2.a(cairo-recording-surface.o): in function `_cairo_recording_surface_get_path':
(.text+0x36f0): multiple definition of `_cairo_recording_surface_get_path'; /home/uilian/.conan2/p/b/librs336a2333e6ca6/p/lib/librsvg-2.a(cairo-recording-surface.c.o):cairo-recording-surface.c:(.text+0x43f0): first defined here
/usr/bin/ld: /home/uilian/.conan2/p/b/librs336a2333e6ca6/p/lib/librsvg-2.a(cairo-recording-surface.o): in function `_cairo_recording_surface_replay_one':
(.text+0x38a0): multiple definition of `_cairo_recording_surface_replay_one'; /home/uilian/.conan2/p/b/librs336a2333e6ca6/p/lib/librsvg-2.a(cairo-recording-surface.c.o):cairo-recording-surface.c:(.text+0x4550): first defined here
/usr/bin/ld: /home/uilian/.conan2/p/b/librs336a2333e6ca6/p/lib/librsvg-2.a(cairo-recording-surface.o): in function `_cairo_recording_surface_replay':
(.text+0x3b70): multiple definition of `_cairo_recording_surface_replay'; /home/uilian/.conan2/p/b/librs336a2333e6ca6/p/lib/librsvg-2.a(cairo-recording-surface.c.o):cairo-recording-surface.c:(.text+0x4780): first defined here
/usr/bin/ld: /home/uilian/.conan2/p/b/librs336a2333e6ca6/p/lib/librsvg-2.a(cairo-recording-surface.o): in function `_cairo_recording_surface_replay_with_clip':
(.text+0x3ba0): multiple definition of `_cairo_recording_surface_replay_with_clip'; /home/uilian/.conan2/p/b/librs336a2333e6ca6/p/lib/librsvg-2.a(cairo-recording-surface.c.o):cairo-recording-surface.c:(.text+0x4880): first defined here
/usr/bin/ld: /home/uilian/.conan2/p/b/librs336a2333e6ca6/p/lib/librsvg-2.a(cairo-recording-surface.o): in function `_cairo_recording_surface_replay_and_create_regions':
(.text+0x3bd0): multiple definition of `_cairo_recording_surface_replay_and_create_regions'; /home/uilian/.conan2/p/b/librs336a2333e6ca6/p/lib/librsvg-2.a(cairo-recording-surface.c.o):cairo-recording-surface.c:(.text+0x48d0): first defined here
/usr/bin/ld: /home/uilian/.conan2/p/b/librs336a2333e6ca6/p/lib/librsvg-2.a(cairo-recording-surface.o): in function `_cairo_recording_surface_replay_region':
(.text+0x3c00): multiple definition of `_cairo_recording_surface_replay_region'; /home/uilian/.conan2/p/b/librs336a2333e6ca6/p/lib/librsvg-2.a(cairo-recording-surface.c.o):cairo-recording-surface.c:(.text+0x4920): first defined here
/usr/bin/ld: /home/uilian/.conan2/p/b/librs336a2333e6ca6/p/lib/librsvg-2.a(cairo-recording-surface.o): in function `cairo_recording_surface_ink_extents':
(.text+0x3c20): multiple definition of `cairo_recording_surface_ink_extents'; /home/uilian/.conan2/p/b/librs336a2333e6ca6/p/lib/librsvg-2.a(cairo-recording-surface.c.o):cairo-recording-surface.c:(.text+0x4980): first defined here
/usr/bin/ld: /home/uilian/.conan2/p/b/librs336a2333e6ca6/p/lib/librsvg-2.a(cairo-recording-surface.o): in function `_cairo_recording_surface_get_bbox':
(.text+0x3d40): multiple definition of `_cairo_recording_surface_get_bbox'; /home/uilian/.conan2/p/b/librs336a2333e6ca6/p/lib/librsvg-2.a(cairo-recording-surface.c.o):cairo-recording-surface.c:(.text+0x4b00): first defined here
/usr/bin/ld: /home/uilian/.conan2/p/b/librs336a2333e6ca6/p/lib/librsvg-2.a(cairo-recording-surface.o): in function `_cairo_recording_surface_get_ink_bbox':
(.text+0x3da0): multiple definition of `_cairo_recording_surface_get_ink_bbox'; /home/uilian/.conan2/p/b/librs336a2333e6ca6/p/lib/librsvg-2.a(cairo-recording-surface.c.o):cairo-recording-surface.c:(.text+0x4c10): first defined here
/usr/bin/ld: /home/uilian/.conan2/p/b/librs336a2333e6ca6/p/lib/librsvg-2.a(cairo-recording-surface.o): in function `cairo_recording_surface_get_extents':
(.text+0x3db0): multiple definition of `cairo_recording_surface_get_extents'; /home/uilian/.conan2/p/b/librs336a2333e6ca6/p/lib/librsvg-2.a(cairo-recording-surface.c.o):cairo-recording-surface.c:(.text+0x4cd0): first defined here
/usr/bin/ld: /home/uilian/.conan2/p/b/librs336a2333e6ca6/p/lib/librsvg-2.a(cairo-recording-surface.o): in function `_cairo_recording_surface_has_only_bilevel_alpha':
(.text+0x3e10): multiple definition of `_cairo_recording_surface_has_only_bilevel_alpha'; /home/uilian/.conan2/p/b/librs336a2333e6ca6/p/lib/librsvg-2.a(cairo-recording-surface.c.o):cairo-recording-surface.c:(.text+0x4d30): first defined here
/usr/bin/ld: /home/uilian/.conan2/p/b/librs336a2333e6ca6/p/lib/librsvg-2.a(cairo-recording-surface.o): in function `_cairo_recording_surface_has_only_op_over':
(.text+0x3e20): multiple definition of `_cairo_recording_surface_has_only_op_over'; /home/uilian/.conan2/p/b/librs336a2333e6ca6/p/lib/librsvg-2.a(cairo-recording-surface.c.o):cairo-recording-surface.c:(.text+0x4d40): first defined here
/usr/bin/ld: /home/uilian/.conan2/p/b/librs336a2333e6ca6/p/lib/librsvg-2.a(cairo-scaled-font.o): in function `_cairo_scaled_font_set_error':
(.text+0x480): multiple definition of `_cairo_scaled_font_set_error'; /home/uilian/.conan2/p/b/librs336a2333e6ca6/p/lib/librsvg-2.a(cairo-scaled-font.c.o):cairo-scaled-font.c:(.text+0x540): first defined here
/usr/bin/ld: /home/uilian/.conan2/p/b/librs336a2333e6ca6/p/lib/librsvg-2.a(cairo-scaled-font.o): in function `cairo_scaled_font_get_type':
(.text+0x4d0): multiple definition of `cairo_scaled_font_get_type'; /home/uilian/.conan2/p/b/librs336a2333e6ca6/p/lib/librsvg-2.a(cairo-scaled-font.c.o):cairo-scaled-font.c:(.text+0x560): first defined here
/usr/bin/ld: /home/uilian/.conan2/p/b/librs336a2333e6ca6/p/lib/librsvg-2.a(cairo-scaled-font.o): in function `INT_cairo_scaled_font_status':
(.text+0x4f0): multiple definition of `cairo_scaled_font_status'; /home/uilian/.conan2/p/b/librs336a2333e6ca6/p/lib/librsvg-2.a(cairo-scaled-font.c.o):cairo-scaled-font.c:(.text+0x580): first defined here
/usr/bin/ld: /home/uilian/.conan2/p/b/librs336a2333e6ca6/p/lib/librsvg-2.a(cairo-scaled-font.o): in function `_cairo_scaled_font_init':
(.text+0x500): multiple definition of `_cairo_scaled_font_init'; /home/uilian/.conan2/p/b/librs336a2333e6ca6/p/lib/librsvg-2.a(cairo-scaled-font.c.o):cairo-scaled-font.c:(.text+0x590): first defined here
/usr/bin/ld: /home/uilian/.conan2/p/b/librs336a2333e6ca6/p/lib/librsvg-2.a(cairo-scaled-font.o): in function `_cairo_scaled_font_freeze_cache':
(.text+0x7e0): multiple definition of `_cairo_scaled_font_freeze_cache'; /home/uilian/.conan2/p/b/librs336a2333e6ca6/p/lib/librsvg-2.a(cairo-scaled-font.c.o):cairo-scaled-font.c:(.text+0x840): first defined here
/usr/bin/ld: /home/uilian/.conan2/p/b/librs336a2333e6ca6/p/lib/librsvg-2.a(cairo-scaled-font.o): in function `_cairo_scaled_font_thaw_cache':
(.text+0x810): multiple definition of `_cairo_scaled_font_thaw_cache'; /home/uilian/.conan2/p/b/librs336a2333e6ca6/p/lib/librsvg-2.a(cairo-scaled-font.c.o):cairo-scaled-font.c:(.text+0x860): first defined here
/usr/bin/ld: /home/uilian/.conan2/p/b/librs336a2333e6ca6/p/lib/librsvg-2.a(cairo-scaled-font.o): in function `_cairo_scaled_font_reset_cache':
(.text+0xa00): multiple definition of `_cairo_scaled_font_reset_cache'; /home/uilian/.conan2/p/b/librs336a2333e6ca6/p/lib/librsvg-2.a(cairo-scaled-font.c.o):cairo-scaled-font.c:(.text+0x1020): first defined here
/usr/bin/ld: /home/uilian/.conan2/p/b/librs336a2333e6ca6/p/lib/librsvg-2.a(cairo-scaled-font.o): in function `_cairo_scaled_font_register_placeholder_and_unlock_font_map':
(.text+0xc10): multiple definition of `_cairo_scaled_font_register_placeholder_and_unlock_font_map'; /home/uilian/.conan2/p/b/librs336a2333e6ca6/p/lib/librsvg-2.a(cairo-scaled-font.c.o):cairo-scaled-font.c:(.text+0x1350): first defined here
/usr/bin/ld: /home/uilian/.conan2/p/b/librs336a2333e6ca6/p/lib/librsvg-2.a(cairo-scaled-font.o): in function `_cairo_scaled_font_set_metrics':
(.text+0xd20): multiple definition of `_cairo_scaled_font_set_metrics'; /home/uilian/.conan2/p/b/librs336a2333e6ca6/p/lib/librsvg-2.a(cairo-scaled-font.c.o):cairo-scaled-font.c:(.text+0x1430): first defined here
/usr/bin/ld: /home/uilian/.conan2/p/b/librs336a2333e6ca6/p/lib/librsvg-2.a(cairo-scaled-font.o): in function `_cairo_scaled_font_fini':
(.text+0xe00): multiple definition of `_cairo_scaled_font_fini'; /home/uilian/.conan2/p/b/librs336a2333e6ca6/p/lib/librsvg-2.a(cairo-scaled-font.c.o):cairo-scaled-font.c:(.text+0x14e0): first defined here
/usr/bin/ld: /home/uilian/.conan2/p/b/librs336a2333e6ca6/p/lib/librsvg-2.a(cairo-scaled-font.o): in function `_cairo_scaled_font_attach_private':
(.text+0xe40): multiple definition of `_cairo_scaled_font_attach_private'; /home/uilian/.conan2/p/b/librs336a2333e6ca6/p/lib/librsvg-2.a(cairo-scaled-font.c.o):cairo-scaled-font.c:(.text+0x1510): first defined here
/usr/bin/ld: /home/uilian/.conan2/p/b/librs336a2333e6ca6/p/lib/librsvg-2.a(cairo-scaled-font.o): in function `_cairo_scaled_font_find_private':
(.text+0xe70): multiple definition of `_cairo_scaled_font_find_private'; /home/uilian/.conan2/p/b/librs336a2333e6ca6/p/lib/librsvg-2.a(cairo-scaled-font.c.o):cairo-scaled-font.c:(.text+0x1550): first defined here
/usr/bin/ld: /home/uilian/.conan2/p/b/librs336a2333e6ca6/p/lib/librsvg-2.a(cairo-scaled-font.o): in function `_cairo_scaled_glyph_attach_private':
(.text+0xee0): multiple definition of `_cairo_scaled_glyph_attach_private'; /home/uilian/.conan2/p/b/librs336a2333e6ca6/p/lib/librsvg-2.a(cairo-scaled-font.c.o):cairo-scaled-font.c:(.text+0x15c0): first defined here
/usr/bin/ld: /home/uilian/.conan2/p/b/librs336a2333e6ca6/p/lib/librsvg-2.a(cairo-scaled-font.o): in function `_cairo_scaled_glyph_find_private':
(.text+0xf10): multiple definition of `_cairo_scaled_glyph_find_private'; /home/uilian/.conan2/p/b/librs336a2333e6ca6/p/lib/librsvg-2.a(cairo-scaled-font.c.o):cairo-scaled-font.c:(.text+0x1600): first defined here
/usr/bin/ld: /home/uilian/.conan2/p/b/librs336a2333e6ca6/p/lib/librsvg-2.a(cairo-scaled-font.o): in function `_cairo_scaled_font_create_in_error':
(.text+0xf80): multiple definition of `_cairo_scaled_font_create_in_error'; /home/uilian/.conan2/p/b/librs336a2333e6ca6/p/lib/librsvg-2.a(cairo-scaled-font.c.o):cairo-scaled-font.c:(.text+0x1670): first defined here
/usr/bin/ld: /home/uilian/.conan2/p/b/librs336a2333e6ca6/p/lib/librsvg-2.a(cairo-scaled-font.o): in function `_cairo_scaled_font_reset_static_data':
(.text+0x10c0): multiple definition of `_cairo_scaled_font_reset_static_data'; /home/uilian/.conan2/p/b/librs336a2333e6ca6/p/lib/librsvg-2.a(cairo-scaled-font.c.o):cairo-scaled-font.c:(.text+0x1770): first defined here
/usr/bin/ld: /home/uilian/.conan2/p/b/librs336a2333e6ca6/p/lib/librsvg-2.a(cairo-scaled-font.o): in function `INT_cairo_scaled_font_reference':
(.text+0x1150): multiple definition of `cairo_scaled_font_reference'; /home/uilian/.conan2/p/b/librs336a2333e6ca6/p/lib/librsvg-2.a(cairo-scaled-font.c.o):cairo-scaled-font.c:(.text+0x1800): first defined here
/usr/bin/ld: /home/uilian/.conan2/p/b/librs336a2333e6ca6/p/lib/librsvg-2.a(cairo-scaled-font.o): in function `INT_cairo_scaled_font_destroy':
(.text+0x11a0): multiple definition of `cairo_scaled_font_destroy'; /home/uilian/.conan2/p/b/librs336a2333e6ca6/p/lib/librsvg-2.a(cairo-scaled-font.c.o):cairo-scaled-font.c:(.text+0x1820): first defined here
/usr/bin/ld: /home/uilian/.conan2/p/b/librs336a2333e6ca6/p/lib/librsvg-2.a(cairo-scaled-font.o): in function `_cairo_scaled_font_map_destroy':
(.text+0x13b0): multiple definition of `_cairo_scaled_font_map_destroy'; /home/uilian/.conan2/p/b/librs336a2333e6ca6/p/lib/librsvg-2.a(cairo-scaled-font.c.o):cairo-scaled-font.c:(.text+0x19f0): first defined here
/usr/bin/ld: /home/uilian/.conan2/p/b/librs336a2333e6ca6/p/lib/librsvg-2.a(cairo-scaled-font.o): in function `_cairo_scaled_font_unregister_placeholder_and_lock_font_map':
(.text+0x14b0): multiple definition of `_cairo_scaled_font_unregister_placeholder_and_lock_font_map'; /home/uilian/.conan2/p/b/librs336a2333e6ca6/p/lib/librsvg-2.a(cairo-scaled-font.c.o):cairo-scaled-font.c:(.text+0x1ac0): first defined here
/usr/bin/ld: /home/uilian/.conan2/p/b/librs336a2333e6ca6/p/lib/librsvg-2.a(cairo-scaled-font.o): in function `INT_cairo_scaled_font_create':
(.text+0x1580): multiple definition of `cairo_scaled_font_create'; /home/uilian/.conan2/p/b/librs336a2333e6ca6/p/lib/librsvg-2.a(cairo-scaled-font.c.o):cairo-scaled-font.c:(.text+0x1b40): first defined here
/usr/bin/ld: /home/uilian/.conan2/p/b/librs336a2333e6ca6/p/lib/librsvg-2.a(cairo-scaled-font.o): in function `cairo_scaled_font_get_reference_count':
(.text+0x1cc0): multiple definition of `cairo_scaled_font_get_reference_count'; /home/uilian/.conan2/p/b/librs336a2333e6ca6/p/lib/librsvg-2.a(cairo-scaled-font.c.o):cairo-scaled-font.c:(.text+0x21b0): first defined here
/usr/bin/ld: /home/uilian/.conan2/p/b/librs336a2333e6ca6/p/lib/librsvg-2.a(cairo-scaled-font.o): in function `INT_cairo_scaled_font_get_user_data':
(.text+0x1ce0): multiple definition of `cairo_scaled_font_get_user_data'; /home/uilian/.conan2/p/b/librs336a2333e6ca6/p/lib/librsvg-2.a(cairo-scaled-font.c.o):cairo-scaled-font.c:(.text+0x21d0): first defined here
/usr/bin/ld: /home/uilian/.conan2/p/b/librs336a2333e6ca6/p/lib/librsvg-2.a(cairo-scaled-font.o): in function `INT_cairo_scaled_font_set_user_data':
(.text+0x1cf0): multiple definition of `cairo_scaled_font_set_user_data'; /home/uilian/.conan2/p/b/librs336a2333e6ca6/p/lib/librsvg-2.a(cairo-scaled-font.c.o):cairo-scaled-font.c:(.text+0x21e0): first defined here
/usr/bin/ld: /home/uilian/.conan2/p/b/librs336a2333e6ca6/p/lib/librsvg-2.a(cairo-scaled-font.o): in function `INT_cairo_scaled_font_extents':
(.text+0x1d10): multiple definition of `cairo_scaled_font_extents'; /home/uilian/.conan2/p/b/librs336a2333e6ca6/p/lib/librsvg-2.a(cairo-scaled-font.c.o):cairo-scaled-font.c:(.text+0x2200): first defined here
/usr/bin/ld: /home/uilian/.conan2/p/b/librs336a2333e6ca6/p/lib/librsvg-2.a(cairo-scaled-font.o): in function `_cairo_scaled_font_glyph_approximate_extents':
(.text+0x1d70): multiple definition of `_cairo_scaled_font_glyph_approximate_extents'; /home/uilian/.conan2/p/b/librs336a2333e6ca6/p/lib/librsvg-2.a(cairo-scaled-font.c.o):cairo-scaled-font.c:(.text+0x3460): first defined here
/usr/bin/ld: /home/uilian/.conan2/p/b/librs336a2333e6ca6/p/lib/librsvg-2.a(cairo-scaled-font.o): in function `_cairo_scaled_glyph_set_metrics':
(.text+0x2020): multiple definition of `_cairo_scaled_glyph_set_metrics'; /home/uilian/.conan2/p/b/librs336a2333e6ca6/p/lib/librsvg-2.a(cairo-scaled-font.c.o):cairo-scaled-font.c:(.text+0x3700): first defined here
/usr/bin/ld: /home/uilian/.conan2/p/b/librs336a2333e6ca6/p/lib/librsvg-2.a(cairo-scaled-font.o): in function `_cairo_scaled_glyph_set_surface':
(.text+0x24b0): multiple definition of `_cairo_scaled_glyph_set_surface'; /home/uilian/.conan2/p/b/librs336a2333e6ca6/p/lib/librsvg-2.a(cairo-scaled-font.c.o):cairo-scaled-font.c:(.text+0x3b40): first defined here
/usr/bin/ld: /home/uilian/.conan2/p/b/librs336a2333e6ca6/p/lib/librsvg-2.a(cairo-scaled-font.o): in function `_cairo_scaled_glyph_set_path':
(.text+0x2500): multiple definition of `_cairo_scaled_glyph_set_path'; /home/uilian/.conan2/p/b/librs336a2333e6ca6/p/lib/librsvg-2.a(cairo-scaled-font.c.o):cairo-scaled-font.c:(.text+0x3b80): first defined here
/usr/bin/ld: /home/uilian/.conan2/p/b/librs336a2333e6ca6/p/lib/librsvg-2.a(cairo-scaled-font.o): in function `_cairo_scaled_glyph_set_recording_surface':
(.text+0x2550): multiple definition of `_cairo_scaled_glyph_set_recording_surface'; /home/uilian/.conan2/p/b/librs336a2333e6ca6/p/lib/librsvg-2.a(cairo-scaled-font.c.o):cairo-scaled-font.c:(.text+0x3bc0): first defined here
/usr/bin/ld: /home/uilian/.conan2/p/b/librs336a2333e6ca6/p/lib/librsvg-2.a(cairo-scaled-font.o): in function `_cairo_scaled_glyph_set_color_surface':
(.text+0x25a0): multiple definition of `_cairo_scaled_glyph_set_color_surface'; /home/uilian/.conan2/p/b/librs336a2333e6ca6/p/lib/librsvg-2.a(cairo-scaled-font.c.o):cairo-scaled-font.c:(.text+0x3c50): first defined here
/usr/bin/ld: /home/uilian/.conan2/p/b/librs336a2333e6ca6/p/lib/librsvg-2.a(cairo-scaled-font.o): in function `_cairo_scaled_glyph_lookup':
(.text+0x25f0): multiple definition of `_cairo_scaled_glyph_lookup'; /home/uilian/.conan2/p/b/librs336a2333e6ca6/p/lib/librsvg-2.a(cairo-scaled-font.c.o):cairo-scaled-font.c:(.text+0x3cd0): first defined here
/usr/bin/ld: /home/uilian/.conan2/p/b/librs336a2333e6ca6/p/lib/librsvg-2.a(cairo-scaled-font.o): in function `INT_cairo_scaled_font_glyph_extents':
(.text+0x2960): multiple definition of `cairo_scaled_font_glyph_extents'; /home/uilian/.conan2/p/b/librs336a2333e6ca6/p/lib/librsvg-2.a(cairo-scaled-font.c.o):cairo-scaled-font.c:(.text+0x2250): first defined here
/usr/bin/ld: /home/uilian/.conan2/p/b/librs336a2333e6ca6/p/lib/librsvg-2.a(cairo-scaled-font.o): in function `INT_cairo_scaled_font_text_to_glyphs':
(.text+0x2ef0): multiple definition of `cairo_scaled_font_text_to_glyphs'; /home/uilian/.conan2/p/b/librs336a2333e6ca6/p/lib/librsvg-2.a(cairo-scaled-font.c.o):cairo-scaled-font.c:(.text+0x2640): first defined here
/usr/bin/ld: /home/uilian/.conan2/p/b/librs336a2333e6ca6/p/lib/librsvg-2.a(cairo-scaled-font.o): in function `cairo_scaled_font_text_extents':
(.text+0x3650): multiple definition of `cairo_scaled_font_text_extents'; /home/uilian/.conan2/p/b/librs336a2333e6ca6/p/lib/librsvg-2.a(cairo-scaled-font.c.o):cairo-scaled-font.c:(.text+0x2de0): first defined here
/usr/bin/ld: /home/uilian/.conan2/p/b/librs336a2333e6ca6/p/lib/librsvg-2.a(cairo-scaled-font.o): in function `_cairo_scaled_font_glyph_device_extents':
(.text+0x3770): multiple definition of `_cairo_scaled_font_glyph_device_extents'; /home/uilian/.conan2/p/b/librs336a2333e6ca6/p/lib/librsvg-2.a(cairo-scaled-font.c.o):cairo-scaled-font.c:(.text+0x2e80): first defined here
/usr/bin/ld: /home/uilian/.conan2/p/b/librs336a2333e6ca6/p/lib/librsvg-2.a(cairo-scaled-font.o): in function `_cairo_scaled_font_glyph_path':
(.text+0x3cc0): multiple definition of `_cairo_scaled_font_glyph_path'; /home/uilian/.conan2/p/b/librs336a2333e6ca6/p/lib/librsvg-2.a(cairo-scaled-font.c.o):cairo-scaled-font.c:(.text+0x3f50): first defined here
/usr/bin/ld: /home/uilian/.conan2/p/b/librs336a2333e6ca6/p/lib/librsvg-2.a(cairo-scaled-font.o): in function `_cairo_scaled_font_get_max_scale':
(.text+0x4110): multiple definition of `_cairo_scaled_font_get_max_scale'; /home/uilian/.conan2/p/b/librs336a2333e6ca6/p/lib/librsvg-2.a(cairo-scaled-font.c.o):cairo-scaled-font.c:(.text+0x4340): first defined here
/usr/bin/ld: /home/uilian/.conan2/p/b/librs336a2333e6ca6/p/lib/librsvg-2.a(cairo-scaled-font.o): in function `INT_cairo_scaled_font_get_font_face':
(.text+0x4120): multiple definition of `cairo_scaled_font_get_font_face'; /home/uilian/.conan2/p/b/librs336a2333e6ca6/p/lib/librsvg-2.a(cairo-scaled-font.c.o):cairo-scaled-font.c:(.text+0x4350): first defined here
/usr/bin/ld: /home/uilian/.conan2/p/b/librs336a2333e6ca6/p/lib/librsvg-2.a(cairo-scaled-font.o): in function `INT_cairo_scaled_font_get_font_matrix':
(.text+0x4150): multiple definition of `cairo_scaled_font_get_font_matrix'; /home/uilian/.conan2/p/b/librs336a2333e6ca6/p/lib/librsvg-2.a(cairo-scaled-font.c.o):cairo-scaled-font.c:(.text+0x4380): first defined here
/usr/bin/ld: /home/uilian/.conan2/p/b/librs336a2333e6ca6/p/lib/librsvg-2.a(cairo-scaled-font.o): in function `INT_cairo_scaled_font_get_ctm':
(.text+0x4190): multiple definition of `cairo_scaled_font_get_ctm'; /home/uilian/.conan2/p/b/librs336a2333e6ca6/p/lib/librsvg-2.a(cairo-scaled-font.c.o):cairo-scaled-font.c:(.text+0x43b0): first defined here
/usr/bin/ld: /home/uilian/.conan2/p/b/librs336a2333e6ca6/p/lib/librsvg-2.a(cairo-scaled-font.o): in function `cairo_scaled_font_get_scale_matrix':
(.text+0x41d0): multiple definition of `cairo_scaled_font_get_scale_matrix'; /home/uilian/.conan2/p/b/librs336a2333e6ca6/p/lib/librsvg-2.a(cairo-scaled-font.c.o):cairo-scaled-font.c:(.text+0x43e0): first defined here
/usr/bin/ld: /home/uilian/.conan2/p/b/librs336a2333e6ca6/p/lib/librsvg-2.a(cairo-scaled-font.o): in function `INT_cairo_scaled_font_get_font_options':
(.text+0x4210): multiple definition of `cairo_scaled_font_get_font_options'; /home/uilian/.conan2/p/b/librs336a2333e6ca6/p/lib/librsvg-2.a(cairo-scaled-font.c.o):cairo-scaled-font.c:(.text+0x4420): first defined here
/usr/bin/ld: /home/uilian/.conan2/p/b/librs336a2333e6ca6/p/lib/librsvg-2.a(cairo-scaled-font.o): in function `_cairo_scaled_font_has_color_glyphs':
(.text+0x4270): multiple definition of `_cairo_scaled_font_has_color_glyphs'; /home/uilian/.conan2/p/b/librs336a2333e6ca6/p/lib/librsvg-2.a(cairo-scaled-font.c.o):cairo-scaled-font.c:(.text+0x4480): first defined here
/usr/bin/ld: /home/uilian/.conan2/p/b/librs336a2333e6ca6/p/lib/librsvg-2.a(cairo-surface.o): in function `_cairo_surface_set_error':
(.text+0xab0): multiple definition of `_cairo_surface_set_error'; /home/uilian/.conan2/p/b/librs336a2333e6ca6/p/lib/librsvg-2.a(cairo-surface.c.o):cairo-surface.c:(.text+0x50): first defined here
/usr/bin/ld: /home/uilian/.conan2/p/b/librs336a2333e6ca6/p/lib/librsvg-2.a(cairo-surface.o): in function `cairo_surface_get_type':
(.text+0xaf0): multiple definition of `cairo_surface_get_type'; /home/uilian/.conan2/p/b/librs336a2333e6ca6/p/lib/librsvg-2.a(cairo-surface.c.o):cairo-surface.c:(.text+0x80): first defined here
/usr/bin/ld: /home/uilian/.conan2/p/b/librs336a2333e6ca6/p/lib/librsvg-2.a(cairo-surface.o): in function `cairo_surface_get_content':
(.text+0xb00): multiple definition of `cairo_surface_get_content'; /home/uilian/.conan2/p/b/librs336a2333e6ca6/p/lib/librsvg-2.a(cairo-surface.c.o):cairo-surface.c:(.text+0x90): first defined here
/usr/bin/ld: /home/uilian/.conan2/p/b/librs336a2333e6ca6/p/lib/librsvg-2.a(cairo-surface.o): in function `INT_cairo_surface_status':
(.text+0xb10): multiple definition of `cairo_surface_status'; /home/uilian/.conan2/p/b/librs336a2333e6ca6/p/lib/librsvg-2.a(cairo-surface.c.o):cairo-surface.c:(.text+0xa0): first defined here
/usr/bin/ld: /home/uilian/.conan2/p/b/librs336a2333e6ca6/p/lib/librsvg-2.a(cairo-surface.o): in function `cairo_surface_get_device':
(.text+0xb20): multiple definition of `cairo_surface_get_device'; /home/uilian/.conan2/p/b/librs336a2333e6ca6/p/lib/librsvg-2.a(cairo-surface.c.o):cairo-surface.c:(.text+0xb0): first defined here
/usr/bin/ld: /home/uilian/.conan2/p/b/librs336a2333e6ca6/p/lib/librsvg-2.a(cairo-surface.o): in function `_cairo_surface_has_snapshot':
(.text+0xb40): multiple definition of `_cairo_surface_has_snapshot'; /home/uilian/.conan2/p/b/librs336a2333e6ca6/p/lib/librsvg-2.a(cairo-surface.c.o):cairo-surface.c:(.text+0xd0): first defined here
/usr/bin/ld: /home/uilian/.conan2/p/b/librs336a2333e6ca6/p/lib/librsvg-2.a(cairo-surface.o): in function `_cairo_surface_init':
(.text+0xb90): multiple definition of `_cairo_surface_init'; /home/uilian/.conan2/p/b/librs336a2333e6ca6/p/lib/librsvg-2.a(cairo-surface.c.o):cairo-surface.c:(.text+0x120): first defined here
/usr/bin/ld: /home/uilian/.conan2/p/b/librs336a2333e6ca6/p/lib/librsvg-2.a(cairo-surface.o): in function `_cairo_surface_map_to_image':
(.text+0xcc0): multiple definition of `_cairo_surface_map_to_image'; /home/uilian/.conan2/p/b/librs336a2333e6ca6/p/lib/librsvg-2.a(cairo-surface.c.o):cairo-surface.c:(.text+0x290): first defined here
/usr/bin/ld: /home/uilian/.conan2/p/b/librs336a2333e6ca6/p/lib/librsvg-2.a(cairo-surface.o): in function `INT_cairo_surface_reference':
(.text+0xd30): multiple definition of `cairo_surface_reference'; /home/uilian/.conan2/p/b/librs336a2333e6ca6/p/lib/librsvg-2.a(cairo-surface.c.o):cairo-surface.c:(.text+0x2e0): first defined here
/usr/bin/ld: /home/uilian/.conan2/p/b/librs336a2333e6ca6/p/lib/librsvg-2.a(cairo-surface.o): in function `cairo_surface_get_reference_count':
(.text+0xd80): multiple definition of `cairo_surface_get_reference_count'; /home/uilian/.conan2/p/b/librs336a2333e6ca6/p/lib/librsvg-2.a(cairo-surface.c.o):cairo-surface.c:(.text+0x300): first defined here
/usr/bin/ld: /home/uilian/.conan2/p/b/librs336a2333e6ca6/p/lib/librsvg-2.a(cairo-surface.o): in function `_cairo_surface_release_device_reference':
(.text+0xda0): multiple definition of `_cairo_surface_release_device_reference'; /home/uilian/.conan2/p/b/librs336a2333e6ca6/p/lib/librsvg-2.a(cairo-surface.c.o):cairo-surface.c:(.text+0x320): first defined here
/usr/bin/ld: /home/uilian/.conan2/p/b/librs336a2333e6ca6/p/lib/librsvg-2.a(cairo-surface.o): in function `cairo_surface_get_user_data':
(.text+0xde0): multiple definition of `cairo_surface_get_user_data'; /home/uilian/.conan2/p/b/librs336a2333e6ca6/p/lib/librsvg-2.a(cairo-surface.c.o):cairo-surface.c:(.text+0x340): first defined here
/usr/bin/ld: /home/uilian/.conan2/p/b/librs336a2333e6ca6/p/lib/librsvg-2.a(cairo-surface.o): in function `cairo_surface_set_user_data':
(.text+0xe00): multiple definition of `cairo_surface_set_user_data'; /home/uilian/.conan2/p/b/librs336a2333e6ca6/p/lib/librsvg-2.a(cairo-surface.c.o):cairo-surface.c:(.text+0x360): first defined here
/usr/bin/ld: /home/uilian/.conan2/p/b/librs336a2333e6ca6/p/lib/librsvg-2.a(cairo-surface.o): in function `INT_cairo_surface_get_mime_data':
(.text+0xe40): multiple definition of `cairo_surface_get_mime_data'; /home/uilian/.conan2/p/b/librs336a2333e6ca6/p/lib/librsvg-2.a(cairo-surface.c.o):cairo-surface.c:(.text+0x3a0): first defined here
/usr/bin/ld: /home/uilian/.conan2/p/b/librs336a2333e6ca6/p/lib/librsvg-2.a(cairo-surface.o): in function `_cairo_surface_has_mime_image':
(.text+0xef0): multiple definition of `_cairo_surface_has_mime_image'; /home/uilian/.conan2/p/b/librs336a2333e6ca6/p/lib/librsvg-2.a(cairo-surface.c.o):cairo-surface.c:(.text+0x440): first defined here
/usr/bin/ld: /home/uilian/.conan2/p/b/librs336a2333e6ca6/p/lib/librsvg-2.a(cairo-surface.o): in function `INT_cairo_surface_set_mime_data':
(.text+0xfc0): multiple definition of `cairo_surface_set_mime_data'; /home/uilian/.conan2/p/b/librs336a2333e6ca6/p/lib/librsvg-2.a(cairo-surface.c.o):cairo-surface.c:(.text+0x530): first defined here
/usr/bin/ld: /home/uilian/.conan2/p/b/librs336a2333e6ca6/p/lib/librsvg-2.a(cairo-surface.o): in function `INT_cairo_surface_supports_mime_type':
(.text+0x1180): multiple definition of `cairo_surface_supports_mime_type'; /home/uilian/.conan2/p/b/librs336a2333e6ca6/p/lib/librsvg-2.a(cairo-surface.c.o):cairo-surface.c:(.text+0x6d0): first defined here
/usr/bin/ld: /home/uilian/.conan2/p/b/librs336a2333e6ca6/p/lib/librsvg-2.a(cairo-surface.o): in function `_cairo_surface_copy_mime_data':
(.text+0x1230): multiple definition of `_cairo_surface_copy_mime_data'; /home/uilian/.conan2/p/b/librs336a2333e6ca6/p/lib/librsvg-2.a(cairo-surface.c.o):cairo-surface.c:(.text+0x770): first defined here
/usr/bin/ld: /home/uilian/.conan2/p/b/librs336a2333e6ca6/p/lib/librsvg-2.a(cairo-surface.o): in function `_cairo_surface_set_font_options':
(.text+0x12f0): multiple definition of `_cairo_surface_set_font_options'; /home/uilian/.conan2/p/b/librs336a2333e6ca6/p/lib/librsvg-2.a(cairo-surface.c.o):cairo-surface.c:(.text+0x830): first defined here
/usr/bin/ld: /home/uilian/.conan2/p/b/librs336a2333e6ca6/p/lib/librsvg-2.a(cairo-surface.o): in function `INT_cairo_surface_get_font_options':
(.text+0x1390): multiple definition of `cairo_surface_get_font_options'; /home/uilian/.conan2/p/b/librs336a2333e6ca6/p/lib/librsvg-2.a(cairo-surface.c.o):cairo-surface.c:(.text+0x8a0): first defined here
/usr/bin/ld: /home/uilian/.conan2/p/b/librs336a2333e6ca6/p/lib/librsvg-2.a(cairo-surface.o): in function `_cairo_surface_flush':
(.text+0x1420): multiple definition of `_cairo_surface_flush'; /home/uilian/.conan2/p/b/librs336a2333e6ca6/p/lib/librsvg-2.a(cairo-surface.c.o):cairo-surface.c:(.text+0x930): first defined here
/usr/bin/ld: /home/uilian/.conan2/p/b/librs336a2333e6ca6/p/lib/librsvg-2.a(cairo-surface.o): in function `_cairo_surface_detach_snapshot':
(.text+0x16c0): multiple definition of `_cairo_surface_detach_snapshot'; /home/uilian/.conan2/p/b/librs336a2333e6ca6/p/lib/librsvg-2.a(cairo-surface.c.o):cairo-surface.c:(.text+0xb70): first defined here
/usr/bin/ld: /home/uilian/.conan2/p/b/librs336a2333e6ca6/p/lib/librsvg-2.a(cairo-surface.o): in function `_cairo_surface_begin_modification':
(.text+0x14d0): multiple definition of `_cairo_surface_begin_modification'; /home/uilian/.conan2/p/b/librs336a2333e6ca6/p/lib/librsvg-2.a(cairo-surface.c.o):cairo-surface.c:(.text+0xa50): first defined here
/usr/bin/ld: /home/uilian/.conan2/p/b/librs336a2333e6ca6/p/lib/librsvg-2.a(cairo-surface.o): in function `INT_cairo_surface_destroy':
(.text+0x1540): multiple definition of `cairo_surface_destroy'; /home/uilian/.conan2/p/b/librs336a2333e6ca6/p/lib/librsvg-2.a(cairo-surface.c.o):cairo-surface.c:(.text+0xa60): first defined here
/usr/bin/ld: /home/uilian/.conan2/p/b/librs336a2333e6ca6/p/lib/librsvg-2.a(cairo-surface.o): in function `_cairo_surface_attach_snapshot':
(.text+0x1740): multiple definition of `_cairo_surface_attach_snapshot'; /home/uilian/.conan2/p/b/librs336a2333e6ca6/p/lib/librsvg-2.a(cairo-surface.c.o):cairo-surface.c:(.text+0xbd0): first defined here
/usr/bin/ld: /home/uilian/.conan2/p/b/librs336a2333e6ca6/p/lib/librsvg-2.a(cairo-surface.o): in function `INT_cairo_surface_finish':
(.text+0x1820): multiple definition of `cairo_surface_finish'; /home/uilian/.conan2/p/b/librs336a2333e6ca6/p/lib/librsvg-2.a(cairo-surface.c.o):cairo-surface.c:(.text+0xc90): first defined here
/usr/bin/ld: /home/uilian/.conan2/p/b/librs336a2333e6ca6/p/lib/librsvg-2.a(cairo-surface.o): in function `INT_cairo_surface_flush':
(.text+0x1870): multiple definition of `cairo_surface_flush'; /home/uilian/.conan2/p/b/librs336a2333e6ca6/p/lib/librsvg-2.a(cairo-surface.c.o):cairo-surface.c:(.text+0xd10): first defined here
/usr/bin/ld: /home/uilian/.conan2/p/b/librs336a2333e6ca6/p/lib/librsvg-2.a(cairo-surface.o): in function `INT_cairo_surface_mark_dirty_rectangle':
(.text+0x18c0): multiple definition of `cairo_surface_mark_dirty_rectangle'; /home/uilian/.conan2/p/b/librs336a2333e6ca6/p/lib/librsvg-2.a(cairo-surface.c.o):cairo-surface.c:(.text+0xd60): first defined here
/usr/bin/ld: /home/uilian/.conan2/p/b/librs336a2333e6ca6/p/lib/librsvg-2.a(cairo-surface.o): in function `INT_cairo_surface_set_device_scale':
(.text+0x1a80): multiple definition of `cairo_surface_set_device_scale'; /home/uilian/.conan2/p/b/librs336a2333e6ca6/p/lib/librsvg-2.a(cairo-surface.c.o):cairo-surface.c:(.text+0xf00): first defined here
/usr/bin/ld: /home/uilian/.conan2/p/b/librs336a2333e6ca6/p/lib/librsvg-2.a(cairo-surface.o): in function `INT_cairo_surface_get_device_scale':
(.text+0x1bc0): multiple definition of `cairo_surface_get_device_scale'; /home/uilian/.conan2/p/b/librs336a2333e6ca6/p/lib/librsvg-2.a(cairo-surface.c.o):cairo-surface.c:(.text+0x1000): first defined here
/usr/bin/ld: /home/uilian/.conan2/p/b/librs336a2333e6ca6/p/lib/librsvg-2.a(cairo-surface.o): in function `INT_cairo_surface_set_device_offset':
(.text+0x1bf0): multiple definition of `cairo_surface_set_device_offset'; /home/uilian/.conan2/p/b/librs336a2333e6ca6/p/lib/librsvg-2.a(cairo-surface.c.o):cairo-surface.c:(.text+0x1020): first defined here
/usr/bin/ld: /home/uilian/.conan2/p/b/librs336a2333e6ca6/p/lib/librsvg-2.a(cairo-surface.o): in function `INT_cairo_surface_get_device_offset':
(.text+0x1d20): multiple definition of `cairo_surface_get_device_offset'; /home/uilian/.conan2/p/b/librs336a2333e6ca6/p/lib/librsvg-2.a(cairo-surface.c.o):cairo-surface.c:(.text+0x1100): first defined here
/usr/bin/ld: /home/uilian/.conan2/p/b/librs336a2333e6ca6/p/lib/librsvg-2.a(cairo-surface.o): in function `INT_cairo_surface_set_fallback_resolution':
(.text+0x1d50): multiple definition of `cairo_surface_set_fallback_resolution'; /home/uilian/.conan2/p/b/librs336a2333e6ca6/p/lib/librsvg-2.a(cairo-surface.c.o):cairo-surface.c:(.text+0x1130): first defined here
/usr/bin/ld: /home/uilian/.conan2/p/b/librs336a2333e6ca6/p/lib/librsvg-2.a(cairo-surface.o): in function `cairo_surface_get_fallback_resolution':
(.text+0x1ed0): multiple definition of `cairo_surface_get_fallback_resolution'; /home/uilian/.conan2/p/b/librs336a2333e6ca6/p/lib/librsvg-2.a(cairo-surface.c.o):cairo-surface.c:(.text+0x12a0): first defined here
/usr/bin/ld: /home/uilian/.conan2/p/b/librs336a2333e6ca6/p/lib/librsvg-2.a(cairo-surface.o): in function `_cairo_surface_has_device_transform':
(.text+0x1f00): multiple definition of `_cairo_surface_has_device_transform'; /home/uilian/.conan2/p/b/librs336a2333e6ca6/p/lib/librsvg-2.a(cairo-surface.c.o):cairo-surface.c:(.text+0x12d0): first defined here
/usr/bin/ld: /home/uilian/.conan2/p/b/librs336a2333e6ca6/p/lib/librsvg-2.a(cairo-surface.o): in function `_cairo_surface_acquire_source_image':
(.text+0x1f70): multiple definition of `_cairo_surface_acquire_source_image'; /home/uilian/.conan2/p/b/librs336a2333e6ca6/p/lib/librsvg-2.a(cairo-surface.c.o):cairo-surface.c:(.text+0x1330): first defined here
/usr/bin/ld: /home/uilian/.conan2/p/b/librs336a2333e6ca6/p/lib/librsvg-2.a(cairo-surface.o): in function `_cairo_surface_default_acquire_source_image':
(.text+0x2020): multiple definition of `_cairo_surface_default_acquire_source_image'; /home/uilian/.conan2/p/b/librs336a2333e6ca6/p/lib/librsvg-2.a(cairo-surface.c.o):cairo-surface.c:(.text+0x13a0): first defined here
/usr/bin/ld: /home/uilian/.conan2/p/b/librs336a2333e6ca6/p/lib/librsvg-2.a(cairo-surface.o): in function `_cairo_surface_release_source_image':
(.text+0x20b0): multiple definition of `_cairo_surface_release_source_image'; /home/uilian/.conan2/p/b/librs336a2333e6ca6/p/lib/librsvg-2.a(cairo-surface.c.o):cairo-surface.c:(.text+0x1430): first defined here
/usr/bin/ld: /home/uilian/.conan2/p/b/librs336a2333e6ca6/p/lib/librsvg-2.a(cairo-surface.o): in function `_cairo_surface_get_source':
(.text+0x2100): multiple definition of `_cairo_surface_get_source'; /home/uilian/.conan2/p/b/librs336a2333e6ca6/p/lib/librsvg-2.a(cairo-surface.c.o):cairo-surface.c:(.text+0x1450): first defined here
/usr/bin/ld: /home/uilian/.conan2/p/b/librs336a2333e6ca6/p/lib/librsvg-2.a(cairo-surface.o): in function `_cairo_surface_default_source':
(.text+0x2140): multiple definition of `_cairo_surface_default_source'; /home/uilian/.conan2/p/b/librs336a2333e6ca6/p/lib/librsvg-2.a(cairo-surface.c.o):cairo-surface.c:(.text+0x1460): first defined here
/usr/bin/ld: /home/uilian/.conan2/p/b/librs336a2333e6ca6/p/lib/librsvg-2.a(cairo-surface.o): in function `_cairo_surface_paint':
(.text+0x21c0): multiple definition of `_cairo_surface_paint'; /home/uilian/.conan2/p/b/librs336a2333e6ca6/p/lib/librsvg-2.a(cairo-surface.c.o):cairo-surface.c:(.text+0x14e0): first defined here
/usr/bin/ld: /home/uilian/.conan2/p/b/librs336a2333e6ca6/p/lib/librsvg-2.a(cairo-surface.o): in function `_cairo_surface_unmap_image':
(.text+0x2340): multiple definition of `_cairo_surface_unmap_image'; /home/uilian/.conan2/p/b/librs336a2333e6ca6/p/lib/librsvg-2.a(cairo-surface.c.o):cairo-surface.c:(.text+0x1690): first defined here
/usr/bin/ld: /home/uilian/.conan2/p/b/librs336a2333e6ca6/p/lib/librsvg-2.a(cairo-surface.o): in function `cairo_surface_unmap_image':
(.text+0x2480): multiple definition of `cairo_surface_unmap_image'; /home/uilian/.conan2/p/b/librs336a2333e6ca6/p/lib/librsvg-2.a(cairo-surface.c.o):cairo-surface.c:(.text+0x17b0): first defined here
/usr/bin/ld: /home/uilian/.conan2/p/b/librs336a2333e6ca6/p/lib/librsvg-2.a(cairo-surface.o): in function `_cairo_surface_default_release_source_image':
(.text+0x2550): multiple definition of `_cairo_surface_default_release_source_image'; /home/uilian/.conan2/p/b/librs336a2333e6ca6/p/lib/librsvg-2.a(cairo-surface.c.o):cairo-surface.c:(.text+0x1870): first defined here
/usr/bin/ld: /home/uilian/.conan2/p/b/librs336a2333e6ca6/p/lib/librsvg-2.a(cairo-surface.o): in function `_cairo_surface_mask':
(.text+0x2560): multiple definition of `_cairo_surface_mask'; /home/uilian/.conan2/p/b/librs336a2333e6ca6/p/lib/librsvg-2.a(cairo-surface.c.o):cairo-surface.c:(.text+0x1980): first defined here
/usr/bin/ld: /home/uilian/.conan2/p/b/librs336a2333e6ca6/p/lib/librsvg-2.a(cairo-surface.o): in function `_cairo_surface_stroke':
(.text+0x2720): multiple definition of `_cairo_surface_stroke'; /home/uilian/.conan2/p/b/librs336a2333e6ca6/p/lib/librsvg-2.a(cairo-surface.c.o):cairo-surface.c:(.text+0x2f30): first defined here
/usr/bin/ld: /home/uilian/.conan2/p/b/librs336a2333e6ca6/p/lib/librsvg-2.a(cairo-surface.o): in function `_cairo_surface_fill':
(.text+0x28e0): multiple definition of `_cairo_surface_fill'; /home/uilian/.conan2/p/b/librs336a2333e6ca6/p/lib/librsvg-2.a(cairo-surface.c.o):cairo-surface.c:(.text+0x3130): first defined here
/usr/bin/ld: /home/uilian/.conan2/p/b/librs336a2333e6ca6/p/lib/librsvg-2.a(cairo-surface.o): in function `_cairo_surface_fill_stroke':
(.text+0x2a70): multiple definition of `_cairo_surface_fill_stroke'; /home/uilian/.conan2/p/b/librs336a2333e6ca6/p/lib/librsvg-2.a(cairo-surface.c.o):cairo-surface.c:(.text+0x3300): first defined here
/usr/bin/ld: /home/uilian/.conan2/p/b/librs336a2333e6ca6/p/lib/librsvg-2.a(cairo-surface.o): in function `INT_cairo_surface_copy_page':
(.text+0x2ed0): multiple definition of `cairo_surface_copy_page'; /home/uilian/.conan2/p/b/librs336a2333e6ca6/p/lib/librsvg-2.a(cairo-surface.c.o):cairo-surface.c:(.text+0x36e0): first defined here
/usr/bin/ld: /home/uilian/.conan2/p/b/librs336a2333e6ca6/p/lib/librsvg-2.a(cairo-surface.o): in function `INT_cairo_surface_show_page':
(.text+0x2f60): multiple definition of `cairo_surface_show_page'; /home/uilian/.conan2/p/b/librs336a2333e6ca6/p/lib/librsvg-2.a(cairo-surface.c.o):cairo-surface.c:(.text+0x3750): first defined here
/usr/bin/ld: /home/uilian/.conan2/p/b/librs336a2333e6ca6/p/lib/librsvg-2.a(cairo-surface.o): in function `_cairo_surface_get_extents':
(.text+0x3010): multiple definition of `_cairo_surface_get_extents'; /home/uilian/.conan2/p/b/librs336a2333e6ca6/p/lib/librsvg-2.a(cairo-surface.c.o):cairo-surface.c:(.text+0x3810): first defined here
/usr/bin/ld: /home/uilian/.conan2/p/b/librs336a2333e6ca6/p/lib/librsvg-2.a(cairo-surface.o): in function `INT_cairo_surface_mark_dirty':
(.text+0x3080): multiple definition of `cairo_surface_mark_dirty'; /home/uilian/.conan2/p/b/librs336a2333e6ca6/p/lib/librsvg-2.a(cairo-surface.c.o):cairo-surface.c:(.text+0xe70): first defined here
/usr/bin/ld: /home/uilian/.conan2/p/b/librs336a2333e6ca6/p/lib/librsvg-2.a(cairo-surface.o): in function `INT_cairo_surface_has_show_text_glyphs':
(.text+0x3120): multiple definition of `cairo_surface_has_show_text_glyphs'; /home/uilian/.conan2/p/b/librs336a2333e6ca6/p/lib/librsvg-2.a(cairo-surface.c.o):cairo-surface.c:(.text+0x3870): first defined here
/usr/bin/ld: /home/uilian/.conan2/p/b/librs336a2333e6ca6/p/lib/librsvg-2.a(cairo-surface.o): in function `_cairo_surface_show_text_glyphs':
(.text+0x3190): multiple definition of `_cairo_surface_show_text_glyphs'; /home/uilian/.conan2/p/b/librs336a2333e6ca6/p/lib/librsvg-2.a(cairo-surface.c.o):cairo-surface.c:(.text+0x38d0): first defined here
/usr/bin/ld: /home/uilian/.conan2/p/b/librs336a2333e6ca6/p/lib/librsvg-2.a(cairo-surface.o): in function `_cairo_surface_tag':
(.text+0x34c0): multiple definition of `_cairo_surface_tag'; /home/uilian/.conan2/p/b/librs336a2333e6ca6/p/lib/librsvg-2.a(cairo-surface.c.o):cairo-surface.c:(.text+0x3d80): first defined here
/usr/bin/ld: /home/uilian/.conan2/p/b/librs336a2333e6ca6/p/lib/librsvg-2.a(cairo-surface.o): in function `_cairo_surface_set_resolution':
(.text+0x3610): multiple definition of `_cairo_surface_set_resolution'; /home/uilian/.conan2/p/b/librs336a2333e6ca6/p/lib/librsvg-2.a(cairo-surface.c.o):cairo-surface.c:(.text+0x3e20): first defined here
/usr/bin/ld: /home/uilian/.conan2/p/b/librs336a2333e6ca6/p/lib/librsvg-2.a(cairo-surface.o): in function `_cairo_surface_create_in_error':
(.text+0x3630): multiple definition of `_cairo_surface_create_in_error'; /home/uilian/.conan2/p/b/librs336a2333e6ca6/p/lib/librsvg-2.a(cairo-surface.c.o):cairo-surface.c:(.text+0x3e40): first defined here
/usr/bin/ld: /home/uilian/.conan2/p/b/librs336a2333e6ca6/p/lib/librsvg-2.a(cairo-surface.o): in function `INT_cairo_surface_create_similar_image':
(.text+0x37a0): multiple definition of `cairo_surface_create_similar_image'; /home/uilian/.conan2/p/b/librs336a2333e6ca6/p/lib/librsvg-2.a(cairo-surface.c.o):cairo-surface.c:(.text+0x3f70): first defined here
/usr/bin/ld: /home/uilian/.conan2/p/b/librs336a2333e6ca6/p/lib/librsvg-2.a(cairo-surface.o): in function `cairo_surface_create_similar':
(.text+0x3860): multiple definition of `cairo_surface_create_similar'; /home/uilian/.conan2/p/b/librs336a2333e6ca6/p/lib/librsvg-2.a(cairo-surface.c.o):cairo-surface.c:(.text+0x4010): first defined here
/usr/bin/ld: /home/uilian/.conan2/p/b/librs336a2333e6ca6/p/lib/librsvg-2.a(cairo-surface.o): in function `cairo_surface_map_to_image':
(.text+0x3a90): multiple definition of `cairo_surface_map_to_image'; /home/uilian/.conan2/p/b/librs336a2333e6ca6/p/lib/librsvg-2.a(cairo-surface.c.o):cairo-surface.c:(.text+0x4190): first defined here
/usr/bin/ld: /home/uilian/.conan2/p/b/librs336a2333e6ca6/p/lib/librsvg-2.a(cairo-surface.o): in function `_cairo_surface_create_scratch':
(.text+0x3c10): multiple definition of `_cairo_surface_create_scratch'; /home/uilian/.conan2/p/b/librs336a2333e6ca6/p/lib/librsvg-2.a(cairo-surface.c.o):cairo-surface.c:(.text+0x42e0): first defined here
/usr/bin/ld: /home/uilian/.conan2/p/b/librs336a2333e6ca6/p/lib/librsvg-2.a(cairo-surface.o): in function `_cairo_int_surface_create_in_error':
(.text+0x3d80): multiple definition of `_cairo_int_surface_create_in_error'; /home/uilian/.conan2/p/b/librs336a2333e6ca6/p/lib/librsvg-2.a(cairo-surface.c.o):cairo-surface.c:(.text+0x43f0): first defined here
/usr/bin/ld: /home/uilian/.conan2/p/b/librs336a2333e6ca6/p/lib/librsvg-2.a(cairo.o): in function `_cairo_create_in_error':
(.text+0x30): multiple definition of `_cairo_create_in_error'; /home/uilian/.conan2/p/b/librs336a2333e6ca6/p/lib/librsvg-2.a(cairo.c.o):cairo.c:(.text+0x0): first defined here
/usr/bin/ld: /home/uilian/.conan2/p/b/librs336a2333e6ca6/p/lib/librsvg-2.a(cairo.o): in function `INT_cairo_create':
(.text+0xa0): multiple definition of `cairo_create'; /home/uilian/.conan2/p/b/librs336a2333e6ca6/p/lib/librsvg-2.a(cairo.c.o):cairo.c:(.text+0x20): first defined here
/usr/bin/ld: /home/uilian/.conan2/p/b/librs336a2333e6ca6/p/lib/librsvg-2.a(cairo.o): in function `_cairo_init':
(.text+0x160): multiple definition of `_cairo_init'; /home/uilian/.conan2/p/b/librs336a2333e6ca6/p/lib/librsvg-2.a(cairo.c.o):cairo.c:(.text+0x90): first defined here
/usr/bin/ld: /home/uilian/.conan2/p/b/librs336a2333e6ca6/p/lib/librsvg-2.a(cairo.o): in function `cairo_reference':
(.text+0x190): multiple definition of `cairo_reference'; /home/uilian/.conan2/p/b/librs336a2333e6ca6/p/lib/librsvg-2.a(cairo.c.o):cairo.c:(.text+0xc0): first defined here
/usr/bin/ld: /home/uilian/.conan2/p/b/librs336a2333e6ca6/p/lib/librsvg-2.a(cairo.o): in function `_cairo_fini':
(.text+0x1d0): multiple definition of `_cairo_fini'; /home/uilian/.conan2/p/b/librs336a2333e6ca6/p/lib/librsvg-2.a(cairo.c.o):cairo.c:(.text+0xe0): first defined here
/usr/bin/ld: /home/uilian/.conan2/p/b/librs336a2333e6ca6/p/lib/librsvg-2.a(cairo.o): in function `INT_cairo_destroy':
(.text+0x1e0): multiple definition of `cairo_destroy'; /home/uilian/.conan2/p/b/librs336a2333e6ca6/p/lib/librsvg-2.a(cairo.c.o):cairo.c:(.text+0xf0): first defined here
/usr/bin/ld: /home/uilian/.conan2/p/b/librs336a2333e6ca6/p/lib/librsvg-2.a(cairo.o): in function `cairo_get_user_data':
(.text+0x230): multiple definition of `cairo_get_user_data'; /home/uilian/.conan2/p/b/librs336a2333e6ca6/p/lib/librsvg-2.a(cairo.c.o):cairo.c:(.text+0x120): first defined here
/usr/bin/ld: /home/uilian/.conan2/p/b/librs336a2333e6ca6/p/lib/librsvg-2.a(cairo.o): in function `cairo_set_user_data':
(.text+0x240): multiple definition of `cairo_set_user_data'; /home/uilian/.conan2/p/b/librs336a2333e6ca6/p/lib/librsvg-2.a(cairo.c.o):cairo.c:(.text+0x130): first defined here
/usr/bin/ld: /home/uilian/.conan2/p/b/librs336a2333e6ca6/p/lib/librsvg-2.a(cairo.o): in function `cairo_get_reference_count':
(.text+0x260): multiple definition of `cairo_get_reference_count'; /home/uilian/.conan2/p/b/librs336a2333e6ca6/p/lib/librsvg-2.a(cairo.c.o):cairo.c:(.text+0x150): first defined here
/usr/bin/ld: /home/uilian/.conan2/p/b/librs336a2333e6ca6/p/lib/librsvg-2.a(cairo.o): in function `INT_cairo_save':
(.text+0x280): multiple definition of `cairo_save'; /home/uilian/.conan2/p/b/librs336a2333e6ca6/p/lib/librsvg-2.a(cairo.c.o):cairo.c:(.text+0x170): first defined here
/usr/bin/ld: /home/uilian/.conan2/p/b/librs336a2333e6ca6/p/lib/librsvg-2.a(cairo.o): in function `INT_cairo_restore':
(.text+0x2e0): multiple definition of `cairo_restore'; /home/uilian/.conan2/p/b/librs336a2333e6ca6/p/lib/librsvg-2.a(cairo.c.o):cairo.c:(.text+0x1b0): first defined here
/usr/bin/ld: /home/uilian/.conan2/p/b/librs336a2333e6ca6/p/lib/librsvg-2.a(cairo.o): in function `cairo_push_group':
(.text+0x340): multiple definition of `cairo_push_group'; /home/uilian/.conan2/p/b/librs336a2333e6ca6/p/lib/librsvg-2.a(cairo.c.o):cairo.c:(.text+0x230): first defined here
/usr/bin/ld: /home/uilian/.conan2/p/b/librs336a2333e6ca6/p/lib/librsvg-2.a(cairo.o): in function `INT_cairo_push_group_with_content':
(.text+0x3a0): multiple definition of `cairo_push_group_with_content'; /home/uilian/.conan2/p/b/librs336a2333e6ca6/p/lib/librsvg-2.a(cairo.c.o):cairo.c:(.text+0x1f0): first defined here
/usr/bin/ld: /home/uilian/.conan2/p/b/librs336a2333e6ca6/p/lib/librsvg-2.a(cairo.o): in function `INT_cairo_pop_group':
(.text+0x400): multiple definition of `cairo_pop_group'; /home/uilian/.conan2/p/b/librs336a2333e6ca6/p/lib/librsvg-2.a(cairo.c.o):cairo.c:(.text+0x240): first defined here
/usr/bin/ld: /home/uilian/.conan2/p/b/librs336a2333e6ca6/p/lib/librsvg-2.a(cairo.o): in function `INT_cairo_set_operator':
(.text+0x480): multiple definition of `cairo_set_operator'; /home/uilian/.conan2/p/b/librs336a2333e6ca6/p/lib/librsvg-2.a(cairo.c.o):cairo.c:(.text+0x2a0): first defined here
/usr/bin/ld: /home/uilian/.conan2/p/b/librs336a2333e6ca6/p/lib/librsvg-2.a(cairo.o): in function `INT_cairo_set_source_rgb':
(.text+0x4e0): multiple definition of `cairo_set_source_rgb'; /home/uilian/.conan2/p/b/librs336a2333e6ca6/p/lib/librsvg-2.a(cairo.c.o):cairo.c:(.text+0x2e0): first defined here
/usr/bin/ld: /home/uilian/.conan2/p/b/librs336a2333e6ca6/p/lib/librsvg-2.a(cairo.o): in function `cairo_set_source_rgba':
(.text+0x540): multiple definition of `cairo_set_source_rgba'; /home/uilian/.conan2/p/b/librs336a2333e6ca6/p/lib/librsvg-2.a(cairo.c.o):cairo.c:(.text+0x320): first defined here
/usr/bin/ld: /home/uilian/.conan2/p/b/librs336a2333e6ca6/p/lib/librsvg-2.a(cairo.o): in function `INT_cairo_set_source_surface':
(.text+0x5a0): multiple definition of `cairo_set_source_surface'; /home/uilian/.conan2/p/b/librs336a2333e6ca6/p/lib/librsvg-2.a(cairo.c.o):cairo.c:(.text+0x360): first defined here
/usr/bin/ld: /home/uilian/.conan2/p/b/librs336a2333e6ca6/p/lib/librsvg-2.a(cairo.o): in function `INT_cairo_set_source':
(.text+0x630): multiple definition of `cairo_set_source'; /home/uilian/.conan2/p/b/librs336a2333e6ca6/p/lib/librsvg-2.a(cairo.c.o):cairo.c:(.text+0x3c0): first defined here
/usr/bin/ld: /home/uilian/.conan2/p/b/librs336a2333e6ca6/p/lib/librsvg-2.a(cairo.o): in function `cairo_pop_group_to_source':
(.text+0x6f0): multiple definition of `cairo_pop_group_to_source'; /home/uilian/.conan2/p/b/librs336a2333e6ca6/p/lib/librsvg-2.a(cairo.c.o):cairo.c:(.text+0x440): first defined here
/usr/bin/ld: /home/uilian/.conan2/p/b/librs336a2333e6ca6/p/lib/librsvg-2.a(cairo.o): in function `cairo_get_source':
(.text+0x720): multiple definition of `cairo_get_source'; /home/uilian/.conan2/p/b/librs336a2333e6ca6/p/lib/librsvg-2.a(cairo.c.o):cairo.c:(.text+0x470): first defined here
/usr/bin/ld: /home/uilian/.conan2/p/b/librs336a2333e6ca6/p/lib/librsvg-2.a(cairo.o): in function `INT_cairo_set_tolerance':
(.text+0x740): multiple definition of `cairo_set_tolerance'; /home/uilian/.conan2/p/b/librs336a2333e6ca6/p/lib/librsvg-2.a(cairo.c.o):cairo.c:(.text+0x490): first defined here
/usr/bin/ld: /home/uilian/.conan2/p/b/librs336a2333e6ca6/p/lib/librsvg-2.a(cairo.o): in function `cairo_set_antialias':
(.text+0x7a0): multiple definition of `cairo_set_antialias'; /home/uilian/.conan2/p/b/librs336a2333e6ca6/p/lib/librsvg-2.a(cairo.c.o):cairo.c:(.text+0x4d0): first defined here
/usr/bin/ld: /home/uilian/.conan2/p/b/librs336a2333e6ca6/p/lib/librsvg-2.a(cairo.o): in function `cairo_set_fill_rule':
(.text+0x800): multiple definition of `cairo_set_fill_rule'; /home/uilian/.conan2/p/b/librs336a2333e6ca6/p/lib/librsvg-2.a(cairo.c.o):cairo.c:(.text+0x510): first defined here
/usr/bin/ld: /home/uilian/.conan2/p/b/librs336a2333e6ca6/p/lib/librsvg-2.a(cairo.o): in function `INT_cairo_set_line_width':
(.text+0x860): multiple definition of `cairo_set_line_width'; /home/uilian/.conan2/p/b/librs336a2333e6ca6/p/lib/librsvg-2.a(cairo.c.o):cairo.c:(.text+0x550): first defined here
/usr/bin/ld: /home/uilian/.conan2/p/b/librs336a2333e6ca6/p/lib/librsvg-2.a(cairo.o): in function `INT_cairo_set_line_cap':
(.text+0x8d0): multiple definition of `cairo_set_line_cap'; /home/uilian/.conan2/p/b/librs336a2333e6ca6/p/lib/librsvg-2.a(cairo.c.o):cairo.c:(.text+0x5e0): first defined here
/usr/bin/ld: /home/uilian/.conan2/p/b/librs336a2333e6ca6/p/lib/librsvg-2.a(cairo.o): in function `INT_cairo_set_line_join':
(.text+0x930): multiple definition of `cairo_set_line_join'; /home/uilian/.conan2/p/b/librs336a2333e6ca6/p/lib/librsvg-2.a(cairo.c.o):cairo.c:(.text+0x620): first defined here
/usr/bin/ld: /home/uilian/.conan2/p/b/librs336a2333e6ca6/p/lib/librsvg-2.a(cairo.o): in function `cairo_set_dash':
(.text+0x990): multiple definition of `cairo_set_dash'; /home/uilian/.conan2/p/b/librs336a2333e6ca6/p/lib/librsvg-2.a(cairo.c.o):cairo.c:(.text+0x660): first defined here
/usr/bin/ld: /home/uilian/.conan2/p/b/librs336a2333e6ca6/p/lib/librsvg-2.a(cairo.o): in function `cairo_get_dash_count':
(.text+0x9f0): multiple definition of `cairo_get_dash_count'; /home/uilian/.conan2/p/b/librs336a2333e6ca6/p/lib/librsvg-2.a(cairo.c.o):cairo.c:(.text+0x6a0): first defined here
/usr/bin/ld: /home/uilian/.conan2/p/b/librs336a2333e6ca6/p/lib/librsvg-2.a(cairo.o): in function `cairo_get_dash':
(.text+0xa50): multiple definition of `cairo_get_dash'; /home/uilian/.conan2/p/b/librs336a2333e6ca6/p/lib/librsvg-2.a(cairo.c.o):cairo.c:(.text+0x6e0): first defined here
/usr/bin/ld: /home/uilian/.conan2/p/b/librs336a2333e6ca6/p/lib/librsvg-2.a(cairo.o): in function `cairo_set_miter_limit':
(.text+0xa80): multiple definition of `cairo_set_miter_limit'; /home/uilian/.conan2/p/b/librs336a2333e6ca6/p/lib/librsvg-2.a(cairo.c.o):cairo.c:(.text+0x710): first defined here
/usr/bin/ld: /home/uilian/.conan2/p/b/librs336a2333e6ca6/p/lib/librsvg-2.a(cairo.o): in function `INT_cairo_translate':
(.text+0xae0): multiple definition of `cairo_translate'; /home/uilian/.conan2/p/b/librs336a2333e6ca6/p/lib/librsvg-2.a(cairo.c.o):cairo.c:(.text+0x750): first defined here
/usr/bin/ld: /home/uilian/.conan2/p/b/librs336a2333e6ca6/p/lib/librsvg-2.a(cairo.o): in function `INT_cairo_scale':
(.text+0xb40): multiple definition of `cairo_scale'; /home/uilian/.conan2/p/b/librs336a2333e6ca6/p/lib/librsvg-2.a(cairo.c.o):cairo.c:(.text+0x790): first defined here
/usr/bin/ld: /home/uilian/.conan2/p/b/librs336a2333e6ca6/p/lib/librsvg-2.a(cairo.o): in function `cairo_rotate':
(.text+0xba0): multiple definition of `cairo_rotate'; /home/uilian/.conan2/p/b/librs336a2333e6ca6/p/lib/librsvg-2.a(cairo.c.o):cairo.c:(.text+0x7d0): first defined here
/usr/bin/ld: /home/uilian/.conan2/p/b/librs336a2333e6ca6/p/lib/librsvg-2.a(cairo.o): in function `INT_cairo_transform':
(.text+0xc00): multiple definition of `cairo_transform'; /home/uilian/.conan2/p/b/librs336a2333e6ca6/p/lib/librsvg-2.a(cairo.c.o):cairo.c:(.text+0x810): first defined here
/usr/bin/ld: /home/uilian/.conan2/p/b/librs336a2333e6ca6/p/lib/librsvg-2.a(cairo.o): in function `INT_cairo_set_matrix':
(.text+0xc60): multiple definition of `cairo_set_matrix'; /home/uilian/.conan2/p/b/librs336a2333e6ca6/p/lib/librsvg-2.a(cairo.c.o):cairo.c:(.text+0x850): first defined here
/usr/bin/ld: /home/uilian/.conan2/p/b/librs336a2333e6ca6/p/lib/librsvg-2.a(cairo.o): in function `cairo_identity_matrix':
(.text+0xcc0): multiple definition of `cairo_identity_matrix'; /home/uilian/.conan2/p/b/librs336a2333e6ca6/p/lib/librsvg-2.a(cairo.c.o):cairo.c:(.text+0x890): first defined here
/usr/bin/ld: /home/uilian/.conan2/p/b/librs336a2333e6ca6/p/lib/librsvg-2.a(cairo.o): in function `INT_cairo_user_to_device':
(.text+0xd20): multiple definition of `cairo_user_to_device'; /home/uilian/.conan2/p/b/librs336a2333e6ca6/p/lib/librsvg-2.a(cairo.c.o):cairo.c:(.text+0x8d0): first defined here
/usr/bin/ld: /home/uilian/.conan2/p/b/librs336a2333e6ca6/p/lib/librsvg-2.a(cairo.o): in function `INT_cairo_user_to_device_distance':
(.text+0xd40): multiple definition of `cairo_user_to_device_distance'; /home/uilian/.conan2/p/b/librs336a2333e6ca6/p/lib/librsvg-2.a(cairo.c.o):cairo.c:(.text+0x8f0): first defined here
/usr/bin/ld: /home/uilian/.conan2/p/b/librs336a2333e6ca6/p/lib/librsvg-2.a(cairo.o): in function `INT_cairo_device_to_user':
(.text+0xd60): multiple definition of `cairo_device_to_user'; /home/uilian/.conan2/p/b/librs336a2333e6ca6/p/lib/librsvg-2.a(cairo.c.o):cairo.c:(.text+0x910): first defined here
/usr/bin/ld: /home/uilian/.conan2/p/b/librs336a2333e6ca6/p/lib/librsvg-2.a(cairo.o): in function `cairo_device_to_user_distance':
(.text+0xd80): multiple definition of `cairo_device_to_user_distance'; /home/uilian/.conan2/p/b/librs336a2333e6ca6/p/lib/librsvg-2.a(cairo.c.o):cairo.c:(.text+0x930): first defined here
/usr/bin/ld: /home/uilian/.conan2/p/b/librs336a2333e6ca6/p/lib/librsvg-2.a(cairo.o): in function `INT_cairo_new_path':
(.text+0xda0): multiple definition of `cairo_new_path'; /home/uilian/.conan2/p/b/librs336a2333e6ca6/p/lib/librsvg-2.a(cairo.c.o):cairo.c:(.text+0x950): first defined here
/usr/bin/ld: /home/uilian/.conan2/p/b/librs336a2333e6ca6/p/lib/librsvg-2.a(cairo.o): in function `cairo_new_sub_path':
(.text+0xe00): multiple definition of `cairo_new_sub_path'; /home/uilian/.conan2/p/b/librs336a2333e6ca6/p/lib/librsvg-2.a(cairo.c.o):cairo.c:(.text+0x990): first defined here
/usr/bin/ld: /home/uilian/.conan2/p/b/librs336a2333e6ca6/p/lib/librsvg-2.a(cairo.o): in function `INT_cairo_move_to':
(.text+0xe60): multiple definition of `cairo_move_to'; /home/uilian/.conan2/p/b/librs336a2333e6ca6/p/lib/librsvg-2.a(cairo.c.o):cairo.c:(.text+0x9d0): first defined here
/usr/bin/ld: /home/uilian/.conan2/p/b/librs336a2333e6ca6/p/lib/librsvg-2.a(cairo.o): in function `INT_cairo_line_to':
(.text+0xec0): multiple definition of `cairo_line_to'; /home/uilian/.conan2/p/b/librs336a2333e6ca6/p/lib/librsvg-2.a(cairo.c.o):cairo.c:(.text+0xa10): first defined here
/usr/bin/ld: /home/uilian/.conan2/p/b/librs336a2333e6ca6/p/lib/librsvg-2.a(cairo.o): in function `INT_cairo_curve_to':
(.text+0xf20): multiple definition of `cairo_curve_to'; /home/uilian/.conan2/p/b/librs336a2333e6ca6/p/lib/librsvg-2.a(cairo.c.o):cairo.c:(.text+0xa50): first defined here
/usr/bin/ld: /home/uilian/.conan2/p/b/librs336a2333e6ca6/p/lib/librsvg-2.a(cairo.o): in function `cairo_arc':
(.text+0xf80): multiple definition of `cairo_arc'; /home/uilian/.conan2/p/b/librs336a2333e6ca6/p/lib/librsvg-2.a(cairo.c.o):cairo.c:(.text+0xa90): first defined here
/usr/bin/ld: /home/uilian/.conan2/p/b/librs336a2333e6ca6/p/lib/librsvg-2.a(cairo.o): in function `cairo_arc_negative':
(.text+0x1090): multiple definition of `cairo_arc_negative'; /home/uilian/.conan2/p/b/librs336a2333e6ca6/p/lib/librsvg-2.a(cairo.c.o):cairo.c:(.text+0xba0): first defined here
/usr/bin/ld: /home/uilian/.conan2/p/b/librs336a2333e6ca6/p/lib/librsvg-2.a(cairo.o): in function `cairo_rel_move_to':
(.text+0x1180): multiple definition of `cairo_rel_move_to'; /home/uilian/.conan2/p/b/librs336a2333e6ca6/p/lib/librsvg-2.a(cairo.c.o):cairo.c:(.text+0xca0): first defined here
/usr/bin/ld: /home/uilian/.conan2/p/b/librs336a2333e6ca6/p/lib/librsvg-2.a(cairo.o): in function `INT_cairo_rel_line_to':
(.text+0x11e0): multiple definition of `cairo_rel_line_to'; /home/uilian/.conan2/p/b/librs336a2333e6ca6/p/lib/librsvg-2.a(cairo.c.o):cairo.c:(.text+0xce0): first defined here
/usr/bin/ld: /home/uilian/.conan2/p/b/librs336a2333e6ca6/p/lib/librsvg-2.a(cairo.o): in function `cairo_rel_curve_to':
(.text+0x1240): multiple definition of `cairo_rel_curve_to'; /home/uilian/.conan2/p/b/librs336a2333e6ca6/p/lib/librsvg-2.a(cairo.c.o):cairo.c:(.text+0xd20): first defined here
/usr/bin/ld: /home/uilian/.conan2/p/b/librs336a2333e6ca6/p/lib/librsvg-2.a(cairo.o): in function `cairo_rectangle':
(.text+0x12a0): multiple definition of `cairo_rectangle'; /home/uilian/.conan2/p/b/librs336a2333e6ca6/p/lib/librsvg-2.a(cairo.c.o):cairo.c:(.text+0xd60): first defined here
/usr/bin/ld: /home/uilian/.conan2/p/b/librs336a2333e6ca6/p/lib/librsvg-2.a(cairo.o): in function `INT_cairo_close_path':
(.text+0x1300): multiple definition of `cairo_close_path'; /home/uilian/.conan2/p/b/librs336a2333e6ca6/p/lib/librsvg-2.a(cairo.c.o):cairo.c:(.text+0xda0): first defined here
/usr/bin/ld: /home/uilian/.conan2/p/b/librs336a2333e6ca6/p/lib/librsvg-2.a(cairo.o): in function `cairo_path_extents':
(.text+0x1360): multiple definition of `cairo_path_extents'; /home/uilian/.conan2/p/b/librs336a2333e6ca6/p/lib/librsvg-2.a(cairo.c.o):cairo.c:(.text+0xde0): first defined here
/usr/bin/ld: /home/uilian/.conan2/p/b/librs336a2333e6ca6/p/lib/librsvg-2.a(cairo.o): in function `INT_cairo_paint':
(.text+0x13c0): multiple definition of `cairo_paint'; /home/uilian/.conan2/p/b/librs336a2333e6ca6/p/lib/librsvg-2.a(cairo.c.o):cairo.c:(.text+0xe40): first defined here
/usr/bin/ld: /home/uilian/.conan2/p/b/librs336a2333e6ca6/p/lib/librsvg-2.a(cairo.o): in function `cairo_paint_with_alpha':
(.text+0x1420): multiple definition of `cairo_paint_with_alpha'; /home/uilian/.conan2/p/b/librs336a2333e6ca6/p/lib/librsvg-2.a(cairo.c.o):cairo.c:(.text+0xe80): first defined here
/usr/bin/ld: /home/uilian/.conan2/p/b/librs336a2333e6ca6/p/lib/librsvg-2.a(cairo.o): in function `INT_cairo_mask':
(.text+0x1480): multiple definition of `cairo_mask'; /home/uilian/.conan2/p/b/librs336a2333e6ca6/p/lib/librsvg-2.a(cairo.c.o):cairo.c:(.text+0xec0): first defined here
/usr/bin/ld: /home/uilian/.conan2/p/b/librs336a2333e6ca6/p/lib/librsvg-2.a(cairo.o): in function `cairo_mask_surface':
(.text+0x1540): multiple definition of `cairo_mask_surface'; /home/uilian/.conan2/p/b/librs336a2333e6ca6/p/lib/librsvg-2.a(cairo.c.o):cairo.c:(.text+0xf50): first defined here
/usr/bin/ld: /home/uilian/.conan2/p/b/librs336a2333e6ca6/p/lib/librsvg-2.a(cairo.o): in function `INT_cairo_stroke':
(.text+0x15f0): multiple definition of `cairo_stroke'; /home/uilian/.conan2/p/b/librs336a2333e6ca6/p/lib/librsvg-2.a(cairo.c.o):cairo.c:(.text+0xfd0): first defined here
/usr/bin/ld: /home/uilian/.conan2/p/b/librs336a2333e6ca6/p/lib/librsvg-2.a(cairo.o): in function `INT_cairo_stroke_preserve':
(.text+0x1650): multiple definition of `cairo_stroke_preserve'; /home/uilian/.conan2/p/b/librs336a2333e6ca6/p/lib/librsvg-2.a(cairo.c.o):cairo.c:(.text+0x1010): first defined here
/usr/bin/ld: /home/uilian/.conan2/p/b/librs336a2333e6ca6/p/lib/librsvg-2.a(cairo.o): in function `cairo_fill':
(.text+0x16b0): multiple definition of `cairo_fill'; /home/uilian/.conan2/p/b/librs336a2333e6ca6/p/lib/librsvg-2.a(cairo.c.o):cairo.c:(.text+0x1050): first defined here
/usr/bin/ld: /home/uilian/.conan2/p/b/librs336a2333e6ca6/p/lib/librsvg-2.a(cairo.o): in function `INT_cairo_fill_preserve':
(.text+0x1710): multiple definition of `cairo_fill_preserve'; /home/uilian/.conan2/p/b/librs336a2333e6ca6/p/lib/librsvg-2.a(cairo.c.o):cairo.c:(.text+0x1090): first defined here
/usr/bin/ld: /home/uilian/.conan2/p/b/librs336a2333e6ca6/p/lib/librsvg-2.a(cairo.o): in function `cairo_copy_page':
(.text+0x1770): multiple definition of `cairo_copy_page'; /home/uilian/.conan2/p/b/librs336a2333e6ca6/p/lib/librsvg-2.a(cairo.c.o):cairo.c:(.text+0x10d0): first defined here
/usr/bin/ld: /home/uilian/.conan2/p/b/librs336a2333e6ca6/p/lib/librsvg-2.a(cairo.o): in function `cairo_show_page':
(.text+0x17d0): multiple definition of `cairo_show_page'; /home/uilian/.conan2/p/b/librs336a2333e6ca6/p/lib/librsvg-2.a(cairo.c.o):cairo.c:(.text+0x1110): first defined here
/usr/bin/ld: /home/uilian/.conan2/p/b/librs336a2333e6ca6/p/lib/librsvg-2.a(cairo.o): in function `cairo_in_stroke':
(.text+0x1830): multiple definition of `cairo_in_stroke'; /home/uilian/.conan2/p/b/librs336a2333e6ca6/p/lib/librsvg-2.a(cairo.c.o):cairo.c:(.text+0x1150): first defined here
/usr/bin/ld: /home/uilian/.conan2/p/b/librs336a2333e6ca6/p/lib/librsvg-2.a(cairo.o): in function `cairo_in_fill':
(.text+0x18c0): multiple definition of `cairo_in_fill'; /home/uilian/.conan2/p/b/librs336a2333e6ca6/p/lib/librsvg-2.a(cairo.c.o):cairo.c:(.text+0x11b0): first defined here
/usr/bin/ld: /home/uilian/.conan2/p/b/librs336a2333e6ca6/p/lib/librsvg-2.a(cairo.o): in function `cairo_stroke_extents':
(.text+0x1950): multiple definition of `cairo_stroke_extents'; /home/uilian/.conan2/p/b/librs336a2333e6ca6/p/lib/librsvg-2.a(cairo.c.o):cairo.c:(.text+0x1210): first defined here
/usr/bin/ld: /home/uilian/.conan2/p/b/librs336a2333e6ca6/p/lib/librsvg-2.a(cairo.o): in function `cairo_fill_extents':
(.text+0x19f0): multiple definition of `cairo_fill_extents'; /home/uilian/.conan2/p/b/librs336a2333e6ca6/p/lib/librsvg-2.a(cairo.c.o):cairo.c:(.text+0x1290): first defined here
/usr/bin/ld: /home/uilian/.conan2/p/b/librs336a2333e6ca6/p/lib/librsvg-2.a(cairo.o): in function `cairo_clip':
(.text+0x1a90): multiple definition of `cairo_clip'; /home/uilian/.conan2/p/b/librs336a2333e6ca6/p/lib/librsvg-2.a(cairo.c.o):cairo.c:(.text+0x1310): first defined here
/usr/bin/ld: /home/uilian/.conan2/p/b/librs336a2333e6ca6/p/lib/librsvg-2.a(cairo.o): in function `INT_cairo_clip_preserve':
(.text+0x1af0): multiple definition of `cairo_clip_preserve'; /home/uilian/.conan2/p/b/librs336a2333e6ca6/p/lib/librsvg-2.a(cairo.c.o):cairo.c:(.text+0x1350): first defined here
/usr/bin/ld: /home/uilian/.conan2/p/b/librs336a2333e6ca6/p/lib/librsvg-2.a(cairo.o): in function `cairo_reset_clip':
(.text+0x1b50): multiple definition of `cairo_reset_clip'; /home/uilian/.conan2/p/b/librs336a2333e6ca6/p/lib/librsvg-2.a(cairo.c.o):cairo.c:(.text+0x1390): first defined here
/usr/bin/ld: /home/uilian/.conan2/p/b/librs336a2333e6ca6/p/lib/librsvg-2.a(cairo.o): in function `cairo_clip_extents':
(.text+0x1bb0): multiple definition of `cairo_clip_extents'; /home/uilian/.conan2/p/b/librs336a2333e6ca6/p/lib/librsvg-2.a(cairo.c.o):cairo.c:(.text+0x13d0): first defined here
/usr/bin/ld: /home/uilian/.conan2/p/b/librs336a2333e6ca6/p/lib/librsvg-2.a(cairo.o): in function `cairo_in_clip':
(.text+0x1c40): multiple definition of `cairo_in_clip'; /home/uilian/.conan2/p/b/librs336a2333e6ca6/p/lib/librsvg-2.a(cairo.c.o):cairo.c:(.text+0x1440): first defined here
/usr/bin/ld: /home/uilian/.conan2/p/b/librs336a2333e6ca6/p/lib/librsvg-2.a(cairo.o): in function `cairo_copy_clip_rectangle_list':
(.text+0x1cd0): multiple definition of `cairo_copy_clip_rectangle_list'; /home/uilian/.conan2/p/b/librs336a2333e6ca6/p/lib/librsvg-2.a(cairo.c.o):cairo.c:(.text+0x14a0): first defined here
/usr/bin/ld: /home/uilian/.conan2/p/b/librs336a2333e6ca6/p/lib/librsvg-2.a(cairo.o): in function `cairo_tag_begin':
(.text+0x1d00): multiple definition of `cairo_tag_begin'; /home/uilian/.conan2/p/b/librs336a2333e6ca6/p/lib/librsvg-2.a(cairo.c.o):cairo.c:(.text+0x14c0): first defined here
/usr/bin/ld: /home/uilian/.conan2/p/b/librs336a2333e6ca6/p/lib/librsvg-2.a(cairo.o): in function `cairo_tag_end':
(.text+0x1d60): multiple definition of `cairo_tag_end'; /home/uilian/.conan2/p/b/librs336a2333e6ca6/p/lib/librsvg-2.a(cairo.c.o):cairo.c:(.text+0x1500): first defined here
/usr/bin/ld: /home/uilian/.conan2/p/b/librs336a2333e6ca6/p/lib/librsvg-2.a(cairo.o): in function `cairo_select_font_face':
(.text+0x1dc0): multiple definition of `cairo_select_font_face'; /home/uilian/.conan2/p/b/librs336a2333e6ca6/p/lib/librsvg-2.a(cairo.c.o):cairo.c:(.text+0x1540): first defined here
/usr/bin/ld: /home/uilian/.conan2/p/b/librs336a2333e6ca6/p/lib/librsvg-2.a(cairo.o): in function `cairo_font_extents':
(.text+0x1e70): multiple definition of `cairo_font_extents'; /home/uilian/.conan2/p/b/librs336a2333e6ca6/p/lib/librsvg-2.a(cairo.c.o):cairo.c:(.text+0x15d0): first defined here
/usr/bin/ld: /home/uilian/.conan2/p/b/librs336a2333e6ca6/p/lib/librsvg-2.a(cairo.o): in function `cairo_set_font_face':
(.text+0x1f00): multiple definition of `cairo_set_font_face'; /home/uilian/.conan2/p/b/librs336a2333e6ca6/p/lib/librsvg-2.a(cairo.c.o):cairo.c:(.text+0x1620): first defined here
/usr/bin/ld: /home/uilian/.conan2/p/b/librs336a2333e6ca6/p/lib/librsvg-2.a(cairo.o): in function `cairo_get_font_face':
(.text+0x1f60): multiple definition of `cairo_get_font_face'; /home/uilian/.conan2/p/b/librs336a2333e6ca6/p/lib/librsvg-2.a(cairo.c.o):cairo.c:(.text+0x1660): first defined here
/usr/bin/ld: /home/uilian/.conan2/p/b/librs336a2333e6ca6/p/lib/librsvg-2.a(cairo.o): in function `INT_cairo_set_font_size':
(.text+0x1f80): multiple definition of `cairo_set_font_size'; /home/uilian/.conan2/p/b/librs336a2333e6ca6/p/lib/librsvg-2.a(cairo.c.o):cairo.c:(.text+0x1680): first defined here
/usr/bin/ld: /home/uilian/.conan2/p/b/librs336a2333e6ca6/p/lib/librsvg-2.a(cairo.o): in function `INT_cairo_set_font_matrix':
(.text+0x1fe0): multiple definition of `cairo_set_font_matrix'; /home/uilian/.conan2/p/b/librs336a2333e6ca6/p/lib/librsvg-2.a(cairo.c.o):cairo.c:(.text+0x16c0): first defined here
/usr/bin/ld: /home/uilian/.conan2/p/b/librs336a2333e6ca6/p/lib/librsvg-2.a(cairo.o): in function `cairo_get_font_matrix':
(.text+0x2040): multiple definition of `cairo_get_font_matrix'; /home/uilian/.conan2/p/b/librs336a2333e6ca6/p/lib/librsvg-2.a(cairo.c.o):cairo.c:(.text+0x1700): first defined here
/usr/bin/ld: /home/uilian/.conan2/p/b/librs336a2333e6ca6/p/lib/librsvg-2.a(cairo.o): in function `INT_cairo_set_font_options':
(.text+0x2060): multiple definition of `cairo_set_font_options'; /home/uilian/.conan2/p/b/librs336a2333e6ca6/p/lib/librsvg-2.a(cairo.c.o):cairo.c:(.text+0x1720): first defined here
/usr/bin/ld: /home/uilian/.conan2/p/b/librs336a2333e6ca6/p/lib/librsvg-2.a(cairo.o): in function `cairo_get_font_options':
(.text+0x2100): multiple definition of `cairo_get_font_options'; /home/uilian/.conan2/p/b/librs336a2333e6ca6/p/lib/librsvg-2.a(cairo.c.o):cairo.c:(.text+0x17a0): first defined here
/usr/bin/ld: /home/uilian/.conan2/p/b/librs336a2333e6ca6/p/lib/librsvg-2.a(cairo.o): in function `cairo_set_scaled_font':
(.text+0x2160): multiple definition of `cairo_set_scaled_font'; /home/uilian/.conan2/p/b/librs336a2333e6ca6/p/lib/librsvg-2.a(cairo.c.o):cairo.c:(.text+0x1800): first defined here
/usr/bin/ld: /home/uilian/.conan2/p/b/librs336a2333e6ca6/p/lib/librsvg-2.a(cairo.o): in function `INT_cairo_get_scaled_font':
(.text+0x2220): multiple definition of `cairo_get_scaled_font'; /home/uilian/.conan2/p/b/librs336a2333e6ca6/p/lib/librsvg-2.a(cairo.c.o):cairo.c:(.text+0x1890): first defined here
/usr/bin/ld: /home/uilian/.conan2/p/b/librs336a2333e6ca6/p/lib/librsvg-2.a(cairo.o): in function `cairo_glyph_extents':
(.text+0x2250): multiple definition of `cairo_glyph_extents'; /home/uilian/.conan2/p/b/librs336a2333e6ca6/p/lib/librsvg-2.a(cairo.c.o):cairo.c:(.text+0x18b0): first defined here
/usr/bin/ld: /home/uilian/.conan2/p/b/librs336a2333e6ca6/p/lib/librsvg-2.a(cairo.o): in function `cairo_show_glyphs':
(.text+0x2340): multiple definition of `cairo_show_glyphs'; /home/uilian/.conan2/p/b/librs336a2333e6ca6/p/lib/librsvg-2.a(cairo.c.o):cairo.c:(.text+0x1940): first defined here
/usr/bin/ld: /home/uilian/.conan2/p/b/librs336a2333e6ca6/p/lib/librsvg-2.a(cairo.o): in function `cairo_show_text_glyphs':
(.text+0x2400): multiple definition of `cairo_show_text_glyphs'; /home/uilian/.conan2/p/b/librs336a2333e6ca6/p/lib/librsvg-2.a(cairo.c.o):cairo.c:(.text+0x19c0): first defined here
/usr/bin/ld: /home/uilian/.conan2/p/b/librs336a2333e6ca6/p/lib/librsvg-2.a(cairo.o): in function `cairo_glyph_path':
(.text+0x2650): multiple definition of `cairo_glyph_path'; /home/uilian/.conan2/p/b/librs336a2333e6ca6/p/lib/librsvg-2.a(cairo.c.o):cairo.c:(.text+0x1bb0): first defined here
/usr/bin/ld: /home/uilian/.conan2/p/b/librs336a2333e6ca6/p/lib/librsvg-2.a(cairo.o): in function `cairo_get_operator':
(.text+0x2710): multiple definition of `cairo_get_operator'; /home/uilian/.conan2/p/b/librs336a2333e6ca6/p/lib/librsvg-2.a(cairo.c.o):cairo.c:(.text+0x1c30): first defined here
/usr/bin/ld: /home/uilian/.conan2/p/b/librs336a2333e6ca6/p/lib/librsvg-2.a(cairo.o): in function `INT_cairo_get_tolerance':
(.text+0x2730): multiple definition of `cairo_get_tolerance'; /home/uilian/.conan2/p/b/librs336a2333e6ca6/p/lib/librsvg-2.a(cairo.c.o):cairo.c:(.text+0x1c50): first defined here
/usr/bin/ld: /home/uilian/.conan2/p/b/librs336a2333e6ca6/p/lib/librsvg-2.a(cairo.o): in function `cairo_get_antialias':
(.text+0x2760): multiple definition of `cairo_get_antialias'; /home/uilian/.conan2/p/b/librs336a2333e6ca6/p/lib/librsvg-2.a(cairo.c.o):cairo.c:(.text+0x1c80): first defined here
/usr/bin/ld: /home/uilian/.conan2/p/b/librs336a2333e6ca6/p/lib/librsvg-2.a(cairo.o): in function `cairo_has_current_point':
(.text+0x2780): multiple definition of `cairo_has_current_point'; /home/uilian/.conan2/p/b/librs336a2333e6ca6/p/lib/librsvg-2.a(cairo.c.o):cairo.c:(.text+0x1ca0): first defined here
/usr/bin/ld: /home/uilian/.conan2/p/b/librs336a2333e6ca6/p/lib/librsvg-2.a(cairo.o): in function `INT_cairo_get_current_point':
(.text+0x27a0): multiple definition of `cairo_get_current_point'; /home/uilian/.conan2/p/b/librs336a2333e6ca6/p/lib/librsvg-2.a(cairo.c.o):cairo.c:(.text+0x1cc0): first defined here
/usr/bin/ld: /home/uilian/.conan2/p/b/librs336a2333e6ca6/p/lib/librsvg-2.a(cairo.o): in function `cairo_text_extents':
(.text+0x2850): multiple definition of `cairo_text_extents'; /home/uilian/.conan2/p/b/librs336a2333e6ca6/p/lib/librsvg-2.a(cairo.c.o):cairo.c:(.text+0x1d40): first defined here
/usr/bin/ld: /home/uilian/.conan2/p/b/librs336a2333e6ca6/p/lib/librsvg-2.a(cairo.o): in function `cairo_text_path':
(.text+0x29e0): multiple definition of `cairo_text_path'; /home/uilian/.conan2/p/b/librs336a2333e6ca6/p/lib/librsvg-2.a(cairo.c.o):cairo.c:(.text+0x1e50): first defined here
/usr/bin/ld: /home/uilian/.conan2/p/b/librs336a2333e6ca6/p/lib/librsvg-2.a(cairo.o): in function `cairo_show_text':
(.text+0x2bb0): multiple definition of `cairo_show_text'; /home/uilian/.conan2/p/b/librs336a2333e6ca6/p/lib/librsvg-2.a(cairo.c.o):cairo.c:(.text+0x20f0): first defined here
/usr/bin/ld: /home/uilian/.conan2/p/b/librs336a2333e6ca6/p/lib/librsvg-2.a(cairo.o): in function `cairo_get_fill_rule':
(.text+0x2e90): multiple definition of `cairo_get_fill_rule'; /home/uilian/.conan2/p/b/librs336a2333e6ca6/p/lib/librsvg-2.a(cairo.c.o):cairo.c:(.text+0x1fd0): first defined here
/usr/bin/ld: /home/uilian/.conan2/p/b/librs336a2333e6ca6/p/lib/librsvg-2.a(cairo.o): in function `INT_cairo_get_line_width':
(.text+0x2eb0): multiple definition of `cairo_get_line_width'; /home/uilian/.conan2/p/b/librs336a2333e6ca6/p/lib/librsvg-2.a(cairo.c.o):cairo.c:(.text+0x1ff0): first defined here
/usr/bin/ld: /home/uilian/.conan2/p/b/librs336a2333e6ca6/p/lib/librsvg-2.a(cairo.o): in function `cairo_get_line_cap':
(.text+0x2ee0): multiple definition of `cairo_get_line_cap'; /home/uilian/.conan2/p/b/librs336a2333e6ca6/p/lib/librsvg-2.a(cairo.c.o):cairo.c:(.text+0x2040): first defined here
/usr/bin/ld: /home/uilian/.conan2/p/b/librs336a2333e6ca6/p/lib/librsvg-2.a(cairo.o): in function `cairo_get_line_join':
(.text+0x2f00): multiple definition of `cairo_get_line_join'; /home/uilian/.conan2/p/b/librs336a2333e6ca6/p/lib/librsvg-2.a(cairo.c.o):cairo.c:(.text+0x2060): first defined here
/usr/bin/ld: /home/uilian/.conan2/p/b/librs336a2333e6ca6/p/lib/librsvg-2.a(cairo.o): in function `cairo_get_miter_limit':
(.text+0x2f20): multiple definition of `cairo_get_miter_limit'; /home/uilian/.conan2/p/b/librs336a2333e6ca6/p/lib/librsvg-2.a(cairo.c.o):cairo.c:(.text+0x2080): first defined here
/usr/bin/ld: /home/uilian/.conan2/p/b/librs336a2333e6ca6/p/lib/librsvg-2.a(cairo.o): in function `INT_cairo_get_matrix':
(.text+0x2f50): multiple definition of `cairo_get_matrix'; /home/uilian/.conan2/p/b/librs336a2333e6ca6/p/lib/librsvg-2.a(cairo.c.o):cairo.c:(.text+0x20b0): first defined here
/usr/bin/ld: /home/uilian/.conan2/p/b/librs336a2333e6ca6/p/lib/librsvg-2.a(cairo.o): in function `INT_cairo_get_target':
(.text+0x2f70): multiple definition of `cairo_get_target'; /home/uilian/.conan2/p/b/librs336a2333e6ca6/p/lib/librsvg-2.a(cairo.c.o):cairo.c:(.text+0x20d0): first defined here
/usr/bin/ld: /home/uilian/.conan2/p/b/librs336a2333e6ca6/p/lib/librsvg-2.a(cairo.o): in function `cairo_get_group_target':
(.text+0x2f90): multiple definition of `cairo_get_group_target'; /home/uilian/.conan2/p/b/librs336a2333e6ca6/p/lib/librsvg-2.a(cairo.c.o):cairo.c:(.text+0x2370): first defined here
/usr/bin/ld: /home/uilian/.conan2/p/b/librs336a2333e6ca6/p/lib/librsvg-2.a(cairo.o): in function `cairo_copy_path':
(.text+0x2fb0): multiple definition of `cairo_copy_path'; /home/uilian/.conan2/p/b/librs336a2333e6ca6/p/lib/librsvg-2.a(cairo.c.o):cairo.c:(.text+0x2390): first defined here
/usr/bin/ld: /home/uilian/.conan2/p/b/librs336a2333e6ca6/p/lib/librsvg-2.a(cairo.o): in function `cairo_copy_path_flat':
(.text+0x2fe0): multiple definition of `cairo_copy_path_flat'; /home/uilian/.conan2/p/b/librs336a2333e6ca6/p/lib/librsvg-2.a(cairo.c.o):cairo.c:(.text+0x23b0): first defined here
/usr/bin/ld: /home/uilian/.conan2/p/b/librs336a2333e6ca6/p/lib/librsvg-2.a(cairo.o): in function `cairo_append_path':
(.text+0x3010): multiple definition of `cairo_append_path'; /home/uilian/.conan2/p/b/librs336a2333e6ca6/p/lib/librsvg-2.a(cairo.c.o):cairo.c:(.text+0x23d0): first defined here
/usr/bin/ld: /home/uilian/.conan2/p/b/librs336a2333e6ca6/p/lib/librsvg-2.a(cairo.o): in function `INT_cairo_status':
(.text+0x3140): multiple definition of `cairo_status'; /home/uilian/.conan2/p/b/librs336a2333e6ca6/p/lib/librsvg-2.a(cairo.c.o):cairo.c:(.text+0x2490): first defined here
/usr/bin/ld: /home/uilian/.conan2/p/b/librs336a2333e6ca6/p/lib/librsvg-2.a(hb-font.cc.o): in function `hb_font_funcs_get_empty':
hb-font.cc:(.text+0x1a80): multiple definition of `hb_font_funcs_get_empty'; /home/uilian/.conan2/p/b/librs336a2333e6ca6/p/lib/librsvg-2.a(libharfbuzz_la-hb-font.o):(.text+0x1680): first defined here
/usr/bin/ld: /home/uilian/.conan2/p/b/librs336a2333e6ca6/p/lib/librsvg-2.a(hb-font.cc.o): in function `hb_font_funcs_create':
hb-font.cc:(.text+0x1a90): multiple definition of `hb_font_funcs_create'; /home/uilian/.conan2/p/b/librs336a2333e6ca6/p/lib/librsvg-2.a(libharfbuzz_la-hb-font.o):(.text+0x15a0): first defined here
/usr/bin/ld: /home/uilian/.conan2/p/b/librs336a2333e6ca6/p/lib/librsvg-2.a(hb-font.cc.o): in function `hb_font_funcs_reference':
hb-font.cc:(.text+0x1b80): multiple definition of `hb_font_funcs_reference'; /home/uilian/.conan2/p/b/librs336a2333e6ca6/p/lib/librsvg-2.a(libharfbuzz_la-hb-font.o):(.text+0x1690): first defined here
/usr/bin/ld: /home/uilian/.conan2/p/b/librs336a2333e6ca6/p/lib/librsvg-2.a(hb-font.cc.o): in function `hb_font_funcs_destroy':
hb-font.cc:(.text+0x1ba0): multiple definition of `hb_font_funcs_destroy'; /home/uilian/.conan2/p/b/librs336a2333e6ca6/p/lib/librsvg-2.a(libharfbuzz_la-hb-font.o):(.text+0x16e0): first defined here
/usr/bin/ld: /home/uilian/.conan2/p/b/librs336a2333e6ca6/p/lib/librsvg-2.a(hb-font.cc.o): in function `hb_font_funcs_set_user_data':
hb-font.cc:(.text+0x1f70): multiple definition of `hb_font_funcs_set_user_data'; /home/uilian/.conan2/p/b/librs336a2333e6ca6/p/lib/librsvg-2.a(libharfbuzz_la-hb-font.o):(.text+0x1960): first defined here
/usr/bin/ld: /home/uilian/.conan2/p/b/librs336a2333e6ca6/p/lib/librsvg-2.a(hb-font.cc.o): in function `hb_font_funcs_get_user_data':
hb-font.cc:(.text+0x1f90): multiple definition of `hb_font_funcs_get_user_data'; /home/uilian/.conan2/p/b/librs336a2333e6ca6/p/lib/librsvg-2.a(libharfbuzz_la-hb-font.o):(.text+0x1b40): first defined here
/usr/bin/ld: /home/uilian/.conan2/p/b/librs336a2333e6ca6/p/lib/librsvg-2.a(hb-font.cc.o): in function `hb_font_funcs_make_immutable':
hb-font.cc:(.text+0x2020): multiple definition of `hb_font_funcs_make_immutable'; /home/uilian/.conan2/p/b/librs336a2333e6ca6/p/lib/librsvg-2.a(libharfbuzz_la-hb-font.o):(.text+0x1ba0): first defined here
/usr/bin/ld: /home/uilian/.conan2/p/b/librs336a2333e6ca6/p/lib/librsvg-2.a(hb-font.cc.o): in function `hb_font_funcs_is_immutable':
hb-font.cc:(.text+0x2040): multiple definition of `hb_font_funcs_is_immutable'; /home/uilian/.conan2/p/b/librs336a2333e6ca6/p/lib/librsvg-2.a(libharfbuzz_la-hb-font.o):(.text+0x1bc0): first defined here
/usr/bin/ld: /home/uilian/.conan2/p/b/librs336a2333e6ca6/p/lib/librsvg-2.a(hb-font.cc.o): in function `hb_font_funcs_set_font_h_extents_func':
hb-font.cc:(.text+0x2050): multiple definition of `hb_font_funcs_set_font_h_extents_func'; /home/uilian/.conan2/p/b/librs336a2333e6ca6/p/lib/librsvg-2.a(libharfbuzz_la-hb-font.o):(.text+0x1bd0): first defined here
/usr/bin/ld: /home/uilian/.conan2/p/b/librs336a2333e6ca6/p/lib/librsvg-2.a(hb-font.cc.o): in function `hb_font_funcs_set_font_v_extents_func':
hb-font.cc:(.text+0x21d0): multiple definition of `hb_font_funcs_set_font_v_extents_func'; /home/uilian/.conan2/p/b/librs336a2333e6ca6/p/lib/librsvg-2.a(libharfbuzz_la-hb-font.o):(.text+0x1c70): first defined here
/usr/bin/ld: /home/uilian/.conan2/p/b/librs336a2333e6ca6/p/lib/librsvg-2.a(hb-font.cc.o): in function `hb_font_funcs_set_nominal_glyph_func':
hb-font.cc:(.text+0x2370): multiple definition of `hb_font_funcs_set_nominal_glyph_func'; /home/uilian/.conan2/p/b/librs336a2333e6ca6/p/lib/librsvg-2.a(libharfbuzz_la-hb-font.o):(.text+0x1d10): first defined here
/usr/bin/ld: /home/uilian/.conan2/p/b/librs336a2333e6ca6/p/lib/librsvg-2.a(hb-font.cc.o): in function `hb_font_funcs_set_nominal_glyphs_func':
hb-font.cc:(.text+0x2510): multiple definition of `hb_font_funcs_set_nominal_glyphs_func'; /home/uilian/.conan2/p/b/librs336a2333e6ca6/p/lib/librsvg-2.a(libharfbuzz_la-hb-font.o):(.text+0x1db0): first defined here
/usr/bin/ld: /home/uilian/.conan2/p/b/librs336a2333e6ca6/p/lib/librsvg-2.a(hb-font.cc.o): in function `hb_font_funcs_set_variation_glyph_func':
hb-font.cc:(.text+0x26b0): multiple definition of `hb_font_funcs_set_variation_glyph_func'; /home/uilian/.conan2/p/b/librs336a2333e6ca6/p/lib/librsvg-2.a(libharfbuzz_la-hb-font.o):(.text+0x1e50): first defined here
/usr/bin/ld: /home/uilian/.conan2/p/b/librs336a2333e6ca6/p/lib/librsvg-2.a(hb-font.cc.o): in function `hb_font_funcs_set_glyph_h_advance_func':
hb-font.cc:(.text+0x2850): multiple definition of `hb_font_funcs_set_glyph_h_advance_func'; /home/uilian/.conan2/p/b/librs336a2333e6ca6/p/lib/librsvg-2.a(libharfbuzz_la-hb-font.o):(.text+0x1ef0): first defined here
/usr/bin/ld: /home/uilian/.conan2/p/b/librs336a2333e6ca6/p/lib/librsvg-2.a(hb-font.cc.o): in function `hb_font_funcs_set_glyph_v_advance_func':
hb-font.cc:(.text+0x29f0): multiple definition of `hb_font_funcs_set_glyph_v_advance_func'; /home/uilian/.conan2/p/b/librs336a2333e6ca6/p/lib/librsvg-2.a(libharfbuzz_la-hb-font.o):(.text+0x1f90): first defined here
/usr/bin/ld: /home/uilian/.conan2/p/b/librs336a2333e6ca6/p/lib/librsvg-2.a(hb-font.cc.o): in function `hb_font_funcs_set_glyph_h_advances_func':
hb-font.cc:(.text+0x2b90): multiple definition of `hb_font_funcs_set_glyph_h_advances_func'; /home/uilian/.conan2/p/b/librs336a2333e6ca6/p/lib/librsvg-2.a(libharfbuzz_la-hb-font.o):(.text+0x2030): first defined here
/usr/bin/ld: /home/uilian/.conan2/p/b/librs336a2333e6ca6/p/lib/librsvg-2.a(hb-font.cc.o): in function `hb_font_funcs_set_glyph_v_advances_func':
hb-font.cc:(.text+0x2d30): multiple definition of `hb_font_funcs_set_glyph_v_advances_func'; /home/uilian/.conan2/p/b/librs336a2333e6ca6/p/lib/librsvg-2.a(libharfbuzz_la-hb-font.o):(.text+0x20d0): first defined here
/usr/bin/ld: /home/uilian/.conan2/p/b/librs336a2333e6ca6/p/lib/librsvg-2.a(hb-font.cc.o): in function `hb_font_funcs_set_glyph_h_origin_func':
hb-font.cc:(.text+0x2ed0): multiple definition of `hb_font_funcs_set_glyph_h_origin_func'; /home/uilian/.conan2/p/b/librs336a2333e6ca6/p/lib/librsvg-2.a(libharfbuzz_la-hb-font.o):(.text+0x2170): first defined here
/usr/bin/ld: /home/uilian/.conan2/p/b/librs336a2333e6ca6/p/lib/librsvg-2.a(hb-font.cc.o): in function `hb_font_funcs_set_glyph_v_origin_func':
hb-font.cc:(.text+0x3070): multiple definition of `hb_font_funcs_set_glyph_v_origin_func'; /home/uilian/.conan2/p/b/librs336a2333e6ca6/p/lib/librsvg-2.a(libharfbuzz_la-hb-font.o):(.text+0x2210): first defined here
/usr/bin/ld: /home/uilian/.conan2/p/b/librs336a2333e6ca6/p/lib/librsvg-2.a(hb-font.cc.o): in function `hb_font_funcs_set_glyph_h_kerning_func':
hb-font.cc:(.text+0x3550): multiple definition of `hb_font_funcs_set_glyph_h_kerning_func'; /home/uilian/.conan2/p/b/librs336a2333e6ca6/p/lib/librsvg-2.a(libharfbuzz_la-hb-font.o):(.text+0x22b0): first defined here
/usr/bin/ld: /home/uilian/.conan2/p/b/librs336a2333e6ca6/p/lib/librsvg-2.a(hb-font.cc.o): in function `hb_font_funcs_set_glyph_v_kerning_func':
hb-font.cc:(.text+0x36f0): multiple definition of `hb_font_funcs_set_glyph_v_kerning_func'; /home/uilian/.conan2/p/b/librs336a2333e6ca6/p/lib/librsvg-2.a(libharfbuzz_la-hb-font.o):(.text+0x2350): first defined here
/usr/bin/ld: /home/uilian/.conan2/p/b/librs336a2333e6ca6/p/lib/librsvg-2.a(hb-font.cc.o): in function `hb_font_funcs_set_glyph_extents_func':
hb-font.cc:(.text+0x3890): multiple definition of `hb_font_funcs_set_glyph_extents_func'; /home/uilian/.conan2/p/b/librs336a2333e6ca6/p/lib/librsvg-2.a(libharfbuzz_la-hb-font.o):(.text+0x23f0): first defined here
/usr/bin/ld: /home/uilian/.conan2/p/b/librs336a2333e6ca6/p/lib/librsvg-2.a(hb-font.cc.o): in function `hb_font_funcs_set_glyph_contour_point_func':
hb-font.cc:(.text+0x3a30): multiple definition of `hb_font_funcs_set_glyph_contour_point_func'; /home/uilian/.conan2/p/b/librs336a2333e6ca6/p/lib/librsvg-2.a(libharfbuzz_la-hb-font.o):(.text+0x2490): first defined here
/usr/bin/ld: /home/uilian/.conan2/p/b/librs336a2333e6ca6/p/lib/librsvg-2.a(hb-font.cc.o): in function `hb_font_funcs_set_glyph_name_func':
hb-font.cc:(.text+0x3be0): multiple definition of `hb_font_funcs_set_glyph_name_func'; /home/uilian/.conan2/p/b/librs336a2333e6ca6/p/lib/librsvg-2.a(libharfbuzz_la-hb-font.o):(.text+0x2540): first defined here
/usr/bin/ld: /home/uilian/.conan2/p/b/librs336a2333e6ca6/p/lib/librsvg-2.a(hb-font.cc.o): in function `hb_font_funcs_set_glyph_from_name_func':
hb-font.cc:(.text+0x3d90): multiple definition of `hb_font_funcs_set_glyph_from_name_func'; /home/uilian/.conan2/p/b/librs336a2333e6ca6/p/lib/librsvg-2.a(libharfbuzz_la-hb-font.o):(.text+0x25f0): first defined here
/usr/bin/ld: /home/uilian/.conan2/p/b/librs336a2333e6ca6/p/lib/librsvg-2.a(hb-font.cc.o): in function `hb_font_t::has_func_set(unsigned int)':
hb-font.cc:(.text+0x42a0): multiple definition of `hb_font_t::has_func_set(unsigned int)'; /home/uilian/.conan2/p/b/librs336a2333e6ca6/p/lib/librsvg-2.a(libharfbuzz_la-hb-font.o):(.text+0x26a0): first defined here
/usr/bin/ld: /home/uilian/.conan2/p/b/librs336a2333e6ca6/p/lib/librsvg-2.a(hb-font.cc.o): in function `hb_font_t::has_func(unsigned int)':
hb-font.cc:(.text+0x42c0): multiple definition of `hb_font_t::has_func(unsigned int)'; /home/uilian/.conan2/p/b/librs336a2333e6ca6/p/lib/librsvg-2.a(libharfbuzz_la-hb-font.o):(.text+0x26d0): first defined here
/usr/bin/ld: /home/uilian/.conan2/p/b/librs336a2333e6ca6/p/lib/librsvg-2.a(hb-font.cc.o):(.data.rel.local+0x0): multiple definition of `_hb_Null_hb_font_t'; /home/uilian/.conan2/p/b/librs336a2333e6ca6/p/lib/librsvg-2.a(libharfbuzz_la-hb-font.o):(.data.rel.local+0x0): first defined here
/usr/bin/ld: /home/uilian/.conan2/p/b/librs336a2333e6ca6/p/lib/librsvg-2.a(hb-font.cc.o): in function `hb_font_get_h_extents':
hb-font.cc:(.text+0x4330): multiple definition of `hb_font_get_h_extents'; /home/uilian/.conan2/p/b/librs336a2333e6ca6/p/lib/librsvg-2.a(libharfbuzz_la-hb-font.o):(.text+0x2740): first defined here
/usr/bin/ld: /home/uilian/.conan2/p/b/librs336a2333e6ca6/p/lib/librsvg-2.a(hb-font.cc.o): in function `hb_font_get_v_extents':
hb-font.cc:(.text+0x43a0): multiple definition of `hb_font_get_v_extents'; /home/uilian/.conan2/p/b/librs336a2333e6ca6/p/lib/librsvg-2.a(libharfbuzz_la-hb-font.o):(.text+0x2770): first defined here
/usr/bin/ld: /home/uilian/.conan2/p/b/librs336a2333e6ca6/p/lib/librsvg-2.a(hb-font.cc.o): in function `hb_font_get_glyph':
hb-font.cc:(.text+0x4440): multiple definition of `hb_font_get_glyph'; /home/uilian/.conan2/p/b/librs336a2333e6ca6/p/lib/librsvg-2.a(libharfbuzz_la-hb-font.o):(.text+0x27a0): first defined here
/usr/bin/ld: /home/uilian/.conan2/p/b/librs336a2333e6ca6/p/lib/librsvg-2.a(hb-font.cc.o): in function `hb_font_get_nominal_glyph':
hb-font.cc:(.text+0x44a0): multiple definition of `hb_font_get_nominal_glyph'; /home/uilian/.conan2/p/b/librs336a2333e6ca6/p/lib/librsvg-2.a(libharfbuzz_la-hb-font.o):(.text+0x27f0): first defined here
/usr/bin/ld: /home/uilian/.conan2/p/b/librs336a2333e6ca6/p/lib/librsvg-2.a(hb-font.cc.o): in function `hb_font_get_nominal_glyphs':
hb-font.cc:(.text+0x44d0): multiple definition of `hb_font_get_nominal_glyphs'; /home/uilian/.conan2/p/b/librs336a2333e6ca6/p/lib/librsvg-2.a(libharfbuzz_la-hb-font.o):(.text+0x2820): first defined here
/usr/bin/ld: /home/uilian/.conan2/p/b/librs336a2333e6ca6/p/lib/librsvg-2.a(hb-font.cc.o): in function `hb_font_get_variation_glyph':
hb-font.cc:(.text+0x4510): multiple definition of `hb_font_get_variation_glyph'; /home/uilian/.conan2/p/b/librs336a2333e6ca6/p/lib/librsvg-2.a(libharfbuzz_la-hb-font.o):(.text+0x2850): first defined here
/usr/bin/ld: /home/uilian/.conan2/p/b/librs336a2333e6ca6/p/lib/librsvg-2.a(hb-font.cc.o): in function `hb_font_get_glyph_h_advance':
hb-font.cc:(.text+0x4540): multiple definition of `hb_font_get_glyph_h_advance'; /home/uilian/.conan2/p/b/librs336a2333e6ca6/p/lib/librsvg-2.a(libharfbuzz_la-hb-font.o):(.text+0x2880): first defined here
/usr/bin/ld: /home/uilian/.conan2/p/b/librs336a2333e6ca6/p/lib/librsvg-2.a(hb-font.cc.o): in function `hb_font_get_glyph_v_advance':
hb-font.cc:(.text+0x45a0): multiple definition of `hb_font_get_glyph_v_advance'; /home/uilian/.conan2/p/b/librs336a2333e6ca6/p/lib/librsvg-2.a(libharfbuzz_la-hb-font.o):(.text+0x28a0): first defined here
/usr/bin/ld: /home/uilian/.conan2/p/b/librs336a2333e6ca6/p/lib/librsvg-2.a(hb-font.cc.o): in function `hb_font_get_glyph_h_advances':
hb-font.cc:(.text+0x4600): multiple definition of `hb_font_get_glyph_h_advances'; /home/uilian/.conan2/p/b/librs336a2333e6ca6/p/lib/librsvg-2.a(libharfbuzz_la-hb-font.o):(.text+0x28c0): first defined here
/usr/bin/ld: /home/uilian/.conan2/p/b/librs336a2333e6ca6/p/lib/librsvg-2.a(hb-font.cc.o): in function `hb_font_get_glyph_v_advances':
hb-font.cc:(.text+0x46a0): multiple definition of `hb_font_get_glyph_v_advances'; /home/uilian/.conan2/p/b/librs336a2333e6ca6/p/lib/librsvg-2.a(libharfbuzz_la-hb-font.o):(.text+0x28f0): first defined here
/usr/bin/ld: /home/uilian/.conan2/p/b/librs336a2333e6ca6/p/lib/librsvg-2.a(hb-font.cc.o): in function `hb_font_get_glyph_h_origin':
hb-font.cc:(.text+0x4740): multiple definition of `hb_font_get_glyph_h_origin'; /home/uilian/.conan2/p/b/librs336a2333e6ca6/p/lib/librsvg-2.a(libharfbuzz_la-hb-font.o):(.text+0x2920): first defined here
/usr/bin/ld: /home/uilian/.conan2/p/b/librs336a2333e6ca6/p/lib/librsvg-2.a(hb-font.cc.o): in function `hb_font_get_glyph_v_origin':
hb-font.cc:(.text+0x47e0): multiple definition of `hb_font_get_glyph_v_origin'; /home/uilian/.conan2/p/b/librs336a2333e6ca6/p/lib/librsvg-2.a(libharfbuzz_la-hb-font.o):(.text+0x2960): first defined here
/usr/bin/ld: /home/uilian/.conan2/p/b/librs336a2333e6ca6/p/lib/librsvg-2.a(hb-font.cc.o): in function `hb_font_get_glyph_h_kerning':
hb-font.cc:(.text+0x4a60): multiple definition of `hb_font_get_glyph_h_kerning'; /home/uilian/.conan2/p/b/librs336a2333e6ca6/p/lib/librsvg-2.a(libharfbuzz_la-hb-font.o):(.text+0x29a0): first defined here
/usr/bin/ld: /home/uilian/.conan2/p/b/librs336a2333e6ca6/p/lib/librsvg-2.a(hb-font.cc.o): in function `hb_font_get_glyph_v_kerning':
hb-font.cc:(.text+0x4a90): multiple definition of `hb_font_get_glyph_v_kerning'; /home/uilian/.conan2/p/b/librs336a2333e6ca6/p/lib/librsvg-2.a(libharfbuzz_la-hb-font.o):(.text+0x29d0): first defined here
/usr/bin/ld: /home/uilian/.conan2/p/b/librs336a2333e6ca6/p/lib/librsvg-2.a(hb-font.cc.o): in function `hb_font_get_glyph_extents':
hb-font.cc:(.text+0x4ac0): multiple definition of `hb_font_get_glyph_extents'; /home/uilian/.conan2/p/b/librs336a2333e6ca6/p/lib/librsvg-2.a(libharfbuzz_la-hb-font.o):(.text+0x2a00): first defined here
/usr/bin/ld: /home/uilian/.conan2/p/b/librs336a2333e6ca6/p/lib/librsvg-2.a(hb-font.cc.o): in function `hb_font_get_glyph_contour_point':
hb-font.cc:(.text+0x4ad0): multiple definition of `hb_font_get_glyph_contour_point'; /home/uilian/.conan2/p/b/librs336a2333e6ca6/p/lib/librsvg-2.a(libharfbuzz_la-hb-font.o):(.text+0x2a30): first defined here
/usr/bin/ld: /home/uilian/.conan2/p/b/librs336a2333e6ca6/p/lib/librsvg-2.a(hb-font.cc.o): in function `hb_font_get_glyph_name':
hb-font.cc:(.text+0x4be0): multiple definition of `hb_font_get_glyph_name'; /home/uilian/.conan2/p/b/librs336a2333e6ca6/p/lib/librsvg-2.a(libharfbuzz_la-hb-font.o):(.text+0x2a70): first defined here
/usr/bin/ld: /home/uilian/.conan2/p/b/librs336a2333e6ca6/p/lib/librsvg-2.a(hb-font.cc.o): in function `hb_font_get_glyph_from_name':
hb-font.cc:(.text+0x4c20): multiple definition of `hb_font_get_glyph_from_name'; /home/uilian/.conan2/p/b/librs336a2333e6ca6/p/lib/librsvg-2.a(libharfbuzz_la-hb-font.o):(.text+0x2ab0): first defined here
/usr/bin/ld: /home/uilian/.conan2/p/b/librs336a2333e6ca6/p/lib/librsvg-2.a(hb-font.cc.o): in function `hb_font_get_extents_for_direction':
hb-font.cc:(.text+0x52a0): multiple definition of `hb_font_get_extents_for_direction'; /home/uilian/.conan2/p/b/librs336a2333e6ca6/p/lib/librsvg-2.a(libharfbuzz_la-hb-font.o):(.text+0x2b10): first defined here
/usr/bin/ld: /home/uilian/.conan2/p/b/librs336a2333e6ca6/p/lib/librsvg-2.a(hb-font.cc.o): in function `hb_font_get_glyph_advance_for_direction':
hb-font.cc:(.text+0x53d0): multiple definition of `hb_font_get_glyph_advance_for_direction'; /home/uilian/.conan2/p/b/librs336a2333e6ca6/p/lib/librsvg-2.a(libharfbuzz_la-hb-font.o):(.text+0x2bb0): first defined here
/usr/bin/ld: /home/uilian/.conan2/p/b/librs336a2333e6ca6/p/lib/librsvg-2.a(hb-font.cc.o): in function `hb_font_get_glyph_advances_for_direction':
hb-font.cc:(.text+0x5490): multiple definition of `hb_font_get_glyph_advances_for_direction'; /home/uilian/.conan2/p/b/librs336a2333e6ca6/p/lib/librsvg-2.a(libharfbuzz_la-hb-font.o):(.text+0x2c20): first defined here
/usr/bin/ld: /home/uilian/.conan2/p/b/librs336a2333e6ca6/p/lib/librsvg-2.a(hb-font.cc.o): in function `hb_font_get_glyph_origin_for_direction':
hb-font.cc:(.text+0x55a0): multiple definition of `hb_font_get_glyph_origin_for_direction'; /home/uilian/.conan2/p/b/librs336a2333e6ca6/p/lib/librsvg-2.a(libharfbuzz_la-hb-font.o):(.text+0x2c70): first defined here
/usr/bin/ld: /home/uilian/.conan2/p/b/librs336a2333e6ca6/p/lib/librsvg-2.a(hb-font.cc.o): in function `hb_font_add_glyph_origin_for_direction':
hb-font.cc:(.text+0x5920): multiple definition of `hb_font_add_glyph_origin_for_direction'; /home/uilian/.conan2/p/b/librs336a2333e6ca6/p/lib/librsvg-2.a(libharfbuzz_la-hb-font.o):(.text+0x2c80): first defined here
/usr/bin/ld: /home/uilian/.conan2/p/b/librs336a2333e6ca6/p/lib/librsvg-2.a(hb-font.cc.o): in function `hb_font_subtract_glyph_origin_for_direction':
hb-font.cc:(.text+0x5ce0): multiple definition of `hb_font_subtract_glyph_origin_for_direction'; /home/uilian/.conan2/p/b/librs336a2333e6ca6/p/lib/librsvg-2.a(libharfbuzz_la-hb-font.o):(.text+0x2ce0): first defined here
/usr/bin/ld: /home/uilian/.conan2/p/b/librs336a2333e6ca6/p/lib/librsvg-2.a(hb-font.cc.o): in function `hb_font_get_glyph_kerning_for_direction':
hb-font.cc:(.text+0x60a0): multiple definition of `hb_font_get_glyph_kerning_for_direction'; /home/uilian/.conan2/p/b/librs336a2333e6ca6/p/lib/librsvg-2.a(libharfbuzz_la-hb-font.o):(.text+0x2d40): first defined here
/usr/bin/ld: /home/uilian/.conan2/p/b/librs336a2333e6ca6/p/lib/librsvg-2.a(hb-font.cc.o): in function `hb_font_get_glyph_extents_for_origin':
hb-font.cc:(.text+0x6130): multiple definition of `hb_font_get_glyph_extents_for_origin'; /home/uilian/.conan2/p/b/librs336a2333e6ca6/p/lib/librsvg-2.a(libharfbuzz_la-hb-font.o):(.text+0x2db0): first defined here
/usr/bin/ld: /home/uilian/.conan2/p/b/librs336a2333e6ca6/p/lib/librsvg-2.a(hb-font.cc.o): in function `hb_font_get_glyph_contour_point_for_origin':
hb-font.cc:(.text+0x6570): multiple definition of `hb_font_get_glyph_contour_point_for_origin'; /home/uilian/.conan2/p/b/librs336a2333e6ca6/p/lib/librsvg-2.a(libharfbuzz_la-hb-font.o):(.text+0x2e50): first defined here
/usr/bin/ld: /home/uilian/.conan2/p/b/librs336a2333e6ca6/p/lib/librsvg-2.a(hb-font.cc.o): in function `hb_font_glyph_to_string':
hb-font.cc:(.text+0x6a30): multiple definition of `hb_font_glyph_to_string'; /home/uilian/.conan2/p/b/librs336a2333e6ca6/p/lib/librsvg-2.a(libharfbuzz_la-hb-font.o):(.text+0x2f10): first defined here
/usr/bin/ld: /home/uilian/.conan2/p/b/librs336a2333e6ca6/p/lib/librsvg-2.a(hb-font.cc.o): in function `hb_font_glyph_from_string':
hb-font.cc:(.text+0x6ad0): multiple definition of `hb_font_glyph_from_string'; /home/uilian/.conan2/p/b/librs336a2333e6ca6/p/lib/librsvg-2.a(libharfbuzz_la-hb-font.o):(.text+0x2fb0): first defined here
/usr/bin/ld: /home/uilian/.conan2/p/b/librs336a2333e6ca6/p/lib/librsvg-2.a(hb-font.cc.o): in function `hb_font_get_empty':
hb-font.cc:(.text+0x6c90): multiple definition of `hb_font_get_empty'; /home/uilian/.conan2/p/b/librs336a2333e6ca6/p/lib/librsvg-2.a(libharfbuzz_la-hb-font.o):(.text+0x3370): first defined here
/usr/bin/ld: /home/uilian/.conan2/p/b/librs336a2333e6ca6/p/lib/librsvg-2.a(hb-font.cc.o): in function `hb_font_reference':
hb-font.cc:(.text+0x6d90): multiple definition of `hb_font_reference'; /home/uilian/.conan2/p/b/librs336a2333e6ca6/p/lib/librsvg-2.a(libharfbuzz_la-hb-font.o):(.text+0x3380): first defined here
/usr/bin/ld: /home/uilian/.conan2/p/b/librs336a2333e6ca6/p/lib/librsvg-2.a(hb-font.cc.o): in function `hb_font_create_sub_font':
hb-font.cc:(.text+0x6db0): multiple definition of `hb_font_create_sub_font'; /home/uilian/.conan2/p/b/librs336a2333e6ca6/p/lib/librsvg-2.a(libharfbuzz_la-hb-font.o):(.text+0x31d0): first defined here
/usr/bin/ld: /home/uilian/.conan2/p/b/librs336a2333e6ca6/p/lib/librsvg-2.a(hb-font.cc.o): in function `hb_font_destroy':
hb-font.cc:(.text+0x7480): multiple definition of `hb_font_destroy'; /home/uilian/.conan2/p/b/librs336a2333e6ca6/p/lib/librsvg-2.a(libharfbuzz_la-hb-font.o):(.text+0x33d0): first defined here
/usr/bin/ld: /home/uilian/.conan2/p/b/librs336a2333e6ca6/p/lib/librsvg-2.a(hb-font.cc.o): in function `hb_font_set_user_data':
hb-font.cc:(.text+0x7650): multiple definition of `hb_font_set_user_data'; /home/uilian/.conan2/p/b/librs336a2333e6ca6/p/lib/librsvg-2.a(libharfbuzz_la-hb-font.o):(.text+0x3590): first defined here
/usr/bin/ld: /home/uilian/.conan2/p/b/librs336a2333e6ca6/p/lib/librsvg-2.a(hb-font.cc.o): in function `hb_font_get_user_data':
hb-font.cc:(.text+0x7910): multiple definition of `hb_font_get_user_data'; /home/uilian/.conan2/p/b/librs336a2333e6ca6/p/lib/librsvg-2.a(libharfbuzz_la-hb-font.o):(.text+0x3770): first defined here
/usr/bin/ld: /home/uilian/.conan2/p/b/librs336a2333e6ca6/p/lib/librsvg-2.a(hb-font.cc.o): in function `hb_font_make_immutable.localalias':
hb-font.cc:(.text+0x79a0): multiple definition of `hb_font_make_immutable'; /home/uilian/.conan2/p/b/librs336a2333e6ca6/p/lib/librsvg-2.a(libharfbuzz_la-hb-font.o):(.text+0x37d0): first defined here
/usr/bin/ld: /home/uilian/.conan2/p/b/librs336a2333e6ca6/p/lib/librsvg-2.a(hb-font.cc.o): in function `hb_font_is_immutable':
hb-font.cc:(.text+0x7a00): multiple definition of `hb_font_is_immutable'; /home/uilian/.conan2/p/b/librs336a2333e6ca6/p/lib/librsvg-2.a(libharfbuzz_la-hb-font.o):(.text+0x3840): first defined here
/usr/bin/ld: /home/uilian/.conan2/p/b/librs336a2333e6ca6/p/lib/librsvg-2.a(hb-font.cc.o): in function `hb_font_set_parent':
hb-font.cc:(.text+0x7c80): multiple definition of `hb_font_set_parent'; /home/uilian/.conan2/p/b/librs336a2333e6ca6/p/lib/librsvg-2.a(libharfbuzz_la-hb-font.o):(.text+0x3850): first defined here
/usr/bin/ld: /home/uilian/.conan2/p/b/librs336a2333e6ca6/p/lib/librsvg-2.a(hb-font.cc.o): in function `hb_font_get_parent':
hb-font.cc:(.text+0x7f30): multiple definition of `hb_font_get_parent'; /home/uilian/.conan2/p/b/librs336a2333e6ca6/p/lib/librsvg-2.a(libharfbuzz_la-hb-font.o):(.text+0x38c0): first defined here
/usr/bin/ld: /home/uilian/.conan2/p/b/librs336a2333e6ca6/p/lib/librsvg-2.a(hb-font.cc.o): in function `hb_font_set_face':
hb-font.cc:(.text+0x7f40): multiple definition of `hb_font_set_face'; /home/uilian/.conan2/p/b/librs336a2333e6ca6/p/lib/librsvg-2.a(libharfbuzz_la-hb-font.o):(.text+0x38d0): first defined here
/usr/bin/ld: /home/uilian/.conan2/p/b/librs336a2333e6ca6/p/lib/librsvg-2.a(hb-font.cc.o): in function `hb_font_get_face':
hb-font.cc:(.text+0x8450): multiple definition of `hb_font_get_face'; /home/uilian/.conan2/p/b/librs336a2333e6ca6/p/lib/librsvg-2.a(libharfbuzz_la-hb-font.o):(.text+0x3970): first defined here
/usr/bin/ld: /home/uilian/.conan2/p/b/librs336a2333e6ca6/p/lib/librsvg-2.a(hb-font.cc.o): in function `hb_font_set_funcs':
hb-font.cc:(.text+0x8460): multiple definition of `hb_font_set_funcs'; /home/uilian/.conan2/p/b/librs336a2333e6ca6/p/lib/librsvg-2.a(libharfbuzz_la-hb-font.o):(.text+0x3980): first defined here
/usr/bin/ld: /home/uilian/.conan2/p/b/librs336a2333e6ca6/p/lib/librsvg-2.a(hb-font.cc.o): in function `hb_font_set_funcs_data':
hb-font.cc:(.text+0x8750): multiple definition of `hb_font_set_funcs_data'; /home/uilian/.conan2/p/b/librs336a2333e6ca6/p/lib/librsvg-2.a(libharfbuzz_la-hb-font.o):(.text+0x3a30): first defined here
/usr/bin/ld: /home/uilian/.conan2/p/b/librs336a2333e6ca6/p/lib/librsvg-2.a(hb-font.cc.o): in function `hb_font_set_scale':
hb-font.cc:(.text+0x8c20): multiple definition of `hb_font_set_scale'; /home/uilian/.conan2/p/b/librs336a2333e6ca6/p/lib/librsvg-2.a(libharfbuzz_la-hb-font.o):(.text+0x3a80): first defined here
/usr/bin/ld: /home/uilian/.conan2/p/b/librs336a2333e6ca6/p/lib/librsvg-2.a(hb-font.cc.o): in function `hb_font_get_scale':
hb-font.cc:(.text+0x8e90): multiple definition of `hb_font_get_scale'; /home/uilian/.conan2/p/b/librs336a2333e6ca6/p/lib/librsvg-2.a(libharfbuzz_la-hb-font.o):(.text+0x3ae0): first defined here
/usr/bin/ld: /home/uilian/.conan2/p/b/librs336a2333e6ca6/p/lib/librsvg-2.a(hb-font.cc.o): in function `hb_font_set_ppem':
hb-font.cc:(.text+0x8eb0): multiple definition of `hb_font_set_ppem'; /home/uilian/.conan2/p/b/librs336a2333e6ca6/p/lib/librsvg-2.a(libharfbuzz_la-hb-font.o):(.text+0x3b00): first defined here
/usr/bin/ld: /home/uilian/.conan2/p/b/librs336a2333e6ca6/p/lib/librsvg-2.a(hb-font.cc.o): in function `hb_font_get_ppem':
hb-font.cc:(.text+0x9120): multiple definition of `hb_font_get_ppem'; /home/uilian/.conan2/p/b/librs336a2333e6ca6/p/lib/librsvg-2.a(libharfbuzz_la-hb-font.o):(.text+0x3b20): first defined here
/usr/bin/ld: /home/uilian/.conan2/p/b/librs336a2333e6ca6/p/lib/librsvg-2.a(hb-font.cc.o): in function `hb_font_set_ptem':
hb-font.cc:(.text+0x9140): multiple definition of `hb_font_set_ptem'; /home/uilian/.conan2/p/b/librs336a2333e6ca6/p/lib/librsvg-2.a(libharfbuzz_la-hb-font.o):(.text+0x3b40): first defined here
/usr/bin/ld: /home/uilian/.conan2/p/b/librs336a2333e6ca6/p/lib/librsvg-2.a(hb-font.cc.o): in function `hb_font_get_ptem':
hb-font.cc:(.text+0x93d0): multiple definition of `hb_font_get_ptem'; /home/uilian/.conan2/p/b/librs336a2333e6ca6/p/lib/librsvg-2.a(libharfbuzz_la-hb-font.o):(.text+0x3b60): first defined here
/usr/bin/ld: /home/uilian/.conan2/p/b/librs336a2333e6ca6/p/lib/librsvg-2.a(hb-font.cc.o): in function `hb_font_set_variations':
hb-font.cc:(.text+0x9950): multiple definition of `hb_font_set_variations'; /home/uilian/.conan2/p/b/librs336a2333e6ca6/p/lib/librsvg-2.a(libharfbuzz_la-hb-font.o):(.text+0x3b70): first defined here
/usr/bin/ld: /home/uilian/.conan2/p/b/librs336a2333e6ca6/p/lib/librsvg-2.a(hb-font.cc.o): in function `hb_font_set_var_coords_design':
hb-font.cc:(.text+0xa990): multiple definition of `hb_font_set_var_coords_design'; /home/uilian/.conan2/p/b/librs336a2333e6ca6/p/lib/librsvg-2.a(libharfbuzz_la-hb-font.o):(.text+0x4500): first defined here
/usr/bin/ld: /home/uilian/.conan2/p/b/librs336a2333e6ca6/p/lib/librsvg-2.a(hb-font.cc.o): in function `hb_font_set_var_named_instance':
hb-font.cc:(.text+0xb040): multiple definition of `hb_font_set_var_named_instance'; /home/uilian/.conan2/p/b/librs336a2333e6ca6/p/lib/librsvg-2.a(libharfbuzz_la-hb-font.o):(.text+0x45e0): first defined here
/usr/bin/ld: /home/uilian/.conan2/p/b/librs336a2333e6ca6/p/lib/librsvg-2.a(hb-font.cc.o): in function `hb_font_create':
hb-font.cc:(.text+0xb070): multiple definition of `hb_font_create'; /home/uilian/.conan2/p/b/librs336a2333e6ca6/p/lib/librsvg-2.a(libharfbuzz_la-hb-font.o):(.text+0x31b0): first defined here
/usr/bin/ld: /home/uilian/.conan2/p/b/librs336a2333e6ca6/p/lib/librsvg-2.a(hb-font.cc.o): in function `hb_font_set_var_coords_normalized':
hb-font.cc:(.text+0xb0e0): multiple definition of `hb_font_set_var_coords_normalized'; /home/uilian/.conan2/p/b/librs336a2333e6ca6/p/lib/librsvg-2.a(libharfbuzz_la-hb-font.o):(.text+0x46b0): first defined here
/usr/bin/ld: /home/uilian/.conan2/p/b/librs336a2333e6ca6/p/lib/librsvg-2.a(hb-font.cc.o): in function `hb_font_get_var_coords_normalized':
hb-font.cc:(.text+0xb760): multiple definition of `hb_font_get_var_coords_normalized'; /home/uilian/.conan2/p/b/librs336a2333e6ca6/p/lib/librsvg-2.a(libharfbuzz_la-hb-font.o):(.text+0x46d0): first defined here
/usr/bin/ld: /home/uilian/.conan2/p/b/librs336a2333e6ca6/p/lib/librsvg-2.a(hb-font.cc.o): in function `hb_font_funcs_set_glyph_func':
hb-font.cc:(.text+0xb7a0): multiple definition of `hb_font_funcs_set_glyph_func'; /home/uilian/.conan2/p/b/librs336a2333e6ca6/p/lib/librsvg-2.a(libharfbuzz_la-hb-font.o):(.text+0x46f0): first defined here
/usr/bin/ld: /home/uilian/.conan2/p/b/librs336a2333e6ca6/p/lib/librsvg-2.a(hb-font.cc.o):(.data.rel.local+0x1a0): multiple definition of `_hb_Null_hb_font_funcs_t'; /home/uilian/.conan2/p/b/librs336a2333e6ca6/p/lib/librsvg-2.a(libharfbuzz_la-hb-font.o):(.data.rel.local+0x260): first defined here
/usr/bin/ld: /home/uilian/.conan2/p/b/librs336a2333e6ca6/p/lib/librsvg-2.a(gresource.c.o): in function `g_resource_unref':
gresource.c:(.text+0x6a0): multiple definition of `g_resource_unref'; /home/uilian/.conan2/p/b/librs336a2333e6ca6/p/lib/librsvg-2.a(gresource.c.o):(.text+0x750): first defined here
/usr/bin/ld: /home/uilian/.conan2/p/b/librs336a2333e6ca6/p/lib/librsvg-2.a(gresource.c.o): in function `g_resource_ref':
gresource.c:(.text+0x30): multiple definition of `g_resource_ref'; /home/uilian/.conan2/p/b/librs336a2333e6ca6/p/lib/librsvg-2.a(gresource.c.o):(.text+0x30): first defined here
/usr/bin/ld: /home/uilian/.conan2/p/b/librs336a2333e6ca6/p/lib/librsvg-2.a(gresource.c.o): in function `g_resource_get_type':
gresource.c:(.text+0x6d0): multiple definition of `g_resource_get_type'; /home/uilian/.conan2/p/b/librs336a2333e6ca6/p/lib/librsvg-2.a(gresource.c.o):(.text+0x7e0): first defined here
/usr/bin/ld: /home/uilian/.conan2/p/b/librs336a2333e6ca6/p/lib/librsvg-2.a(gresource.c.o): in function `g_resource_error_quark':
gresource.c:(.text+0x730): multiple definition of `g_resource_error_quark'; /home/uilian/.conan2/p/b/librs336a2333e6ca6/p/lib/librsvg-2.a(gresource.c.o):(.text+0x840): first defined here
/usr/bin/ld: /home/uilian/.conan2/p/b/librs336a2333e6ca6/p/lib/librsvg-2.a(gresource.c.o): in function `g_resource_new_from_data':
gresource.c:(.text+0x940): multiple definition of `g_resource_new_from_data'; /home/uilian/.conan2/p/b/librs336a2333e6ca6/p/lib/librsvg-2.a(gresource.c.o):(.text+0xab0): first defined here
/usr/bin/ld: /home/uilian/.conan2/p/b/librs336a2333e6ca6/p/lib/librsvg-2.a(gresource.c.o): in function `g_resource_load':
gresource.c:(.text+0xae0): multiple definition of `g_resource_load'; /home/uilian/.conan2/p/b/librs336a2333e6ca6/p/lib/librsvg-2.a(gresource.c.o):(.text+0xc10): first defined here
/usr/bin/ld: /home/uilian/.conan2/p/b/librs336a2333e6ca6/p/lib/librsvg-2.a(gresource.c.o): in function `g_resource_open_stream':
gresource.c:(.text+0xba0): multiple definition of `g_resource_open_stream'; /home/uilian/.conan2/p/b/librs336a2333e6ca6/p/lib/librsvg-2.a(gresource.c.o):(.text+0xca0): first defined here
/usr/bin/ld: /home/uilian/.conan2/p/b/librs336a2333e6ca6/p/lib/librsvg-2.a(gresource.c.o): in function `g_resource_lookup_data':
gresource.c:(.text+0xd40): multiple definition of `g_resource_lookup_data'; /home/uilian/.conan2/p/b/librs336a2333e6ca6/p/lib/librsvg-2.a(gresource.c.o):(.text+0xda0): first defined here
/usr/bin/ld: /home/uilian/.conan2/p/b/librs336a2333e6ca6/p/lib/librsvg-2.a(gresource.c.o): in function `g_resource_get_info':
gresource.c:(.text+0xec0): multiple definition of `g_resource_get_info'; /home/uilian/.conan2/p/b/librs336a2333e6ca6/p/lib/librsvg-2.a(gresource.c.o):(.text+0xff0): first defined here
/usr/bin/ld: /home/uilian/.conan2/p/b/librs336a2333e6ca6/p/lib/librsvg-2.a(gresource.c.o): in function `g_resource_enumerate_children':
gresource.c:(.text+0xff0): multiple definition of `g_resource_enumerate_children'; /home/uilian/.conan2/p/b/librs336a2333e6ca6/p/lib/librsvg-2.a(gresource.c.o):(.text+0x1010): first defined here
/usr/bin/ld: /home/uilian/.conan2/p/b/librs336a2333e6ca6/p/lib/librsvg-2.a(gresource.c.o): in function `g_resources_register':
gresource.c:(.text+0x11a0): multiple definition of `g_resources_register'; /home/uilian/.conan2/p/b/librs336a2333e6ca6/p/lib/librsvg-2.a(gresource.c.o):(.text+0x1180): first defined here
/usr/bin/ld: /home/uilian/.conan2/p/b/librs336a2333e6ca6/p/lib/librsvg-2.a(gresource.c.o): in function `g_resources_unregister':
gresource.c:(.text+0x11f0): multiple definition of `g_resources_unregister'; /home/uilian/.conan2/p/b/librs336a2333e6ca6/p/lib/librsvg-2.a(gresource.c.o):(.text+0x11d0): first defined here
/usr/bin/ld: /home/uilian/.conan2/p/b/librs336a2333e6ca6/p/lib/librsvg-2.a(gresource.c.o): in function `g_resources_open_stream':
gresource.c:(.text+0x1280): multiple definition of `g_resources_open_stream'; /home/uilian/.conan2/p/b/librs336a2333e6ca6/p/lib/librsvg-2.a(gresource.c.o):(.text+0x1210): first defined here
/usr/bin/ld: /home/uilian/.conan2/p/b/librs336a2333e6ca6/p/lib/librsvg-2.a(gresource.c.o): in function `g_resources_lookup_data':
gresource.c:(.text+0x1380): multiple definition of `g_resources_lookup_data'; /home/uilian/.conan2/p/b/librs336a2333e6ca6/p/lib/librsvg-2.a(gresource.c.o):(.text+0x1380): first defined here
/usr/bin/ld: /home/uilian/.conan2/p/b/librs336a2333e6ca6/p/lib/librsvg-2.a(gresource.c.o): in function `g_resources_enumerate_children':
gresource.c:(.text+0x1580): multiple definition of `g_resources_enumerate_children'; /home/uilian/.conan2/p/b/librs336a2333e6ca6/p/lib/librsvg-2.a(gresource.c.o):(.text+0x14f0): first defined here
/usr/bin/ld: /home/uilian/.conan2/p/b/librs336a2333e6ca6/p/lib/librsvg-2.a(gresource.c.o): in function `g_resources_get_info':
gresource.c:(.text+0x1790): multiple definition of `g_resources_get_info'; /home/uilian/.conan2/p/b/librs336a2333e6ca6/p/lib/librsvg-2.a(gresource.c.o):(.text+0x16a0): first defined here
/usr/bin/ld: /home/uilian/.conan2/p/b/librs336a2333e6ca6/p/lib/librsvg-2.a(gresource.c.o): in function `g_static_resource_init':
gresource.c:(.text+0x18d0): multiple definition of `g_static_resource_init'; /home/uilian/.conan2/p/b/librs336a2333e6ca6/p/lib/librsvg-2.a(gresource.c.o):(.text+0x1850): first defined here
/usr/bin/ld: /home/uilian/.conan2/p/b/librs336a2333e6ca6/p/lib/librsvg-2.a(gresource.c.o): in function `g_static_resource_fini':
gresource.c:(.text+0x1970): multiple definition of `g_static_resource_fini'; /home/uilian/.conan2/p/b/librs336a2333e6ca6/p/lib/librsvg-2.a(gresource.c.o):(.text+0x1870): first defined here
/usr/bin/ld: /home/uilian/.conan2/p/b/librs336a2333e6ca6/p/lib/librsvg-2.a(gresource.c.o): in function `g_static_resource_get_resource':
gresource.c:(.text+0x1a40): multiple definition of `g_static_resource_get_resource'; /home/uilian/.conan2/p/b/librs336a2333e6ca6/p/lib/librsvg-2.a(gresource.c.o):(.text+0x18d0): first defined here
/usr/bin/ld: /home/uilian/.conan2/p/b/librs336a2333e6ca6/p/lib/librsvg-2.a(.._subprojects_gvdb_gvdb_gvdb-reader.c.o): in function `gvdb_table_new_from_bytes':
gvdb-reader.c:(.text+0x220): multiple definition of `gvdb_table_new_from_bytes'; /home/uilian/.conan2/p/b/librs336a2333e6ca6/p/lib/librsvg-2.a(gvdb_gvdb-reader.c.o):(.text+0x350): first defined here
/usr/bin/ld: /home/uilian/.conan2/p/b/librs336a2333e6ca6/p/lib/librsvg-2.a(.._subprojects_gvdb_gvdb_gvdb-reader.c.o): in function `gvdb_table_new':
gvdb-reader.c:(.text+0x3e0): multiple definition of `gvdb_table_new'; /home/uilian/.conan2/p/b/librs336a2333e6ca6/p/lib/librsvg-2.a(gvdb_gvdb-reader.c.o):(.text+0x460): first defined here
/usr/bin/ld: /home/uilian/.conan2/p/b/librs336a2333e6ca6/p/lib/librsvg-2.a(.._subprojects_gvdb_gvdb_gvdb-reader.c.o): in function `gvdb_table_get_names':
gvdb-reader.c:(.text+0x460): multiple definition of `gvdb_table_get_names'; /home/uilian/.conan2/p/b/librs336a2333e6ca6/p/lib/librsvg-2.a(gvdb_gvdb-reader.c.o):(.text+0x4f0): first defined here
/usr/bin/ld: /home/uilian/.conan2/p/b/librs336a2333e6ca6/p/lib/librsvg-2.a(.._subprojects_gvdb_gvdb_gvdb-reader.c.o): in function `gvdb_table_list':
gvdb-reader.c:(.text+0x6c0): multiple definition of `gvdb_table_list'; /home/uilian/.conan2/p/b/librs336a2333e6ca6/p/lib/librsvg-2.a(gvdb_gvdb-reader.c.o):(.text+0x740): first defined here
/usr/bin/ld: /home/uilian/.conan2/p/b/librs336a2333e6ca6/p/lib/librsvg-2.a(.._subprojects_gvdb_gvdb_gvdb-reader.c.o): in function `gvdb_table_has_value':
gvdb-reader.c:(.text+0x820): multiple definition of `gvdb_table_has_value'; /home/uilian/.conan2/p/b/librs336a2333e6ca6/p/lib/librsvg-2.a(gvdb_gvdb-reader.c.o):(.text+0x840): first defined here
/usr/bin/ld: /home/uilian/.conan2/p/b/librs336a2333e6ca6/p/lib/librsvg-2.a(.._subprojects_gvdb_gvdb_gvdb-reader.c.o): in function `gvdb_table_get_value':
gvdb-reader.c:(.text+0x860): multiple definition of `gvdb_table_get_value'; /home/uilian/.conan2/p/b/librs336a2333e6ca6/p/lib/librsvg-2.a(gvdb_gvdb-reader.c.o):(.text+0x890): first defined here
/usr/bin/ld: /home/uilian/.conan2/p/b/librs336a2333e6ca6/p/lib/librsvg-2.a(.._subprojects_gvdb_gvdb_gvdb-reader.c.o): in function `gvdb_table_get_raw_value':
gvdb-reader.c:(.text+0x930): multiple definition of `gvdb_table_get_raw_value'; /home/uilian/.conan2/p/b/librs336a2333e6ca6/p/lib/librsvg-2.a(gvdb_gvdb-reader.c.o):(.text+0x910): first defined here
/usr/bin/ld: /home/uilian/.conan2/p/b/librs336a2333e6ca6/p/lib/librsvg-2.a(.._subprojects_gvdb_gvdb_gvdb-reader.c.o): in function `gvdb_table_get_table':
gvdb-reader.c:(.text+0x9d0): multiple definition of `gvdb_table_get_table'; /home/uilian/.conan2/p/b/librs336a2333e6ca6/p/lib/librsvg-2.a(gvdb_gvdb-reader.c.o):(.text+0x940): first defined here
/usr/bin/ld: /home/uilian/.conan2/p/b/librs336a2333e6ca6/p/lib/librsvg-2.a(.._subprojects_gvdb_gvdb_gvdb-reader.c.o): in function `gvdb_table_free':
gvdb-reader.c:(.text+0xb20): multiple definition of `gvdb_table_free'; /home/uilian/.conan2/p/b/librs336a2333e6ca6/p/lib/librsvg-2.a(gvdb_gvdb-reader.c.o):(.text+0x9d0): first defined here
/usr/bin/ld: /home/uilian/.conan2/p/b/librs336a2333e6ca6/p/lib/librsvg-2.a(.._subprojects_gvdb_gvdb_gvdb-reader.c.o): in function `gvdb_table_is_valid':
gvdb-reader.c:(.text+0xb40): multiple definition of `gvdb_table_is_valid'; /home/uilian/.conan2/p/b/librs336a2333e6ca6/p/lib/librsvg-2.a(gvdb_gvdb-reader.c.o):(.text+0x9f0): first defined here
/usr/bin/ld: /home/uilian/.conan2/p/b/librs336a2333e6ca6/p/lib/librsvg-2.a(cairo-font-options.o): in function `_cairo_font_options_init_default':
(.text+0x0): multiple definition of `_cairo_font_options_init_default'; /home/uilian/.conan2/p/b/librs336a2333e6ca6/p/lib/librsvg-2.a(cairo-font-options.c.o):cairo-font-options.c:(.text+0x0): first defined here
/usr/bin/ld: /home/uilian/.conan2/p/b/librs336a2333e6ca6/p/lib/librsvg-2.a(cairo-font-options.o): in function `_cairo_font_options_init_copy':
(.text+0x30): multiple definition of `_cairo_font_options_init_copy'; /home/uilian/.conan2/p/b/librs336a2333e6ca6/p/lib/librsvg-2.a(cairo-font-options.c.o):cairo-font-options.c:(.text+0x30): first defined here
/usr/bin/ld: /home/uilian/.conan2/p/b/librs336a2333e6ca6/p/lib/librsvg-2.a(cairo-font-options.o): in function `cairo_font_options_create':
(.text+0x80): multiple definition of `cairo_font_options_create'; /home/uilian/.conan2/p/b/librs336a2333e6ca6/p/lib/librsvg-2.a(cairo-font-options.c.o):cairo-font-options.c:(.text+0x1a0): first defined here
/usr/bin/ld: /home/uilian/.conan2/p/b/librs336a2333e6ca6/p/lib/librsvg-2.a(cairo-font-options.o): in function `cairo_font_options_copy':
(.text+0xd0): multiple definition of `cairo_font_options_copy'; /home/uilian/.conan2/p/b/librs336a2333e6ca6/p/lib/librsvg-2.a(cairo-font-options.c.o):cairo-font-options.c:(.text+0x250): first defined here
/usr/bin/ld: /home/uilian/.conan2/p/b/librs336a2333e6ca6/p/lib/librsvg-2.a(cairo-font-options.o): in function `_cairo_font_options_fini':
(.text+0x160): multiple definition of `_cairo_font_options_fini'; /home/uilian/.conan2/p/b/librs336a2333e6ca6/p/lib/librsvg-2.a(cairo-font-options.c.o):cairo-font-options.c:(.text+0x200): first defined here
/usr/bin/ld: /home/uilian/.conan2/p/b/librs336a2333e6ca6/p/lib/librsvg-2.a(cairo-font-options.o): in function `cairo_font_options_destroy':
(.text+0x170): multiple definition of `cairo_font_options_destroy'; /home/uilian/.conan2/p/b/librs336a2333e6ca6/p/lib/librsvg-2.a(cairo-font-options.c.o):cairo-font-options.c:(.text+0x310): first defined here
/usr/bin/ld: /home/uilian/.conan2/p/b/librs336a2333e6ca6/p/lib/librsvg-2.a(cairo-font-options.o): in function `INT_cairo_font_options_status':
(.text+0x1b0): multiple definition of `cairo_font_options_status'; /home/uilian/.conan2/p/b/librs336a2333e6ca6/p/lib/librsvg-2.a(cairo-font-options.c.o):cairo-font-options.c:(.text+0x220): first defined here
/usr/bin/ld: /home/uilian/.conan2/p/b/librs336a2333e6ca6/p/lib/librsvg-2.a(cairo-font-options.o): in function `INT_cairo_font_options_merge':
(.text+0x1e0): multiple definition of `cairo_font_options_merge'; /home/uilian/.conan2/p/b/librs336a2333e6ca6/p/lib/librsvg-2.a(cairo-font-options.c.o):cairo-font-options.c:(.text+0x340): first defined here
/usr/bin/ld: /home/uilian/.conan2/p/b/librs336a2333e6ca6/p/lib/librsvg-2.a(cairo-font-options.o): in function `INT_cairo_font_options_equal':
(.text+0x2e0): multiple definition of `cairo_font_options_equal'; /home/uilian/.conan2/p/b/librs336a2333e6ca6/p/lib/librsvg-2.a(cairo-font-options.c.o):cairo-font-options.c:(.text+0x480): first defined here
/usr/bin/ld: /home/uilian/.conan2/p/b/librs336a2333e6ca6/p/lib/librsvg-2.a(cairo-font-options.o): in function `INT_cairo_font_options_hash':
(.text+0x380): multiple definition of `cairo_font_options_hash'; /home/uilian/.conan2/p/b/librs336a2333e6ca6/p/lib/librsvg-2.a(cairo-font-options.c.o):cairo-font-options.c:(.text+0x550): first defined here
/usr/bin/ld: /home/uilian/.conan2/p/b/librs336a2333e6ca6/p/lib/librsvg-2.a(cairo-font-options.o): in function `INT_cairo_font_options_set_antialias':
(.text+0x420): multiple definition of `cairo_font_options_set_antialias'; /home/uilian/.conan2/p/b/librs336a2333e6ca6/p/lib/librsvg-2.a(cairo-font-options.c.o):cairo-font-options.c:(.text+0x5f0): first defined here
/usr/bin/ld: /home/uilian/.conan2/p/b/librs336a2333e6ca6/p/lib/librsvg-2.a(cairo-font-options.o): in function `cairo_font_options_get_antialias':
(.text+0x440): multiple definition of `cairo_font_options_get_antialias'; /home/uilian/.conan2/p/b/librs336a2333e6ca6/p/lib/librsvg-2.a(cairo-font-options.c.o):cairo-font-options.c:(.text+0x610): first defined here
/usr/bin/ld: /home/uilian/.conan2/p/b/librs336a2333e6ca6/p/lib/librsvg-2.a(cairo-font-options.o): in function `INT_cairo_font_options_set_subpixel_order':
(.text+0x470): multiple definition of `cairo_font_options_set_subpixel_order'; /home/uilian/.conan2/p/b/librs336a2333e6ca6/p/lib/librsvg-2.a(cairo-font-options.c.o):cairo-font-options.c:(.text+0x630): first defined here
/usr/bin/ld: /home/uilian/.conan2/p/b/librs336a2333e6ca6/p/lib/librsvg-2.a(cairo-font-options.o): in function `cairo_font_options_get_subpixel_order':
(.text+0x490): multiple definition of `cairo_font_options_get_subpixel_order'; /home/uilian/.conan2/p/b/librs336a2333e6ca6/p/lib/librsvg-2.a(cairo-font-options.c.o):cairo-font-options.c:(.text+0x650): first defined here
/usr/bin/ld: /home/uilian/.conan2/p/b/librs336a2333e6ca6/p/lib/librsvg-2.a(cairo-font-options.o): in function `_cairo_font_options_set_lcd_filter':
(.text+0x4c0): multiple definition of `_cairo_font_options_set_lcd_filter'; /home/uilian/.conan2/p/b/librs336a2333e6ca6/p/lib/librsvg-2.a(cairo-font-options.c.o):cairo-font-options.c:(.text+0x670): first defined here
/usr/bin/ld: /home/uilian/.conan2/p/b/librs336a2333e6ca6/p/lib/librsvg-2.a(cairo-font-options.o): in function `_cairo_font_options_get_lcd_filter':
(.text+0x4e0): multiple definition of `_cairo_font_options_get_lcd_filter'; /home/uilian/.conan2/p/b/librs336a2333e6ca6/p/lib/librsvg-2.a(cairo-font-options.c.o):cairo-font-options.c:(.text+0x690): first defined here
/usr/bin/ld: /home/uilian/.conan2/p/b/librs336a2333e6ca6/p/lib/librsvg-2.a(cairo-font-options.o): in function `_cairo_font_options_set_round_glyph_positions':
(.text+0x510): multiple definition of `_cairo_font_options_set_round_glyph_positions'; /home/uilian/.conan2/p/b/librs336a2333e6ca6/p/lib/librsvg-2.a(cairo-font-options.c.o):cairo-font-options.c:(.text+0x6b0): first defined here
/usr/bin/ld: /home/uilian/.conan2/p/b/librs336a2333e6ca6/p/lib/librsvg-2.a(cairo-font-options.o): in function `_cairo_font_options_get_round_glyph_positions':
(.text+0x530): multiple definition of `_cairo_font_options_get_round_glyph_positions'; /home/uilian/.conan2/p/b/librs336a2333e6ca6/p/lib/librsvg-2.a(cairo-font-options.c.o):cairo-font-options.c:(.text+0x6d0): first defined here
/usr/bin/ld: /home/uilian/.conan2/p/b/librs336a2333e6ca6/p/lib/librsvg-2.a(cairo-font-options.o): in function `INT_cairo_font_options_set_hint_style':
(.text+0x560): multiple definition of `cairo_font_options_set_hint_style'; /home/uilian/.conan2/p/b/librs336a2333e6ca6/p/lib/librsvg-2.a(cairo-font-options.c.o):cairo-font-options.c:(.text+0x6f0): first defined here
/usr/bin/ld: /home/uilian/.conan2/p/b/librs336a2333e6ca6/p/lib/librsvg-2.a(cairo-font-options.o): in function `cairo_font_options_get_hint_style':
(.text+0x580): multiple definition of `cairo_font_options_get_hint_style'; /home/uilian/.conan2/p/b/librs336a2333e6ca6/p/lib/librsvg-2.a(cairo-font-options.c.o):cairo-font-options.c:(.text+0x710): first defined here
/usr/bin/ld: /home/uilian/.conan2/p/b/librs336a2333e6ca6/p/lib/librsvg-2.a(cairo-font-options.o): in function `INT_cairo_font_options_set_hint_metrics':
(.text+0x5b0): multiple definition of `cairo_font_options_set_hint_metrics'; /home/uilian/.conan2/p/b/librs336a2333e6ca6/p/lib/librsvg-2.a(cairo-font-options.c.o):cairo-font-options.c:(.text+0x730): first defined here
/usr/bin/ld: /home/uilian/.conan2/p/b/librs336a2333e6ca6/p/lib/librsvg-2.a(cairo-font-options.o): in function `cairo_font_options_get_hint_metrics':
(.text+0x5d0): multiple definition of `cairo_font_options_get_hint_metrics'; /home/uilian/.conan2/p/b/librs336a2333e6ca6/p/lib/librsvg-2.a(cairo-font-options.c.o):cairo-font-options.c:(.text+0x750): first defined here
/usr/bin/ld: /home/uilian/.conan2/p/b/librs336a2333e6ca6/p/lib/librsvg-2.a(cairo-font-options.o): in function `cairo_font_options_set_variations':
(.text+0x600): multiple definition of `cairo_font_options_set_variations'; /home/uilian/.conan2/p/b/librs336a2333e6ca6/p/lib/librsvg-2.a(cairo-font-options.c.o):cairo-font-options.c:(.text+0x770): first defined here
/usr/bin/ld: /home/uilian/.conan2/p/b/librs336a2333e6ca6/p/lib/librsvg-2.a(cairo-font-options.o): in function `cairo_font_options_get_variations':
(.text+0x640): multiple definition of `cairo_font_options_get_variations'; /home/uilian/.conan2/p/b/librs336a2333e6ca6/p/lib/librsvg-2.a(cairo-font-options.c.o):cairo-font-options.c:(.text+0x7a0): first defined here
/usr/bin/ld: /home/uilian/.conan2/p/b/librs336a2333e6ca6/p/lib/librsvg-2.a(cairo-analysis-surface.c.o): in function `_cairo_analysis_surface_merge_status':
cairo-analysis-surface.c:(.text+0x410): multiple definition of `_cairo_analysis_surface_merge_status'; /home/uilian/.conan2/p/b/librs336a2333e6ca6/p/lib/librsvg-2.a(cairo-analysis-surface.o):(.text+0x370): first defined here
/usr/bin/ld: /home/uilian/.conan2/p/b/librs336a2333e6ca6/p/lib/librsvg-2.a(cairo-analysis-surface.c.o): in function `_cairo_analysis_surface_create':
cairo-analysis-surface.c:(.text+0x480): multiple definition of `_cairo_analysis_surface_create'; /home/uilian/.conan2/p/b/librs336a2333e6ca6/p/lib/librsvg-2.a(cairo-analysis-surface.o):(.text+0x460): first defined here
/usr/bin/ld: /home/uilian/.conan2/p/b/librs336a2333e6ca6/p/lib/librsvg-2.a(cairo-analysis-surface.c.o): in function `_cairo_analysis_surface_set_ctm':
cairo-analysis-surface.c:(.text+0x1860): multiple definition of `_cairo_analysis_surface_set_ctm'; /home/uilian/.conan2/p/b/librs336a2333e6ca6/p/lib/librsvg-2.a(cairo-analysis-surface.o):(.text+0x1560): first defined here
/usr/bin/ld: /home/uilian/.conan2/p/b/librs336a2333e6ca6/p/lib/librsvg-2.a(cairo-analysis-surface.c.o): in function `_cairo_analysis_surface_get_ctm':
cairo-analysis-surface.c:(.text+0x1900): multiple definition of `_cairo_analysis_surface_get_ctm'; /home/uilian/.conan2/p/b/librs336a2333e6ca6/p/lib/librsvg-2.a(cairo-analysis-surface.o):(.text+0x1610): first defined here
/usr/bin/ld: /home/uilian/.conan2/p/b/librs336a2333e6ca6/p/lib/librsvg-2.a(cairo-analysis-surface.c.o): in function `_cairo_analysis_surface_get_supported':
cairo-analysis-surface.c:(.text+0x1930): multiple definition of `_cairo_analysis_surface_get_supported'; /home/uilian/.conan2/p/b/librs336a2333e6ca6/p/lib/librsvg-2.a(cairo-analysis-surface.o):(.text+0x1640): first defined here
/usr/bin/ld: /home/uilian/.conan2/p/b/librs336a2333e6ca6/p/lib/librsvg-2.a(cairo-analysis-surface.c.o): in function `_cairo_analysis_surface_get_unsupported':
cairo-analysis-surface.c:(.text+0x1940): multiple definition of `_cairo_analysis_surface_get_unsupported'; /home/uilian/.conan2/p/b/librs336a2333e6ca6/p/lib/librsvg-2.a(cairo-analysis-surface.o):(.text+0x1650): first defined here
/usr/bin/ld: /home/uilian/.conan2/p/b/librs336a2333e6ca6/p/lib/librsvg-2.a(cairo-analysis-surface.c.o): in function `_cairo_analysis_surface_has_supported':
cairo-analysis-surface.c:(.text+0x1950): multiple definition of `_cairo_analysis_surface_has_supported'; /home/uilian/.conan2/p/b/librs336a2333e6ca6/p/lib/librsvg-2.a(cairo-analysis-surface.o):(.text+0x1660): first defined here
/usr/bin/ld: /home/uilian/.conan2/p/b/librs336a2333e6ca6/p/lib/librsvg-2.a(cairo-analysis-surface.c.o): in function `_cairo_analysis_surface_has_unsupported':
cairo-analysis-surface.c:(.text+0x1960): multiple definition of `_cairo_analysis_surface_has_unsupported'; /home/uilian/.conan2/p/b/librs336a2333e6ca6/p/lib/librsvg-2.a(cairo-analysis-surface.o):(.text+0x1670): first defined here
/usr/bin/ld: /home/uilian/.conan2/p/b/librs336a2333e6ca6/p/lib/librsvg-2.a(cairo-analysis-surface.c.o): in function `_cairo_analysis_surface_get_bounding_box':
cairo-analysis-surface.c:(.text+0x1970): multiple definition of `_cairo_analysis_surface_get_bounding_box'; /home/uilian/.conan2/p/b/librs336a2333e6ca6/p/lib/librsvg-2.a(cairo-analysis-surface.o):(.text+0x1680): first defined here
/usr/bin/ld: /home/uilian/.conan2/p/b/librs336a2333e6ca6/p/lib/librsvg-2.a(cairo-analysis-surface.c.o): in function `_cairo_null_surface_create':
cairo-analysis-surface.c:(.text+0x19a0): multiple definition of `_cairo_null_surface_create'; /home/uilian/.conan2/p/b/librs336a2333e6ca6/p/lib/librsvg-2.a(cairo-analysis-surface.o):(.text+0x1690): first defined here
/usr/bin/ld: /home/uilian/.conan2/p/b/librs336a2333e6ca6/p/lib/librsvg-2.a(cairo-debug.c.o): in function `cairo_debug_reset_static_data':
cairo-debug.c:(.text+0x150): multiple definition of `cairo_debug_reset_static_data'; /home/uilian/.conan2/p/b/librs336a2333e6ca6/p/lib/librsvg-2.a(cairo-debug.o):(.text+0x150): first defined here
/usr/bin/ld: /home/uilian/.conan2/p/b/librs336a2333e6ca6/p/lib/librsvg-2.a(cairo-debug.c.o): in function `_cairo_debug_print_path':
cairo-debug.c:(.text+0x190): multiple definition of `_cairo_debug_print_path'; /home/uilian/.conan2/p/b/librs336a2333e6ca6/p/lib/librsvg-2.a(cairo-debug.o):(.text+0x190): first defined here
/usr/bin/ld: /home/uilian/.conan2/p/b/librs336a2333e6ca6/p/lib/librsvg-2.a(cairo-debug.c.o): in function `_cairo_debug_print_polygon':
cairo-debug.c:(.text+0x280): multiple definition of `_cairo_debug_print_polygon'; /home/uilian/.conan2/p/b/librs336a2333e6ca6/p/lib/librsvg-2.a(cairo-debug.o):(.text+0x2c0): first defined here
/usr/bin/ld: /home/uilian/.conan2/p/b/librs336a2333e6ca6/p/lib/librsvg-2.a(cairo-debug.c.o): in function `_cairo_debug_print_matrix':
cairo-debug.c:(.text+0x410): multiple definition of `_cairo_debug_print_matrix'; /home/uilian/.conan2/p/b/librs336a2333e6ca6/p/lib/librsvg-2.a(cairo-debug.o):(.text+0x460): first defined here
/usr/bin/ld: /home/uilian/.conan2/p/b/librs336a2333e6ca6/p/lib/librsvg-2.a(cairo-debug.c.o): in function `_cairo_debug_print_rect':
cairo-debug.c:(.text+0x450): multiple definition of `_cairo_debug_print_rect'; /home/uilian/.conan2/p/b/librs336a2333e6ca6/p/lib/librsvg-2.a(cairo-debug.o):(.text+0x4a0): first defined here
/usr/bin/ld: /home/uilian/.conan2/p/b/librs336a2333e6ca6/p/lib/librsvg-2.a(src_fcdefault.c.o): in function `IA__FcGetDefaultLangs':
fcdefault.c:(.text+0x150): multiple definition of `IA__FcGetDefaultLangs'; /home/uilian/.conan2/p/b/librs336a2333e6ca6/p/lib/librsvg-2.a(fcdefault.o):(.text+0x0): first defined here
/usr/bin/ld: /home/uilian/.conan2/p/b/librs336a2333e6ca6/p/lib/librsvg-2.a(src_fcdefault.c.o): in function `IA__FcGetDefaultLangs':
fcdefault.c:(.text+0x150): multiple definition of `FcGetDefaultLangs'; /home/uilian/.conan2/p/b/librs336a2333e6ca6/p/lib/librsvg-2.a(fcdefault.o):(.text+0x0): first defined here
/usr/bin/ld: /home/uilian/.conan2/p/b/librs336a2333e6ca6/p/lib/librsvg-2.a(src_fcdefault.c.o): in function `FcGetDefaultLang':
fcdefault.c:(.text+0x1f0): multiple definition of `FcGetDefaultLang'; /home/uilian/.conan2/p/b/librs336a2333e6ca6/p/lib/librsvg-2.a(fcdefault.o):(.text+0xf0): first defined here
/usr/bin/ld: /home/uilian/.conan2/p/b/librs336a2333e6ca6/p/lib/librsvg-2.a(src_fcdefault.c.o): in function `FcGetPrgname':
fcdefault.c:(.text+0x3d0): multiple definition of `FcGetPrgname'; /home/uilian/.conan2/p/b/librs336a2333e6ca6/p/lib/librsvg-2.a(fcdefault.o):(.text+0x140): first defined here
/usr/bin/ld: /home/uilian/.conan2/p/b/librs336a2333e6ca6/p/lib/librsvg-2.a(src_fcdefault.c.o): in function `IA__FcDefaultSubstitute':
fcdefault.c:(.text+0xbb0): multiple definition of `IA__FcDefaultSubstitute'; /home/uilian/.conan2/p/b/librs336a2333e6ca6/p/lib/librsvg-2.a(fcdefault.o):(.text+0x310): first defined here
/usr/bin/ld: /home/uilian/.conan2/p/b/librs336a2333e6ca6/p/lib/librsvg-2.a(src_fcdefault.c.o): in function `IA__FcDefaultSubstitute':
fcdefault.c:(.text+0xbb0): multiple definition of `FcDefaultSubstitute'; /home/uilian/.conan2/p/b/librs336a2333e6ca6/p/lib/librsvg-2.a(fcdefault.o):(.text+0x310): first defined here
/usr/bin/ld: /home/uilian/.conan2/p/b/librs336a2333e6ca6/p/lib/librsvg-2.a(src_fcdefault.c.o):(.bss+0x0): multiple definition of `default_langs'; /home/uilian/.conan2/p/b/librs336a2333e6ca6/p/lib/librsvg-2.a(fcdefault.o):(.bss+0x0): first defined here
/usr/bin/ld: /home/uilian/.conan2/p/b/librs336a2333e6ca6/p/lib/librsvg-2.a(gmain.c.o): in function `g_main_context_ref':
gmain.c:(.text+0x1ba0): multiple definition of `g_main_context_ref'; /home/uilian/.conan2/p/b/librs336a2333e6ca6/p/lib/librsvg-2.a(gmain.c.o):(.text+0x1290): first defined here
/usr/bin/ld: /home/uilian/.conan2/p/b/librs336a2333e6ca6/p/lib/librsvg-2.a(gmain.c.o): in function `g_main_context_new_with_flags':
gmain.c:(.text+0x1c00): multiple definition of `g_main_context_new_with_flags'; /home/uilian/.conan2/p/b/librs336a2333e6ca6/p/lib/librsvg-2.a(gmain.c.o):(.text+0x1300): first defined here
/usr/bin/ld: /home/uilian/.conan2/p/b/librs336a2333e6ca6/p/lib/librsvg-2.a(gmain.c.o): in function `g_main_context_new':
gmain.c:(.text+0x1dc0): multiple definition of `g_main_context_new'; /home/uilian/.conan2/p/b/librs336a2333e6ca6/p/lib/librsvg-2.a(gmain.c.o):(.text+0x1450): first defined here
/usr/bin/ld: /home/uilian/.conan2/p/b/librs336a2333e6ca6/p/lib/librsvg-2.a(gmain.c.o): in function `g_main_context_new_with_next_id':
gmain.c:(.text+0x1dd0): multiple definition of `g_main_context_new_with_next_id'; /home/uilian/.conan2/p/b/librs336a2333e6ca6/p/lib/librsvg-2.a(gmain.c.o):(.text+0x1460): first defined here
/usr/bin/ld: /home/uilian/.conan2/p/b/librs336a2333e6ca6/p/lib/librsvg-2.a(gmain.c.o): in function `g_main_context_default':
gmain.c:(.text+0x1de0): multiple definition of `g_main_context_default'; /home/uilian/.conan2/p/b/librs336a2333e6ca6/p/lib/librsvg-2.a(gmain.c.o):(.text+0x1480): first defined here
/usr/bin/ld: /home/uilian/.conan2/p/b/librs336a2333e6ca6/p/lib/librsvg-2.a(gmain.c.o): in function `g_main_context_get_thread_default':
gmain.c:(.text+0x1e40): multiple definition of `g_main_context_get_thread_default'; /home/uilian/.conan2/p/b/librs336a2333e6ca6/p/lib/librsvg-2.a(gmain.c.o):(.text+0x1690): first defined here
/usr/bin/ld: /home/uilian/.conan2/p/b/librs336a2333e6ca6/p/lib/librsvg-2.a(gmain.c.o): in function `g_main_context_ref_thread_default':
gmain.c:(.text+0x1e70): multiple definition of `g_main_context_ref_thread_default'; /home/uilian/.conan2/p/b/librs336a2333e6ca6/p/lib/librsvg-2.a(gmain.c.o):(.text+0x16c0): first defined here
/usr/bin/ld: /home/uilian/.conan2/p/b/librs336a2333e6ca6/p/lib/librsvg-2.a(gmain.c.o): in function `g_source_new':
gmain.c:(.text+0x1eb0): multiple definition of `g_source_new'; /home/uilian/.conan2/p/b/librs336a2333e6ca6/p/lib/librsvg-2.a(gmain.c.o):(.text+0x1700): first defined here
/usr/bin/ld: /home/uilian/.conan2/p/b/librs336a2333e6ca6/p/lib/librsvg-2.a(gmain.c.o): in function `g_source_set_dispose_function':
gmain.c:(.text+0x1f70): multiple definition of `g_source_set_dispose_function'; /home/uilian/.conan2/p/b/librs336a2333e6ca6/p/lib/librsvg-2.a(gmain.c.o):(.text+0x17d0): first defined here
/usr/bin/ld: /home/uilian/.conan2/p/b/librs336a2333e6ca6/p/lib/librsvg-2.a(gmain.c.o): in function `g_source_get_context':
gmain.c:(.text+0x1ff0): multiple definition of `g_source_get_context'; /home/uilian/.conan2/p/b/librs336a2333e6ca6/p/lib/librsvg-2.a(gmain.c.o):(.text+0x1970): first defined here
/usr/bin/ld: /home/uilian/.conan2/p/b/librs336a2333e6ca6/p/lib/librsvg-2.a(gmain.c.o): in function `g_source_set_funcs':
gmain.c:(.text+0x2140): multiple definition of `g_source_set_funcs'; /home/uilian/.conan2/p/b/librs336a2333e6ca6/p/lib/librsvg-2.a(gmain.c.o):(.text+0x1f20): first defined here
/usr/bin/ld: /home/uilian/.conan2/p/b/librs336a2333e6ca6/p/lib/librsvg-2.a(gmain.c.o): in function `g_source_get_priority':
gmain.c:(.text+0x21f0): multiple definition of `g_source_get_priority'; /home/uilian/.conan2/p/b/librs336a2333e6ca6/p/lib/librsvg-2.a(gmain.c.o):(.text+0x20a0): first defined here
/usr/bin/ld: /home/uilian/.conan2/p/b/librs336a2333e6ca6/p/lib/librsvg-2.a(gmain.c.o): in function `g_source_get_ready_time':
gmain.c:(.text+0x2260): multiple definition of `g_source_get_ready_time'; /home/uilian/.conan2/p/b/librs336a2333e6ca6/p/lib/librsvg-2.a(gmain.c.o):(.text+0x2310): first defined here
/usr/bin/ld: /home/uilian/.conan2/p/b/librs336a2333e6ca6/p/lib/librsvg-2.a(gmain.c.o): in function `g_source_get_can_recurse':
gmain.c:(.text+0x22c0): multiple definition of `g_source_get_can_recurse'; /home/uilian/.conan2/p/b/librs336a2333e6ca6/p/lib/librsvg-2.a(gmain.c.o):(.text+0x2430): first defined here
/usr/bin/ld: /home/uilian/.conan2/p/b/librs336a2333e6ca6/p/lib/librsvg-2.a(gmain.c.o): in function `g_source_get_name':
gmain.c:(.text+0x2330): multiple definition of `g_source_get_name'; /home/uilian/.conan2/p/b/librs336a2333e6ca6/p/lib/librsvg-2.a(gmain.c.o):(.text+0x24c0): first defined here
/usr/bin/ld: /home/uilian/.conan2/p/b/librs336a2333e6ca6/p/lib/librsvg-2.a(gmain.c.o): in function `g_source_ref':
gmain.c:(.text+0x2390): multiple definition of `g_source_ref'; /home/uilian/.conan2/p/b/librs336a2333e6ca6/p/lib/librsvg-2.a(gmain.c.o):(.text+0x2530): first defined here
/usr/bin/ld: /home/uilian/.conan2/p/b/librs336a2333e6ca6/p/lib/librsvg-2.a(gmain.c.o): in function `g_main_context_unref':
gmain.c:(.text+0x24a0): multiple definition of `g_main_context_unref'; /home/uilian/.conan2/p/b/librs336a2333e6ca6/p/lib/librsvg-2.a(gmain.c.o):(.text+0x2650): first defined here
/usr/bin/ld: /home/uilian/.conan2/p/b/librs336a2333e6ca6/p/lib/librsvg-2.a(gmain.c.o): in function `g_source_destroy':
gmain.c:(.text+0x2730): multiple definition of `g_source_destroy'; /home/uilian/.conan2/p/b/librs336a2333e6ca6/p/lib/librsvg-2.a(gmain.c.o):(.text+0x1850): first defined here
/usr/bin/ld: /home/uilian/.conan2/p/b/librs336a2333e6ca6/p/lib/librsvg-2.a(gmain.c.o): in function `g_source_get_id':
gmain.c:(.text+0x2a30): multiple definition of `g_source_get_id'; /home/uilian/.conan2/p/b/librs336a2333e6ca6/p/lib/librsvg-2.a(gmain.c.o):(.text+0x18c0): first defined here
/usr/bin/ld: /home/uilian/.conan2/p/b/librs336a2333e6ca6/p/lib/librsvg-2.a(gmain.c.o): in function `g_source_add_poll':
gmain.c:(.text+0x2b00): multiple definition of `g_source_add_poll'; /home/uilian/.conan2/p/b/librs336a2333e6ca6/p/lib/librsvg-2.a(gmain.c.o):(.text+0x1a20): first defined here
/usr/bin/ld: /home/uilian/.conan2/p/b/librs336a2333e6ca6/p/lib/librsvg-2.a(gmain.c.o): in function `g_source_remove_poll':
gmain.c:(.text+0x2d20): multiple definition of `g_source_remove_poll'; /home/uilian/.conan2/p/b/librs336a2333e6ca6/p/lib/librsvg-2.a(gmain.c.o):(.text+0x1b20): first defined here
/usr/bin/ld: /home/uilian/.conan2/p/b/librs336a2333e6ca6/p/lib/librsvg-2.a(gmain.c.o): in function `g_source_remove_child_source':
gmain.c:(.text+0x2ed0): multiple definition of `g_source_remove_child_source'; /home/uilian/.conan2/p/b/librs336a2333e6ca6/p/lib/librsvg-2.a(gmain.c.o):(.text+0x1c20): first defined here
/usr/bin/ld: /home/uilian/.conan2/p/b/librs336a2333e6ca6/p/lib/librsvg-2.a(gmain.c.o): in function `g_source_set_callback_indirect':
gmain.c:(.text+0x3090): multiple definition of `g_source_set_callback_indirect'; /home/uilian/.conan2/p/b/librs336a2333e6ca6/p/lib/librsvg-2.a(gmain.c.o):(.text+0x1d60): first defined here
/usr/bin/ld: /home/uilian/.conan2/p/b/librs336a2333e6ca6/p/lib/librsvg-2.a(gmain.c.o): in function `g_source_set_callback':
gmain.c:(.text+0x31c0): multiple definition of `g_source_set_callback'; /home/uilian/.conan2/p/b/librs336a2333e6ca6/p/lib/librsvg-2.a(gmain.c.o):(.text+0x1e70): first defined here
/usr/bin/ld: /home/uilian/.conan2/p/b/librs336a2333e6ca6/p/lib/librsvg-2.a(gmain.c.o): in function `g_source_set_priority':
gmain.c:(.text+0x3270): multiple definition of `g_source_set_priority'; /home/uilian/.conan2/p/b/librs336a2333e6ca6/p/lib/librsvg-2.a(gmain.c.o):(.text+0x1fd0): first defined here
/usr/bin/ld: /home/uilian/.conan2/p/b/librs336a2333e6ca6/p/lib/librsvg-2.a(gmain.c.o): in function `g_source_set_ready_time':
gmain.c:(.text+0x3370): multiple definition of `g_source_set_ready_time'; /home/uilian/.conan2/p/b/librs336a2333e6ca6/p/lib/librsvg-2.a(gmain.c.o):(.text+0x2110): first defined here
/usr/bin/ld: /home/uilian/.conan2/p/b/librs336a2333e6ca6/p/lib/librsvg-2.a(gmain.c.o): in function `g_source_set_can_recurse':
gmain.c:(.text+0x35b0): multiple definition of `g_source_set_can_recurse'; /home/uilian/.conan2/p/b/librs336a2333e6ca6/p/lib/librsvg-2.a(gmain.c.o):(.text+0x2390): first defined here
/usr/bin/ld: /home/uilian/.conan2/p/b/librs336a2333e6ca6/p/lib/librsvg-2.a(gmain.c.o): in function `g_source_set_static_name':
gmain.c:(.text+0x36b0): multiple definition of `g_source_set_static_name'; /home/uilian/.conan2/p/b/librs336a2333e6ca6/p/lib/librsvg-2.a(gmain.c.o):(.text+0x24b0): first defined here
/usr/bin/ld: /home/uilian/.conan2/p/b/librs336a2333e6ca6/p/lib/librsvg-2.a(gmain.c.o): in function `g_source_set_name':
gmain.c:(.text+0x3950): multiple definition of `g_source_set_name'; /home/uilian/.conan2/p/b/librs336a2333e6ca6/p/lib/librsvg-2.a(gmain.c.o):(.text+0x24a0): first defined here
/usr/bin/ld: /home/uilian/.conan2/p/b/librs336a2333e6ca6/p/lib/librsvg-2.a(gmain.c.o): in function `g_source_attach':
gmain.c:(.text+0x3da0): multiple definition of `g_source_attach'; /home/uilian/.conan2/p/b/librs336a2333e6ca6/p/lib/librsvg-2.a(gmain.c.o):(.text+0x2a40): first defined here
/usr/bin/ld: /home/uilian/.conan2/p/b/librs336a2333e6ca6/p/lib/librsvg-2.a(gmain.c.o): in function `g_source_add_child_source':
gmain.c:(.text+0x3ec0): multiple definition of `g_source_add_child_source'; /home/uilian/.conan2/p/b/librs336a2333e6ca6/p/lib/librsvg-2.a(gmain.c.o):(.text+0x2b60): first defined here
/usr/bin/ld: /home/uilian/.conan2/p/b/librs336a2333e6ca6/p/lib/librsvg-2.a(gmain.c.o): in function `g_source_unref':
gmain.c:(.text+0x4140): multiple definition of `g_source_unref'; /home/uilian/.conan2/p/b/librs336a2333e6ca6/p/lib/librsvg-2.a(gmain.c.o):(.text+0x2d40): first defined here
/usr/bin/ld: /home/uilian/.conan2/p/b/librs336a2333e6ca6/p/lib/librsvg-2.a(gmain.c.o): in function `g_main_context_find_source_by_id':
gmain.c:(.text+0x41d0): multiple definition of `g_main_context_find_source_by_id'; /home/uilian/.conan2/p/b/librs336a2333e6ca6/p/lib/librsvg-2.a(gmain.c.o):(.text+0x2da0): first defined here
/usr/bin/ld: /home/uilian/.conan2/p/b/librs336a2333e6ca6/p/lib/librsvg-2.a(gmain.c.o): in function `g_source_set_name_by_id':
gmain.c:(.text+0x4260): multiple definition of `g_source_set_name_by_id'; /home/uilian/.conan2/p/b/librs336a2333e6ca6/p/lib/librsvg-2.a(gmain.c.o):(.text+0x2e40): first defined here
/usr/bin/ld: /home/uilian/.conan2/p/b/librs336a2333e6ca6/p/lib/librsvg-2.a(gmain.c.o): in function `g_main_context_find_source_by_funcs_user_data':
gmain.c:(.text+0x42b0): multiple definition of `g_main_context_find_source_by_funcs_user_data'; /home/uilian/.conan2/p/b/librs336a2333e6ca6/p/lib/librsvg-2.a(gmain.c.o):(.text+0x2ea0): first defined here
/usr/bin/ld: /home/uilian/.conan2/p/b/librs336a2333e6ca6/p/lib/librsvg-2.a(gmain.c.o): in function `g_main_context_find_source_by_user_data':
gmain.c:(.text+0x43b0): multiple definition of `g_main_context_find_source_by_user_data'; /home/uilian/.conan2/p/b/librs336a2333e6ca6/p/lib/librsvg-2.a(gmain.c.o):(.text+0x2ff0): first defined here
/usr/bin/ld: /home/uilian/.conan2/p/b/librs336a2333e6ca6/p/lib/librsvg-2.a(gmain.c.o): in function `g_source_remove':
gmain.c:(.text+0x4470): multiple definition of `g_source_remove'; /home/uilian/.conan2/p/b/librs336a2333e6ca6/p/lib/librsvg-2.a(gmain.c.o):(.text+0x3120): first defined here
/usr/bin/ld: /home/uilian/.conan2/p/b/librs336a2333e6ca6/p/lib/librsvg-2.a(gmain.c.o): in function `g_source_remove_by_user_data':
gmain.c:(.text+0x44f0): multiple definition of `g_source_remove_by_user_data'; /home/uilian/.conan2/p/b/librs336a2333e6ca6/p/lib/librsvg-2.a(gmain.c.o):(.text+0x31b0): first defined here
/usr/bin/ld: /home/uilian/.conan2/p/b/librs336a2333e6ca6/p/lib/librsvg-2.a(gmain.c.o): in function `g_source_remove_by_funcs_user_data':
gmain.c:(.text+0x4520): multiple definition of `g_source_remove_by_funcs_user_data'; /home/uilian/.conan2/p/b/librs336a2333e6ca6/p/lib/librsvg-2.a(gmain.c.o):(.text+0x31e0): first defined here
/usr/bin/ld: /home/uilian/.conan2/p/b/librs336a2333e6ca6/p/lib/librsvg-2.a(gmain.c.o): in function `g_clear_handle_id':
gmain.c:(.text+0x4580): multiple definition of `g_clear_handle_id'; /home/uilian/.conan2/p/b/librs336a2333e6ca6/p/lib/librsvg-2.a(gmain.c.o):(.text+0x3250): first defined here
/usr/bin/ld: /home/uilian/.conan2/p/b/librs336a2333e6ca6/p/lib/librsvg-2.a(gmain.c.o): in function `g_source_add_unix_fd':
gmain.c:(.text+0x45a0): multiple definition of `g_source_add_unix_fd'; /home/uilian/.conan2/p/b/librs336a2333e6ca6/p/lib/librsvg-2.a(gmain.c.o):(.text+0x3280): first defined here
/usr/bin/ld: /home/uilian/.conan2/p/b/librs336a2333e6ca6/p/lib/librsvg-2.a(gmain.c.o): in function `g_source_remove_unix_fd':
gmain.c:(.text+0x47e0): multiple definition of `g_source_remove_unix_fd'; /home/uilian/.conan2/p/b/librs336a2333e6ca6/p/lib/librsvg-2.a(gmain.c.o):(.text+0x33d0): first defined here
/usr/bin/ld: /home/uilian/.conan2/p/b/librs336a2333e6ca6/p/lib/librsvg-2.a(gmain.c.o): in function `g_source_query_unix_fd':
gmain.c:(.text+0x4990): multiple definition of `g_source_query_unix_fd'; /home/uilian/.conan2/p/b/librs336a2333e6ca6/p/lib/librsvg-2.a(gmain.c.o):(.text+0x34e0): first defined here
/usr/bin/ld: /home/uilian/.conan2/p/b/librs336a2333e6ca6/p/lib/librsvg-2.a(gmain.c.o): in function `g_get_real_time':
gmain.c:(.text+0x4a20): multiple definition of `g_get_real_time'; /home/uilian/.conan2/p/b/librs336a2333e6ca6/p/lib/librsvg-2.a(gmain.c.o):(.text+0x3570): first defined here
/usr/bin/ld: /home/uilian/.conan2/p/b/librs336a2333e6ca6/p/lib/librsvg-2.a(gmain.c.o): in function `g_get_current_time':
gmain.c:(.text+0x4a40): multiple definition of `g_get_current_time'; /home/uilian/.conan2/p/b/librs336a2333e6ca6/p/lib/librsvg-2.a(gmain.c.o):(.text+0x35c0): first defined here
/usr/bin/ld: /home/uilian/.conan2/p/b/librs336a2333e6ca6/p/lib/librsvg-2.a(gmain.c.o): in function `g_get_monotonic_time':
gmain.c:(.text+0x4aa0): multiple definition of `g_get_monotonic_time'; /home/uilian/.conan2/p/b/librs336a2333e6ca6/p/lib/librsvg-2.a(gmain.c.o):(.text+0x3630): first defined here
/usr/bin/ld: /home/uilian/.conan2/p/b/librs336a2333e6ca6/p/lib/librsvg-2.a(gmain.c.o): in function `g_main_depth':
gmain.c:(.text+0x5550): multiple definition of `g_main_depth'; /home/uilian/.conan2/p/b/librs336a2333e6ca6/p/lib/librsvg-2.a(gmain.c.o):(.text+0x36c0): first defined here
/usr/bin/ld: /home/uilian/.conan2/p/b/librs336a2333e6ca6/p/lib/librsvg-2.a(gmain.c.o): in function `g_main_current_source':
gmain.c:(.text+0x5590): multiple definition of `g_main_current_source'; /home/uilian/.conan2/p/b/librs336a2333e6ca6/p/lib/librsvg-2.a(gmain.c.o):(.text+0x3700): first defined here
/usr/bin/ld: /home/uilian/.conan2/p/b/librs336a2333e6ca6/p/lib/librsvg-2.a(gmain.c.o): in function `g_source_is_destroyed':
gmain.c:(.text+0x55d0): multiple definition of `g_source_is_destroyed'; /home/uilian/.conan2/p/b/librs336a2333e6ca6/p/lib/librsvg-2.a(gmain.c.o):(.text+0x3740): first defined here
/usr/bin/ld: /home/uilian/.conan2/p/b/librs336a2333e6ca6/p/lib/librsvg-2.a(gmain.c.o): in function `g_main_context_acquire':
gmain.c:(.text+0x5640): multiple definition of `g_main_context_acquire'; /home/uilian/.conan2/p/b/librs336a2333e6ca6/p/lib/librsvg-2.a(gmain.c.o):(.text+0x37c0): first defined here
/usr/bin/ld: /home/uilian/.conan2/p/b/librs336a2333e6ca6/p/lib/librsvg-2.a(gmain.c.o): in function `g_main_context_push_thread_default':
gmain.c:(.text+0x56c0): multiple definition of `g_main_context_push_thread_default'; /home/uilian/.conan2/p/b/librs336a2333e6ca6/p/lib/librsvg-2.a(gmain.c.o):(.text+0x3880): first defined here
/usr/bin/ld: /home/uilian/.conan2/p/b/librs336a2333e6ca6/p/lib/librsvg-2.a(gmain.c.o): in function `g_main_context_release':
gmain.c:(.text+0x5760): multiple definition of `g_main_context_release'; /home/uilian/.conan2/p/b/librs336a2333e6ca6/p/lib/librsvg-2.a(gmain.c.o):(.text+0x3930): first defined here
/usr/bin/ld: /home/uilian/.conan2/p/b/librs336a2333e6ca6/p/lib/librsvg-2.a(gmain.c.o): in function `g_main_context_pop_thread_default':
gmain.c:(.text+0x5860): multiple definition of `g_main_context_pop_thread_default'; /home/uilian/.conan2/p/b/librs336a2333e6ca6/p/lib/librsvg-2.a(gmain.c.o):(.text+0x3a00): first defined here
/usr/bin/ld: /home/uilian/.conan2/p/b/librs336a2333e6ca6/p/lib/librsvg-2.a(gmain.c.o): in function `g_main_context_wait':
gmain.c:(.text+0x5900): multiple definition of `g_main_context_wait'; /home/uilian/.conan2/p/b/librs336a2333e6ca6/p/lib/librsvg-2.a(gmain.c.o):(.text+0x3aa0): first defined here
/usr/bin/ld: /home/uilian/.conan2/p/b/librs336a2333e6ca6/p/lib/librsvg-2.a(gmain.c.o): in function `g_main_context_prepare':
gmain.c:(.text+0x5af0): multiple definition of `g_main_context_prepare'; /home/uilian/.conan2/p/b/librs336a2333e6ca6/p/lib/librsvg-2.a(gmain.c.o):(.text+0x3b30): first defined here
/usr/bin/ld: /home/uilian/.conan2/p/b/librs336a2333e6ca6/p/lib/librsvg-2.a(gmain.c.o): in function `g_main_context_query':
gmain.c:(.text+0x5b70): multiple definition of `g_main_context_query'; /home/uilian/.conan2/p/b/librs336a2333e6ca6/p/lib/librsvg-2.a(gmain.c.o):(.text+0x3ed0): first defined here
/usr/bin/ld: /home/uilian/.conan2/p/b/librs336a2333e6ca6/p/lib/librsvg-2.a(gmain.c.o): in function `g_main_context_check':
gmain.c:(.text+0x5c20): multiple definition of `g_main_context_check'; /home/uilian/.conan2/p/b/librs336a2333e6ca6/p/lib/librsvg-2.a(gmain.c.o):(.text+0x3fd0): first defined here
/usr/bin/ld: /home/uilian/.conan2/p/b/librs336a2333e6ca6/p/lib/librsvg-2.a(gmain.c.o): in function `g_main_context_dispatch':
gmain.c:(.text+0x5c70): multiple definition of `g_main_context_dispatch'; /home/uilian/.conan2/p/b/librs336a2333e6ca6/p/lib/librsvg-2.a(gmain.c.o):(.text+0x4330): first defined here
/usr/bin/ld: /home/uilian/.conan2/p/b/librs336a2333e6ca6/p/lib/librsvg-2.a(gmain.c.o): in function `g_main_context_pending':
gmain.c:(.text+0x5cc0): multiple definition of `g_main_context_pending'; /home/uilian/.conan2/p/b/librs336a2333e6ca6/p/lib/librsvg-2.a(gmain.c.o):(.text+0x4880): first defined here
/usr/bin/ld: /home/uilian/.conan2/p/b/librs336a2333e6ca6/p/lib/librsvg-2.a(gmain.c.o): in function `g_main_context_iteration':
gmain.c:(.text+0x5d10): multiple definition of `g_main_context_iteration'; /home/uilian/.conan2/p/b/librs336a2333e6ca6/p/lib/librsvg-2.a(gmain.c.o):(.text+0x48e0): first defined here
/usr/bin/ld: /home/uilian/.conan2/p/b/librs336a2333e6ca6/p/lib/librsvg-2.a(gmain.c.o): in function `g_main_loop_new':
gmain.c:(.text+0x5db0): multiple definition of `g_main_loop_new'; /home/uilian/.conan2/p/b/librs336a2333e6ca6/p/lib/librsvg-2.a(gmain.c.o):(.text+0x4990): first defined here
/usr/bin/ld: /home/uilian/.conan2/p/b/librs336a2333e6ca6/p/lib/librsvg-2.a(gmain.c.o): in function `g_main_loop_ref':
gmain.c:(.text+0x5e00): multiple definition of `g_main_loop_ref'; /home/uilian/.conan2/p/b/librs336a2333e6ca6/p/lib/librsvg-2.a(gmain.c.o):(.text+0x49f0): first defined here
/usr/bin/ld: /home/uilian/.conan2/p/b/librs336a2333e6ca6/p/lib/librsvg-2.a(gmain.c.o): in function `g_main_loop_unref':
gmain.c:(.text+0x5e70): multiple definition of `g_main_loop_unref'; /home/uilian/.conan2/p/b/librs336a2333e6ca6/p/lib/librsvg-2.a(gmain.c.o):(.text+0x4a60): first defined here
/usr/bin/ld: /home/uilian/.conan2/p/b/librs336a2333e6ca6/p/lib/librsvg-2.a(gmain.c.o): in function `g_main_loop_run':
gmain.c:(.text+0x5ef0): multiple definition of `g_main_loop_run'; /home/uilian/.conan2/p/b/librs336a2333e6ca6/p/lib/librsvg-2.a(gmain.c.o):(.text+0x4ae0): first defined here
/usr/bin/ld: /home/uilian/.conan2/p/b/librs336a2333e6ca6/p/lib/librsvg-2.a(gmain.c.o): in function `g_main_loop_quit':
gmain.c:(.text+0x6080): multiple definition of `g_main_loop_quit'; /home/uilian/.conan2/p/b/librs336a2333e6ca6/p/lib/librsvg-2.a(gmain.c.o):(.text+0x4c90): first defined here
/usr/bin/ld: /home/uilian/.conan2/p/b/librs336a2333e6ca6/p/lib/librsvg-2.a(gmain.c.o): in function `g_main_loop_is_running':
gmain.c:(.text+0x6110): multiple definition of `g_main_loop_is_running'; /home/uilian/.conan2/p/b/librs336a2333e6ca6/p/lib/librsvg-2.a(gmain.c.o):(.text+0x4d20): first defined here
/usr/bin/ld: /home/uilian/.conan2/p/b/librs336a2333e6ca6/p/lib/librsvg-2.a(gmain.c.o): in function `g_main_loop_get_context':
gmain.c:(.text+0x6180): multiple definition of `g_main_loop_get_context'; /home/uilian/.conan2/p/b/librs336a2333e6ca6/p/lib/librsvg-2.a(gmain.c.o):(.text+0x4d90): first defined here
/usr/bin/ld: /home/uilian/.conan2/p/b/librs336a2333e6ca6/p/lib/librsvg-2.a(gmain.c.o): in function `g_main_context_add_poll':
gmain.c:(.text+0x61e0): multiple definition of `g_main_context_add_poll'; /home/uilian/.conan2/p/b/librs336a2333e6ca6/p/lib/librsvg-2.a(gmain.c.o):(.text+0x4e00): first defined here
/usr/bin/ld: /home/uilian/.conan2/p/b/librs336a2333e6ca6/p/lib/librsvg-2.a(gmain.c.o): in function `g_main_context_remove_poll':
gmain.c:(.text+0x6320): multiple definition of `g_main_context_remove_poll'; /home/uilian/.conan2/p/b/librs336a2333e6ca6/p/lib/librsvg-2.a(gmain.c.o):(.text+0x4e90): first defined here
/usr/bin/ld: /home/uilian/.conan2/p/b/librs336a2333e6ca6/p/lib/librsvg-2.a(gmain.c.o): in function `g_source_get_current_time':
gmain.c:(.text+0x6410): multiple definition of `g_source_get_current_time'; /home/uilian/.conan2/p/b/librs336a2333e6ca6/p/lib/librsvg-2.a(gmain.c.o):(.text+0x4f30): first defined here
/usr/bin/ld: /home/uilian/.conan2/p/b/librs336a2333e6ca6/p/lib/librsvg-2.a(gmain.c.o): in function `g_source_get_time':
gmain.c:(.text+0x6420): multiple definition of `g_source_get_time'; /home/uilian/.conan2/p/b/librs336a2333e6ca6/p/lib/librsvg-2.a(gmain.c.o):(.text+0x4f40): first defined here
/usr/bin/ld: /home/uilian/.conan2/p/b/librs336a2333e6ca6/p/lib/librsvg-2.a(gmain.c.o): in function `g_main_context_set_poll_func':
gmain.c:(.text+0x65b0): multiple definition of `g_main_context_set_poll_func'; /home/uilian/.conan2/p/b/librs336a2333e6ca6/p/lib/librsvg-2.a(gmain.c.o):(.text+0x50a0): first defined here
/usr/bin/ld: /home/uilian/.conan2/p/b/librs336a2333e6ca6/p/lib/librsvg-2.a(gmain.c.o): in function `g_main_context_get_poll_func':
gmain.c:(.text+0x6630): multiple definition of `g_main_context_get_poll_func'; /home/uilian/.conan2/p/b/librs336a2333e6ca6/p/lib/librsvg-2.a(gmain.c.o):(.text+0x5120): first defined here
/usr/bin/ld: /home/uilian/.conan2/p/b/librs336a2333e6ca6/p/lib/librsvg-2.a(gmain.c.o): in function `g_main_context_wakeup':
gmain.c:(.text+0x66b0): multiple definition of `g_main_context_wakeup'; /home/uilian/.conan2/p/b/librs336a2333e6ca6/p/lib/librsvg-2.a(gmain.c.o):(.text+0x51a0): first defined here
/usr/bin/ld: /home/uilian/.conan2/p/b/librs336a2333e6ca6/p/lib/librsvg-2.a(gmain.c.o): in function `g_source_modify_unix_fd':
gmain.c:(.text+0x6700): multiple definition of `g_source_modify_unix_fd'; /home/uilian/.conan2/p/b/librs336a2333e6ca6/p/lib/librsvg-2.a(gmain.c.o):(.text+0x5200): first defined here
/usr/bin/ld: /home/uilian/.conan2/p/b/librs336a2333e6ca6/p/lib/librsvg-2.a(gmain.c.o): in function `g_main_context_is_owner':
gmain.c:(.text+0x6800): multiple definition of `g_main_context_is_owner'; /home/uilian/.conan2/p/b/librs336a2333e6ca6/p/lib/librsvg-2.a(gmain.c.o):(.text+0x52b0): first defined here
/usr/bin/ld: /home/uilian/.conan2/p/b/librs336a2333e6ca6/p/lib/librsvg-2.a(gmain.c.o): in function `g_timeout_source_new':
gmain.c:(.text+0x6850): multiple definition of `g_timeout_source_new'; /home/uilian/.conan2/p/b/librs336a2333e6ca6/p/lib/librsvg-2.a(gmain.c.o):(.text+0x5300): first defined here
/usr/bin/ld: /home/uilian/.conan2/p/b/librs336a2333e6ca6/p/lib/librsvg-2.a(gmain.c.o):(.data.rel.local+0xe0): multiple definition of `g_timeout_funcs'; /home/uilian/.conan2/p/b/librs336a2333e6ca6/p/lib/librsvg-2.a(gmain.c.o):(.data.rel.local+0xe0): first defined here
/usr/bin/ld: /home/uilian/.conan2/p/b/librs336a2333e6ca6/p/lib/librsvg-2.a(gmain.c.o): in function `g_timeout_source_new_seconds':
gmain.c:(.text+0x69b0): multiple definition of `g_timeout_source_new_seconds'; /home/uilian/.conan2/p/b/librs336a2333e6ca6/p/lib/librsvg-2.a(gmain.c.o):(.text+0x5340): first defined here
/usr/bin/ld: /home/uilian/.conan2/p/b/librs336a2333e6ca6/p/lib/librsvg-2.a(gmain.c.o): in function `g_timeout_add_full':
gmain.c:(.text+0x6b10): multiple definition of `g_timeout_add_full'; /home/uilian/.conan2/p/b/librs336a2333e6ca6/p/lib/librsvg-2.a(gmain.c.o):(.text+0x5390): first defined here
/usr/bin/ld: /home/uilian/.conan2/p/b/librs336a2333e6ca6/p/lib/librsvg-2.a(gmain.c.o): in function `g_timeout_add':
gmain.c:(.text+0x6be0): multiple definition of `g_timeout_add'; /home/uilian/.conan2/p/b/librs336a2333e6ca6/p/lib/librsvg-2.a(gmain.c.o):(.text+0x5430): first defined here
/usr/bin/ld: /home/uilian/.conan2/p/b/librs336a2333e6ca6/p/lib/librsvg-2.a(gmain.c.o): in function `g_timeout_add_seconds_full':
gmain.c:(.text+0x6cb0): multiple definition of `g_timeout_add_seconds_full'; /home/uilian/.conan2/p/b/librs336a2333e6ca6/p/lib/librsvg-2.a(gmain.c.o):(.text+0x5450): first defined here
/usr/bin/ld: /home/uilian/.conan2/p/b/librs336a2333e6ca6/p/lib/librsvg-2.a(gmain.c.o): in function `g_timeout_add_seconds':
gmain.c:(.text+0x6d80): multiple definition of `g_timeout_add_seconds'; /home/uilian/.conan2/p/b/librs336a2333e6ca6/p/lib/librsvg-2.a(gmain.c.o):(.text+0x54f0): first defined here
/usr/bin/ld: /home/uilian/.conan2/p/b/librs336a2333e6ca6/p/lib/librsvg-2.a(gmain.c.o): in function `g_idle_source_new':
gmain.c:(.text+0x6e80): multiple definition of `g_idle_source_new'; /home/uilian/.conan2/p/b/librs336a2333e6ca6/p/lib/librsvg-2.a(gmain.c.o):(.text+0x5540): first defined here
/usr/bin/ld: /home/uilian/.conan2/p/b/librs336a2333e6ca6/p/lib/librsvg-2.a(gmain.c.o):(.data.rel.local+0x60): multiple definition of `g_idle_funcs'; /home/uilian/.conan2/p/b/librs336a2333e6ca6/p/lib/librsvg-2.a(gmain.c.o):(.data.rel.local+0x60): first defined here
/usr/bin/ld: /home/uilian/.conan2/p/b/librs336a2333e6ca6/p/lib/librsvg-2.a(gmain.c.o): in function `g_idle_add_full':
gmain.c:(.text+0x6ec0): multiple definition of `g_idle_add_full'; /home/uilian/.conan2/p/b/librs336a2333e6ca6/p/lib/librsvg-2.a(gmain.c.o):(.text+0x5580): first defined here
/usr/bin/ld: /home/uilian/.conan2/p/b/librs336a2333e6ca6/p/lib/librsvg-2.a(gmain.c.o): in function `g_idle_add':
gmain.c:(.text+0x6f90): multiple definition of `g_idle_add'; /home/uilian/.conan2/p/b/librs336a2333e6ca6/p/lib/librsvg-2.a(gmain.c.o):(.text+0x5630): first defined here
/usr/bin/ld: /home/uilian/.conan2/p/b/librs336a2333e6ca6/p/lib/librsvg-2.a(gmain.c.o): in function `g_idle_remove_by_data':
gmain.c:(.text+0x7050): multiple definition of `g_idle_remove_by_data'; /home/uilian/.conan2/p/b/librs336a2333e6ca6/p/lib/librsvg-2.a(gmain.c.o):(.text+0x5650): first defined here
/usr/bin/ld: /home/uilian/.conan2/p/b/librs336a2333e6ca6/p/lib/librsvg-2.a(gmain.c.o): in function `g_main_context_invoke_full':
gmain.c:(.text+0x7060): multiple definition of `g_main_context_invoke_full'; /home/uilian/.conan2/p/b/librs336a2333e6ca6/p/lib/librsvg-2.a(gmain.c.o):(.text+0x5670): first defined here
/usr/bin/ld: /home/uilian/.conan2/p/b/librs336a2333e6ca6/p/lib/librsvg-2.a(gmain.c.o): in function `g_main_context_invoke':
gmain.c:(.text+0x71b0): multiple definition of `g_main_context_invoke'; /home/uilian/.conan2/p/b/librs336a2333e6ca6/p/lib/librsvg-2.a(gmain.c.o):(.text+0x57c0): first defined here
/usr/bin/ld: /home/uilian/.conan2/p/b/librs336a2333e6ca6/p/lib/librsvg-2.a(gmain.c.o): in function `g_get_worker_context':
gmain.c:(.text+0x71c0): multiple definition of `g_get_worker_context'; /home/uilian/.conan2/p/b/librs336a2333e6ca6/p/lib/librsvg-2.a(gmain.c.o):(.text+0x57e0): first defined here
/usr/bin/ld: /home/uilian/.conan2/p/b/librs336a2333e6ca6/p/lib/librsvg-2.a(gmain.c.o): in function `g_child_watch_source_new':
gmain.c:(.text+0x7280): multiple definition of `g_child_watch_source_new'; /home/uilian/.conan2/p/b/librs336a2333e6ca6/p/lib/librsvg-2.a(gmain.c.o):(.text+0x5b20): first defined here
/usr/bin/ld: /home/uilian/.conan2/p/b/librs336a2333e6ca6/p/lib/librsvg-2.a(gmain.c.o):(.data.rel.local+0xa0): multiple definition of `g_child_watch_funcs'; /home/uilian/.conan2/p/b/librs336a2333e6ca6/p/lib/librsvg-2.a(gmain.c.o):(.data.rel.local+0xa0): first defined here
/usr/bin/ld: /home/uilian/.conan2/p/b/librs336a2333e6ca6/p/lib/librsvg-2.a(gmain.c.o): in function `g_child_watch_add_full':
gmain.c:(.text+0x7400): multiple definition of `g_child_watch_add_full'; /home/uilian/.conan2/p/b/librs336a2333e6ca6/p/lib/librsvg-2.a(gmain.c.o):(.text+0x5c70): first defined here
/usr/bin/ld: /home/uilian/.conan2/p/b/librs336a2333e6ca6/p/lib/librsvg-2.a(gmain.c.o): in function `g_child_watch_add':
gmain.c:(.text+0x74c0): multiple definition of `g_child_watch_add'; /home/uilian/.conan2/p/b/librs336a2333e6ca6/p/lib/librsvg-2.a(gmain.c.o):(.text+0x5d40): first defined here
/usr/bin/ld: /home/uilian/.conan2/p/b/librs336a2333e6ca6/p/lib/librsvg-2.a(gmain.c.o): in function `_g_main_create_unix_signal_watch':
gmain.c:(.text+0x74e0): multiple definition of `_g_main_create_unix_signal_watch'; /home/uilian/.conan2/p/b/librs336a2333e6ca6/p/lib/librsvg-2.a(gmain.c.o):(.text+0x58c0): first defined here
/usr/bin/ld: /home/uilian/.conan2/p/b/librs336a2333e6ca6/p/lib/librsvg-2.a(gmain.c.o):(.data.rel.local+0x120): multiple definition of `g_unix_signal_funcs'; /home/uilian/.conan2/p/b/librs336a2333e6ca6/p/lib/librsvg-2.a(gmain.c.o):(.data.rel.local+0x120): first defined here
/usr/bin/ld: /home/uilian/.conan2/p/b/librs336a2333e6ca6/p/lib/librsvg-2.a(libharfbuzz_la-hb-aat-layout.o): in function `AAT::hb_aat_apply_context_t::hb_aat_apply_context_t(hb_ot_shape_plan_t const*, hb_font_t*, hb_buffer_t*, hb_blob_t*)':
(.text+0x40): multiple definition of `AAT::hb_aat_apply_context_t::hb_aat_apply_context_t(hb_ot_shape_plan_t const*, hb_font_t*, hb_buffer_t*, hb_blob_t*)'; /home/uilian/.conan2/p/b/librs336a2333e6ca6/p/lib/librsvg-2.a(hb-aat-layout.cc.o):hb-aat-layout.cc:(.text+0x1110): first defined here
/usr/bin/ld: /home/uilian/.conan2/p/b/librs336a2333e6ca6/p/lib/librsvg-2.a(libharfbuzz_la-hb-aat-layout.o): in function `AAT::hb_aat_apply_context_t::hb_aat_apply_context_t(hb_ot_shape_plan_t const*, hb_font_t*, hb_buffer_t*, hb_blob_t*)':
(.text+0x40): multiple definition of `AAT::hb_aat_apply_context_t::hb_aat_apply_context_t(hb_ot_shape_plan_t const*, hb_font_t*, hb_buffer_t*, hb_blob_t*)'; /home/uilian/.conan2/p/b/librs336a2333e6ca6/p/lib/librsvg-2.a(hb-aat-layout.cc.o):hb-aat-layout.cc:(.text+0x1110): first defined here
/usr/bin/ld: /home/uilian/.conan2/p/b/librs336a2333e6ca6/p/lib/librsvg-2.a(libharfbuzz_la-hb-aat-layout.o): in function `AAT::hb_aat_apply_context_t::~hb_aat_apply_context_t()':
(.text+0x120): multiple definition of `AAT::hb_aat_apply_context_t::~hb_aat_apply_context_t()'; /home/uilian/.conan2/p/b/librs336a2333e6ca6/p/lib/librsvg-2.a(hb-aat-layout.cc.o):hb-aat-layout.cc:(.text+0x290): first defined here
/usr/bin/ld: /home/uilian/.conan2/p/b/librs336a2333e6ca6/p/lib/librsvg-2.a(libharfbuzz_la-hb-aat-layout.o): in function `AAT::hb_aat_apply_context_t::~hb_aat_apply_context_t()':
(.text+0x120): multiple definition of `AAT::hb_aat_apply_context_t::~hb_aat_apply_context_t()'; /home/uilian/.conan2/p/b/librs336a2333e6ca6/p/lib/librsvg-2.a(hb-aat-layout.cc.o):hb-aat-layout.cc:(.text+0x290): first defined here
/usr/bin/ld: /home/uilian/.conan2/p/b/librs336a2333e6ca6/p/lib/librsvg-2.a(libharfbuzz_la-hb-aat-layout.o): in function `AAT::hb_aat_apply_context_t::set_ankr_table(AAT::ankr const*)':
(.text+0x130): multiple definition of `AAT::hb_aat_apply_context_t::set_ankr_table(AAT::ankr const*)'; /home/uilian/.conan2/p/b/librs336a2333e6ca6/p/lib/librsvg-2.a(hb-aat-layout.cc.o):hb-aat-layout.cc:(.text+0x2a0): first defined here
/usr/bin/ld: /home/uilian/.conan2/p/b/librs336a2333e6ca6/p/lib/librsvg-2.a(libharfbuzz_la-hb-aat-layout.o): in function `hb_aat_layout_find_feature_mapping(unsigned int)':
(.text+0x140): multiple definition of `hb_aat_layout_find_feature_mapping(unsigned int)'; /home/uilian/.conan2/p/b/librs336a2333e6ca6/p/lib/librsvg-2.a(hb-aat-layout.cc.o):hb-aat-layout.cc:(.text+0x2b0): first defined here
/usr/bin/ld: /home/uilian/.conan2/p/b/librs336a2333e6ca6/p/lib/librsvg-2.a(libharfbuzz_la-hb-aat-layout.o): in function `hb_aat_layout_remove_deleted_glyphs(hb_buffer_t*)':
(.text+0x1f0): multiple definition of `hb_aat_layout_remove_deleted_glyphs(hb_buffer_t*)'; /home/uilian/.conan2/p/b/librs336a2333e6ca6/p/lib/librsvg-2.a(hb-aat-layout.cc.o):hb-aat-layout.cc:(.text+0x310): first defined here
/usr/bin/ld: /home/uilian/.conan2/p/b/librs336a2333e6ca6/p/lib/librsvg-2.a(libharfbuzz_la-hb-aat-layout.o): in function `hb_aat_layout_has_tracking':
(.text+0x200): multiple definition of `hb_aat_layout_has_tracking'; /home/uilian/.conan2/p/b/librs336a2333e6ca6/p/lib/librsvg-2.a(hb-aat-layout.cc.o):hb-aat-layout.cc:(.text+0x330): first defined here
/usr/bin/ld: /home/uilian/.conan2/p/b/librs336a2333e6ca6/p/lib/librsvg-2.a(libharfbuzz_la-hb-aat-layout.o): in function `hb_aat_layout_track(hb_ot_shape_plan_t const*, hb_font_t*, hb_buffer_t*)':
(.text+0x4d0): multiple definition of `hb_aat_layout_track(hb_ot_shape_plan_t const*, hb_font_t*, hb_buffer_t*)'; /home/uilian/.conan2/p/b/librs336a2333e6ca6/p/lib/librsvg-2.a(hb-aat-layout.cc.o):hb-aat-layout.cc:(.text+0x1270): first defined here
/usr/bin/ld: /home/uilian/.conan2/p/b/librs336a2333e6ca6/p/lib/librsvg-2.a(libharfbuzz_la-hb-aat-layout.o): in function `hb_aat_layout_feature_type_get_name_id':
(.text+0xbb0): multiple definition of `hb_aat_layout_feature_type_get_name_id'; /home/uilian/.conan2/p/b/librs336a2333e6ca6/p/lib/librsvg-2.a(hb-aat-layout.cc.o):hb-aat-layout.cc:(.text+0x990): first defined here
/usr/bin/ld: /home/uilian/.conan2/p/b/librs336a2333e6ca6/p/lib/librsvg-2.a(libharfbuzz_la-hb-aat-layout.o): in function `hb_aat_layout_feature_type_get_selector_infos':
(.text+0xc30): multiple definition of `hb_aat_layout_feature_type_get_selector_infos'; /home/uilian/.conan2/p/b/librs336a2333e6ca6/p/lib/librsvg-2.a(hb-aat-layout.cc.o):hb-aat-layout.cc:(.text+0xc40): first defined here
/usr/bin/ld: /home/uilian/.conan2/p/b/librs336a2333e6ca6/p/lib/librsvg-2.a(libharfbuzz_la-hb-aat-layout.o): in function `hb_aat_layout_get_feature_types':
(.text+0xe00): multiple definition of `hb_aat_layout_get_feature_types'; /home/uilian/.conan2/p/b/librs336a2333e6ca6/p/lib/librsvg-2.a(hb-aat-layout.cc.o):hb-aat-layout.cc:(.text+0x6b0): first defined here
/usr/bin/ld: /home/uilian/.conan2/p/b/librs336a2333e6ca6/p/lib/librsvg-2.a(libharfbuzz_la-hb-aat-layout.o): in function `hb_aat_layout_has_positioning':
(.text+0xee0): multiple definition of `hb_aat_layout_has_positioning'; /home/uilian/.conan2/p/b/librs336a2333e6ca6/p/lib/librsvg-2.a(hb-aat-layout.cc.o):hb-aat-layout.cc:(.text+0x1580): first defined here
/usr/bin/ld: /home/uilian/.conan2/p/b/librs336a2333e6ca6/p/lib/librsvg-2.a(libharfbuzz_la-hb-aat-layout.o): in function `hb_aat_layout_position(hb_ot_shape_plan_t const*, hb_font_t*, hb_buffer_t*)':
(.text+0xf20): multiple definition of `hb_aat_layout_position(hb_ot_shape_plan_t const*, hb_font_t*, hb_buffer_t*)'; /home/uilian/.conan2/p/b/librs336a2333e6ca6/p/lib/librsvg-2.a(hb-aat-layout.cc.o):hb-aat-layout.cc:(.text+0x16b0): first defined here
/usr/bin/ld: /home/uilian/.conan2/p/b/librs336a2333e6ca6/p/lib/librsvg-2.a(libharfbuzz_la-hb-aat-layout.o): in function `hb_aat_layout_compile_map(hb_aat_map_builder_t const*, hb_aat_map_t*)':
(.text+0x1840): multiple definition of `hb_aat_layout_compile_map(hb_aat_map_builder_t const*, hb_aat_map_t*)'; /home/uilian/.conan2/p/b/librs336a2333e6ca6/p/lib/librsvg-2.a(hb-aat-layout.cc.o):hb-aat-layout.cc:(.text+0x2a00): first defined here
/usr/bin/ld: /home/uilian/.conan2/p/b/librs336a2333e6ca6/p/lib/librsvg-2.a(libharfbuzz_la-hb-aat-layout.o): in function `hb_aat_layout_has_substitution':
(.text+0x1ee0): multiple definition of `hb_aat_layout_has_substitution'; /home/uilian/.conan2/p/b/librs336a2333e6ca6/p/lib/librsvg-2.a(hb-aat-layout.cc.o):hb-aat-layout.cc:(.text+0x37e0): first defined here
/usr/bin/ld: /home/uilian/.conan2/p/b/librs336a2333e6ca6/p/lib/librsvg-2.a(libharfbuzz_la-hb-aat-map.o): in function `hb_aat_map_builder_t::compile(hb_aat_map_t&)':
(.text+0x530): multiple definition of `hb_aat_map_builder_t::compile(hb_aat_map_t&)'; /home/uilian/.conan2/p/b/librs336a2333e6ca6/p/lib/librsvg-2.a(hb-aat-map.cc.o):hb-aat-map.cc:(.text+0x30f0): first defined here
/usr/bin/ld: /home/uilian/.conan2/p/b/librs336a2333e6ca6/p/lib/librsvg-2.a(libharfbuzz_la-hb-buffer.o): in function `hb_segment_properties_equal':
(.text+0x30): multiple definition of `hb_segment_properties_equal'; /home/uilian/.conan2/p/b/librs336a2333e6ca6/p/lib/librsvg-2.a(hb-buffer.cc.o):hb-buffer.cc:(.text+0x0): first defined here
/usr/bin/ld: /home/uilian/.conan2/p/b/librs336a2333e6ca6/p/lib/librsvg-2.a(libharfbuzz_la-hb-buffer.o): in function `hb_segment_properties_hash':
(.text+0x70): multiple definition of `hb_segment_properties_hash'; /home/uilian/.conan2/p/b/librs336a2333e6ca6/p/lib/librsvg-2.a(hb-buffer.cc.o):hb-buffer.cc:(.text+0x40): first defined here
/usr/bin/ld: /home/uilian/.conan2/p/b/librs336a2333e6ca6/p/lib/librsvg-2.a(libharfbuzz_la-hb-buffer.o): in function `hb_buffer_t::enlarge(unsigned int)':
(.text+0x80): multiple definition of `hb_buffer_t::enlarge(unsigned int)'; /home/uilian/.conan2/p/b/librs336a2333e6ca6/p/lib/librsvg-2.a(hb-buffer.cc.o):hb-buffer.cc:(.text+0xb0): first defined here
/usr/bin/ld: /home/uilian/.conan2/p/b/librs336a2333e6ca6/p/lib/librsvg-2.a(libharfbuzz_la-hb-buffer.o): in function `hb_buffer_t::make_room_for(unsigned int, unsigned int)':
(.text+0x180): multiple definition of `hb_buffer_t::make_room_for(unsigned int, unsigned int)'; /home/uilian/.conan2/p/b/librs336a2333e6ca6/p/lib/librsvg-2.a(hb-buffer.cc.o):hb-buffer.cc:(.text+0x1e0): first defined here
/usr/bin/ld: /home/uilian/.conan2/p/b/librs336a2333e6ca6/p/lib/librsvg-2.a(libharfbuzz_la-hb-buffer.o): in function `hb_buffer_t::shift_forward(unsigned int)':
(.text+0x250): multiple definition of `hb_buffer_t::shift_forward(unsigned int)'; /home/uilian/.conan2/p/b/librs336a2333e6ca6/p/lib/librsvg-2.a(hb-buffer.cc.o):hb-buffer.cc:(.text+0x260): first defined here
/usr/bin/ld: /home/uilian/.conan2/p/b/librs336a2333e6ca6/p/lib/librsvg-2.a(libharfbuzz_la-hb-buffer.o): in function `hb_buffer_t::get_scratch_buffer(unsigned int*)':
(.text+0x330): multiple definition of `hb_buffer_t::get_scratch_buffer(unsigned int*)'; /home/uilian/.conan2/p/b/librs336a2333e6ca6/p/lib/librsvg-2.a(hb-buffer.cc.o):hb-buffer.cc:(.text+0x340): first defined here
/usr/bin/ld: /home/uilian/.conan2/p/b/librs336a2333e6ca6/p/lib/librsvg-2.a(libharfbuzz_la-hb-buffer.o): in function `hb_buffer_t::clear()':
(.text+0x390): multiple definition of `hb_buffer_t::clear()'; /home/uilian/.conan2/p/b/librs336a2333e6ca6/p/lib/librsvg-2.a(hb-buffer.cc.o):hb-buffer.cc:(.text+0x470): first defined here
/usr/bin/ld: /home/uilian/.conan2/p/b/librs336a2333e6ca6/p/lib/librsvg-2.a(libharfbuzz_la-hb-buffer.o): in function `hb_buffer_t::reset()':
(.text+0x430): multiple definition of `hb_buffer_t::reset()'; /home/uilian/.conan2/p/b/librs336a2333e6ca6/p/lib/librsvg-2.a(hb-buffer.cc.o):hb-buffer.cc:(.text+0x3b0): first defined here
/usr/bin/ld: /home/uilian/.conan2/p/b/librs336a2333e6ca6/p/lib/librsvg-2.a(libharfbuzz_la-hb-buffer.o): in function `hb_buffer_t::add(unsigned int, unsigned int)':
(.text+0x480): multiple definition of `hb_buffer_t::add(unsigned int, unsigned int)'; /home/uilian/.conan2/p/b/librs336a2333e6ca6/p/lib/librsvg-2.a(hb-buffer.cc.o):hb-buffer.cc:(.text+0x560): first defined here
/usr/bin/ld: /home/uilian/.conan2/p/b/librs336a2333e6ca6/p/lib/librsvg-2.a(libharfbuzz_la-hb-buffer.o): in function `hb_buffer_t::add_info(hb_glyph_info_t const&)':
(.text+0x4f0): multiple definition of `hb_buffer_t::add_info(hb_glyph_info_t const&)'; /home/uilian/.conan2/p/b/librs336a2333e6ca6/p/lib/librsvg-2.a(hb-buffer.cc.o):hb-buffer.cc:(.text+0x5d0): first defined here
/usr/bin/ld: /home/uilian/.conan2/p/b/librs336a2333e6ca6/p/lib/librsvg-2.a(libharfbuzz_la-hb-buffer.o): in function `hb_buffer_t::clear_output()':
(.text+0x580): multiple definition of `hb_buffer_t::clear_output()'; /home/uilian/.conan2/p/b/librs336a2333e6ca6/p/lib/librsvg-2.a(hb-buffer.cc.o):hb-buffer.cc:(.text+0x6c0): first defined here
/usr/bin/ld: /home/uilian/.conan2/p/b/librs336a2333e6ca6/p/lib/librsvg-2.a(libharfbuzz_la-hb-buffer.o): in function `hb_buffer_t::clear_positions()':
(.text+0x5b0): multiple definition of `hb_buffer_t::clear_positions()'; /home/uilian/.conan2/p/b/librs336a2333e6ca6/p/lib/librsvg-2.a(hb-buffer.cc.o):hb-buffer.cc:(.text+0x6e0): first defined here
/usr/bin/ld: /home/uilian/.conan2/p/b/librs336a2333e6ca6/p/lib/librsvg-2.a(libharfbuzz_la-hb-buffer.o): in function `hb_buffer_t::move_to(unsigned int)':
(.text+0x670): multiple definition of `hb_buffer_t::move_to(unsigned int)'; /home/uilian/.conan2/p/b/librs336a2333e6ca6/p/lib/librsvg-2.a(hb-buffer.cc.o):hb-buffer.cc:(.text+0x960): first defined here
/usr/bin/ld: /home/uilian/.conan2/p/b/librs336a2333e6ca6/p/lib/librsvg-2.a(libharfbuzz_la-hb-buffer.o): in function `hb_buffer_t::set_masks(unsigned int, unsigned int, unsigned int, unsigned int)':
(.text+0x820): multiple definition of `hb_buffer_t::set_masks(unsigned int, unsigned int, unsigned int, unsigned int)'; /home/uilian/.conan2/p/b/librs336a2333e6ca6/p/lib/librsvg-2.a(hb-buffer.cc.o):hb-buffer.cc:(.text+0xae0): first defined here
/usr/bin/ld: /home/uilian/.conan2/p/b/librs336a2333e6ca6/p/lib/librsvg-2.a(libharfbuzz_la-hb-buffer.o): in function `hb_buffer_t::merge_out_clusters(unsigned int, unsigned int)':
(.text+0xa80): multiple definition of `hb_buffer_t::merge_out_clusters(unsigned int, unsigned int)'; /home/uilian/.conan2/p/b/librs336a2333e6ca6/p/lib/librsvg-2.a(hb-buffer.cc.o):hb-buffer.cc:(.text+0xfa0): first defined here
/usr/bin/ld: /home/uilian/.conan2/p/b/librs336a2333e6ca6/p/lib/librsvg-2.a(libharfbuzz_la-hb-buffer.o): in function `hb_buffer_t::merge_clusters_impl(unsigned int, unsigned int)':
(.text+0xdd0): multiple definition of `hb_buffer_t::merge_clusters_impl(unsigned int, unsigned int)'; /home/uilian/.conan2/p/b/librs336a2333e6ca6/p/lib/librsvg-2.a(hb-buffer.cc.o):hb-buffer.cc:(.text+0xba0): first defined here
/usr/bin/ld: /home/uilian/.conan2/p/b/librs336a2333e6ca6/p/lib/librsvg-2.a(libharfbuzz_la-hb-buffer.o): in function `hb_buffer_t::delete_glyph()':
(.text+0x1060): multiple definition of `hb_buffer_t::delete_glyph()'; /home/uilian/.conan2/p/b/librs336a2333e6ca6/p/lib/librsvg-2.a(hb-buffer.cc.o):hb-buffer.cc:(.text+0x1180): first defined here
/usr/bin/ld: /home/uilian/.conan2/p/b/librs336a2333e6ca6/p/lib/librsvg-2.a(libharfbuzz_la-hb-buffer.o): in function `hb_buffer_t::guess_segment_properties()':
(.text+0x1510): multiple definition of `hb_buffer_t::guess_segment_properties()'; /home/uilian/.conan2/p/b/librs336a2333e6ca6/p/lib/librsvg-2.a(hb-buffer.cc.o):hb-buffer.cc:(.text+0x13c0): first defined here
/usr/bin/ld: /home/uilian/.conan2/p/b/librs336a2333e6ca6/p/lib/librsvg-2.a(libharfbuzz_la-hb-buffer.o): in function `hb_buffer_create':
(.text+0x15e0): multiple definition of `hb_buffer_create'; /home/uilian/.conan2/p/b/librs336a2333e6ca6/p/lib/librsvg-2.a(hb-buffer.cc.o):hb-buffer.cc:(.text+0x1550): first defined here
/usr/bin/ld: /home/uilian/.conan2/p/b/librs336a2333e6ca6/p/lib/librsvg-2.a(libharfbuzz_la-hb-buffer.o):(.data.rel.local+0x0): multiple definition of `_hb_Null_hb_buffer_t'; /home/uilian/.conan2/p/b/librs336a2333e6ca6/p/lib/librsvg-2.a(hb-buffer.cc.o):(.data.rel.local+0x0): first defined here
/usr/bin/ld: /home/uilian/.conan2/p/b/librs336a2333e6ca6/p/lib/librsvg-2.a(libharfbuzz_la-hb-buffer.o): in function `hb_buffer_get_empty':
(.text+0x1640): multiple definition of `hb_buffer_get_empty'; /home/uilian/.conan2/p/b/librs336a2333e6ca6/p/lib/librsvg-2.a(hb-buffer.cc.o):hb-buffer.cc:(.text+0x1540): first defined here
/usr/bin/ld: /home/uilian/.conan2/p/b/librs336a2333e6ca6/p/lib/librsvg-2.a(libharfbuzz_la-hb-buffer.o): in function `hb_buffer_reference':
(.text+0x1650): multiple definition of `hb_buffer_reference'; /home/uilian/.conan2/p/b/librs336a2333e6ca6/p/lib/librsvg-2.a(hb-buffer.cc.o):hb-buffer.cc:(.text+0x16b0): first defined here
/usr/bin/ld: /home/uilian/.conan2/p/b/librs336a2333e6ca6/p/lib/librsvg-2.a(libharfbuzz_la-hb-buffer.o): in function `hb_buffer_destroy':
(.text+0x16a0): multiple definition of `hb_buffer_destroy'; /home/uilian/.conan2/p/b/librs336a2333e6ca6/p/lib/librsvg-2.a(hb-buffer.cc.o):hb-buffer.cc:(.text+0x16d0): first defined here
/usr/bin/ld: /home/uilian/.conan2/p/b/librs336a2333e6ca6/p/lib/librsvg-2.a(libharfbuzz_la-hb-buffer.o): in function `hb_buffer_set_user_data':
(.text+0x1820): multiple definition of `hb_buffer_set_user_data'; /home/uilian/.conan2/p/b/librs336a2333e6ca6/p/lib/librsvg-2.a(hb-buffer.cc.o):hb-buffer.cc:(.text+0x1840): first defined here
/usr/bin/ld: /home/uilian/.conan2/p/b/librs336a2333e6ca6/p/lib/librsvg-2.a(libharfbuzz_la-hb-buffer.o): in function `hb_buffer_get_user_data':
(.text+0x1a00): multiple definition of `hb_buffer_get_user_data'; /home/uilian/.conan2/p/b/librs336a2333e6ca6/p/lib/librsvg-2.a(hb-buffer.cc.o):hb-buffer.cc:(.text+0x1c70): first defined here
/usr/bin/ld: /home/uilian/.conan2/p/b/librs336a2333e6ca6/p/lib/librsvg-2.a(libharfbuzz_la-hb-buffer.o): in function `hb_buffer_set_content_type':
(.text+0x1a60): multiple definition of `hb_buffer_set_content_type'; /home/uilian/.conan2/p/b/librs336a2333e6ca6/p/lib/librsvg-2.a(hb-buffer.cc.o):hb-buffer.cc:(.text+0x1d00): first defined here
/usr/bin/ld: /home/uilian/.conan2/p/b/librs336a2333e6ca6/p/lib/librsvg-2.a(libharfbuzz_la-hb-buffer.o): in function `hb_buffer_get_content_type':
(.text+0x1a70): multiple definition of `hb_buffer_get_content_type'; /home/uilian/.conan2/p/b/librs336a2333e6ca6/p/lib/librsvg-2.a(hb-buffer.cc.o):hb-buffer.cc:(.text+0x1d10): first defined here
/usr/bin/ld: /home/uilian/.conan2/p/b/librs336a2333e6ca6/p/lib/librsvg-2.a(libharfbuzz_la-hb-buffer.o): in function `hb_buffer_set_unicode_funcs':
(.text+0x1a80): multiple definition of `hb_buffer_set_unicode_funcs'; /home/uilian/.conan2/p/b/librs336a2333e6ca6/p/lib/librsvg-2.a(hb-buffer.cc.o):hb-buffer.cc:(.text+0x1d20): first defined here
/usr/bin/ld: /home/uilian/.conan2/p/b/librs336a2333e6ca6/p/lib/librsvg-2.a(libharfbuzz_la-hb-buffer.o): in function `hb_buffer_get_unicode_funcs':
(.text+0x1ae0): multiple definition of `hb_buffer_get_unicode_funcs'; /home/uilian/.conan2/p/b/librs336a2333e6ca6/p/lib/librsvg-2.a(hb-buffer.cc.o):hb-buffer.cc:(.text+0x1d70): first defined here
/usr/bin/ld: /home/uilian/.conan2/p/b/librs336a2333e6ca6/p/lib/librsvg-2.a(libharfbuzz_la-hb-buffer.o): in function `hb_buffer_set_direction':
(.text+0x1af0): multiple definition of `hb_buffer_set_direction'; /home/uilian/.conan2/p/b/librs336a2333e6ca6/p/lib/librsvg-2.a(hb-buffer.cc.o):hb-buffer.cc:(.text+0x1d80): first defined here
/usr/bin/ld: /home/uilian/.conan2/p/b/librs336a2333e6ca6/p/lib/librsvg-2.a(libharfbuzz_la-hb-buffer.o): in function `hb_buffer_get_direction':
(.text+0x1b00): multiple definition of `hb_buffer_get_direction'; /home/uilian/.conan2/p/b/librs336a2333e6ca6/p/lib/librsvg-2.a(hb-buffer.cc.o):hb-buffer.cc:(.text+0x1d90): first defined here
/usr/bin/ld: /home/uilian/.conan2/p/b/librs336a2333e6ca6/p/lib/librsvg-2.a(libharfbuzz_la-hb-buffer.o): in function `hb_buffer_set_script':
(.text+0x1b10): multiple definition of `hb_buffer_set_script'; /home/uilian/.conan2/p/b/librs336a2333e6ca6/p/lib/librsvg-2.a(hb-buffer.cc.o):hb-buffer.cc:(.text+0x1da0): first defined here
/usr/bin/ld: /home/uilian/.conan2/p/b/librs336a2333e6ca6/p/lib/librsvg-2.a(libharfbuzz_la-hb-buffer.o): in function `hb_buffer_get_script':
(.text+0x1b20): multiple definition of `hb_buffer_get_script'; /home/uilian/.conan2/p/b/librs336a2333e6ca6/p/lib/librsvg-2.a(hb-buffer.cc.o):hb-buffer.cc:(.text+0x1db0): first defined here
/usr/bin/ld: /home/uilian/.conan2/p/b/librs336a2333e6ca6/p/lib/librsvg-2.a(libharfbuzz_la-hb-buffer.o): in function `hb_buffer_set_language':
(.text+0x1b30): multiple definition of `hb_buffer_set_language'; /home/uilian/.conan2/p/b/librs336a2333e6ca6/p/lib/librsvg-2.a(hb-buffer.cc.o):hb-buffer.cc:(.text+0x1dc0): first defined here
/usr/bin/ld: /home/uilian/.conan2/p/b/librs336a2333e6ca6/p/lib/librsvg-2.a(libharfbuzz_la-hb-buffer.o): in function `hb_buffer_get_language':
(.text+0x1b40): multiple definition of `hb_buffer_get_language'; /home/uilian/.conan2/p/b/librs336a2333e6ca6/p/lib/librsvg-2.a(hb-buffer.cc.o):hb-buffer.cc:(.text+0x1dd0): first defined here
/usr/bin/ld: /home/uilian/.conan2/p/b/librs336a2333e6ca6/p/lib/librsvg-2.a(libharfbuzz_la-hb-buffer.o): in function `hb_buffer_set_segment_properties':
(.text+0x1b50): multiple definition of `hb_buffer_set_segment_properties'; /home/uilian/.conan2/p/b/librs336a2333e6ca6/p/lib/librsvg-2.a(hb-buffer.cc.o):hb-buffer.cc:(.text+0x1de0): first defined here
/usr/bin/ld: /home/uilian/.conan2/p/b/librs336a2333e6ca6/p/lib/librsvg-2.a(libharfbuzz_la-hb-buffer.o): in function `hb_buffer_get_segment_properties':
(.text+0x1b70): multiple definition of `hb_buffer_get_segment_properties'; /home/uilian/.conan2/p/b/librs336a2333e6ca6/p/lib/librsvg-2.a(hb-buffer.cc.o):hb-buffer.cc:(.text+0x1e00): first defined here
/usr/bin/ld: /home/uilian/.conan2/p/b/librs336a2333e6ca6/p/lib/librsvg-2.a(libharfbuzz_la-hb-buffer.o): in function `hb_buffer_set_flags':
(.text+0x1b90): multiple definition of `hb_buffer_set_flags'; /home/uilian/.conan2/p/b/librs336a2333e6ca6/p/lib/librsvg-2.a(hb-buffer.cc.o):hb-buffer.cc:(.text+0x1e20): first defined here
/usr/bin/ld: /home/uilian/.conan2/p/b/librs336a2333e6ca6/p/lib/librsvg-2.a(libharfbuzz_la-hb-buffer.o): in function `hb_buffer_get_flags':
(.text+0x1ba0): multiple definition of `hb_buffer_get_flags'; /home/uilian/.conan2/p/b/librs336a2333e6ca6/p/lib/librsvg-2.a(hb-buffer.cc.o):hb-buffer.cc:(.text+0x1e30): first defined here
/usr/bin/ld: /home/uilian/.conan2/p/b/librs336a2333e6ca6/p/lib/librsvg-2.a(libharfbuzz_la-hb-buffer.o): in function `hb_buffer_set_cluster_level':
(.text+0x1bb0): multiple definition of `hb_buffer_set_cluster_level'; /home/uilian/.conan2/p/b/librs336a2333e6ca6/p/lib/librsvg-2.a(hb-buffer.cc.o):hb-buffer.cc:(.text+0x1e40): first defined here
/usr/bin/ld: /home/uilian/.conan2/p/b/librs336a2333e6ca6/p/lib/librsvg-2.a(libharfbuzz_la-hb-buffer.o): in function `hb_buffer_get_cluster_level':
(.text+0x1bc0): multiple definition of `hb_buffer_get_cluster_level'; /home/uilian/.conan2/p/b/librs336a2333e6ca6/p/lib/librsvg-2.a(hb-buffer.cc.o):hb-buffer.cc:(.text+0x1e50): first defined here
/usr/bin/ld: /home/uilian/.conan2/p/b/librs336a2333e6ca6/p/lib/librsvg-2.a(libharfbuzz_la-hb-buffer.o): in function `hb_buffer_set_replacement_codepoint':
(.text+0x1bd0): multiple definition of `hb_buffer_set_replacement_codepoint'; /home/uilian/.conan2/p/b/librs336a2333e6ca6/p/lib/librsvg-2.a(hb-buffer.cc.o):hb-buffer.cc:(.text+0x1e60): first defined here
/usr/bin/ld: /home/uilian/.conan2/p/b/librs336a2333e6ca6/p/lib/librsvg-2.a(libharfbuzz_la-hb-buffer.o): in function `hb_buffer_get_replacement_codepoint':
(.text+0x1be0): multiple definition of `hb_buffer_get_replacement_codepoint'; /home/uilian/.conan2/p/b/librs336a2333e6ca6/p/lib/librsvg-2.a(hb-buffer.cc.o):hb-buffer.cc:(.text+0x1e70): first defined here
/usr/bin/ld: /home/uilian/.conan2/p/b/librs336a2333e6ca6/p/lib/librsvg-2.a(libharfbuzz_la-hb-buffer.o): in function `hb_buffer_set_invisible_glyph':
(.text+0x1bf0): multiple definition of `hb_buffer_set_invisible_glyph'; /home/uilian/.conan2/p/b/librs336a2333e6ca6/p/lib/librsvg-2.a(hb-buffer.cc.o):hb-buffer.cc:(.text+0x1e80): first defined here
/usr/bin/ld: /home/uilian/.conan2/p/b/librs336a2333e6ca6/p/lib/librsvg-2.a(libharfbuzz_la-hb-buffer.o): in function `hb_buffer_get_invisible_glyph':
(.text+0x1c00): multiple definition of `hb_buffer_get_invisible_glyph'; /home/uilian/.conan2/p/b/librs336a2333e6ca6/p/lib/librsvg-2.a(hb-buffer.cc.o):hb-buffer.cc:(.text+0x1e90): first defined here
/usr/bin/ld: /home/uilian/.conan2/p/b/librs336a2333e6ca6/p/lib/librsvg-2.a(libharfbuzz_la-hb-buffer.o): in function `hb_buffer_reset':
(.text+0x1c10): multiple definition of `hb_buffer_reset'; /home/uilian/.conan2/p/b/librs336a2333e6ca6/p/lib/librsvg-2.a(hb-buffer.cc.o):hb-buffer.cc:(.text+0x1470): first defined here
/usr/bin/ld: /home/uilian/.conan2/p/b/librs336a2333e6ca6/p/lib/librsvg-2.a(libharfbuzz_la-hb-buffer.o): in function `hb_buffer_clear_contents':
(.text+0x1c20): multiple definition of `hb_buffer_clear_contents'; /home/uilian/.conan2/p/b/librs336a2333e6ca6/p/lib/librsvg-2.a(hb-buffer.cc.o):hb-buffer.cc:(.text+0x1f00): first defined here
/usr/bin/ld: /home/uilian/.conan2/p/b/librs336a2333e6ca6/p/lib/librsvg-2.a(libharfbuzz_la-hb-buffer.o): in function `hb_buffer_pre_allocate':
(.text+0x1c30): multiple definition of `hb_buffer_pre_allocate'; /home/uilian/.conan2/p/b/librs336a2333e6ca6/p/lib/librsvg-2.a(hb-buffer.cc.o):hb-buffer.cc:(.text+0x1f90): first defined here
/usr/bin/ld: /home/uilian/.conan2/p/b/librs336a2333e6ca6/p/lib/librsvg-2.a(libharfbuzz_la-hb-buffer.o): in function `hb_buffer_allocation_successful':
(.text+0x1c60): multiple definition of `hb_buffer_allocation_successful'; /home/uilian/.conan2/p/b/librs336a2333e6ca6/p/lib/librsvg-2.a(hb-buffer.cc.o):hb-buffer.cc:(.text+0x1fc0): first defined here
/usr/bin/ld: /home/uilian/.conan2/p/b/librs336a2333e6ca6/p/lib/librsvg-2.a(libharfbuzz_la-hb-buffer.o): in function `hb_buffer_add':
(.text+0x1c70): multiple definition of `hb_buffer_add'; /home/uilian/.conan2/p/b/librs336a2333e6ca6/p/lib/librsvg-2.a(hb-buffer.cc.o):hb-buffer.cc:(.text+0x1fd0): first defined here
/usr/bin/ld: /home/uilian/.conan2/p/b/librs336a2333e6ca6/p/lib/librsvg-2.a(libharfbuzz_la-hb-buffer.o): in function `hb_buffer_set_length':
(.text+0x1cf0): multiple definition of `hb_buffer_set_length'; /home/uilian/.conan2/p/b/librs336a2333e6ca6/p/lib/librsvg-2.a(hb-buffer.cc.o):hb-buffer.cc:(.text+0x2040): first defined here
/usr/bin/ld: /home/uilian/.conan2/p/b/librs336a2333e6ca6/p/lib/librsvg-2.a(libharfbuzz_la-hb-buffer.o): in function `hb_buffer_get_length':
(.text+0x1dd0): multiple definition of `hb_buffer_get_length'; /home/uilian/.conan2/p/b/librs336a2333e6ca6/p/lib/librsvg-2.a(hb-buffer.cc.o):hb-buffer.cc:(.text+0x2120): first defined here
/usr/bin/ld: /home/uilian/.conan2/p/b/librs336a2333e6ca6/p/lib/librsvg-2.a(libharfbuzz_la-hb-buffer.o): in function `hb_buffer_get_glyph_infos':
(.text+0x1de0): multiple definition of `hb_buffer_get_glyph_infos'; /home/uilian/.conan2/p/b/librs336a2333e6ca6/p/lib/librsvg-2.a(hb-buffer.cc.o):hb-buffer.cc:(.text+0x2130): first defined here
/usr/bin/ld: /home/uilian/.conan2/p/b/librs336a2333e6ca6/p/lib/librsvg-2.a(libharfbuzz_la-hb-buffer.o): in function `hb_buffer_get_glyph_positions':
(.text+0x1e00): multiple definition of `hb_buffer_get_glyph_positions'; /home/uilian/.conan2/p/b/librs336a2333e6ca6/p/lib/librsvg-2.a(hb-buffer.cc.o):hb-buffer.cc:(.text+0x2140): first defined here
/usr/bin/ld: /home/uilian/.conan2/p/b/librs336a2333e6ca6/p/lib/librsvg-2.a(libharfbuzz_la-hb-buffer.o): in function `hb_buffer_has_positions':
(.text+0x1e40): multiple definition of `hb_buffer_has_positions'; /home/uilian/.conan2/p/b/librs336a2333e6ca6/p/lib/librsvg-2.a(hb-buffer.cc.o):hb-buffer.cc:(.text+0x21b0): first defined here
/usr/bin/ld: /home/uilian/.conan2/p/b/librs336a2333e6ca6/p/lib/librsvg-2.a(libharfbuzz_la-hb-buffer.o): in function `hb_glyph_info_get_glyph_flags':
(.text+0x1e50): multiple definition of `hb_glyph_info_get_glyph_flags'; /home/uilian/.conan2/p/b/librs336a2333e6ca6/p/lib/librsvg-2.a(hb-buffer.cc.o):hb-buffer.cc:(.text+0x21c0): first defined here
/usr/bin/ld: /home/uilian/.conan2/p/b/librs336a2333e6ca6/p/lib/librsvg-2.a(libharfbuzz_la-hb-buffer.o): in function `hb_buffer_reverse':
(.text+0x1e60): multiple definition of `hb_buffer_reverse'; /home/uilian/.conan2/p/b/librs336a2333e6ca6/p/lib/librsvg-2.a(hb-buffer.cc.o):hb-buffer.cc:(.text+0x21d0): first defined here
/usr/bin/ld: /home/uilian/.conan2/p/b/librs336a2333e6ca6/p/lib/librsvg-2.a(libharfbuzz_la-hb-buffer.o): in function `hb_buffer_reverse_range':
(.text+0x1e80): multiple definition of `hb_buffer_reverse_range'; /home/uilian/.conan2/p/b/librs336a2333e6ca6/p/lib/librsvg-2.a(hb-buffer.cc.o):hb-buffer.cc:(.text+0x22a0): first defined here
/usr/bin/ld: /home/uilian/.conan2/p/b/librs336a2333e6ca6/p/lib/librsvg-2.a(libharfbuzz_la-hb-buffer.o): in function `hb_buffer_reverse_clusters':
(.text+0x1e90): multiple definition of `hb_buffer_reverse_clusters'; /home/uilian/.conan2/p/b/librs336a2333e6ca6/p/lib/librsvg-2.a(hb-buffer.cc.o):hb-buffer.cc:(.text+0x23d0): first defined here
/usr/bin/ld: /home/uilian/.conan2/p/b/librs336a2333e6ca6/p/lib/librsvg-2.a(libharfbuzz_la-hb-buffer.o): in function `hb_buffer_guess_segment_properties':
(.text+0x1ea0): multiple definition of `hb_buffer_guess_segment_properties'; /home/uilian/.conan2/p/b/librs336a2333e6ca6/p/lib/librsvg-2.a(hb-buffer.cc.o):hb-buffer.cc:(.text+0x2750): first defined here
/usr/bin/ld: /home/uilian/.conan2/p/b/librs336a2333e6ca6/p/lib/librsvg-2.a(libharfbuzz_la-hb-buffer.o): in function `hb_buffer_add_utf8':
(.text+0x1eb0): multiple definition of `hb_buffer_add_utf8'; /home/uilian/.conan2/p/b/librs336a2333e6ca6/p/lib/librsvg-2.a(hb-buffer.cc.o):hb-buffer.cc:(.text+0x2800): first defined here
/usr/bin/ld: /home/uilian/.conan2/p/b/librs336a2333e6ca6/p/lib/librsvg-2.a(libharfbuzz_la-hb-buffer.o): in function `hb_buffer_add_utf16':
(.text+0x24b0): multiple definition of `hb_buffer_add_utf16'; /home/uilian/.conan2/p/b/librs336a2333e6ca6/p/lib/librsvg-2.a(hb-buffer.cc.o):hb-buffer.cc:(.text+0x2ec0): first defined here
/usr/bin/ld: /home/uilian/.conan2/p/b/librs336a2333e6ca6/p/lib/librsvg-2.a(libharfbuzz_la-hb-buffer.o): in function `hb_buffer_add_utf32':
(.text+0x27f0): multiple definition of `hb_buffer_add_utf32'; /home/uilian/.conan2/p/b/librs336a2333e6ca6/p/lib/librsvg-2.a(hb-buffer.cc.o):hb-buffer.cc:(.text+0x3620): first defined here
/usr/bin/ld: /home/uilian/.conan2/p/b/librs336a2333e6ca6/p/lib/librsvg-2.a(libharfbuzz_la-hb-buffer.o): in function `hb_buffer_add_latin1':
(.text+0x2a40): multiple definition of `hb_buffer_add_latin1'; /home/uilian/.conan2/p/b/librs336a2333e6ca6/p/lib/librsvg-2.a(hb-buffer.cc.o):hb-buffer.cc:(.text+0x3a10): first defined here
/usr/bin/ld: /home/uilian/.conan2/p/b/librs336a2333e6ca6/p/lib/librsvg-2.a(libharfbuzz_la-hb-buffer.o): in function `hb_buffer_add_codepoints':
(.text+0x2c00): multiple definition of `hb_buffer_add_codepoints'; /home/uilian/.conan2/p/b/librs336a2333e6ca6/p/lib/librsvg-2.a(hb-buffer.cc.o):hb-buffer.cc:(.text+0x3cd0): first defined here
/usr/bin/ld: /home/uilian/.conan2/p/b/librs336a2333e6ca6/p/lib/librsvg-2.a(libharfbuzz_la-hb-buffer.o): in function `hb_buffer_append':
(.text+0x2df0): multiple definition of `hb_buffer_append'; /home/uilian/.conan2/p/b/librs336a2333e6ca6/p/lib/librsvg-2.a(hb-buffer.cc.o):hb-buffer.cc:(.text+0x3fd0): first defined here
/usr/bin/ld: /home/uilian/.conan2/p/b/librs336a2333e6ca6/p/lib/librsvg-2.a(libharfbuzz_la-hb-buffer.o): in function `hb_buffer_normalize_glyphs':
(.text+0x2fe0): multiple definition of `hb_buffer_normalize_glyphs'; /home/uilian/.conan2/p/b/librs336a2333e6ca6/p/lib/librsvg-2.a(hb-buffer.cc.o):hb-buffer.cc:(.text+0x4550): first defined here
/usr/bin/ld: /home/uilian/.conan2/p/b/librs336a2333e6ca6/p/lib/librsvg-2.a(libharfbuzz_la-hb-buffer.o): in function `hb_buffer_t::sort(unsigned int, unsigned int, int (*)(hb_glyph_info_t const*, hb_glyph_info_t const*))':
(.text+0x34d0): multiple definition of `hb_buffer_t::sort(unsigned int, unsigned int, int (*)(hb_glyph_info_t const*, hb_glyph_info_t const*))'; /home/uilian/.conan2/p/b/librs336a2333e6ca6/p/lib/librsvg-2.a(hb-buffer.cc.o):hb-buffer.cc:(.text+0x4b00): first defined here
/usr/bin/ld: /home/uilian/.conan2/p/b/librs336a2333e6ca6/p/lib/librsvg-2.a(libharfbuzz_la-hb-buffer.o): in function `hb_buffer_diff':
(.text+0x3670): multiple definition of `hb_buffer_diff'; /home/uilian/.conan2/p/b/librs336a2333e6ca6/p/lib/librsvg-2.a(hb-buffer.cc.o):hb-buffer.cc:(.text+0x4c50): first defined here
/usr/bin/ld: /home/uilian/.conan2/p/b/librs336a2333e6ca6/p/lib/librsvg-2.a(libharfbuzz_la-hb-buffer.o): in function `hb_buffer_set_message_func':
(.text+0x3840): multiple definition of `hb_buffer_set_message_func'; /home/uilian/.conan2/p/b/librs336a2333e6ca6/p/lib/librsvg-2.a(hb-buffer.cc.o):hb-buffer.cc:(.text+0x4e60): first defined here
/usr/bin/ld: /home/uilian/.conan2/p/b/librs336a2333e6ca6/p/lib/librsvg-2.a(libharfbuzz_la-hb-buffer.o): in function `hb_buffer_t::message_impl(hb_font_t*, char const*, __va_list_tag*)':
(.text+0x38a0): multiple definition of `hb_buffer_t::message_impl(hb_font_t*, char const*, __va_list_tag*)'; /home/uilian/.conan2/p/b/librs336a2333e6ca6/p/lib/librsvg-2.a(hb-buffer.cc.o):hb-buffer.cc:(.text+0x4f10): first defined here
/usr/bin/ld: /home/uilian/.conan2/p/b/librs336a2333e6ca6/p/lib/librsvg-2.a(libharfbuzz_la-hb-ot-layout.o): in function `hb_ot_layout_position_start(hb_font_t*, hb_buffer_t*)':
(.text+0x2900): multiple definition of `hb_ot_layout_position_start(hb_font_t*, hb_buffer_t*)'; /home/uilian/.conan2/p/b/librs336a2333e6ca6/p/lib/librsvg-2.a(hb-ot-layout.cc.o):hb-ot-layout.cc:(.text+0x2280): first defined here
/usr/bin/ld: /home/uilian/.conan2/p/b/librs336a2333e6ca6/p/lib/librsvg-2.a(libharfbuzz_la-hb-ot-layout.o): in function `hb_ot_layout_position_finish_advances(hb_font_t*, hb_buffer_t*)':
(.text+0x2940): multiple definition of `hb_ot_layout_position_finish_advances(hb_font_t*, hb_buffer_t*)'; /home/uilian/.conan2/p/b/librs336a2333e6ca6/p/lib/librsvg-2.a(hb-ot-layout.cc.o):hb-ot-layout.cc:(.text+0x22c0): first defined here
/usr/bin/ld: /home/uilian/.conan2/p/b/librs336a2333e6ca6/p/lib/librsvg-2.a(libharfbuzz_la-hb-ot-layout.o): in function `hb_ot_layout_position_finish_offsets(hb_font_t*, hb_buffer_t*)':
(.text+0x2950): multiple definition of `hb_ot_layout_position_finish_offsets(hb_font_t*, hb_buffer_t*)'; /home/uilian/.conan2/p/b/librs336a2333e6ca6/p/lib/librsvg-2.a(hb-ot-layout.cc.o):hb-ot-layout.cc:(.text+0x22d0): first defined here
/usr/bin/ld: /home/uilian/.conan2/p/b/librs336a2333e6ca6/p/lib/librsvg-2.a(libharfbuzz_la-hb-ot-layout.o): in function `hb_ot_layout_get_baseline':
(.text+0x3480): multiple definition of `hb_ot_layout_get_baseline'; /home/uilian/.conan2/p/b/librs336a2333e6ca6/p/lib/librsvg-2.a(hb-ot-layout.cc.o):hb-ot-layout.cc:(.text+0x7710): first defined here
/usr/bin/ld: /home/uilian/.conan2/p/b/librs336a2333e6ca6/p/lib/librsvg-2.a(libharfbuzz_la-hb-ot-layout.o): in function `hb_ot_layout_has_cross_kerning(hb_face_t*)':
(.text+0x43b0): multiple definition of `hb_ot_layout_has_cross_kerning(hb_face_t*)'; /home/uilian/.conan2/p/b/librs336a2333e6ca6/p/lib/librsvg-2.a(hb-ot-layout.cc.o):hb-ot-layout.cc:(.text+0x9ab0): first defined here
/usr/bin/ld: /home/uilian/.conan2/p/b/librs336a2333e6ca6/p/lib/librsvg-2.a(libharfbuzz_la-hb-ot-layout.o): in function `hb_ot_layout_has_kerning(hb_face_t*)':
(.text+0x4540): multiple definition of `hb_ot_layout_has_kerning(hb_face_t*)'; /home/uilian/.conan2/p/b/librs336a2333e6ca6/p/lib/librsvg-2.a(hb-ot-layout.cc.o):hb-ot-layout.cc:(.text+0x9670): first defined here
/usr/bin/ld: /home/uilian/.conan2/p/b/librs336a2333e6ca6/p/lib/librsvg-2.a(libharfbuzz_la-hb-ot-layout.o): in function `hb_ot_layout_has_machine_kerning(hb_face_t*)':
(.text+0x4620): multiple definition of `hb_ot_layout_has_machine_kerning(hb_face_t*)'; /home/uilian/.conan2/p/b/librs336a2333e6ca6/p/lib/librsvg-2.a(hb-ot-layout.cc.o):hb-ot-layout.cc:(.text+0x9850): first defined here
/usr/bin/ld: /home/uilian/.conan2/p/b/librs336a2333e6ca6/p/lib/librsvg-2.a(libharfbuzz_la-hb-ot-layout.o): in function `hb_ot_layout_has_positioning':
(.text+0x47b0): multiple definition of `hb_ot_layout_has_positioning'; /home/uilian/.conan2/p/b/librs336a2333e6ca6/p/lib/librsvg-2.a(hb-ot-layout.cc.o):hb-ot-layout.cc:(.text+0x9c60): first defined here
/usr/bin/ld: /home/uilian/.conan2/p/b/librs336a2333e6ca6/p/lib/librsvg-2.a(libharfbuzz_la-hb-ot-layout.o): in function `hb_ot_layout_get_size_params':
(.text+0x4900): multiple definition of `hb_ot_layout_get_size_params'; /home/uilian/.conan2/p/b/librs336a2333e6ca6/p/lib/librsvg-2.a(hb-ot-layout.cc.o):hb-ot-layout.cc:(.text+0x9cb0): first defined here
/usr/bin/ld: /home/uilian/.conan2/p/b/librs336a2333e6ca6/p/lib/librsvg-2.a(libharfbuzz_la-hb-ot-layout.o): in function `hb_ot_layout_has_substitution':
(.text+0x4bf0): multiple definition of `hb_ot_layout_has_substitution'; /home/uilian/.conan2/p/b/librs336a2333e6ca6/p/lib/librsvg-2.a(hb-ot-layout.cc.o):hb-ot-layout.cc:(.text+0x9ee0): first defined here
/usr/bin/ld: /home/uilian/.conan2/p/b/librs336a2333e6ca6/p/lib/librsvg-2.a(libharfbuzz_la-hb-ot-layout.o): in function `hb_ot_layout_lookup_would_substitute':
(.text+0x4c50): multiple definition of `hb_ot_layout_lookup_would_substitute'; /home/uilian/.conan2/p/b/librs336a2333e6ca6/p/lib/librsvg-2.a(hb-ot-layout.cc.o):hb-ot-layout.cc:(.text+0x14990): first defined here
/usr/bin/ld: /home/uilian/.conan2/p/b/librs336a2333e6ca6/p/lib/librsvg-2.a(libharfbuzz_la-hb-ot-layout.o): in function `hb_ot_layout_lookup_substitute_closure':
(.text+0x4e30): multiple definition of `hb_ot_layout_lookup_substitute_closure'; /home/uilian/.conan2/p/b/librs336a2333e6ca6/p/lib/librsvg-2.a(hb-ot-layout.cc.o):hb-ot-layout.cc:(.text+0x12160): first defined here
/usr/bin/ld: /home/uilian/.conan2/p/b/librs336a2333e6ca6/p/lib/librsvg-2.a(libharfbuzz_la-hb-ot-layout.o): in function `hb_ot_layout_lookups_substitute_closure':
(.text+0x5440): multiple definition of `hb_ot_layout_lookups_substitute_closure'; /home/uilian/.conan2/p/b/librs336a2333e6ca6/p/lib/librsvg-2.a(hb-ot-layout.cc.o):hb-ot-layout.cc:(.text+0x12890): first defined here
/usr/bin/ld: /home/uilian/.conan2/p/b/librs336a2333e6ca6/p/lib/librsvg-2.a(libharfbuzz_la-hb-ot-layout.o): in function `hb_ot_layout_lookup_get_glyph_alternates':
(.text+0x6300): multiple definition of `hb_ot_layout_lookup_get_glyph_alternates'; /home/uilian/.conan2/p/b/librs336a2333e6ca6/p/lib/librsvg-2.a(hb-ot-layout.cc.o):hb-ot-layout.cc:(.text+0x10b40): first defined here
/usr/bin/ld: /home/uilian/.conan2/p/b/librs336a2333e6ca6/p/lib/librsvg-2.a(libharfbuzz_la-hb-ot-layout.o): in function `OT::GDEF::is_blocklisted(hb_blob_t*, hb_face_t*) const':
(.text+0x66b0): multiple definition of `OT::GDEF::is_blocklisted(hb_blob_t*, hb_face_t*) const'; /home/uilian/.conan2/p/b/librs336a2333e6ca6/p/lib/librsvg-2.a(hb-ot-layout.cc.o):hb-ot-layout.cc:(.text+0x9f30): first defined here
/usr/bin/ld: /home/uilian/.conan2/p/b/librs336a2333e6ca6/p/lib/librsvg-2.a(libharfbuzz_la-hb-ot-layout.o): in function `hb_ot_layout_substitute_start(hb_font_t*, hb_buffer_t*)':
(.text+0x6b50): multiple definition of `hb_ot_layout_substitute_start(hb_font_t*, hb_buffer_t*)'; /home/uilian/.conan2/p/b/librs336a2333e6ca6/p/lib/librsvg-2.a(hb-ot-layout.cc.o):hb-ot-layout.cc:(.text+0xd100): first defined here
/usr/bin/ld: /home/uilian/.conan2/p/b/librs336a2333e6ca6/p/lib/librsvg-2.a(libharfbuzz_la-hb-ot-layout.o): in function `hb_ot_layout_has_glyph_classes':
(.text+0x6df0): multiple definition of `hb_ot_layout_has_glyph_classes'; /home/uilian/.conan2/p/b/librs336a2333e6ca6/p/lib/librsvg-2.a(hb-ot-layout.cc.o):hb-ot-layout.cc:(.text+0xd370): first defined here
/usr/bin/ld: /home/uilian/.conan2/p/b/librs336a2333e6ca6/p/lib/librsvg-2.a(libharfbuzz_la-hb-ot-layout.o): in function `hb_ot_layout_get_glyph_class':
(.text+0x6ee0): multiple definition of `hb_ot_layout_get_glyph_class'; /home/uilian/.conan2/p/b/librs336a2333e6ca6/p/lib/librsvg-2.a(hb-ot-layout.cc.o):hb-ot-layout.cc:(.text+0xd4d0): first defined here
/usr/bin/ld: /home/uilian/.conan2/p/b/librs336a2333e6ca6/p/lib/librsvg-2.a(libharfbuzz_la-hb-ot-layout.o): in function `hb_ot_layout_get_glyphs_in_class':
(.text+0x6ff0): multiple definition of `hb_ot_layout_get_glyphs_in_class'; /home/uilian/.conan2/p/b/librs336a2333e6ca6/p/lib/librsvg-2.a(hb-ot-layout.cc.o):hb-ot-layout.cc:(.text+0xa390): first defined here
/usr/bin/ld: /home/uilian/.conan2/p/b/librs336a2333e6ca6/p/lib/librsvg-2.a(libharfbuzz_la-hb-ot-layout.o): in function `hb_ot_layout_kern(hb_ot_shape_plan_t const*, hb_font_t*, hb_buffer_t*)':
(.text+0x7200): multiple definition of `hb_ot_layout_kern(hb_ot_shape_plan_t const*, hb_font_t*, hb_buffer_t*)'; /home/uilian/.conan2/p/b/librs336a2333e6ca6/p/lib/librsvg-2.a(hb-ot-layout.cc.o):hb-ot-layout.cc:(.text+0xaf30): first defined here
/usr/bin/ld: /home/uilian/.conan2/p/b/librs336a2333e6ca6/p/lib/librsvg-2.a(libharfbuzz_la-hb-ot-layout.o): in function `hb_ot_map_t::substitute(hb_ot_shape_plan_t const*, hb_font_t*, hb_buffer_t*) const':
(.text+0x7be0): multiple definition of `hb_ot_map_t::substitute(hb_ot_shape_plan_t const*, hb_font_t*, hb_buffer_t*) const'; /home/uilian/.conan2/p/b/librs336a2333e6ca6/p/lib/librsvg-2.a(hb-ot-layout.cc.o):hb-ot-layout.cc:(.text+0x12080): first defined here
/usr/bin/ld: /home/uilian/.conan2/p/b/librs336a2333e6ca6/p/lib/librsvg-2.a(libharfbuzz_la-hb-ot-layout.o): in function `hb_ot_map_t::position(hb_ot_shape_plan_t const*, hb_font_t*, hb_buffer_t*) const':
(.text+0x7ce0): multiple definition of `hb_ot_map_t::position(hb_ot_shape_plan_t const*, hb_font_t*, hb_buffer_t*) const'; /home/uilian/.conan2/p/b/librs336a2333e6ca6/p/lib/librsvg-2.a(hb-ot-layout.cc.o):hb-ot-layout.cc:(.text+0xae50): first defined here
/usr/bin/ld: /home/uilian/.conan2/p/b/librs336a2333e6ca6/p/lib/librsvg-2.a(libharfbuzz_la-hb-ot-layout.o): in function `hb_ot_layout_get_attach_points':
(.text+0x8040): multiple definition of `hb_ot_layout_get_attach_points'; /home/uilian/.conan2/p/b/librs336a2333e6ca6/p/lib/librsvg-2.a(hb-ot-layout.cc.o):hb-ot-layout.cc:(.text+0xa530): first defined here
/usr/bin/ld: /home/uilian/.conan2/p/b/librs336a2333e6ca6/p/lib/librsvg-2.a(libharfbuzz_la-hb-ot-layout.o): in function `hb_ot_layout_get_ligature_carets':
(.text+0x8260): multiple definition of `hb_ot_layout_get_ligature_carets'; /home/uilian/.conan2/p/b/librs336a2333e6ca6/p/lib/librsvg-2.a(hb-ot-layout.cc.o):hb-ot-layout.cc:(.text+0xc7f0): first defined here
/usr/bin/ld: /home/uilian/.conan2/p/b/librs336a2333e6ca6/p/lib/librsvg-2.a(libharfbuzz_la-hb-ot-layout.o): in function `hb_ot_layout_table_get_script_tags':
(.text+0x8b20): multiple definition of `hb_ot_layout_table_get_script_tags'; /home/uilian/.conan2/p/b/librs336a2333e6ca6/p/lib/librsvg-2.a(hb-ot-layout.cc.o):hb-ot-layout.cc:(.text+0x10460): first defined here
/usr/bin/ld: /home/uilian/.conan2/p/b/librs336a2333e6ca6/p/lib/librsvg-2.a(libharfbuzz_la-hb-ot-layout.o): in function `hb_ot_layout_table_find_script':
(.text+0x8c20): multiple definition of `hb_ot_layout_table_find_script'; /home/uilian/.conan2/p/b/librs336a2333e6ca6/p/lib/librsvg-2.a(hb-ot-layout.cc.o):hb-ot-layout.cc:(.text+0xd6c0): first defined here
/usr/bin/ld: /home/uilian/.conan2/p/b/librs336a2333e6ca6/p/lib/librsvg-2.a(libharfbuzz_la-hb-ot-layout.o): in function `hb_ot_layout_table_select_script':
(.text+0x8db0): multiple definition of `hb_ot_layout_table_select_script'; /home/uilian/.conan2/p/b/librs336a2333e6ca6/p/lib/librsvg-2.a(hb-ot-layout.cc.o):hb-ot-layout.cc:(.text+0xd7e0): first defined here
/usr/bin/ld: /home/uilian/.conan2/p/b/librs336a2333e6ca6/p/lib/librsvg-2.a(libharfbuzz_la-hb-ot-layout.o): in function `hb_ot_layout_table_choose_script':
(.text+0x8ff0): multiple definition of `hb_ot_layout_table_choose_script'; /home/uilian/.conan2/p/b/librs336a2333e6ca6/p/lib/librsvg-2.a(hb-ot-layout.cc.o):hb-ot-layout.cc:(.text+0xda40): first defined here
/usr/bin/ld: /home/uilian/.conan2/p/b/librs336a2333e6ca6/p/lib/librsvg-2.a(libharfbuzz_la-hb-ot-layout.o): in function `hb_ot_layout_table_get_feature_tags':
(.text+0x9030): multiple definition of `hb_ot_layout_table_get_feature_tags'; /home/uilian/.conan2/p/b/librs336a2333e6ca6/p/lib/librsvg-2.a(hb-ot-layout.cc.o):hb-ot-layout.cc:(.text+0x10a80): first defined here
/usr/bin/ld: /home/uilian/.conan2/p/b/librs336a2333e6ca6/p/lib/librsvg-2.a(libharfbuzz_la-hb-ot-layout.o): in function `hb_ot_layout_table_find_feature(hb_face_t*, unsigned int, unsigned int, unsigned int*)':
(.text+0x9130): multiple definition of `hb_ot_layout_table_find_feature(hb_face_t*, unsigned int, unsigned int, unsigned int*)'; /home/uilian/.conan2/p/b/librs336a2333e6ca6/p/lib/librsvg-2.a(hb-ot-layout.cc.o):hb-ot-layout.cc:(.text+0xda80): first defined here
/usr/bin/ld: /home/uilian/.conan2/p/b/librs336a2333e6ca6/p/lib/librsvg-2.a(libharfbuzz_la-hb-ot-layout.o): in function `hb_ot_layout_script_get_language_tags':
(.text+0x91e0): multiple definition of `hb_ot_layout_script_get_language_tags'; /home/uilian/.conan2/p/b/librs336a2333e6ca6/p/lib/librsvg-2.a(hb-ot-layout.cc.o):hb-ot-layout.cc:(.text+0x10340): first defined here
/usr/bin/ld: /home/uilian/.conan2/p/b/librs336a2333e6ca6/p/lib/librsvg-2.a(libharfbuzz_la-hb-ot-layout.o): in function `hb_ot_layout_script_select_language':
(.text+0x9330): multiple definition of `hb_ot_layout_script_select_language'; /home/uilian/.conan2/p/b/librs336a2333e6ca6/p/lib/librsvg-2.a(hb-ot-layout.cc.o):hb-ot-layout.cc:(.text+0xddd0): first defined here
/usr/bin/ld: /home/uilian/.conan2/p/b/librs336a2333e6ca6/p/lib/librsvg-2.a(libharfbuzz_la-hb-ot-layout.o): in function `hb_ot_layout_script_find_language':
(.text+0x94f0): multiple definition of `hb_ot_layout_script_find_language'; /home/uilian/.conan2/p/b/librs336a2333e6ca6/p/lib/librsvg-2.a(hb-ot-layout.cc.o):hb-ot-layout.cc:(.text+0xdde0): first defined here
/usr/bin/ld: /home/uilian/.conan2/p/b/librs336a2333e6ca6/p/lib/librsvg-2.a(libharfbuzz_la-hb-ot-layout.o): in function `hb_ot_layout_language_get_required_feature':
(.text+0x9520): multiple definition of `hb_ot_layout_language_get_required_feature'; /home/uilian/.conan2/p/b/librs336a2333e6ca6/p/lib/librsvg-2.a(hb-ot-layout.cc.o):hb-ot-layout.cc:(.text+0xde00): first defined here
/usr/bin/ld: /home/uilian/.conan2/p/b/librs336a2333e6ca6/p/lib/librsvg-2.a(libharfbuzz_la-hb-ot-layout.o): in function `hb_ot_layout_language_get_feature_indexes':
(.text+0x96b0): multiple definition of `hb_ot_layout_language_get_feature_indexes'; /home/uilian/.conan2/p/b/librs336a2333e6ca6/p/lib/librsvg-2.a(hb-ot-layout.cc.o):hb-ot-layout.cc:(.text+0xdfb0): first defined here
/usr/bin/ld: /home/uilian/.conan2/p/b/librs336a2333e6ca6/p/lib/librsvg-2.a(libharfbuzz_la-hb-ot-layout.o): in function `hb_ot_layout_language_get_feature_tags':
(.text+0x9810): multiple definition of `hb_ot_layout_language_get_feature_tags'; /home/uilian/.conan2/p/b/librs336a2333e6ca6/p/lib/librsvg-2.a(hb-ot-layout.cc.o):hb-ot-layout.cc:(.text+0xe140): first defined here
/usr/bin/ld: /home/uilian/.conan2/p/b/librs336a2333e6ca6/p/lib/librsvg-2.a(libharfbuzz_la-hb-ot-layout.o): in function `hb_ot_layout_language_find_feature':
(.text+0x9a20): multiple definition of `hb_ot_layout_language_find_feature'; /home/uilian/.conan2/p/b/librs336a2333e6ca6/p/lib/librsvg-2.a(hb-ot-layout.cc.o):hb-ot-layout.cc:(.text+0xe360): first defined here
/usr/bin/ld: /home/uilian/.conan2/p/b/librs336a2333e6ca6/p/lib/librsvg-2.a(libharfbuzz_la-hb-ot-layout.o): in function `hb_ot_layout_table_get_lookup_count':
(.text+0x9be0): multiple definition of `hb_ot_layout_table_get_lookup_count'; /home/uilian/.conan2/p/b/librs336a2333e6ca6/p/lib/librsvg-2.a(hb-ot-layout.cc.o):hb-ot-layout.cc:(.text+0xe560): first defined here
/usr/bin/ld: /home/uilian/.conan2/p/b/librs336a2333e6ca6/p/lib/librsvg-2.a(libharfbuzz_la-hb-ot-layout.o): in function `hb_ot_layout_collect_features':
(.text+0x9c20): multiple definition of `hb_ot_layout_collect_features'; /home/uilian/.conan2/p/b/librs336a2333e6ca6/p/lib/librsvg-2.a(hb-ot-layout.cc.o):hb-ot-layout.cc:(.text+0xe5b0): first defined here
/usr/bin/ld: /home/uilian/.conan2/p/b/librs336a2333e6ca6/p/lib/librsvg-2.a(libharfbuzz_la-hb-ot-layout.o): in function `hb_ot_layout_collect_lookups':
(.text+0x9f20): multiple definition of `hb_ot_layout_collect_lookups'; /home/uilian/.conan2/p/b/librs336a2333e6ca6/p/lib/librsvg-2.a(hb-ot-layout.cc.o):hb-ot-layout.cc:(.text+0xf0a0): first defined here
/usr/bin/ld: /home/uilian/.conan2/p/b/librs336a2333e6ca6/p/lib/librsvg-2.a(libharfbuzz_la-hb-ot-layout.o): in function `hb_ot_layout_table_find_feature_variations':
(.text+0xa190): multiple definition of `hb_ot_layout_table_find_feature_variations'; /home/uilian/.conan2/p/b/librs336a2333e6ca6/p/lib/librsvg-2.a(hb-ot-layout.cc.o):hb-ot-layout.cc:(.text+0x10520): first defined here
/usr/bin/ld: /home/uilian/.conan2/p/b/librs336a2333e6ca6/p/lib/librsvg-2.a(libharfbuzz_la-hb-ot-layout.o): in function `hb_ot_layout_feature_with_variations_get_lookups':
(.text+0xa360): multiple definition of `hb_ot_layout_feature_with_variations_get_lookups'; /home/uilian/.conan2/p/b/librs336a2333e6ca6/p/lib/librsvg-2.a(hb-ot-layout.cc.o):hb-ot-layout.cc:(.text+0xfca0): first defined here
/usr/bin/ld: /home/uilian/.conan2/p/b/librs336a2333e6ca6/p/lib/librsvg-2.a(libharfbuzz_la-hb-ot-layout.o): in function `hb_ot_layout_feature_get_name_ids':
(.text+0xa5b0): multiple definition of `hb_ot_layout_feature_get_name_ids'; /home/uilian/.conan2/p/b/librs336a2333e6ca6/p/lib/librsvg-2.a(hb-ot-layout.cc.o):hb-ot-layout.cc:(.text+0xfee0): first defined here
/usr/bin/ld: /home/uilian/.conan2/p/b/librs336a2333e6ca6/p/lib/librsvg-2.a(libharfbuzz_la-hb-ot-layout.o): in function `hb_ot_layout_feature_get_characters':
(.text+0xa820): multiple definition of `hb_ot_layout_feature_get_characters'; /home/uilian/.conan2/p/b/librs336a2333e6ca6/p/lib/librsvg-2.a(hb-ot-layout.cc.o):hb-ot-layout.cc:(.text+0x10190): first defined here
/usr/bin/ld: /home/uilian/.conan2/p/b/librs336a2333e6ca6/p/lib/librsvg-2.a(libharfbuzz_la-hb-ot-layout.o): in function `hb_ot_layout_feature_get_lookups':
(.text+0xa990): multiple definition of `hb_ot_layout_feature_get_lookups'; /home/uilian/.conan2/p/b/librs336a2333e6ca6/p/lib/librsvg-2.a(hb-ot-layout.cc.o):hb-ot-layout.cc:(.text+0xfec0): first defined here
/usr/bin/ld: /home/uilian/.conan2/p/b/librs336a2333e6ca6/p/lib/librsvg-2.a(libharfbuzz_la-hb-ot-layout.o): in function `hb_ot_layout_language_get_required_feature_index':
(.text+0xaaa0): multiple definition of `hb_ot_layout_language_get_required_feature_index'; /home/uilian/.conan2/p/b/librs336a2333e6ca6/p/lib/librsvg-2.a(hb-ot-layout.cc.o):hb-ot-layout.cc:(.text+0xdfa0): first defined here
/usr/bin/ld: /home/uilian/.conan2/p/b/librs336a2333e6ca6/p/lib/librsvg-2.a(libharfbuzz_la-hb-ot-layout.o): in function `hb_ot_layout_lookup_collect_glyphs':
(.text+0xab80): multiple definition of `hb_ot_layout_lookup_collect_glyphs'; /home/uilian/.conan2/p/b/librs336a2333e6ca6/p/lib/librsvg-2.a(hb-ot-layout.cc.o):hb-ot-layout.cc:(.text+0x11d00): first defined here
/usr/bin/ld: /home/uilian/.conan2/p/b/librs336a2333e6ca6/p/lib/librsvg-2.a(libharfbuzz_la-hb-ot-map.o): in function `hb_ot_map_t::collect_lookups(unsigned int, hb_set_t*) const':
(.text+0x4b0): multiple definition of `hb_ot_map_t::collect_lookups(unsigned int, hb_set_t*) const'; /home/uilian/.conan2/p/b/librs336a2333e6ca6/p/lib/librsvg-2.a(hb-ot-map.cc.o):hb-ot-map.cc:(.text+0x3740): first defined here
/usr/bin/ld: /home/uilian/.conan2/p/b/librs336a2333e6ca6/p/lib/librsvg-2.a(libharfbuzz_la-hb-ot-map.o): in function `hb_ot_map_builder_t::~hb_ot_map_builder_t()':
(.text+0x670): multiple definition of `hb_ot_map_builder_t::~hb_ot_map_builder_t()'; /home/uilian/.conan2/p/b/librs336a2333e6ca6/p/lib/librsvg-2.a(hb-ot-map.cc.o):hb-ot-map.cc:(.text+0x3940): first defined here
/usr/bin/ld: /home/uilian/.conan2/p/b/librs336a2333e6ca6/p/lib/librsvg-2.a(libharfbuzz_la-hb-ot-map.o): in function `hb_ot_map_builder_t::~hb_ot_map_builder_t()':
(.text+0x670): multiple definition of `hb_ot_map_builder_t::~hb_ot_map_builder_t()'; /home/uilian/.conan2/p/b/librs336a2333e6ca6/p/lib/librsvg-2.a(hb-ot-map.cc.o):hb-ot-map.cc:(.text+0x3940): first defined here
/usr/bin/ld: /home/uilian/.conan2/p/b/librs336a2333e6ca6/p/lib/librsvg-2.a(libharfbuzz_la-hb-ot-map.o): in function `hb_ot_map_builder_t::add_feature(unsigned int, hb_ot_map_feature_flags_t, unsigned int)':
(.text+0x6c0): multiple definition of `hb_ot_map_builder_t::add_feature(unsigned int, hb_ot_map_feature_flags_t, unsigned int)'; /home/uilian/.conan2/p/b/librs336a2333e6ca6/p/lib/librsvg-2.a(hb-ot-map.cc.o):hb-ot-map.cc:(.text+0x3a10): first defined here
/usr/bin/ld: /home/uilian/.conan2/p/b/librs336a2333e6ca6/p/lib/librsvg-2.a(libharfbuzz_la-hb-ot-map.o): in function `hb_ot_map_builder_t::compile(hb_ot_map_t&, hb_ot_shape_plan_key_t const&)':
(.text+0xc10): multiple definition of `hb_ot_map_builder_t::compile(hb_ot_map_t&, hb_ot_shape_plan_key_t const&)'; /home/uilian/.conan2/p/b/librs336a2333e6ca6/p/lib/librsvg-2.a(hb-ot-map.cc.o):hb-ot-map.cc:(.text+0x40d0): first defined here
/usr/bin/ld: /home/uilian/.conan2/p/b/librs336a2333e6ca6/p/lib/librsvg-2.a(cairo-array.c.o): in function `_cairo_array_init':
cairo-array.c:(.text+0x0): multiple definition of `_cairo_array_init'; /home/uilian/.conan2/p/b/librs336a2333e6ca6/p/lib/librsvg-2.a(cairo-array.o):(.text+0x0): first defined here
/usr/bin/ld: /home/uilian/.conan2/p/b/librs336a2333e6ca6/p/lib/librsvg-2.a(cairo-array.c.o): in function `_cairo_array_fini':
cairo-array.c:(.text+0x20): multiple definition of `_cairo_array_fini'; /home/uilian/.conan2/p/b/librs336a2333e6ca6/p/lib/librsvg-2.a(cairo-array.o):(.text+0x20): first defined here
/usr/bin/ld: /home/uilian/.conan2/p/b/librs336a2333e6ca6/p/lib/librsvg-2.a(cairo-array.c.o): in function `_cairo_array_grow_by':
cairo-array.c:(.text+0x30): multiple definition of `_cairo_array_grow_by'; /home/uilian/.conan2/p/b/librs336a2333e6ca6/p/lib/librsvg-2.a(cairo-array.o):(.text+0x30): first defined here
/usr/bin/ld: /home/uilian/.conan2/p/b/librs336a2333e6ca6/p/lib/librsvg-2.a(cairo-array.c.o): in function `_cairo_array_truncate':
cairo-array.c:(.text+0xb0): multiple definition of `_cairo_array_truncate'; /home/uilian/.conan2/p/b/librs336a2333e6ca6/p/lib/librsvg-2.a(cairo-array.o):(.text+0xd0): first defined here
/usr/bin/ld: /home/uilian/.conan2/p/b/librs336a2333e6ca6/p/lib/librsvg-2.a(cairo-array.c.o): in function `_cairo_array_index':
cairo-array.c:(.text+0xc0): multiple definition of `_cairo_array_index'; /home/uilian/.conan2/p/b/librs336a2333e6ca6/p/lib/librsvg-2.a(cairo-array.o):(.text+0xe0): first defined here
/usr/bin/ld: /home/uilian/.conan2/p/b/librs336a2333e6ca6/p/lib/librsvg-2.a(cairo-array.c.o): in function `_cairo_array_index_const':
cairo-array.c:(.text+0xf0): multiple definition of `_cairo_array_index_const'; /home/uilian/.conan2/p/b/librs336a2333e6ca6/p/lib/librsvg-2.a(cairo-array.o):(.text+0x130): first defined here
/usr/bin/ld: /home/uilian/.conan2/p/b/librs336a2333e6ca6/p/lib/librsvg-2.a(cairo-array.c.o): in function `_cairo_array_copy_element':
cairo-array.c:(.text+0x120): multiple definition of `_cairo_array_copy_element'; /home/uilian/.conan2/p/b/librs336a2333e6ca6/p/lib/librsvg-2.a(cairo-array.o):(.text+0x180): first defined here
/usr/bin/ld: /home/uilian/.conan2/p/b/librs336a2333e6ca6/p/lib/librsvg-2.a(cairo-array.c.o): in function `_cairo_array_append':
cairo-array.c:(.text+0x150): multiple definition of `_cairo_array_append'; /home/uilian/.conan2/p/b/librs336a2333e6ca6/p/lib/librsvg-2.a(cairo-array.o):(.text+0x260): first defined here
/usr/bin/ld: /home/uilian/.conan2/p/b/librs336a2333e6ca6/p/lib/librsvg-2.a(cairo-array.c.o): in function `_cairo_array_append_multiple':
cairo-array.c:(.text+0x210): multiple definition of `_cairo_array_append_multiple'; /home/uilian/.conan2/p/b/librs336a2333e6ca6/p/lib/librsvg-2.a(cairo-array.o):(.text+0x1e0): first defined here
/usr/bin/ld: /home/uilian/.conan2/p/b/librs336a2333e6ca6/p/lib/librsvg-2.a(cairo-array.c.o): in function `_cairo_array_allocate':
cairo-array.c:(.text+0x2f0): multiple definition of `_cairo_array_allocate'; /home/uilian/.conan2/p/b/librs336a2333e6ca6/p/lib/librsvg-2.a(cairo-array.o):(.text+0x270): first defined here
/usr/bin/ld: /home/uilian/.conan2/p/b/librs336a2333e6ca6/p/lib/librsvg-2.a(cairo-array.c.o): in function `_cairo_array_num_elements':
cairo-array.c:(.text+0x3b0): multiple definition of `_cairo_array_num_elements'; /home/uilian/.conan2/p/b/librs336a2333e6ca6/p/lib/librsvg-2.a(cairo-array.o):(.text+0x2d0): first defined here
/usr/bin/ld: /home/uilian/.conan2/p/b/librs336a2333e6ca6/p/lib/librsvg-2.a(cairo-array.c.o): in function `_cairo_array_size':
cairo-array.c:(.text+0x3c0): multiple definition of `_cairo_array_size'; /home/uilian/.conan2/p/b/librs336a2333e6ca6/p/lib/librsvg-2.a(cairo-array.o):(.text+0x2e0): first defined here
/usr/bin/ld: /home/uilian/.conan2/p/b/librs336a2333e6ca6/p/lib/librsvg-2.a(cairo-array.c.o): in function `_cairo_user_data_array_init':
cairo-array.c:(.text+0x3d0): multiple definition of `_cairo_user_data_array_init'; /home/uilian/.conan2/p/b/librs336a2333e6ca6/p/lib/librsvg-2.a(cairo-array.o):(.text+0x2f0): first defined here
/usr/bin/ld: /home/uilian/.conan2/p/b/librs336a2333e6ca6/p/lib/librsvg-2.a(cairo-array.c.o): in function `_cairo_user_data_array_fini':
cairo-array.c:(.text+0x3f0): multiple definition of `_cairo_user_data_array_fini'; /home/uilian/.conan2/p/b/librs336a2333e6ca6/p/lib/librsvg-2.a(cairo-array.o):(.text+0x310): first defined here
/usr/bin/ld: /home/uilian/.conan2/p/b/librs336a2333e6ca6/p/lib/librsvg-2.a(cairo-array.c.o): in function `_cairo_user_data_array_get_data':
cairo-array.c:(.text+0x440): multiple definition of `_cairo_user_data_array_get_data'; /home/uilian/.conan2/p/b/librs336a2333e6ca6/p/lib/librsvg-2.a(cairo-array.o):(.text+0x380): first defined here
/usr/bin/ld: /home/uilian/.conan2/p/b/librs336a2333e6ca6/p/lib/librsvg-2.a(cairo-array.c.o): in function `_cairo_user_data_array_set_data':
cairo-array.c:(.text+0x480): multiple definition of `_cairo_user_data_array_set_data'; /home/uilian/.conan2/p/b/librs336a2333e6ca6/p/lib/librsvg-2.a(cairo-array.o):(.text+0x3d0): first defined here
/usr/bin/ld: /home/uilian/.conan2/p/b/librs336a2333e6ca6/p/lib/librsvg-2.a(cairo-array.c.o): in function `_cairo_user_data_array_copy':
cairo-array.c:(.text+0x570): multiple definition of `_cairo_user_data_array_copy'; /home/uilian/.conan2/p/b/librs336a2333e6ca6/p/lib/librsvg-2.a(cairo-array.o):(.text+0x4f0): first defined here
/usr/bin/ld: /home/uilian/.conan2/p/b/librs336a2333e6ca6/p/lib/librsvg-2.a(cairo-array.c.o): in function `_cairo_user_data_array_foreach':
cairo-array.c:(.text+0x6c0): multiple definition of `_cairo_user_data_array_foreach'; /home/uilian/.conan2/p/b/librs336a2333e6ca6/p/lib/librsvg-2.a(cairo-array.o):(.text+0x560): first defined here
/usr/bin/ld: /home/uilian/.conan2/p/b/librs336a2333e6ca6/p/lib/librsvg-2.a(cairo-cache.c.o): in function `_cairo_cache_init':
cairo-cache.c:(.text+0x50): multiple definition of `_cairo_cache_init'; /home/uilian/.conan2/p/b/librs336a2333e6ca6/p/lib/librsvg-2.a(cairo-cache.o):(.text+0x60): first defined here
/usr/bin/ld: /home/uilian/.conan2/p/b/librs336a2333e6ca6/p/lib/librsvg-2.a(cairo-cache.c.o): in function `_cairo_cache_fini':
cairo-cache.c:(.text+0xd0): multiple definition of `_cairo_cache_fini'; /home/uilian/.conan2/p/b/librs336a2333e6ca6/p/lib/librsvg-2.a(cairo-cache.o):(.text+0xe0): first defined here
/usr/bin/ld: /home/uilian/.conan2/p/b/librs336a2333e6ca6/p/lib/librsvg-2.a(cairo-cache.c.o): in function `_cairo_cache_freeze':
cairo-cache.c:(.text+0xf0): multiple definition of `_cairo_cache_freeze'; /home/uilian/.conan2/p/b/librs336a2333e6ca6/p/lib/librsvg-2.a(cairo-cache.o):(.text+0x130): first defined here
/usr/bin/ld: /home/uilian/.conan2/p/b/librs336a2333e6ca6/p/lib/librsvg-2.a(cairo-cache.c.o): in function `_cairo_cache_thaw':
cairo-cache.c:(.text+0x100): multiple definition of `_cairo_cache_thaw'; /home/uilian/.conan2/p/b/librs336a2333e6ca6/p/lib/librsvg-2.a(cairo-cache.o):(.text+0x170): first defined here
/usr/bin/ld: /home/uilian/.conan2/p/b/librs336a2333e6ca6/p/lib/librsvg-2.a(cairo-cache.c.o): in function `_cairo_cache_lookup':
cairo-cache.c:(.text+0x170): multiple definition of `_cairo_cache_lookup'; /home/uilian/.conan2/p/b/librs336a2333e6ca6/p/lib/librsvg-2.a(cairo-cache.o):(.text+0x210): first defined here
/usr/bin/ld: /home/uilian/.conan2/p/b/librs336a2333e6ca6/p/lib/librsvg-2.a(cairo-cache.c.o): in function `_cairo_cache_insert':
cairo-cache.c:(.text+0x180): multiple definition of `_cairo_cache_insert'; /home/uilian/.conan2/p/b/librs336a2333e6ca6/p/lib/librsvg-2.a(cairo-cache.o):(.text+0x220): first defined here
/usr/bin/ld: /home/uilian/.conan2/p/b/librs336a2333e6ca6/p/lib/librsvg-2.a(cairo-cache.c.o): in function `_cairo_cache_remove':
cairo-cache.c:(.text+0x220): multiple definition of `_cairo_cache_remove'; /home/uilian/.conan2/p/b/librs336a2333e6ca6/p/lib/librsvg-2.a(cairo-cache.o):(.text+0x2d0): first defined here
/usr/bin/ld: /home/uilian/.conan2/p/b/librs336a2333e6ca6/p/lib/librsvg-2.a(cairo-cache.c.o): in function `_cairo_cache_foreach':
cairo-cache.c:(.text+0x260): multiple definition of `_cairo_cache_foreach'; /home/uilian/.conan2/p/b/librs336a2333e6ca6/p/lib/librsvg-2.a(cairo-cache.o):(.text+0x310): first defined here
/usr/bin/ld: /home/uilian/.conan2/p/b/librs336a2333e6ca6/p/lib/librsvg-2.a(cairo-cache.c.o): in function `_cairo_hash_string':
cairo-cache.c:(.text+0x270): multiple definition of `_cairo_hash_string'; /home/uilian/.conan2/p/b/librs336a2333e6ca6/p/lib/librsvg-2.a(cairo-cache.o):(.text+0x320): first defined here
/usr/bin/ld: /home/uilian/.conan2/p/b/librs336a2333e6ca6/p/lib/librsvg-2.a(cairo-cache.c.o): in function `_cairo_hash_bytes':
cairo-cache.c:(.text+0x2b0): multiple definition of `_cairo_hash_bytes'; /home/uilian/.conan2/p/b/librs336a2333e6ca6/p/lib/librsvg-2.a(cairo-cache.o):(.text+0x350): first defined here
/usr/bin/ld: /home/uilian/.conan2/p/b/librs336a2333e6ca6/p/lib/librsvg-2.a(libharfbuzz_la-hb-graphite2.o): in function `_hb_graphite2_shaper_face_data_create':
(.text+0x168): undefined reference to `gr_make_face'
/usr/bin/ld: /home/uilian/.conan2/p/b/librs336a2333e6ca6/p/lib/librsvg-2.a(libharfbuzz_la-hb-graphite2.o): in function `_hb_graphite2_shaper_face_data_destroy':
(.text+0x20e): undefined reference to `gr_face_destroy'
/usr/bin/ld: /home/uilian/.conan2/p/b/librs336a2333e6ca6/p/lib/librsvg-2.a(libharfbuzz_la-hb-graphite2.o): in function `_hb_graphite2_shape':
(.text+0x346): undefined reference to `gr_face_featureval_for_lang'
/usr/bin/ld: (.text+0x36e): undefined reference to `gr_face_find_fref'
/usr/bin/ld: (.text+0x382): undefined reference to `gr_fref_set_feature_value'
/usr/bin/ld: (.text+0x438): undefined reference to `gr_make_seg'
/usr/bin/ld: (.text+0x452): undefined reference to `gr_seg_n_slots'
/usr/bin/ld: (.text+0x59f): undefined reference to `gr_seg_first_slot'
/usr/bin/ld: (.text+0x5de): undefined reference to `gr_slot_before'
/usr/bin/ld: (.text+0x5e8): undefined reference to `gr_slot_after'
/usr/bin/ld: (.text+0x5f4): undefined reference to `gr_slot_gid'
/usr/bin/ld: (.text+0x679): undefined reference to `gr_slot_can_insert_before'
/usr/bin/ld: (.text+0x6f6): undefined reference to `gr_slot_origin_X'
/usr/bin/ld: (.text+0x770): undefined reference to `gr_slot_next_in_segment'
/usr/bin/ld: (.text+0x84e): undefined reference to `gr_seg_first_slot'
/usr/bin/ld: (.text+0x89c): undefined reference to `gr_slot_advance_Y'
/usr/bin/ld: (.text+0x8b8): undefined reference to `gr_slot_next_in_segment'
/usr/bin/ld: (.text+0x8cc): undefined reference to `gr_slot_origin_X'
/usr/bin/ld: (.text+0x8f1): undefined reference to `gr_slot_origin_Y'
/usr/bin/ld: (.text+0x941): undefined reference to `gr_seg_advance_X'
/usr/bin/ld: (.text+0x97f): undefined reference to `gr_slot_origin_X'
/usr/bin/ld: (.text+0x9cb): undefined reference to `gr_featureval_destroy'
/usr/bin/ld: (.text+0x9d5): undefined reference to `gr_seg_destroy'
/usr/bin/ld: (.text+0xa6c): undefined reference to `gr_seg_advance_X'
/usr/bin/ld: (.text+0xa84): undefined reference to `gr_seg_first_slot'
/usr/bin/ld: (.text+0xacc): undefined reference to `gr_slot_advance_Y'
/usr/bin/ld: (.text+0xae8): undefined reference to `gr_slot_origin_X'
/usr/bin/ld: (.text+0xb27): undefined reference to `gr_slot_origin_Y'
/usr/bin/ld: (.text+0xb4c): undefined reference to `gr_slot_next_in_segment'
/usr/bin/ld: (.text+0xb95): undefined reference to `gr_featureval_destroy'
/usr/bin/ld: (.text+0xbb0): undefined reference to `gr_featureval_destroy'
/usr/bin/ld: (.text+0xbba): undefined reference to `gr_seg_destroy'
/usr/bin/ld: (.text+0xbd9): undefined reference to `gr_seg_first_slot'
/usr/bin/ld: (.text+0xbe1): undefined reference to `gr_slot_origin_X'
/usr/bin/ld: (.text+0xbfa): undefined reference to `gr_seg_advance_X'
/usr/bin/ld: (.text+0xc39): undefined reference to `gr_featureval_destroy'
/usr/bin/ld: (.text+0xc43): undefined reference to `gr_seg_destroy'
/usr/bin/ld: /home/uilian/.conan2/p/b/librs336a2333e6ca6/p/lib/librsvg-2.a(gregex.c.o): in function `get_matched_substring_number':
(.text+0x1cf): undefined reference to `pcre_get_stringtable_entries'
/usr/bin/ld: /home/uilian/.conan2/p/b/librs336a2333e6ca6/p/lib/librsvg-2.a(gregex.c.o): in function `g_match_info_next':
(.text+0xaf8): undefined reference to `pcre_exec'
/usr/bin/ld: /home/uilian/.conan2/p/b/librs336a2333e6ca6/p/lib/librsvg-2.a(gregex.c.o): in function `regex_compile':
(.text+0x14a1): undefined reference to `pcre_compile2'
/usr/bin/ld: (.text+0x14be): undefined reference to `pcre_fullinfo'
/usr/bin/ld: (.text+0x1558): undefined reference to `pcre_fullinfo'
/usr/bin/ld: /home/uilian/.conan2/p/b/librs336a2333e6ca6/p/lib/librsvg-2.a(gregex.c.o): in function `match_info_new':
(.text+0x1d54): undefined reference to `pcre_fullinfo'
/usr/bin/ld: /home/uilian/.conan2/p/b/librs336a2333e6ca6/p/lib/librsvg-2.a(gregex.c.o): in function `g_regex_unref':
(.text+0x1ded): undefined reference to `pcre_free'
/usr/bin/ld: (.text+0x1dff): undefined reference to `pcre_free'
/usr/bin/ld: /home/uilian/.conan2/p/b/librs336a2333e6ca6/p/lib/librsvg-2.a(gregex.c.o): in function `g_regex_new':
(.text+0x200f): undefined reference to `pcre_config'
/usr/bin/ld: (.text+0x202a): undefined reference to `pcre_config'
/usr/bin/ld: (.text+0x20bb): undefined reference to `pcre_study'
/usr/bin/ld: /home/uilian/.conan2/p/b/librs336a2333e6ca6/p/lib/librsvg-2.a(gregex.c.o): in function `g_regex_get_max_backref':
(.text+0x223b): undefined reference to `pcre_fullinfo'
/usr/bin/ld: /home/uilian/.conan2/p/b/librs336a2333e6ca6/p/lib/librsvg-2.a(gregex.c.o): in function `g_regex_get_capture_count':
(.text+0x228b): undefined reference to `pcre_fullinfo'
/usr/bin/ld: /home/uilian/.conan2/p/b/librs336a2333e6ca6/p/lib/librsvg-2.a(gregex.c.o): in function `g_regex_get_has_cr_or_lf':
(.text+0x22db): undefined reference to `pcre_fullinfo'
/usr/bin/ld: /home/uilian/.conan2/p/b/librs336a2333e6ca6/p/lib/librsvg-2.a(gregex.c.o): in function `g_regex_get_max_lookbehind':
(.text+0x233b): undefined reference to `pcre_fullinfo'
/usr/bin/ld: /home/uilian/.conan2/p/b/librs336a2333e6ca6/p/lib/librsvg-2.a(gregex.c.o): in function `g_regex_match_all_full':
(.text+0x26c7): undefined reference to `pcre_dfa_exec'
/usr/bin/ld: (.text+0x2731): undefined reference to `pcre_free'
/usr/bin/ld: /home/uilian/.conan2/p/b/librs336a2333e6ca6/p/lib/librsvg-2.a(gregex.c.o): in function `g_regex_get_string_number':
(.text+0x28b7): undefined reference to `pcre_get_stringnumber'
/usr/bin/ld: /home/uilian/.conan2/p/b/librs336a2333e6ca6/p/lib/librsvg-2.a(gregex.c.o): in function `get_matched_substring_number':
(.text+0x246): undefined reference to `pcre_get_stringnumber'
/usr/bin/ld: /home/uilian/.conan2/p/b/librs336a2333e6ca6/p/lib/librsvg-2.a(encoding.o): in function `openIcuConverter':
(.text+0x1010): undefined reference to `ucnv_open_70'
/usr/bin/ld: (.text+0x103c): undefined reference to `UCNV_FROM_U_CALLBACK_STOP_70'
/usr/bin/ld: (.text+0x1041): undefined reference to `ucnv_setFromUCallBack_70'
/usr/bin/ld: (.text+0x1060): undefined reference to `ucnv_open_70'
/usr/bin/ld: (.text+0x107b): undefined reference to `ucnv_close_70'
/usr/bin/ld: (.text+0x10b3): undefined reference to `UCNV_TO_U_CALLBACK_STOP_70'
/usr/bin/ld: (.text+0x10b8): undefined reference to `ucnv_setToUCallBack_70'
/usr/bin/ld: /home/uilian/.conan2/p/b/librs336a2333e6ca6/p/lib/librsvg-2.a(encoding.o): in function `xmlUconvWrapper':
(.text+0x1257): undefined reference to `ucnv_convertEx_70'
/usr/bin/ld: (.text+0x12e2): undefined reference to `ucnv_convertEx_70'
/usr/bin/ld: /home/uilian/.conan2/p/b/librs336a2333e6ca6/p/lib/librsvg-2.a(encoding.o): in function `xmlFindCharEncodingHandler.part.0':
(.text+0x2750): undefined reference to `ucnv_close_70'
/usr/bin/ld: (.text+0x2759): undefined reference to `ucnv_close_70'
/usr/bin/ld: (.text+0x2814): undefined reference to `ucnv_close_70'
/usr/bin/ld: (.text+0x281d): undefined reference to `ucnv_close_70'
/usr/bin/ld: (.text+0x2869): undefined reference to `ucnv_close_70'
/usr/bin/ld: /home/uilian/.conan2/p/b/librs336a2333e6ca6/p/lib/librsvg-2.a(encoding.o):(.text+0x2872): more undefined references to `ucnv_close_70' follow
collect2: error: ld returned 1 exit status
ninja: build stopped: subcommand failed.


ERROR: librsvg/2.62.3 (test package): Error in build() method, line 20
	cmake.build()
	ConanException: Error 1 while executing
