
======== Exporting recipe to the cache ========
opencv/3.4.20: [HOOK - hook_run_linter.py] pre_export(): RUN: conanlint check /home/uilian/Development/conan/conan-center-index/recipes/opencv/3.x/../**/*
2.x/conanfile.py::608:20 - E0606: Possibly using variable 'world_requires' before assignment (possibly-used-before-assignment)
╭────────────────────────────────────────────────────────────────────────────────────────────────────────────────────────────────────────────────────────────────────────────────────────────────────────────────────────────────────────────╮
│   607                     self.cpp_info.components[conan_component].requires = ["opencv_world"]                                                                                                                                            │
│   608                     world_requires.update(module_requires)                                                                                                                                                                           │
│   609                     world_requires_exclude.add(conan_component)                                                                                                                                                                      │
╰────────────────────────────────────────────────────────────────────────────────────────────────────────────────────────────────────────────────────────────────────────────────────────────────────────────────────────────────────────────╯

2.x/conanfile.py::609:20 - E0606: Possibly using variable 'world_requires_exclude' before assignment (possibly-used-before-assignment)
╭────────────────────────────────────────────────────────────────────────────────────────────────────────────────────────────────────────────────────────────────────────────────────────────────────────────────────────────────────────────╮
│   608                     world_requires.update(module_requires)                                                                                                                                                                           │
│   609                     world_requires_exclude.add(conan_component)                                                                                                                                                                      │
│   610                     world_system_libs.update(module_system_libs)                                                                                                                                                                     │
╰────────────────────────────────────────────────────────────────────────────────────────────────────────────────────────────────────────────────────────────────────────────────────────────────────────────────────────────────────────────╯

2.x/conanfile.py::610:20 - E0606: Possibly using variable 'world_system_libs' before assignment (possibly-used-before-assignment)
╭────────────────────────────────────────────────────────────────────────────────────────────────────────────────────────────────────────────────────────────────────────────────────────────────────────────────────────────────────────────╮
│   609                     world_requires_exclude.add(conan_component)                                                                                                                                                                      │
│   610                     world_system_libs.update(module_system_libs)                                                                                                                                                                     │
│   611                     world_frameworks.update(module_frameworks)                                                                                                                                                                       │
╰────────────────────────────────────────────────────────────────────────────────────────────────────────────────────────────────────────────────────────────────────────────────────────────────────────────────────────────────────────────╯

2.x/conanfile.py::611:20 - E0606: Possibly using variable 'world_frameworks' before assignment (possibly-used-before-assignment)
╭────────────────────────────────────────────────────────────────────────────────────────────────────────────────────────────────────────────────────────────────────────────────────────────────────────────────────────────────────────────╮
│   610                     world_system_libs.update(module_system_libs)                                                                                                                                                                     │
│   611                     world_frameworks.update(module_frameworks)                                                                                                                                                                       │
│   612                 else:                                                                                                                                                                                                                │
╰────────────────────────────────────────────────────────────────────────────────────────────────────────────────────────────────────────────────────────────────────────────────────────────────────────────────────────────────────────────╯

4.x/conanfile.py::304:25 - W9046: Insecure access to option 'with_msmf' which could have been deleted. Deletion conditions: 'Ne(self.settings.os, Windows)'. Usage conditions: 'self._is_mingw' (conan-unsafe-attr-access)
╭────────────────────────────────────────────────────────────────────────────────────────────────────────────────────────────────────────────────────────────────────────────────────────────────────────────────────────────────────────────╮
│    303             # by default for MinGW (actually it would fail otherwise)                                                                                                                                                               │
│    304             self.options.with_msmf = False                                                                                                                                                                                          │
│    305             self.options.with_msmf_dxva = False                                                                                                                                                                                     │
╰────────────────────────────────────────────────────────────────────────────────────────────────────────────────────────────────────────────────────────────────────────────────────────────────────────────────────────────────────────────╯

4.x/conanfile.py::305:25 - W9046: Insecure access to option 'with_msmf_dxva' which could have been deleted. Deletion conditions: 'Ne(self.settings.os, Windows)'. Usage conditions: 'self._is_mingw' (conan-unsafe-attr-access)
╭────────────────────────────────────────────────────────────────────────────────────────────────────────────────────────────────────────────────────────────────────────────────────────────────────────────────────────────────────────────╮
│    304             self.options.with_msmf = False                                                                                                                                                                                          │
│    305             self.options.with_msmf_dxva = False                                                                                                                                                                                     │
│    306         if self.settings.os == "Linux":                                                                                                                                                                                             │
╰────────────────────────────────────────────────────────────────────────────────────────────────────────────────────────────────────────────────────────────────────────────────────────────────────────────────────────────────────────────╯

4.x/conanfile.py::1448:11 - R1729: Use a generator instead 'any(self.options.get_safe(module) for module in OPENCV_EXTRA_MODULES_OPTIONS)' (use-a-generator)
╭────────────────────────────────────────────────────────────────────────────────────────────────────────────────────────────────────────────────────────────────────────────────────────────────────────────────────────────────────────────╮
│   1447         # Extra modules                                                                                                                                                                                                             │
│   1448         if any([self.options.get_safe(module) for module in OPENCV_EXTRA_MODULES_OPTIONS]) or self.options.with_cuda:                                                                                                               │
│   1449             tc.variables["OPENCV_EXTRA_MODULES_PATH"] = self._extra_modules_folder.replace("\\", "/")                                                                                                                               │
╰────────────────────────────────────────────────────────────────────────────────────────────────────────────────────────────────────────────────────────────────────────────────────────────────────────────────────────────────────────────╯

4.x/conanfile.py::1618:20 - E0606: Possibly using variable 'world_requires' before assignment (possibly-used-before-assignment)
╭────────────────────────────────────────────────────────────────────────────────────────────────────────────────────────────────────────────────────────────────────────────────────────────────────────────────────────────────────────────╮
│   1617                     self.cpp_info.components[conan_component].requires = ["opencv_world"]                                                                                                                                           │
│   1618                     world_requires.update(module_requires)                                                                                                                                                                          │
│   1619                     world_requires_exclude.add(conan_component)                                                                                                                                                                     │
╰────────────────────────────────────────────────────────────────────────────────────────────────────────────────────────────────────────────────────────────────────────────────────────────────────────────────────────────────────────────╯

4.x/conanfile.py::1619:20 - E0606: Possibly using variable 'world_requires_exclude' before assignment (possibly-used-before-assignment)
╭────────────────────────────────────────────────────────────────────────────────────────────────────────────────────────────────────────────────────────────────────────────────────────────────────────────────────────────────────────────╮
│   1618                     world_requires.update(module_requires)                                                                                                                                                                          │
│   1619                     world_requires_exclude.add(conan_component)                                                                                                                                                                     │
│   1620                     world_system_libs.update(module_system_libs)                                                                                                                                                                    │
╰────────────────────────────────────────────────────────────────────────────────────────────────────────────────────────────────────────────────────────────────────────────────────────────────────────────────────────────────────────────╯

4.x/conanfile.py::1620:20 - E0606: Possibly using variable 'world_system_libs' before assignment (possibly-used-before-assignment)
╭────────────────────────────────────────────────────────────────────────────────────────────────────────────────────────────────────────────────────────────────────────────────────────────────────────────────────────────────────────────╮
│   1619                     world_requires_exclude.add(conan_component)                                                                                                                                                                     │
│   1620                     world_system_libs.update(module_system_libs)                                                                                                                                                                    │
│   1621                     world_frameworks.update(module_frameworks)                                                                                                                                                                      │
╰────────────────────────────────────────────────────────────────────────────────────────────────────────────────────────────────────────────────────────────────────────────────────────────────────────────────────────────────────────────╯

4.x/conanfile.py::1621:20 - E0606: Possibly using variable 'world_frameworks' before assignment (possibly-used-before-assignment)
╭────────────────────────────────────────────────────────────────────────────────────────────────────────────────────────────────────────────────────────────────────────────────────────────────────────────────────────────────────────────╮
│   1620                     world_system_libs.update(module_system_libs)                                                                                                                                                                    │
│   1621                     world_frameworks.update(module_frameworks)                                                                                                                                                                      │
│   1622                 else:                                                                                                                                                                                                               │
╰────────────────────────────────────────────────────────────────────────────────────────────────────────────────────────────────────────────────────────────────────────────────────────────────────────────────────────────────────────────╯

Error: Found 8 error, 2 warning, 1 refactor

opencv/3.4.20: Exporting package recipe: /home/uilian/Development/conan/conan-center-index/recipes/opencv/3.x/conanfile.py
opencv/3.4.20: exports: File 'conandata.yml' found. Exporting it...
opencv/3.4.20: Calling export_sources()
opencv/3.4.20: Copied 1 '.py' file: conanfile.py
opencv/3.4.20: Copied 1 '.yml' file: conandata.yml
opencv/3.4.20: Copied 2 '.patch' files: 3.4.17-0001-find-openexr.patch, 3.4.17-0002-cmake4-support.patch
opencv/3.4.20: Exported to cache folder: /home/uilian/.conan2/p/openc85b7d9efa56d1/e
opencv/3.4.20: Exported: opencv/3.4.20#05df53851f7b61e2aefc956d5034d7f5 (2026-03-03 15:14:03 UTC)

======== Input profiles ========
Profile host:
[settings]
arch=x86_64
build_type=Release
compiler=gcc
compiler.cppstd=gnu20
compiler.libcxx=libstdc++11
compiler.version=13
os=Linux
[options]
*/*:shared=True
[conf]
tools.build:compiler_executables={'c': '/usr/bin/gcc-13', 'cpp': '/usr/bin/g++-13'}
tools.build:verbosity=verbose
tools.cmake.cmaketoolchain:generator=Ninja
tools.compilation:verbosity=verbose
tools.system.package_manager:mode=install
tools.system.package_manager:sudo=true

Profile build:
[settings]
arch=x86_64
build_type=Release
compiler=gcc
compiler.cppstd=gnu20
compiler.libcxx=libstdc++11
compiler.version=13
os=Linux
[conf]
tools.build:compiler_executables={'c': '/usr/bin/gcc-13', 'cpp': '/usr/bin/g++-13'}
tools.build:verbosity=verbose
tools.cmake.cmaketoolchain:generator=Ninja
tools.compilation:verbosity=verbose
tools.system.package_manager:mode=install
tools.system.package_manager:sudo=true


======== Computing dependency graph ========
Graph root
    cli
Requirements
    at-spi2-core/2.59.0#ccadbc2d78688e38b32c0910cc47714d - Cache
    brotli/1.1.0#3f631ef77008f7b5eb388780116371a3 - Cache
    bzip2/1.0.8#c470882369c2d95c5c77e970c0c7e321 - Cache
    cairo/1.18.4#a3845ccec428be648572c84a65f74f15 - Cache
    dbus/1.15.8#3cdcb97b51b7f931f9f11c57d8409845 - Cache
    egl/system#068ac3037d8cf01f768d0e001e6dcd76 - Cache
    eigen/3.4.0#e7256a460e38f651ab0aa5246f94cf6a - Cache
    elfutils/0.190#8e8c47bd9b2578e29a0341b09b977be8 - Cache
    expat/2.7.4#55569edc34682009fd6f2e6a558ffed9 - Cache
    fontconfig/2.17.1#c7138aa09e0fcc0e337511719c9bfb12 - Cache
    freetype/2.14.1#40f1e4af5db7d8155f9ecabd09973280 - Cache
    fribidi/1.0.13#861199a83fa19c194beeb7f6234d9d51 - Cache
    gdk-pixbuf/2.44.4#66f46a47aae52bbf105bbbbda4898654 - Cache
    glib/2.85.3#2fef4f1c3f92c9eaf077ccd54b9404a3 - Cache
    gtk/3.24.51#aeb1ddb4060af7179dd61c5070d829a4 - Cache
    harfbuzz/12.3.0#a5fef061896cd5c30e9a17c9d7920ad1 - Cache
    jasper/4.2.4#694a46302082de14f5af08d15d959dc6 - Cache
    libepoxy/1.5.10#160857f514eae3907eac414d040bb41a - Cache
    libffi/3.4.8#a045c00fb26779635e3bed40e80c5254 - Cache
    libjpeg/9f#8edfe2699565c80c825d0256002504ff - Cache
    libmount/2.39.2#64850679fa9d5ead878e5076b0cab2a8 - Cache
    libpng/1.6.55#f32362d4db3c562271d907c99be24091 - Cache
    libselinux/3.6#5a78ff6ae5034eeaac8da723361a8ce4 - Cache
    libtiff/4.6.0#b3fb32a80480ba4d4d9a71dd310ead02 - Cache
    libwebp/1.6.0#eb5f8e35fc95980e32b5544a33a270b4 - Cache
    libxft/2.3.9#dfc71e304b9d4c3dcf54a571281dbb86 - Cache
    lzo/2.10#f00b10acc508cea70645727d970a23e1 - Cache
    opencv/3.4.20#05df53851f7b61e2aefc956d5034d7f5 - Cache
    openexr/2.5.7#191290b5cb7da90a05ed351fae29d9c4 - Cache
    opengl/system#cfcf523b9d2bad75cbf377f56562634c - Cache
    pango/1.57.0#27e3f8ea574b5f7019614fc71c62a6fa - Cache
    pcre2/10.42#9a35f5089feb875ec61a38eca364ce77 - Cache
    pixman/0.43.4#60427f74e9514f007eb3cb8c52b6fbd6 - Cache
    xorg/system#98f82cb669e4ebc6b4d9d8a4f3f1faf4 - Cache
    xorg-macros/1.19.3#c3465b331ce1d044ee771dc5e4529b79 - Cache
    xorg-proto/2024.1#449e77cf0df9acf515ddc79d0fe24938 - Cache
    xz_utils/5.8.1#0c67d0683aca2f1ca69a17730a65a1e7 - Cache
    zlib/1.3.1#cac0f6daea041b0ccf42934163defb20 - Cache
    zstd/1.5.7#b68ca8e3de04ba5957761751d1d661f4 - Cache
Build requirements
    autoconf/2.71#51077f068e61700d65bb05541ea1e4b0 - Cache
    automake/1.16.5#b91b7c384c3deaa9d535be02da14d04f - Cache
    bison/3.8.2#c3490cbe0078b6fd3eb4cf5ed64144dc - Cache
    bzip2/1.0.8#c470882369c2d95c5c77e970c0c7e321 - Cache
    cmake/4.2.3#c5c10d4c90874997553970589940ab9c - Cache
    elfutils/0.190#8e8c47bd9b2578e29a0341b09b977be8 - Cache
    flex/2.6.4#efa781fc5088b47c895bd4eef6911f2e - Cache
    gettext/0.22.5#2f6edba611e8db1a8a18488b116e8c2a - Cache
    glib/2.85.3#2fef4f1c3f92c9eaf077ccd54b9404a3 - Cache
    gnu-config/cci.20210814#466e9d4d7779e1c142443f7ea44b4284 - Cache
    gperf/3.1#a7afdf8f7cccdc2dcd4d962370c33d4f - Cache
    libffi/3.4.8#a045c00fb26779635e3bed40e80c5254 - Cache
    libiconv/1.17#1e65319e945f2d31941a9d28cc13c058 - Cache
    libmount/2.39.2#64850679fa9d5ead878e5076b0cab2a8 - Cache
    libselinux/3.6#5a78ff6ae5034eeaac8da723361a8ce4 - Cache
    libtool/2.4.7#14e7739cc128bc1623d2ed318008e47e - Cache
    m4/1.4.19#1f9bd25d2bd53f49ad509caa467f57b9 - Cache
    meson/1.2.1#f2b0c7763308df8e33172744dace8845 - Cache
    meson/1.3.1#a17179442f5a99378b58ef0a0f43babc - Cache
    meson/1.4.0#2262941cc8fbb0099dd0c196ca2a6c01 - Cache
    meson/1.10.1#426d7d29e3e5f7285cb8398d84546734 - Cache
    ninja/1.13.2#c8c5dc2a52ed6e4e42a66d75b4717ceb - Cache
    pcre2/10.42#9a35f5089feb875ec61a38eca364ce77 - Cache
    pkgconf/2.0.3#c7ba7fd1d7d22534ee070ae60ed79604 - Cache
    pkgconf/2.1.0#21f96520faf7660b99f872e956d2ac13 - Cache
    pkgconf/2.2.0#4ac315b50ef734072b00ff3aacbf52bf - Cache
    pkgconf/2.5.1#93c2051284cba1279494a43a4fcfeae2 - Cache
    xorg-macros/1.19.3#c3465b331ce1d044ee771dc5e4529b79 - Cache
    xorg-macros/1.20.0#b721d2f8ca6804d072820cb551d8c4fa - Cache
    xz_utils/5.8.1#0c67d0683aca2f1ca69a17730a65a1e7 - Cache
    zlib/1.3.1#cac0f6daea041b0ccf42934163defb20 - Cache
    zstd/1.5.7#b68ca8e3de04ba5957761751d1d661f4 - Cache
Resolved version ranges
    at-spi2-core/[>=2.53.1 <3]: at-spi2-core/2.59.0
    cairo/[>=1.18 <2]: cairo/1.18.4
    cmake/[>=3.17]: cmake/4.2.3
    cmake/[>=3.18]: cmake/4.2.3
    cmake/[>=3.20]: cmake/4.2.3
    expat/[>=2.6.2 <3]: expat/2.7.4
    fontconfig/[>=2.15 <3]: fontconfig/2.17.1
    freetype/[>=2.13.2 <3]: freetype/2.14.1
    gdk-pixbuf/[>=2.42 <3]: gdk-pixbuf/2.44.4
    glib/[>=2.82 <3]: glib/2.85.3
    harfbuzz/[>=8.3.0]: harfbuzz/12.3.0
    jasper/[>=4.2.0 <5]: jasper/4.2.4
    libffi/[>=3.4.4 <4]: libffi/3.4.8
    libjpeg/[>=9e]: libjpeg/9f
    libpng/[>=1.6 <2]: libpng/1.6.55
    libwebp/[>=1.3.2 <5]: libwebp/1.6.0
    libxft/[~2.3]: libxft/2.3.9
    meson/[>=1.2.2 <2]: meson/1.10.1
    meson/[>=1.2.3 <2]: meson/1.10.1
    meson/[>=1.3.2 <2]: meson/1.10.1
    meson/[>=1.4.0 <2]: meson/1.10.1
    meson/[>=1.5 <2]: meson/1.10.1
    ninja/[>=1.10.2 <2]: ninja/1.13.2
    pango/[>=1.50.7 <2]: pango/1.57.0
    pkgconf/[>=2.1.0 <3]: pkgconf/2.5.1
    pkgconf/[>=2.1 <3]: pkgconf/2.5.1
    pkgconf/[>=2.2 <3]: pkgconf/2.5.1
    xz_utils/[>=5.4.5 <6]: xz_utils/5.8.1
    zlib/[>=1.2.11 <2]: zlib/1.3.1
    zstd/[~1.5]: zstd/1.5.7

======== Computing necessary packages ========
Connecting to remote 'conancenter' anonymously
libtiff/4.6.0: Main binary package 'c0868ffc9b137e27e3ed0d0ad9b117b35834897c' missing
libtiff/4.6.0: Checking 11 compatible configurations
libtiff/4.6.0: Found compatible package 'cda50f59550aae90f1a161df4905cf8b34e91915': compiler.cppstd=gnu17
openexr/2.5.7: Main binary package 'c6c4b4bde9cc91b4c5224b1ad7a8709c48fd67bc' missing
openexr/2.5.7: Checking 11 compatible configurations
openexr/2.5.7: Found compatible package '67118f4dcb511d30692e70987ae1df399f1a3b33': compiler.cppstd=gnu17
harfbuzz/12.3.0: Main binary package '4821fdb8ec8d09f87ff9493b542bc63efc0273aa' missing
harfbuzz/12.3.0: Checking 11 compatible configurations
harfbuzz/12.3.0: Found compatible package '0275a88bf8b040490427cbad1c6f936181f0084a': compiler.cppstd=gnu17
opencv/3.4.20: Forced build from source
Requirements
    at-spi2-core/2.59.0#ccadbc2d78688e38b32c0910cc47714d:580a63c933dd453c4d605c6f0f12b7c75aeafd05#c5741fd0cc554a3b3f05c097981665e5 - Cache
    brotli/1.1.0#3f631ef77008f7b5eb388780116371a3:faa9bd32cf56f9aa4954248221dd8e002ffe8a59#cc56e8a1b54ea964927ef12c17855675 - Cache
    bzip2/1.0.8#c470882369c2d95c5c77e970c0c7e321:c6aeb3e4cfcfdb1df8d54511fc295fb4d67cff32#875f0915659a544b58cb974309821ed7 - Cache
    cairo/1.18.4#a3845ccec428be648572c84a65f74f15:942871582ef959500bfe0ede04772a9f6c10480d#c1c7c11b49c45033d65e4b7b5aa47e62 - Cache
    dbus/1.15.8#3cdcb97b51b7f931f9f11c57d8409845:88fab453c5758eb80bbc41abbe11314d7af1fead#e5678556b546ccaba50e3ef33a4535ee - Cache
    egl/system#068ac3037d8cf01f768d0e001e6dcd76:da39a3ee5e6b4b0d3255bfef95601890afd80709#0ba8627bd47edc3a501e8f0eb9a79e5e - Cache
    eigen/3.4.0#e7256a460e38f651ab0aa5246f94cf6a:da39a3ee5e6b4b0d3255bfef95601890afd80709#b2e7c2d86c5d1dbefc534889aa72e12c - Cache
    elfutils/0.190#8e8c47bd9b2578e29a0341b09b977be8:46bb5e69c4b4411657a68239054dccc32dd715d5#10a7addaae867beaa7efbc83cfe8ff15 - Cache
    expat/2.7.4#55569edc34682009fd6f2e6a558ffed9:38828efa78ca779a2cdf04a35e92f76097c541e7#0c18864f2c500ad802f40439c12f9e87 - Cache
    fontconfig/2.17.1#c7138aa09e0fcc0e337511719c9bfb12:f38e8136a0e6a1876bc7f90facc0fa9f9d21fcb0#6013701aea8503715340dd6e613305a5 - Cache
    freetype/2.14.1#40f1e4af5db7d8155f9ecabd09973280:a91dddf32e7438a586534519f62126a14bef4a83#1352d7cd9baa7687dede68d0ae74605a - Cache
    fribidi/1.0.13#861199a83fa19c194beeb7f6234d9d51:ba8b9b9d18b13a9029ef391c4c3221e9ed8348c8#189860e0e2d751723cc33b0d180de3e8 - Cache
    gdk-pixbuf/2.44.4#66f46a47aae52bbf105bbbbda4898654:3c231c038fba1b551acf223fd97e69e678ef57df#1b5a7faa21e16a2046d143f18e479747 - Cache
    glib/2.85.3#2fef4f1c3f92c9eaf077ccd54b9404a3:ad367d86173f723c6fff13042f8f0a67aaf69481#e7ff90588e05790b4c2e1e8371b72571 - Cache
    gtk/3.24.51#aeb1ddb4060af7179dd61c5070d829a4:a6de3e817e0478c969405305e055283f2cbff7d1#79f9e28888f714c179de78e8a32f5e97 - Cache
    harfbuzz/12.3.0#a5fef061896cd5c30e9a17c9d7920ad1:0275a88bf8b040490427cbad1c6f936181f0084a#33e305c8574c526d71bb1d4d0e247965 - Cache
    jasper/4.2.4#694a46302082de14f5af08d15d959dc6:c7c744b1c121f266ebeb022e831e579132f4efd8#e9d2300ee73f0d9c7b8c4dae725c3fc6 - Cache
    libepoxy/1.5.10#160857f514eae3907eac414d040bb41a:af64198616765dad8baf1dbbcc8ed994993b90a0#af14e0f891b2c1270360d4d957e84b8f - Cache
    libffi/3.4.8#a045c00fb26779635e3bed40e80c5254:17561cbc2922b459119809d525458e11e7bcb047#8570586c0a317528f271fe8c727a85ca - Cache
    libjpeg/9f#8edfe2699565c80c825d0256002504ff:17561cbc2922b459119809d525458e11e7bcb047#ec6057de131e79c5e45b5a59960e0d57 - Cache
    libmount/2.39.2#64850679fa9d5ead878e5076b0cab2a8:17561cbc2922b459119809d525458e11e7bcb047#08fd6b9a5d2e6f1fdef5d939f065fcfe - Cache
    libpng/1.6.55#f32362d4db3c562271d907c99be24091:b899ac9b7f8d46c5a4de96dd6d79dfb3cd4d09c6#520d69b461f90a911bd22d4efe81266e - Cache
    libselinux/3.6#5a78ff6ae5034eeaac8da723361a8ce4:6048c5014babe89d5d62ed0fa35b4be0c2e53eff#4e94c1a3ce4eeba34c2cba7125eb7aef - Cache
    libtiff/4.6.0#b3fb32a80480ba4d4d9a71dd310ead02:cda50f59550aae90f1a161df4905cf8b34e91915#8a1754260c33c82e702a81378f462e26 - Cache
    libwebp/1.6.0#eb5f8e35fc95980e32b5544a33a270b4:933d1cf34fa4437bf403a4e03072fb48c5880aad#183b651e89a24ce8ef2f4a245704202c - Cache
    libxft/2.3.9#dfc71e304b9d4c3dcf54a571281dbb86:55e493dbb6d7c618b48e953b45375c74cf2dc0ca#20504ee382c01a675e4d9caca6b51841 - Cache
    lzo/2.10#f00b10acc508cea70645727d970a23e1:17561cbc2922b459119809d525458e11e7bcb047#8316ef8cc7dff5739beb1fb3ca1ffeba - Cache
    opencv/3.4.20#05df53851f7b61e2aefc956d5034d7f5:758a56ab13b9f4c1495e444563053dbb4160bfbe - Build
    openexr/2.5.7#191290b5cb7da90a05ed351fae29d9c4:67118f4dcb511d30692e70987ae1df399f1a3b33#ab7a59ec787156cc8b7b074d0b2d7333 - Cache
    opengl/system#cfcf523b9d2bad75cbf377f56562634c:da39a3ee5e6b4b0d3255bfef95601890afd80709#0ba8627bd47edc3a501e8f0eb9a79e5e - Cache
    pango/1.57.0#27e3f8ea574b5f7019614fc71c62a6fa:f29efd2c5cd5ce771f7719524b9fb66eb31843dd#71cc37731b268ef311078bad89923d81 - Cache
    pcre2/10.42#9a35f5089feb875ec61a38eca364ce77:ac52646359464e3ac281873705d7e052dd32df08#32ed6be013c0e52055d08b75dc517023 - Cache
    pixman/0.43.4#60427f74e9514f007eb3cb8c52b6fbd6:17561cbc2922b459119809d525458e11e7bcb047#e5217ba3dd9bef3d59365b17c2e5be89 - Cache
    xorg-macros/1.19.3#c3465b331ce1d044ee771dc5e4529b79:da39a3ee5e6b4b0d3255bfef95601890afd80709#f6477c9b9eaafe88df13906bad42fbb4 - Cache
    xorg-proto/2024.1#449e77cf0df9acf515ddc79d0fe24938:da39a3ee5e6b4b0d3255bfef95601890afd80709#7d3e106e18f31f9ad023213d6b67b6da - Cache
    xorg/system#98f82cb669e4ebc6b4d9d8a4f3f1faf4:da39a3ee5e6b4b0d3255bfef95601890afd80709#0ba8627bd47edc3a501e8f0eb9a79e5e - Cache
    xz_utils/5.8.1#0c67d0683aca2f1ca69a17730a65a1e7:17561cbc2922b459119809d525458e11e7bcb047#7fd55192e41284e47acd72f1020f52fe - Cache
    zlib/1.3.1#cac0f6daea041b0ccf42934163defb20:17561cbc2922b459119809d525458e11e7bcb047#40bdae4d2cc35cdad193f96988c64922 - Cache
    zstd/1.5.7#b68ca8e3de04ba5957761751d1d661f4:6ed7bd7d6abb8cd95a63c74849b05ffa08d203bf#3360cfe7ab82c472f074cef502e757dd - Cache
Build requirements
Skipped binaries
    autoconf/2.71, automake/1.16.5, bison/3.8.2, bzip2/1.0.8, cmake/4.2.3, elfutils/0.190, flex/2.6.4, gettext/0.22.5, glib/2.85.3, gnu-config/cci.20210814, gperf/3.1, libffi/3.4.8, libiconv/1.17, libmount/2.39.2, libselinux/3.6, libtool/2.4.7, m4/1.4.19, meson/1.10.1, meson/1.2.1, meson/1.3.1, meson/1.4.0, ninja/1.13.2, pcre2/10.42, pkgconf/2.0.3, pkgconf/2.1.0, pkgconf/2.2.0, pkgconf/2.5.1, xorg-macros/1.19.3, xorg-macros/1.20.0, xz_utils/5.8.1, zlib/1.3.1, zstd/1.5.7
egl/system: System requirements: libegl-dev already installed
opengl/system: System requirements: libgl-dev already installed
xorg/system: System requirements: libx11-dev libx11-xcb-dev libfontenc-dev libice-dev libsm-dev libxau-dev libxaw7-dev libxcomposite-dev libxcursor-dev libxdamage-dev libxdmcp-dev libxext-dev libxfixes-dev libxi-dev libxinerama-dev libxkbfile-dev libxmu-dev libxmuu-dev libxpm-dev libxrandr-dev libxrender-dev libxres-dev libxss-dev libxt-dev libxtst-dev libxv-dev libxxf86vm-dev libxcb-glx0-dev libxcb-render0-dev libxcb-render-util0-dev libxcb-xkb-dev libxcb-icccm4-dev libxcb-image0-dev libxcb-keysyms1-dev libxcb-randr0-dev libxcb-shape0-dev libxcb-sync-dev libxcb-xfixes0-dev libxcb-xinerama0-dev libxcb-dri3-dev uuid-dev libxcb-cursor-dev libxcb-dri2-0-dev libxcb-dri3-dev libxcb-present-dev libxcb-composite0-dev libxcb-ewmh-dev libxcb-res0-dev already installed
xorg/system: System requirements: libxcb-util-dev already installed

======== Installing packages ========
brotli/1.1.0: Already installed! (1 of 39)
bzip2/1.0.8: Already installed! (2 of 39)
egl/system: Already installed! (3 of 39)
eigen/3.4.0: Already installed! (4 of 39)
libffi/3.4.8: Already installed! (5 of 39)
libjpeg/9f: Already installed! (6 of 39)
libmount/2.39.2: Already installed! (7 of 39)
lzo/2.10: Already installed! (8 of 39)
opengl/system: Already installed! (9 of 39)
xorg/system: Already installed! (10 of 39)
xz_utils/5.8.1: Already installed! (11 of 39)
zlib/1.3.1: Already installed! (12 of 39)
zstd/1.5.7: Already installed! (13 of 39)
expat/2.7.4: Already installed! (14 of 39)
libwebp/1.6.0: Already installed! (15 of 39)
fribidi/1.0.13: Already installed! (16 of 39)
pixman/0.43.4: Already installed! (17 of 39)
xorg-macros/1.19.3: Already installed! (18 of 39)
xorg-macros/1.19.3: Appending AUTOMAKE_CONAN_INCLUDES environment variable: /home/uilian/.conan2/p/xorg-a7814e7f591fa/p/bin/share/aclocal
xorg-macros/1.19.3: WARN: deprecated: The use of 'unix_path_legacy_compat' is deprecated in Conan 2.0 and does not perform path conversions. This is retained for compatibility with Conan 1.x and will be removed in a future version.
jasper/4.2.4: Already installed! (19 of 39)
libpng/1.6.55: Already installed! (20 of 39)
libtiff/4.6.0: Already installed! (21 of 39)
openexr/2.5.7: Already installed! (22 of 39)
pcre2/10.42: Already installed! (23 of 39)
libepoxy/1.5.10: Already installed! (24 of 39)
dbus/1.15.8: Already installed! (25 of 39)
elfutils/0.190: Already installed! (26 of 39)
elfutils/0.190: Appending PATH env var with : /home/uilian/.conan2/p/elfutab214d4443f10/p/bin
elfutils/0.190: Setting ADDR2LINE to /home/uilian/.conan2/p/elfutab214d4443f10/p/bin/eu-addr2line
elfutils/0.190: Setting AR to /home/uilian/.conan2/p/elfutab214d4443f10/p/bin/eu-ar
elfutils/0.190: Setting ELFCLASSIFY to /home/uilian/.conan2/p/elfutab214d4443f10/p/bin/eu-elfclassify
elfutils/0.190: Setting ELFCMP to /home/uilian/.conan2/p/elfutab214d4443f10/p/bin/eu-elfcmp
elfutils/0.190: Setting ELFCOMPRESS to /home/uilian/.conan2/p/elfutab214d4443f10/p/bin/eu-elfcompress
elfutils/0.190: Setting ELFLINT to /home/uilian/.conan2/p/elfutab214d4443f10/p/bin/eu-elflint
elfutils/0.190: Setting FINDTEXTREL to /home/uilian/.conan2/p/elfutab214d4443f10/p/bin/eu-findtextrel
elfutils/0.190: Setting MAKE_DEBUG_ARCHIVE to /home/uilian/.conan2/p/elfutab214d4443f10/p/bin/eu-make-debug-archive
elfutils/0.190: Setting NM to /home/uilian/.conan2/p/elfutab214d4443f10/p/bin/eu-nm
elfutils/0.190: Setting OBJDUMP to /home/uilian/.conan2/p/elfutab214d4443f10/p/bin/eu-objdump
elfutils/0.190: Setting RANLIB to /home/uilian/.conan2/p/elfutab214d4443f10/p/bin/eu-ranlib
elfutils/0.190: Setting READELF to /home/uilian/.conan2/p/elfutab214d4443f10/p/bin/eu-readelf
elfutils/0.190: Setting SIZE to /home/uilian/.conan2/p/elfutab214d4443f10/p/bin/eu-size
elfutils/0.190: Setting STACK to /home/uilian/.conan2/p/elfutab214d4443f10/p/bin/eu-stack
elfutils/0.190: Setting STRINGS to /home/uilian/.conan2/p/elfutab214d4443f10/p/bin/eu-strings
elfutils/0.190: Setting STRIP to /home/uilian/.conan2/p/elfutab214d4443f10/p/bin/eu-strip
elfutils/0.190: Setting UNSTRIP to /home/uilian/.conan2/p/elfutab214d4443f10/p/bin/eu-unstrip
xorg-proto/2024.1: Already installed! (27 of 39)
freetype/2.14.1: Already installed! (28 of 39)
libselinux/3.6: Already installed! (29 of 39)
fontconfig/2.17.1: Already installed! (30 of 39)
glib/2.85.3: Already installed! (31 of 39)
libxft/2.3.9: Already installed! (32 of 39)
at-spi2-core/2.59.0: Already installed! (33 of 39)
cairo/1.18.4: Already installed! (34 of 39)
gdk-pixbuf/2.44.4: Already installed! (35 of 39)
harfbuzz/12.3.0: Already installed! (36 of 39)
pango/1.57.0: Already installed! (37 of 39)
gtk/3.24.51: Already installed! (38 of 39)

-------- Installing package opencv/3.4.20 (39 of 39) --------
opencv/3.4.20: Building from source
opencv/3.4.20: Package opencv/3.4.20:758a56ab13b9f4c1495e444563053dbb4160bfbe
opencv/3.4.20: settings: os=Linux arch=x86_64 compiler=gcc compiler.cppstd=gnu20 compiler.libcxx=libstdc++11 compiler.version=13 build_type=Release
opencv/3.4.20: options: contrib=False nonfree=False parallel=False shared=True with_eigen=True with_gtk=True with_jasper=True with_jpeg=libjpeg with_openexr=True with_png=True with_tiff=True with_webp=True
opencv/3.4.20: requires: jasper/4.2.Z openexr/2.5.Z eigen/3.4.0#e7256a460e38f651ab0aa5246f94cf6a:da39a3ee5e6b4b0d3255bfef95601890afd80709 libwebp/1.6.Z gtk/3.24.Z gdk-pixbuf/2.44.Z libtiff/4.6.Z libjpeg/9f pango/1.57.Z xorg-macros/1.19.3#c3465b331ce1d044ee771dc5e4529b79:da39a3ee5e6b4b0d3255bfef95601890afd80709 cairo/1.18.Z fontconfig/2.17.Z harfbuzz/12.3.Z freetype/2.14.Z libpng/1.6.Z at-spi2-core/2.59.Z glib/2.85.Z zlib/1.3.Z expat/2.7.Z fribidi/1.0.Z xorg/system
opencv/3.4.20: Copying sources to build folder
opencv/3.4.20: Building your package in /home/uilian/.conan2/p/b/openc0f1bf19f37050/b
opencv/3.4.20: Calling generate()
opencv/3.4.20: Generators folder: /home/uilian/.conan2/p/b/openc0f1bf19f37050/b/build/Release/generators
opencv/3.4.20: CMakeToolchain generated: conan_toolchain.cmake
opencv/3.4.20: CMakeToolchain generated: /home/uilian/.conan2/p/b/openc0f1bf19f37050/b/build/Release/generators/CMakePresets.json
opencv/3.4.20: CMakeToolchain generated: /home/uilian/.conan2/p/b/openc0f1bf19f37050/b/src/CMakeUserPresets.json
opencv/3.4.20: CMakeDeps necessary find_package() and targets for your CMakeLists.txt
    find_package(Jasper)
    find_package(OpenEXR)
    find_package(Eigen3)
    find_package(WebP)
    find_package(gtk)
    find_package(TIFF)
    find_package(JPEG)
    find_package(PNG)
    find_package(ZLIB)
    target_link_libraries(... Jasper::Jasper openexr::openexr Eigen3::Eigen libwebp::libwebp gtk::gtk TIFF::TIFF JPEG::JPEG PNG::PNG ZLIB::ZLIB)
opencv/3.4.20: Generating aggregated env files
opencv/3.4.20: Generated aggregated env files: ['conanbuild.sh', 'conanrun.sh']
opencv/3.4.20: Calling build()
opencv/3.4.20: Apply patch (conan): Robust discovery & injection of OpenEXR
opencv/3.4.20: Apply patch (portability): Upgrade minimum cmake version on OpenCVGenPkgconfig
opencv/3.4.20: Running CMake.configure()
opencv/3.4.20: RUN: cmake -G "Ninja" -DCMAKE_TOOLCHAIN_FILE="generators/conan_toolchain.cmake" -DCMAKE_INSTALL_PREFIX="/home/uilian/.conan2/p/b/openc0f1bf19f37050/p" -DCMAKE_POLICY_VERSION_MINIMUM="3.5" -DCMAKE_POLICY_DEFAULT_CMP0091="NEW" -DCMAKE_BUILD_TYPE="Release" "/home/uilian/.conan2/p/b/openc0f1bf19f37050/b/src" --loglevel=VERBOSE
CMake Deprecation Warning at CMakeLists.txt:29 (cmake_minimum_required):
  Compatibility with CMake < 3.10 will be removed from a future version of
  CMake.

  Update the VERSION argument <min> value.  Or, use the <min>...<max> syntax
  to tell CMake that the project requires at least <min> but has been updated
  to work with policies introduced by <max> or earlier.


CMake Warning (dev) at CMakeLists.txt:117 (enable_language):
  project() should be called prior to this enable_language() call.
This warning is for project developers.  Use -Wno-dev to suppress it.

-- Using Conan toolchain: /home/uilian/.conan2/p/b/openc0f1bf19f37050/b/build/Release/generators/conan_toolchain.cmake
-- Conan toolchain: Defining architecture flag: -m64
-- Conan toolchain: C++ Standard 20 with extensions ON
-- Conan toolchain: Setting BUILD_SHARED_LIBS = ON
-- The CXX compiler identification is GNU 13.1.0
-- The C compiler identification is GNU 13.1.0
-- Detecting CXX compiler ABI info
-- Detecting CXX compiler ABI info - done
-- Check for working CXX compiler: /usr/bin/g++-13 - skipped
-- Detecting CXX compile features
-- Detecting CXX compile features - done
-- Detecting C compiler ABI info
-- Detecting C compiler ABI info - done
-- Check for working C compiler: /usr/bin/gcc-13 - skipped
-- Detecting C compile features
-- Detecting C compile features - done
-- Detected processor: x86_64
-- Performing Test HAVE_CXX11 (check file: cmake/checks/cxx11.cpp)
-- Performing Test HAVE_CXX11 - Success
-- Performing Test HAVE_CXX_FSIGNED_CHAR
-- Performing Test HAVE_CXX_FSIGNED_CHAR - Success
-- Performing Test HAVE_C_FSIGNED_CHAR
-- Performing Test HAVE_C_FSIGNED_CHAR - Success
-- Performing Test HAVE_CXX_W
-- Performing Test HAVE_CXX_W - Success
-- Performing Test HAVE_C_W
-- Performing Test HAVE_C_W - Success
-- Performing Test HAVE_CXX_WALL
-- Performing Test HAVE_CXX_WALL - Success
-- Performing Test HAVE_C_WALL
-- Performing Test HAVE_C_WALL - Success
-- Performing Test HAVE_CXX_WRETURN_TYPE
-- Performing Test HAVE_CXX_WRETURN_TYPE - Success
-- Performing Test HAVE_C_WRETURN_TYPE
-- Performing Test HAVE_C_WRETURN_TYPE - Success
-- Performing Test HAVE_CXX_WNON_VIRTUAL_DTOR
-- Performing Test HAVE_CXX_WNON_VIRTUAL_DTOR - Success
-- Performing Test HAVE_C_WNON_VIRTUAL_DTOR
-- Performing Test HAVE_C_WNON_VIRTUAL_DTOR - Failed
-- Performing Test HAVE_CXX_WADDRESS
-- Performing Test HAVE_CXX_WADDRESS - Success
-- Performing Test HAVE_C_WADDRESS
-- Performing Test HAVE_C_WADDRESS - Success
-- Performing Test HAVE_CXX_WSEQUENCE_POINT
-- Performing Test HAVE_CXX_WSEQUENCE_POINT - Success
-- Performing Test HAVE_C_WSEQUENCE_POINT
-- Performing Test HAVE_C_WSEQUENCE_POINT - Success
-- Performing Test HAVE_CXX_WFORMAT
-- Performing Test HAVE_CXX_WFORMAT - Success
-- Performing Test HAVE_C_WFORMAT
-- Performing Test HAVE_C_WFORMAT - Success
-- Performing Test HAVE_CXX_WFORMAT_SECURITY
-- Performing Test HAVE_CXX_WFORMAT_SECURITY - Success
-- Performing Test HAVE_C_WFORMAT_SECURITY
-- Performing Test HAVE_C_WFORMAT_SECURITY - Success
-- Performing Test HAVE_CXX_WMISSING_DECLARATIONS
-- Performing Test HAVE_CXX_WMISSING_DECLARATIONS - Success
-- Performing Test HAVE_C_WMISSING_DECLARATIONS
-- Performing Test HAVE_C_WMISSING_DECLARATIONS - Success
-- Performing Test HAVE_CXX_WMISSING_PROTOTYPES
-- Performing Test HAVE_CXX_WMISSING_PROTOTYPES - Failed
-- Performing Test HAVE_C_WMISSING_PROTOTYPES
-- Performing Test HAVE_C_WMISSING_PROTOTYPES - Success
-- Performing Test HAVE_CXX_WSTRICT_PROTOTYPES
-- Performing Test HAVE_CXX_WSTRICT_PROTOTYPES - Failed
-- Performing Test HAVE_C_WSTRICT_PROTOTYPES
-- Performing Test HAVE_C_WSTRICT_PROTOTYPES - Success
-- Performing Test HAVE_CXX_WUNDEF
-- Performing Test HAVE_CXX_WUNDEF - Success
-- Performing Test HAVE_C_WUNDEF
-- Performing Test HAVE_C_WUNDEF - Success
-- Performing Test HAVE_CXX_WINIT_SELF
-- Performing Test HAVE_CXX_WINIT_SELF - Success
-- Performing Test HAVE_C_WINIT_SELF
-- Performing Test HAVE_C_WINIT_SELF - Success
-- Performing Test HAVE_CXX_WPOINTER_ARITH
-- Performing Test HAVE_CXX_WPOINTER_ARITH - Success
-- Performing Test HAVE_C_WPOINTER_ARITH
-- Performing Test HAVE_C_WPOINTER_ARITH - Success
-- Performing Test HAVE_CXX_WSHADOW
-- Performing Test HAVE_CXX_WSHADOW - Success
-- Performing Test HAVE_C_WSHADOW
-- Performing Test HAVE_C_WSHADOW - Success
-- Performing Test HAVE_CXX_WSIGN_PROMO
-- Performing Test HAVE_CXX_WSIGN_PROMO - Success
-- Performing Test HAVE_C_WSIGN_PROMO
-- Performing Test HAVE_C_WSIGN_PROMO - Failed
-- Performing Test HAVE_CXX_WUNINITIALIZED
-- Performing Test HAVE_CXX_WUNINITIALIZED - Success
-- Performing Test HAVE_C_WUNINITIALIZED
-- Performing Test HAVE_C_WUNINITIALIZED - Success
-- Performing Test HAVE_CXX_WSUGGEST_OVERRIDE
-- Performing Test HAVE_CXX_WSUGGEST_OVERRIDE - Success
-- Performing Test HAVE_C_WSUGGEST_OVERRIDE
-- Performing Test HAVE_C_WSUGGEST_OVERRIDE - Failed
-- Performing Test HAVE_CXX_WNO_DELETE_NON_VIRTUAL_DTOR
-- Performing Test HAVE_CXX_WNO_DELETE_NON_VIRTUAL_DTOR - Success
-- Performing Test HAVE_C_WNO_DELETE_NON_VIRTUAL_DTOR
-- Performing Test HAVE_C_WNO_DELETE_NON_VIRTUAL_DTOR - Failed
-- Performing Test HAVE_CXX_WNO_UNNAMED_TYPE_TEMPLATE_ARGS
-- Performing Test HAVE_CXX_WNO_UNNAMED_TYPE_TEMPLATE_ARGS - Failed
-- Performing Test HAVE_C_WNO_UNNAMED_TYPE_TEMPLATE_ARGS
-- Performing Test HAVE_C_WNO_UNNAMED_TYPE_TEMPLATE_ARGS - Failed
-- Performing Test HAVE_CXX_WNO_COMMENT
-- Performing Test HAVE_CXX_WNO_COMMENT - Success
-- Performing Test HAVE_C_WNO_COMMENT
-- Performing Test HAVE_C_WNO_COMMENT - Success
-- Performing Test HAVE_CXX_WIMPLICIT_FALLTHROUGH_3
-- Performing Test HAVE_CXX_WIMPLICIT_FALLTHROUGH_3 - Success
-- Performing Test HAVE_C_WIMPLICIT_FALLTHROUGH_3
-- Performing Test HAVE_C_WIMPLICIT_FALLTHROUGH_3 - Success
-- Performing Test HAVE_CXX_WNO_STRICT_OVERFLOW
-- Performing Test HAVE_CXX_WNO_STRICT_OVERFLOW - Success
-- Performing Test HAVE_C_WNO_STRICT_OVERFLOW
-- Performing Test HAVE_C_WNO_STRICT_OVERFLOW - Success
-- Performing Test HAVE_CXX_FDIAGNOSTICS_SHOW_OPTION
-- Performing Test HAVE_CXX_FDIAGNOSTICS_SHOW_OPTION - Success
-- Performing Test HAVE_C_FDIAGNOSTICS_SHOW_OPTION
-- Performing Test HAVE_C_FDIAGNOSTICS_SHOW_OPTION - Success
-- Performing Test HAVE_CXX_WNO_LONG_LONG
-- Performing Test HAVE_CXX_WNO_LONG_LONG - Success
-- Performing Test HAVE_C_WNO_LONG_LONG
-- Performing Test HAVE_C_WNO_LONG_LONG - Success
-- Performing Test HAVE_CXX_PTHREAD
-- Performing Test HAVE_CXX_PTHREAD - Success
-- Performing Test HAVE_C_PTHREAD
-- Performing Test HAVE_C_PTHREAD - Success
-- Performing Test HAVE_CXX_FOMIT_FRAME_POINTER
-- Performing Test HAVE_CXX_FOMIT_FRAME_POINTER - Success
-- Performing Test HAVE_C_FOMIT_FRAME_POINTER
-- Performing Test HAVE_C_FOMIT_FRAME_POINTER - Success
-- Performing Test HAVE_CXX_FFUNCTION_SECTIONS
-- Performing Test HAVE_CXX_FFUNCTION_SECTIONS - Success
-- Performing Test HAVE_C_FFUNCTION_SECTIONS
-- Performing Test HAVE_C_FFUNCTION_SECTIONS - Success
-- Performing Test HAVE_CXX_FDATA_SECTIONS
-- Performing Test HAVE_CXX_FDATA_SECTIONS - Success
-- Performing Test HAVE_C_FDATA_SECTIONS
-- Performing Test HAVE_C_FDATA_SECTIONS - Success
-- Performing Test HAVE_CXX_MSSE (check file: cmake/checks/cpu_sse.cpp)
-- Performing Test HAVE_CXX_MSSE - Success
-- Performing Test HAVE_CXX_MSSE2 (check file: cmake/checks/cpu_sse2.cpp)
-- Performing Test HAVE_CXX_MSSE2 - Success
-- Performing Test HAVE_CXX_MSSE3 (check file: cmake/checks/cpu_sse3.cpp)
-- Performing Test HAVE_CXX_MSSE3 - Success
-- Performing Test HAVE_CXX_MSSSE3 (check file: cmake/checks/cpu_ssse3.cpp)
-- Performing Test HAVE_CXX_MSSSE3 - Success
-- Performing Test HAVE_CXX_MSSE4_1 (check file: cmake/checks/cpu_sse41.cpp)
-- Performing Test HAVE_CXX_MSSE4_1 - Success
-- Performing Test HAVE_CXX_MPOPCNT (check file: cmake/checks/cpu_popcnt.cpp)
-- Performing Test HAVE_CXX_MPOPCNT - Success
-- Performing Test HAVE_CXX_MSSE4_2 (check file: cmake/checks/cpu_sse42.cpp)
-- Performing Test HAVE_CXX_MSSE4_2 - Success
-- Performing Test HAVE_CXX_MF16C (check file: cmake/checks/cpu_fp16.cpp)
-- Performing Test HAVE_CXX_MF16C - Success
-- Performing Test HAVE_CXX_MFMA
-- Performing Test HAVE_CXX_MFMA - Success
-- Performing Test HAVE_CXX_MAVX (check file: cmake/checks/cpu_avx.cpp)
-- Performing Test HAVE_CXX_MAVX - Success
-- Performing Test HAVE_CXX_MAVX2 (check file: cmake/checks/cpu_avx2.cpp)
-- Performing Test HAVE_CXX_MAVX2 - Success
-- Performing Test HAVE_CXX_MAVX512F (check file: cmake/checks/cpu_avx512.cpp)
-- Performing Test HAVE_CXX_MAVX512F - Success
-- Performing Test HAVE_CXX_MAVX512F_MAVX512CD (check file: cmake/checks/cpu_avx512common.cpp)
-- Performing Test HAVE_CXX_MAVX512F_MAVX512CD - Success
-- Performing Test HAVE_CXX_MAVX512F_MAVX512CD_MAVX512VL_MAVX512BW_MAVX512DQ (check file: cmake/checks/cpu_avx512skx.cpp)
-- Performing Test HAVE_CXX_MAVX512F_MAVX512CD_MAVX512VL_MAVX512BW_MAVX512DQ - Success
-- Performing Test HAVE_CPU_BASELINE_FLAGS
-- Performing Test HAVE_CPU_BASELINE_FLAGS - Success
-- Performing Test HAVE_CPU_DISPATCH_FLAGS_SSE4_1
-- Performing Test HAVE_CPU_DISPATCH_FLAGS_SSE4_1 - Success
-- Performing Test HAVE_CPU_DISPATCH_FLAGS_SSE4_2
-- Performing Test HAVE_CPU_DISPATCH_FLAGS_SSE4_2 - Success
-- Performing Test HAVE_CPU_DISPATCH_FLAGS_FP16
-- Performing Test HAVE_CPU_DISPATCH_FLAGS_FP16 - Success
-- Performing Test HAVE_CPU_DISPATCH_FLAGS_AVX
-- Performing Test HAVE_CPU_DISPATCH_FLAGS_AVX - Success
-- Performing Test HAVE_CPU_DISPATCH_FLAGS_AVX2
-- Performing Test HAVE_CPU_DISPATCH_FLAGS_AVX2 - Success
-- Performing Test HAVE_CPU_DISPATCH_FLAGS_AVX512_SKX
-- Performing Test HAVE_CPU_DISPATCH_FLAGS_AVX512_SKX - Success
-- Performing Test HAVE_CXX_FVISIBILITY_HIDDEN
-- Performing Test HAVE_CXX_FVISIBILITY_HIDDEN - Success
-- Performing Test HAVE_C_FVISIBILITY_HIDDEN
-- Performing Test HAVE_C_FVISIBILITY_HIDDEN - Success
-- Performing Test HAVE_CXX_FVISIBILITY_INLINES_HIDDEN
-- Performing Test HAVE_CXX_FVISIBILITY_INLINES_HIDDEN - Success
-- Performing Test HAVE_C_FVISIBILITY_INLINES_HIDDEN
-- Performing Test HAVE_C_FVISIBILITY_INLINES_HIDDEN - Failed
-- Performing Test HAVE_LINK_AS_NEEDED
-- Performing Test HAVE_LINK_AS_NEEDED - Success
-- Performing Test HAVE_LINK_NO_UNDEFINED
-- Performing Test HAVE_LINK_NO_UNDEFINED - Success
-- Looking for pthread.h
-- Looking for pthread.h - found
-- Looking for posix_memalign
-- Looking for posix_memalign - found
-- Looking for malloc.h
-- Looking for malloc.h - found
-- Looking for memalign
-- Looking for memalign - found
-- Conan: Target declared 'ZLIB::ZLIB'
-- Conan: Library z found /home/uilian/.conan2/p/zlib9e81e3baaa894/p/lib/libz.so
-- Conan: Found: /home/uilian/.conan2/p/zlib9e81e3baaa894/p/lib/libz.so
-- Conan: Target declared 'JPEG::JPEG'
-- Conan: Library jpeg found /home/uilian/.conan2/p/libjpb5908355e41b4/p/lib/libjpeg.so
-- Conan: Found: /home/uilian/.conan2/p/libjpb5908355e41b4/p/lib/libjpeg.so
-- Found JPEG: 9f (found version "9f")
-- Conan: Target declared 'TIFF::TIFF'
-- Conan: Library tiffxx found /home/uilian/.conan2/p/libti0bdd6311d1e48/p/lib/libtiffxx.so
-- Conan: Found: /home/uilian/.conan2/p/libti0bdd6311d1e48/p/lib/libtiffxx.so
-- Conan: Library tiff found /home/uilian/.conan2/p/libti0bdd6311d1e48/p/lib/libtiff.so
-- Conan: Found: /home/uilian/.conan2/p/libti0bdd6311d1e48/p/lib/libtiff.so
-- Conan: Target declared 'LibLZMA::LibLZMA'
-- Conan: Including build module from '/home/uilian/.conan2/p/xz_ut04ba5b46149b8/p/lib/cmake/conan-official-xz_utils-variables.cmake'
-- Found LibLZMA: 5.8.1 (found version "5.8.1")
-- Found TIFF: 4.6.0 (found version "4.6.0")
-- Found WebP: /home/uilian/.conan2/p/libwe778f8edd7f804/p/lib/libwebp.so
-- Conan: Target declared 'Jasper::Jasper'
-- Conan: Library jasper found /home/uilian/.conan2/p/jaspe0369a423f6fd4/p/lib/libjasper.so
-- Conan: Found: /home/uilian/.conan2/p/jaspe0369a423f6fd4/p/lib/libjasper.so
-- Conan: Including build module from '/home/uilian/.conan2/p/jaspe0369a423f6fd4/p/lib/cmake/conan-official-jasper-variables.cmake'
-- Found Jasper: 4.2.4 (found version "4.2.4")
-- Conan: Target declared 'PNG::PNG'
-- Conan: Library png found /home/uilian/.conan2/p/libpncab7454c8bbf2/p/lib/libpng.so
-- Conan: Found: /home/uilian/.conan2/p/libpncab7454c8bbf2/p/lib/libpng.so
-- Found PNG: 1.6.55 (found version "1.6.55")
-- Looking for /libpng/png.h
-- Looking for /libpng/png.h - not found
-- Conan: Component target declared 'OpenEXR::IlmImfConfig'
-- Conan: Component target declared 'IlmBase::IlmBaseConfig'
-- Conan: Component target declared 'IlmBase::Half'
-- Conan: Component target declared 'IlmBase::Iex'
-- Conan: Component target declared 'IlmBase::IexMath'
-- Conan: Component target declared 'IlmBase::IlmThread'
-- Conan: Component target declared 'IlmBase::IMath'
-- Conan: Component target declared 'OpenEXR::IlmImf'
-- Conan: Component target declared 'openexr::ilmbase_conan_pkgconfig'
-- Conan: Component target declared 'OpenEXR::IlmImfUtil'
-- Conan: Target declared 'openexr::openexr'
-- Conan: Library IlmImfUtil found /home/uilian/.conan2/p/opene37f9e3c51d6af/p/lib/libIlmImfUtil.so
-- Conan: Found: /home/uilian/.conan2/p/opene37f9e3c51d6af/p/lib/libIlmImfUtil.so
-- Conan: Library IlmImf found /home/uilian/.conan2/p/opene37f9e3c51d6af/p/lib/libIlmImf.so
-- Conan: Found: /home/uilian/.conan2/p/opene37f9e3c51d6af/p/lib/libIlmImf.so
-- Conan: Library Imath found /home/uilian/.conan2/p/opene37f9e3c51d6af/p/lib/libImath.so
-- Conan: Found: /home/uilian/.conan2/p/opene37f9e3c51d6af/p/lib/libImath.so
-- Conan: Library IlmThread found /home/uilian/.conan2/p/opene37f9e3c51d6af/p/lib/libIlmThread.so
-- Conan: Found: /home/uilian/.conan2/p/opene37f9e3c51d6af/p/lib/libIlmThread.so
-- Conan: Library IexMath found /home/uilian/.conan2/p/opene37f9e3c51d6af/p/lib/libIexMath.so
-- Conan: Found: /home/uilian/.conan2/p/opene37f9e3c51d6af/p/lib/libIexMath.so
-- Conan: Library Iex found /home/uilian/.conan2/p/opene37f9e3c51d6af/p/lib/libIex.so
-- Conan: Found: /home/uilian/.conan2/p/opene37f9e3c51d6af/p/lib/libIex.so
-- Conan: Library Half found /home/uilian/.conan2/p/opene37f9e3c51d6af/p/lib/libHalf.so
-- Conan: Found: /home/uilian/.conan2/p/opene37f9e3c51d6af/p/lib/libHalf.so
-- Conan: Library IlmImfUtil found /home/uilian/.conan2/p/opene37f9e3c51d6af/p/lib/libIlmImfUtil.so
-- Conan: Found: /home/uilian/.conan2/p/opene37f9e3c51d6af/p/lib/libIlmImfUtil.so
-- Conan: Library IlmImf found /home/uilian/.conan2/p/opene37f9e3c51d6af/p/lib/libIlmImf.so
-- Conan: Found: /home/uilian/.conan2/p/opene37f9e3c51d6af/p/lib/libIlmImf.so
-- Conan: Library Imath found /home/uilian/.conan2/p/opene37f9e3c51d6af/p/lib/libImath.so
-- Conan: Found: /home/uilian/.conan2/p/opene37f9e3c51d6af/p/lib/libImath.so
-- Conan: Library IlmThread found /home/uilian/.conan2/p/opene37f9e3c51d6af/p/lib/libIlmThread.so
-- Conan: Found: /home/uilian/.conan2/p/opene37f9e3c51d6af/p/lib/libIlmThread.so
-- Conan: Library IexMath found /home/uilian/.conan2/p/opene37f9e3c51d6af/p/lib/libIexMath.so
-- Conan: Found: /home/uilian/.conan2/p/opene37f9e3c51d6af/p/lib/libIexMath.so
-- Conan: Library Iex found /home/uilian/.conan2/p/opene37f9e3c51d6af/p/lib/libIex.so
-- Conan: Found: /home/uilian/.conan2/p/opene37f9e3c51d6af/p/lib/libIex.so
-- Conan: Library Half found /home/uilian/.conan2/p/opene37f9e3c51d6af/p/lib/libHalf.so
-- Conan: Found: /home/uilian/.conan2/p/opene37f9e3c51d6af/p/lib/libHalf.so
-- Checking for module 'gtk+-3.0'
--   Found gtk+-3.0, version 3.24.51
-- Checking for module 'gthread-2.0'
--   Found gthread-2.0, version 2.85.3
-- Conan: Component target declared 'Eigen3::Eigen'
-- OpenCV Python: during development append to PYTHONPATH: /home/uilian/.conan2/p/b/openc0f1bf19f37050/b/build/Release/python_loader
-- Allocator metrics storage type: 'long long'
-- imgcodecs: Jasper codec is disabled in runtime. Details: https://github.com/opencv/opencv/issues/14058
-- Performing Test HAVE_CXX_WNO_DEPRECATED_DECLARATIONS
-- Performing Test HAVE_CXX_WNO_DEPRECATED_DECLARATIONS - Success
-- 
-- General configuration for OpenCV 3.4.20 =====================================
--   Version control:               unknown
-- 
--   Platform:
--     Timestamp:                   2026-03-03T15:14:23Z
--     Host:                        Linux 6.8.0-87-generic x86_64
--     CMake:                       3.31.6
--     CMake generator:             Ninja
--     CMake build tool:            /usr/local/bin/ninja
--     Configuration:               Release
-- 
--   CPU/HW features:
--     Baseline:                    SSE SSE2 SSE3
--       requested:                 SSE3
--     Dispatched code generation:  SSE4_1 SSE4_2 FP16 AVX AVX2 AVX512_SKX
--       requested:                 SSE4_1 SSE4_2 AVX FP16 AVX2 AVX512_SKX
--       SSE4_1 (14 files):         + SSSE3 SSE4_1
--       SSE4_2 (1 files):          + SSSE3 SSE4_1 POPCNT SSE4_2
--       FP16 (0 files):            + SSSE3 SSE4_1 POPCNT SSE4_2 FP16 AVX
--       AVX (4 files):             + SSSE3 SSE4_1 POPCNT SSE4_2 AVX
--       AVX2 (27 files):           + SSSE3 SSE4_1 POPCNT SSE4_2 FP16 FMA3 AVX AVX2
--       AVX512_SKX (3 files):      + SSSE3 SSE4_1 POPCNT SSE4_2 FP16 FMA3 AVX AVX2 AVX_512F AVX512_COMMON AVX512_SKX
-- 
--   C/C++:
--     Built as dynamic libs?:      YES
--     C++11:                       YES
--     C++ Compiler:                /usr/bin/g++-13  (ver 13.1.0)
--     C++ flags (Release):         -m64   -fsigned-char -W -Wall -Wreturn-type -Wnon-virtual-dtor -Waddress -Wsequence-point -Wformat -Wformat-security -Wmissing-declarations -Wundef -Winit-self -Wpointer-arith -Wshadow -Wsign-promo -Wuninitialized -Wsuggest-override -Wno-delete-non-virtual-dtor -Wno-comment -Wimplicit-fallthrough=3 -Wno-strict-overflow -fdiagnostics-show-option -Wno-long-long -pthread -fomit-frame-pointer -ffunction-sections -fdata-sections  -msse -msse2 -msse3 -fvisibility=hidden -fvisibility-inlines-hidden -O3 -DNDEBUG  -DNDEBUG
--     C++ flags (Debug):           -m64   -fsigned-char -W -Wall -Wreturn-type -Wnon-virtual-dtor -Waddress -Wsequence-point -Wformat -Wformat-security -Wmissing-declarations -Wundef -Winit-self -Wpointer-arith -Wshadow -Wsign-promo -Wuninitialized -Wsuggest-override -Wno-delete-non-virtual-dtor -Wno-comment -Wimplicit-fallthrough=3 -Wno-strict-overflow -fdiagnostics-show-option -Wno-long-long -pthread -fomit-frame-pointer -ffunction-sections -fdata-sections  -msse -msse2 -msse3 -fvisibility=hidden -fvisibility-inlines-hidden -g  -O0 -DDEBUG -D_DEBUG
--     C Compiler:                  /usr/bin/gcc-13
--     C flags (Release):           -m64   -fsigned-char -W -Wall -Wreturn-type -Waddress -Wsequence-point -Wformat -Wformat-security -Wmissing-declarations -Wmissing-prototypes -Wstrict-prototypes -Wundef -Winit-self -Wpointer-arith -Wshadow -Wuninitialized -Wno-comment -Wimplicit-fallthrough=3 -Wno-strict-overflow -fdiagnostics-show-option -Wno-long-long -pthread -fomit-frame-pointer -ffunction-sections -fdata-sections  -msse -msse2 -msse3 -fvisibility=hidden -O3 -DNDEBUG  -DNDEBUG
--     C flags (Debug):             -m64   -fsigned-char -W -Wall -Wreturn-type -Waddress -Wsequence-point -Wformat -Wformat-security -Wmissing-declarations -Wmissing-prototypes -Wstrict-prototypes -Wundef -Winit-self -Wpointer-arith -Wshadow -Wuninitialized -Wno-comment -Wimplicit-fallthrough=3 -Wno-strict-overflow -fdiagnostics-show-option -Wno-long-long -pthread -fomit-frame-pointer -ffunction-sections -fdata-sections  -msse -msse2 -msse3 -fvisibility=hidden -g  -O0 -DDEBUG -D_DEBUG
--     Linker flags (Release):      -m64  -Wl,--gc-sections -Wl,--as-needed -Wl,--no-undefined  
--     Linker flags (Debug):        -m64  -Wl,--gc-sections -Wl,--as-needed -Wl,--no-undefined  
--     ccache:                      NO
--     Precompiled headers:         NO
--     Extra dependencies:          dl m pthread rt
--     3rdparty dependencies:
-- 
--   OpenCV modules:
--     To be built:                 calib3d core features2d flann highgui imgcodecs imgproc ml objdetect photo shape stitching superres video videoio videostab
--     Disabled:                    python_tests world
--     Disabled by dependency:      -
--     Unavailable:                 cudaarithm cudabgsegm cudacodec cudafeatures2d cudafilters cudaimgproc cudalegacy cudaobjdetect cudaoptflow cudastereo cudawarping cudev dnn java python2 python3 ts viz
--     Applications:                -
--     Documentation:               NO
--     Non-free algorithms:         NO
-- 
--   GUI: 
--     GTK+:                        YES (ver 3.24.51)
--       GThread :                  YES (ver 2.85.3)
--       GtkGlExt:                  NO
-- 
--   Media I/O: 
--     ZLib:                        ZLIB::ZLIB (ver 1.3.1)
--     JPEG:                        (ver 90)
--     WEBP:                        /home/uilian/.conan2/p/libwe778f8edd7f804/p/lib/libwebp.so (ver encoder: 0x0210)
--     PNG:                         (ver ..)
--     TIFF:                        (ver 42 / 4.6.0)
--     JPEG 2000:                   (ver 4.2.4)
--     OpenEXR:                     openexr::openexr (ver 2.5.7)
--     HDR:                         NO
--     SUNRASTER:                   NO
--     PXM:                         NO
-- 
--   Video I/O:
-- 
--   Parallel framework:            none
-- 
--   Trace:                         YES (built-in)
-- 
--   Other third-party libraries:
--     Eigen:                       YES (ver ..)
--     Custom HAL:                  NO
-- 
--   Python (for build):            NO
-- 
--   Install to:                    /home/uilian/.conan2/p/b/openc0f1bf19f37050/p
-- -----------------------------------------------------------------
-- 
-- Configuring done (10.7s)
CMake Warning at cmake/OpenCVUtils.cmake:1557 (add_library):
  Cannot generate a safe linker search path for target opencv_highgui because
  files in some directories may conflict with libraries in implicit
  directories:

    link library [liblzma.so] in /usr/lib/x86_64-linux-gnu may be hidden by files in:
      /home/uilian/.conan2/p/xz_ut04ba5b46149b8/p/lib
    link library [libgthread-2.0.so] in /usr/lib/x86_64-linux-gnu may be hidden by files in:
      /home/uilian/.conan2/p/glibf5cc7ccee5cfd/p/lib
    link library [libgio-2.0.so] in /usr/lib/x86_64-linux-gnu may be hidden by files in:
      /home/uilian/.conan2/p/glibf5cc7ccee5cfd/p/lib
    link library [libmount.so] in /usr/lib/x86_64-linux-gnu may be hidden by files in:
      /home/uilian/.conan2/p/libmo1a45c23bdde07/p/lib
    link library [libblkid.so] in /usr/lib/x86_64-linux-gnu may be hidden by files in:
      /home/uilian/.conan2/p/libmo1a45c23bdde07/p/lib
    link library [libselinux.so] in /usr/lib/x86_64-linux-gnu may be hidden by files in:
      /home/uilian/.conan2/p/libse3fdbfafa19363/p/lib
    link library [libsepol.so] in /usr/lib/x86_64-linux-gnu may be hidden by files in:
      /home/uilian/.conan2/p/libse3fdbfafa19363/p/lib
    link library [libexpat.so] in /usr/lib/x86_64-linux-gnu may be hidden by files in:
      /home/uilian/.conan2/p/expat0fea1434bc0f8/p/lib
    link library [libatk-1.0.so] in /usr/lib/x86_64-linux-gnu may be hidden by files in:
      /home/uilian/.conan2/p/at-sp983b709a54b3e/p/lib
    link library [libgobject-2.0.so] in /usr/lib/x86_64-linux-gnu may be hidden by files in:
      /home/uilian/.conan2/p/glibf5cc7ccee5cfd/p/lib
    link library [libffi.so] in /usr/lib/x86_64-linux-gnu may be hidden by files in:
      /home/uilian/.conan2/p/libff8a671ff2f8cf6/p/lib
    link library [libgmodule-2.0.so] in /usr/lib/x86_64-linux-gnu may be hidden by files in:
      /home/uilian/.conan2/p/glibf5cc7ccee5cfd/p/lib
    link library [libglib-2.0.so] in /usr/lib/x86_64-linux-gnu may be hidden by files in:
      /home/uilian/.conan2/p/glibf5cc7ccee5cfd/p/lib
    link library [libpcre2-16.so] in /usr/lib/x86_64-linux-gnu may be hidden by files in:
      /home/uilian/.conan2/p/pcre256bb025014eef/p/lib
    link library [libpcre2-32.so] in /usr/lib/x86_64-linux-gnu may be hidden by files in:
      /home/uilian/.conan2/p/pcre256bb025014eef/p/lib
    link library [libpcre2-posix.so] in /usr/lib/x86_64-linux-gnu may be hidden by files in:
      /home/uilian/.conan2/p/pcre256bb025014eef/p/lib
    link library [libpcre2-8.so] in /usr/lib/x86_64-linux-gnu may be hidden by files in:
      /home/uilian/.conan2/p/pcre256bb025014eef/p/lib
    link library [libz.so] in /usr/lib/x86_64-linux-gnu may be hidden by files in:
      /home/uilian/.conan2/p/zlib9e81e3baaa894/p/lib
    link library [libbz2.so] in /usr/lib/x86_64-linux-gnu may be hidden by files in:
      /home/uilian/.conan2/p/bzip2fb3260e7b2ab3/p/lib

  Some of these libraries may not be found correctly.
Call Stack (most recent call first):
  cmake/OpenCVModule.cmake:932 (ocv_add_library)
  cmake/OpenCVModule.cmake:849 (_ocv_create_module)
  modules/highgui/CMakeLists.txt:168 (ocv_create_module)


CMake Warning at cmake/OpenCVUtils.cmake:1557 (add_library):
  Cannot generate a safe runtime search path for target opencv_highgui
  because files in some directories may conflict with libraries in implicit
  directories:

    runtime library [liblzma.so.5] in /usr/lib/x86_64-linux-gnu may be hidden by files in:
      /home/uilian/.conan2/p/xz_ut04ba5b46149b8/p/lib
    runtime library [libgthread-2.0.so.0] in /usr/lib/x86_64-linux-gnu may be hidden by files in:
      /home/uilian/.conan2/p/glibf5cc7ccee5cfd/p/lib
    runtime library [libgio-2.0.so.0] in /usr/lib/x86_64-linux-gnu may be hidden by files in:
      /home/uilian/.conan2/p/glibf5cc7ccee5cfd/p/lib
    runtime library [libmount.so.1] in /usr/lib/x86_64-linux-gnu may be hidden by files in:
      /home/uilian/.conan2/p/libmo1a45c23bdde07/p/lib
    runtime library [libblkid.so.1] in /usr/lib/x86_64-linux-gnu may be hidden by files in:
      /home/uilian/.conan2/p/libmo1a45c23bdde07/p/lib
    runtime library [libselinux.so.1] in /usr/lib/x86_64-linux-gnu may be hidden by files in:
      /home/uilian/.conan2/p/libse3fdbfafa19363/p/lib
    runtime library [libsepol.so.2] in /usr/lib/x86_64-linux-gnu may be hidden by files in:
      /home/uilian/.conan2/p/libse3fdbfafa19363/p/lib
    runtime library [libexpat.so.1] in /usr/lib/x86_64-linux-gnu may be hidden by files in:
      /home/uilian/.conan2/p/expat0fea1434bc0f8/p/lib
    runtime library [libatk-1.0.so.0] in /usr/lib/x86_64-linux-gnu may be hidden by files in:
      /home/uilian/.conan2/p/at-sp983b709a54b3e/p/lib
    runtime library [libgobject-2.0.so.0] in /usr/lib/x86_64-linux-gnu may be hidden by files in:
      /home/uilian/.conan2/p/glibf5cc7ccee5cfd/p/lib
    runtime library [libgmodule-2.0.so.0] in /usr/lib/x86_64-linux-gnu may be hidden by files in:
      /home/uilian/.conan2/p/glibf5cc7ccee5cfd/p/lib
    runtime library [libglib-2.0.so.0] in /usr/lib/x86_64-linux-gnu may be hidden by files in:
      /home/uilian/.conan2/p/glibf5cc7ccee5cfd/p/lib
    runtime library [libpcre2-16.so.0] in /usr/lib/x86_64-linux-gnu may be hidden by files in:
      /home/uilian/.conan2/p/pcre256bb025014eef/p/lib
    runtime library [libpcre2-32.so.0] in /usr/lib/x86_64-linux-gnu may be hidden by files in:
      /home/uilian/.conan2/p/pcre256bb025014eef/p/lib
    runtime library [libpcre2-posix.so.3] in /usr/lib/x86_64-linux-gnu may be hidden by files in:
      /home/uilian/.conan2/p/pcre256bb025014eef/p/lib
    runtime library [libpcre2-8.so.0] in /usr/lib/x86_64-linux-gnu may be hidden by files in:
      /home/uilian/.conan2/p/pcre256bb025014eef/p/lib
    runtime library [libz.so.1] in /usr/lib/x86_64-linux-gnu may be hidden by files in:
      /home/uilian/.conan2/p/zlib9e81e3baaa894/p/lib

  Some of these libraries may not be found correctly.
Call Stack (most recent call first):
  cmake/OpenCVModule.cmake:932 (ocv_add_library)
  cmake/OpenCVModule.cmake:849 (_ocv_create_module)
  modules/highgui/CMakeLists.txt:168 (ocv_create_module)


-- Generating done (0.3s)
-- Build files have been written to: /home/uilian/.conan2/p/b/openc0f1bf19f37050/b/build/Release

opencv/3.4.20: Running CMake.build()
opencv/3.4.20: RUN: cmake --build "/home/uilian/.conan2/p/b/openc0f1bf19f37050/b/build/Release" --verbose -- -j12
Change Dir: '/home/uilian/.conan2/p/b/openc0f1bf19f37050/b/build/Release'

Run Build Command(s): /usr/local/bin/ninja -v -j12
[1/411] cd /home/uilian/.conan2/p/b/openc0f1bf19f37050/b/build/Release && /opt/pyenv/versions/3.12.4/lib/python3.12/site-packages/cmake/data/bin/cmake -DCMAKE_HELPER_SCRIPT=/home/uilian/.conan2/p/b/openc0f1bf19f37050/b/build/Release/OpenCVGenPkgConfig.info.cmake -P /home/uilian/.conan2/p/b/openc0f1bf19f37050/b/src/cmake/OpenCVGenPkgconfig.cmake
CMake Deprecation Warning at /home/uilian/.conan2/p/b/openc0f1bf19f37050/b/src/cmake/OpenCVGenPkgconfig.cmake:113 (cmake_minimum_required):
  Compatibility with CMake < 3.10 will be removed from a future version of
  CMake.

  Update the VERSION argument <min> value.  Or, use the <min>...<max> syntax
  to tell CMake that the project requires at least <min> but has been updated
  to work with policies introduced by <max> or earlier.


[2/411] cd /home/uilian/.conan2/p/b/openc0f1bf19f37050/b/build/Release/modules/core && /opt/pyenv/versions/3.12.4/lib/python3.12/site-packages/cmake/data/bin/cmake -DMODULE_NAME=core -DCL_DIR=/home/uilian/.conan2/p/b/openc0f1bf19f37050/b/src/modules/core/src/opencl -DOUTPUT=/home/uilian/.conan2/p/b/openc0f1bf19f37050/b/build/Release/modules/core/opencl_kernels_core.cpp -P /home/uilian/.conan2/p/b/openc0f1bf19f37050/b/src/cmake/cl2cpp.cmake
[3/411] /usr/bin/g++-13 -DCVAPI_EXPORTS -DOPENCV_ALLOCATOR_STATS_COUNTER_TYPE="long long" -D_USE_MATH_DEFINES -D__OPENCV_BUILD=1 -D__STDC_CONSTANT_MACROS -D__STDC_FORMAT_MACROS -D__STDC_LIMIT_MACROS -I/home/uilian/.conan2/p/b/openc0f1bf19f37050/b/src/modules/core/include -I/home/uilian/.conan2/p/b/openc0f1bf19f37050/b/build/Release/modules/core -isystem /home/uilian/.conan2/p/b/openc0f1bf19f37050/b/build/Release -isystem /home/uilian/.conan2/p/zlib9e81e3baaa894/p/include -isystem /home/uilian/.conan2/p/eigen5481853932f72/p/include/eigen3 -m64   -fsigned-char -W -Wall -Wreturn-type -Wnon-virtual-dtor -Waddress -Wsequence-point -Wformat -Wformat-security -Wmissing-declarations -Wundef -Winit-self -Wpointer-arith -Wshadow -Wsign-promo -Wuninitialized -Wsuggest-override -Wno-delete-non-virtual-dtor -Wno-comment -Wimplicit-fallthrough=3 -Wno-strict-overflow -fdiagnostics-show-option -Wno-long-long -pthread -fomit-frame-pointer -ffunction-sections -fdata-sections  -msse -msse2 -msse3 -fvisibility=hidden -fvisibility-inlines-hidden -O3 -DNDEBUG  -DNDEBUG -std=gnu++11 -fPIC -MD -MT modules/core/CMakeFiles/opencv_core.dir/src/buffer_area.cpp.o -MF modules/core/CMakeFiles/opencv_core.dir/src/buffer_area.cpp.o.d -o modules/core/CMakeFiles/opencv_core.dir/src/buffer_area.cpp.o -c /home/uilian/.conan2/p/b/openc0f1bf19f37050/b/src/modules/core/src/buffer_area.cpp
[4/411] /usr/bin/g++-13 -DCVAPI_EXPORTS -DOPENCV_ALLOCATOR_STATS_COUNTER_TYPE="long long" -D_USE_MATH_DEFINES -D__OPENCV_BUILD=1 -D__STDC_CONSTANT_MACROS -D__STDC_FORMAT_MACROS -D__STDC_LIMIT_MACROS -I/home/uilian/.conan2/p/b/openc0f1bf19f37050/b/src/modules/core/include -I/home/uilian/.conan2/p/b/openc0f1bf19f37050/b/build/Release/modules/core -isystem /home/uilian/.conan2/p/b/openc0f1bf19f37050/b/build/Release -isystem /home/uilian/.conan2/p/zlib9e81e3baaa894/p/include -isystem /home/uilian/.conan2/p/eigen5481853932f72/p/include/eigen3 -m64   -fsigned-char -W -Wall -Wreturn-type -Wnon-virtual-dtor -Waddress -Wsequence-point -Wformat -Wformat-security -Wmissing-declarations -Wundef -Winit-self -Wpointer-arith -Wshadow -Wsign-promo -Wuninitialized -Wsuggest-override -Wno-delete-non-virtual-dtor -Wno-comment -Wimplicit-fallthrough=3 -Wno-strict-overflow -fdiagnostics-show-option -Wno-long-long -pthread -fomit-frame-pointer -ffunction-sections -fdata-sections  -msse -msse2 -msse3 -fvisibility=hidden -fvisibility-inlines-hidden -O3 -DNDEBUG  -DNDEBUG -std=gnu++11 -fPIC -MD -MT modules/core/CMakeFiles/opencv_core.dir/src/algorithm.cpp.o -MF modules/core/CMakeFiles/opencv_core.dir/src/algorithm.cpp.o.d -o modules/core/CMakeFiles/opencv_core.dir/src/algorithm.cpp.o -c /home/uilian/.conan2/p/b/openc0f1bf19f37050/b/src/modules/core/src/algorithm.cpp
[5/411] /usr/bin/g++-13 -DCVAPI_EXPORTS -DOPENCV_ALLOCATOR_STATS_COUNTER_TYPE="long long" -D_USE_MATH_DEFINES -D__OPENCV_BUILD=1 -D__STDC_CONSTANT_MACROS -D__STDC_FORMAT_MACROS -D__STDC_LIMIT_MACROS -DHAVE_MALLOC_H=1 -DHAVE_MEMALIGN=1 -DHAVE_POSIX_MEMALIGN=1 -I/home/uilian/.conan2/p/b/openc0f1bf19f37050/b/src/modules/core/include -I/home/uilian/.conan2/p/b/openc0f1bf19f37050/b/build/Release/modules/core -isystem /home/uilian/.conan2/p/b/openc0f1bf19f37050/b/build/Release -isystem /home/uilian/.conan2/p/zlib9e81e3baaa894/p/include -isystem /home/uilian/.conan2/p/eigen5481853932f72/p/include/eigen3 -m64   -fsigned-char -W -Wall -Wreturn-type -Wnon-virtual-dtor -Waddress -Wsequence-point -Wformat -Wformat-security -Wmissing-declarations -Wundef -Winit-self -Wpointer-arith -Wshadow -Wsign-promo -Wuninitialized -Wsuggest-override -Wno-delete-non-virtual-dtor -Wno-comment -Wimplicit-fallthrough=3 -Wno-strict-overflow -fdiagnostics-show-option -Wno-long-long -pthread -fomit-frame-pointer -ffunction-sections -fdata-sections  -msse -msse2 -msse3 -fvisibility=hidden -fvisibility-inlines-hidden -O3 -DNDEBUG  -DNDEBUG -std=gnu++11 -fPIC -MD -MT modules/core/CMakeFiles/opencv_core.dir/src/alloc.cpp.o -MF modules/core/CMakeFiles/opencv_core.dir/src/alloc.cpp.o.d -o modules/core/CMakeFiles/opencv_core.dir/src/alloc.cpp.o -c /home/uilian/.conan2/p/b/openc0f1bf19f37050/b/src/modules/core/src/alloc.cpp
[6/411] /usr/bin/g++-13 -DCVAPI_EXPORTS -DOPENCV_ALLOCATOR_STATS_COUNTER_TYPE="long long" -D_USE_MATH_DEFINES -D__OPENCV_BUILD=1 -D__STDC_CONSTANT_MACROS -D__STDC_FORMAT_MACROS -D__STDC_LIMIT_MACROS -I/home/uilian/.conan2/p/b/openc0f1bf19f37050/b/src/modules/core/include -I/home/uilian/.conan2/p/b/openc0f1bf19f37050/b/build/Release/modules/core -isystem /home/uilian/.conan2/p/b/openc0f1bf19f37050/b/build/Release -isystem /home/uilian/.conan2/p/zlib9e81e3baaa894/p/include -isystem /home/uilian/.conan2/p/eigen5481853932f72/p/include/eigen3 -m64   -fsigned-char -W -Wall -Wreturn-type -Wnon-virtual-dtor -Waddress -Wsequence-point -Wformat -Wformat-security -Wmissing-declarations -Wundef -Winit-self -Wpointer-arith -Wshadow -Wsign-promo -Wuninitialized -Wsuggest-override -Wno-delete-non-virtual-dtor -Wno-comment -Wimplicit-fallthrough=3 -Wno-strict-overflow -fdiagnostics-show-option -Wno-long-long -pthread -fomit-frame-pointer -ffunction-sections -fdata-sections  -msse -msse2 -msse3 -fvisibility=hidden -fvisibility-inlines-hidden -O3 -DNDEBUG  -DNDEBUG -std=gnu++11 -fPIC -MD -MT modules/core/CMakeFiles/opencv_core.dir/src/async.cpp.o -MF modules/core/CMakeFiles/opencv_core.dir/src/async.cpp.o.d -o modules/core/CMakeFiles/opencv_core.dir/src/async.cpp.o -c /home/uilian/.conan2/p/b/openc0f1bf19f37050/b/src/modules/core/src/async.cpp
[7/411] /usr/bin/g++-13 -DCVAPI_EXPORTS -DOPENCV_ALLOCATOR_STATS_COUNTER_TYPE="long long" -D_USE_MATH_DEFINES -D__OPENCV_BUILD=1 -D__STDC_CONSTANT_MACROS -D__STDC_FORMAT_MACROS -D__STDC_LIMIT_MACROS -I/home/uilian/.conan2/p/b/openc0f1bf19f37050/b/src/modules/core/include -I/home/uilian/.conan2/p/b/openc0f1bf19f37050/b/build/Release/modules/core -isystem /home/uilian/.conan2/p/b/openc0f1bf19f37050/b/build/Release -isystem /home/uilian/.conan2/p/zlib9e81e3baaa894/p/include -isystem /home/uilian/.conan2/p/eigen5481853932f72/p/include/eigen3 -m64   -fsigned-char -W -Wall -Wreturn-type -Wnon-virtual-dtor -Waddress -Wsequence-point -Wformat -Wformat-security -Wmissing-declarations -Wundef -Winit-self -Wpointer-arith -Wshadow -Wsign-promo -Wuninitialized -Wsuggest-override -Wno-delete-non-virtual-dtor -Wno-comment -Wimplicit-fallthrough=3 -Wno-strict-overflow -fdiagnostics-show-option -Wno-long-long -pthread -fomit-frame-pointer -ffunction-sections -fdata-sections  -msse -msse2 -msse3 -fvisibility=hidden -fvisibility-inlines-hidden -O3 -DNDEBUG  -DNDEBUG -std=gnu++11 -fPIC -MD -MT modules/core/CMakeFiles/opencv_core.dir/src/bindings_utils.cpp.o -MF modules/core/CMakeFiles/opencv_core.dir/src/bindings_utils.cpp.o.d -o modules/core/CMakeFiles/opencv_core.dir/src/bindings_utils.cpp.o -c /home/uilian/.conan2/p/b/openc0f1bf19f37050/b/src/modules/core/src/bindings_utils.cpp
[8/411] /usr/bin/g++-13 -DCVAPI_EXPORTS -DOPENCV_ALLOCATOR_STATS_COUNTER_TYPE="long long" -D_USE_MATH_DEFINES -D__OPENCV_BUILD=1 -D__STDC_CONSTANT_MACROS -D__STDC_FORMAT_MACROS -D__STDC_LIMIT_MACROS -I/home/uilian/.conan2/p/b/openc0f1bf19f37050/b/src/modules/core/include -I/home/uilian/.conan2/p/b/openc0f1bf19f37050/b/build/Release/modules/core -isystem /home/uilian/.conan2/p/b/openc0f1bf19f37050/b/build/Release -isystem /home/uilian/.conan2/p/zlib9e81e3baaa894/p/include -isystem /home/uilian/.conan2/p/eigen5481853932f72/p/include/eigen3 -m64   -fsigned-char -W -Wall -Wreturn-type -Wnon-virtual-dtor -Waddress -Wsequence-point -Wformat -Wformat-security -Wmissing-declarations -Wundef -Winit-self -Wpointer-arith -Wshadow -Wsign-promo -Wuninitialized -Wsuggest-override -Wno-delete-non-virtual-dtor -Wno-comment -Wimplicit-fallthrough=3 -Wno-strict-overflow -fdiagnostics-show-option -Wno-long-long -pthread -fomit-frame-pointer -ffunction-sections -fdata-sections  -msse -msse2 -msse3 -fvisibility=hidden -fvisibility-inlines-hidden -O3 -DNDEBUG  -DNDEBUG -std=gnu++11 -fPIC -MD -MT modules/core/CMakeFiles/opencv_core.dir/src/channels.cpp.o -MF modules/core/CMakeFiles/opencv_core.dir/src/channels.cpp.o.d -o modules/core/CMakeFiles/opencv_core.dir/src/channels.cpp.o -c /home/uilian/.conan2/p/b/openc0f1bf19f37050/b/src/modules/core/src/channels.cpp
[9/411] /usr/bin/g++-13 -DCVAPI_EXPORTS -DOPENCV_ALLOCATOR_STATS_COUNTER_TYPE="long long" -D_USE_MATH_DEFINES -D__OPENCV_BUILD=1 -D__STDC_CONSTANT_MACROS -D__STDC_FORMAT_MACROS -D__STDC_LIMIT_MACROS -I/home/uilian/.conan2/p/b/openc0f1bf19f37050/b/src/modules/core/include -I/home/uilian/.conan2/p/b/openc0f1bf19f37050/b/build/Release/modules/core -isystem /home/uilian/.conan2/p/b/openc0f1bf19f37050/b/build/Release -isystem /home/uilian/.conan2/p/zlib9e81e3baaa894/p/include -isystem /home/uilian/.conan2/p/eigen5481853932f72/p/include/eigen3 -m64   -fsigned-char -W -Wall -Wreturn-type -Wnon-virtual-dtor -Waddress -Wsequence-point -Wformat -Wformat-security -Wmissing-declarations -Wundef -Winit-self -Wpointer-arith -Wshadow -Wsign-promo -Wuninitialized -Wsuggest-override -Wno-delete-non-virtual-dtor -Wno-comment -Wimplicit-fallthrough=3 -Wno-strict-overflow -fdiagnostics-show-option -Wno-long-long -pthread -fomit-frame-pointer -ffunction-sections -fdata-sections  -msse -msse2 -msse3 -fvisibility=hidden -fvisibility-inlines-hidden -O3 -DNDEBUG  -DNDEBUG -std=gnu++11 -fPIC -MD -MT modules/core/CMakeFiles/opencv_core.dir/src/check.cpp.o -MF modules/core/CMakeFiles/opencv_core.dir/src/check.cpp.o.d -o modules/core/CMakeFiles/opencv_core.dir/src/check.cpp.o -c /home/uilian/.conan2/p/b/openc0f1bf19f37050/b/src/modules/core/src/check.cpp
[10/411] /usr/bin/g++-13 -DCVAPI_EXPORTS -DOPENCV_ALLOCATOR_STATS_COUNTER_TYPE="long long" -D_USE_MATH_DEFINES -D__OPENCV_BUILD=1 -D__STDC_CONSTANT_MACROS -D__STDC_FORMAT_MACROS -D__STDC_LIMIT_MACROS -I/home/uilian/.conan2/p/b/openc0f1bf19f37050/b/src/modules/core/include -I/home/uilian/.conan2/p/b/openc0f1bf19f37050/b/build/Release/modules/core -isystem /home/uilian/.conan2/p/b/openc0f1bf19f37050/b/build/Release -isystem /home/uilian/.conan2/p/zlib9e81e3baaa894/p/include -isystem /home/uilian/.conan2/p/eigen5481853932f72/p/include/eigen3 -m64   -fsigned-char -W -Wall -Wreturn-type -Wnon-virtual-dtor -Waddress -Wsequence-point -Wformat -Wformat-security -Wmissing-declarations -Wundef -Winit-self -Wpointer-arith -Wshadow -Wsign-promo -Wuninitialized -Wsuggest-override -Wno-delete-non-virtual-dtor -Wno-comment -Wimplicit-fallthrough=3 -Wno-strict-overflow -fdiagnostics-show-option -Wno-long-long -pthread -fomit-frame-pointer -ffunction-sections -fdata-sections  -msse -msse2 -msse3 -fvisibility=hidden -fvisibility-inlines-hidden -O3 -DNDEBUG  -DNDEBUG -std=gnu++11 -fPIC -MD -MT modules/core/CMakeFiles/opencv_core.dir/src/batch_distance.cpp.o -MF modules/core/CMakeFiles/opencv_core.dir/src/batch_distance.cpp.o.d -o modules/core/CMakeFiles/opencv_core.dir/src/batch_distance.cpp.o -c /home/uilian/.conan2/p/b/openc0f1bf19f37050/b/src/modules/core/src/batch_distance.cpp
[11/411] /usr/bin/g++-13 -DCVAPI_EXPORTS -DOPENCV_ALLOCATOR_STATS_COUNTER_TYPE="long long" -D_USE_MATH_DEFINES -D__OPENCV_BUILD=1 -D__STDC_CONSTANT_MACROS -D__STDC_FORMAT_MACROS -D__STDC_LIMIT_MACROS -I/home/uilian/.conan2/p/b/openc0f1bf19f37050/b/src/modules/core/include -I/home/uilian/.conan2/p/b/openc0f1bf19f37050/b/build/Release/modules/core -isystem /home/uilian/.conan2/p/b/openc0f1bf19f37050/b/build/Release -isystem /home/uilian/.conan2/p/zlib9e81e3baaa894/p/include -isystem /home/uilian/.conan2/p/eigen5481853932f72/p/include/eigen3 -m64   -fsigned-char -W -Wall -Wreturn-type -Wnon-virtual-dtor -Waddress -Wsequence-point -Wformat -Wformat-security -Wmissing-declarations -Wundef -Winit-self -Wpointer-arith -Wshadow -Wsign-promo -Wuninitialized -Wsuggest-override -Wno-delete-non-virtual-dtor -Wno-comment -Wimplicit-fallthrough=3 -Wno-strict-overflow -fdiagnostics-show-option -Wno-long-long -pthread -fomit-frame-pointer -ffunction-sections -fdata-sections  -msse -msse2 -msse3 -fvisibility=hidden -fvisibility-inlines-hidden -O3 -DNDEBUG  -DNDEBUG -std=gnu++11 -fPIC -MD -MT modules/core/CMakeFiles/opencv_core.dir/src/array.cpp.o -MF modules/core/CMakeFiles/opencv_core.dir/src/array.cpp.o.d -o modules/core/CMakeFiles/opencv_core.dir/src/array.cpp.o -c /home/uilian/.conan2/p/b/openc0f1bf19f37050/b/src/modules/core/src/array.cpp
[12/411] /usr/bin/g++-13 -DCVAPI_EXPORTS -DOPENCV_ALLOCATOR_STATS_COUNTER_TYPE="long long" -D_USE_MATH_DEFINES -D__OPENCV_BUILD=1 -D__STDC_CONSTANT_MACROS -D__STDC_FORMAT_MACROS -D__STDC_LIMIT_MACROS -I/home/uilian/.conan2/p/b/openc0f1bf19f37050/b/src/modules/core/include -I/home/uilian/.conan2/p/b/openc0f1bf19f37050/b/build/Release/modules/core -isystem /home/uilian/.conan2/p/b/openc0f1bf19f37050/b/build/Release -isystem /home/uilian/.conan2/p/zlib9e81e3baaa894/p/include -isystem /home/uilian/.conan2/p/eigen5481853932f72/p/include/eigen3 -m64   -fsigned-char -W -Wall -Wreturn-type -Wnon-virtual-dtor -Waddress -Wsequence-point -Wformat -Wformat-security -Wmissing-declarations -Wundef -Winit-self -Wpointer-arith -Wshadow -Wsign-promo -Wuninitialized -Wsuggest-override -Wno-delete-non-virtual-dtor -Wno-comment -Wimplicit-fallthrough=3 -Wno-strict-overflow -fdiagnostics-show-option -Wno-long-long -pthread -fomit-frame-pointer -ffunction-sections -fdata-sections  -msse -msse2 -msse3 -fvisibility=hidden -fvisibility-inlines-hidden -O3 -DNDEBUG  -DNDEBUG -std=gnu++11 -fPIC -MD -MT modules/core/CMakeFiles/opencv_core.dir/src/arithm.cpp.o -MF modules/core/CMakeFiles/opencv_core.dir/src/arithm.cpp.o.d -o modules/core/CMakeFiles/opencv_core.dir/src/arithm.cpp.o -c /home/uilian/.conan2/p/b/openc0f1bf19f37050/b/src/modules/core/src/arithm.cpp
[13/411] /usr/bin/g++-13 -DCVAPI_EXPORTS -DOPENCV_ALLOCATOR_STATS_COUNTER_TYPE="long long" -D_USE_MATH_DEFINES -D__OPENCV_BUILD=1 -D__STDC_CONSTANT_MACROS -D__STDC_FORMAT_MACROS -D__STDC_LIMIT_MACROS -I/home/uilian/.conan2/p/b/openc0f1bf19f37050/b/src/modules/core/include -I/home/uilian/.conan2/p/b/openc0f1bf19f37050/b/build/Release/modules/core -isystem /home/uilian/.conan2/p/b/openc0f1bf19f37050/b/build/Release -isystem /home/uilian/.conan2/p/zlib9e81e3baaa894/p/include -isystem /home/uilian/.conan2/p/eigen5481853932f72/p/include/eigen3 -m64   -fsigned-char -W -Wall -Wreturn-type -Wnon-virtual-dtor -Waddress -Wsequence-point -Wformat -Wformat-security -Wmissing-declarations -Wundef -Winit-self -Wpointer-arith -Wshadow -Wsign-promo -Wuninitialized -Wsuggest-override -Wno-delete-non-virtual-dtor -Wno-comment -Wimplicit-fallthrough=3 -Wno-strict-overflow -fdiagnostics-show-option -Wno-long-long -pthread -fomit-frame-pointer -ffunction-sections -fdata-sections  -msse -msse2 -msse3 -fvisibility=hidden -fvisibility-inlines-hidden -O3 -DNDEBUG  -DNDEBUG -std=gnu++11 -fPIC -MD -MT modules/core/CMakeFiles/opencv_core.dir/src/command_line_parser.cpp.o -MF modules/core/CMakeFiles/opencv_core.dir/src/command_line_parser.cpp.o.d -o modules/core/CMakeFiles/opencv_core.dir/src/command_line_parser.cpp.o -c /home/uilian/.conan2/p/b/openc0f1bf19f37050/b/src/modules/core/src/command_line_parser.cpp
[14/411] /usr/bin/g++-13 -DCVAPI_EXPORTS -DOPENCV_ALLOCATOR_STATS_COUNTER_TYPE="long long" -D_USE_MATH_DEFINES -D__OPENCV_BUILD=1 -D__STDC_CONSTANT_MACROS -D__STDC_FORMAT_MACROS -D__STDC_LIMIT_MACROS -I/home/uilian/.conan2/p/b/openc0f1bf19f37050/b/src/modules/core/include -I/home/uilian/.conan2/p/b/openc0f1bf19f37050/b/build/Release/modules/core -isystem /home/uilian/.conan2/p/b/openc0f1bf19f37050/b/build/Release -isystem /home/uilian/.conan2/p/zlib9e81e3baaa894/p/include -isystem /home/uilian/.conan2/p/eigen5481853932f72/p/include/eigen3 -m64   -fsigned-char -W -Wall -Wreturn-type -Wnon-virtual-dtor -Waddress -Wsequence-point -Wformat -Wformat-security -Wmissing-declarations -Wundef -Winit-self -Wpointer-arith -Wshadow -Wsign-promo -Wuninitialized -Wsuggest-override -Wno-delete-non-virtual-dtor -Wno-comment -Wimplicit-fallthrough=3 -Wno-strict-overflow -fdiagnostics-show-option -Wno-long-long -pthread -fomit-frame-pointer -ffunction-sections -fdata-sections  -msse -msse2 -msse3 -fvisibility=hidden -fvisibility-inlines-hidden -O3 -DNDEBUG  -DNDEBUG -std=gnu++11 -fPIC -MD -MT modules/core/CMakeFiles/opencv_core.dir/src/conjugate_gradient.cpp.o -MF modules/core/CMakeFiles/opencv_core.dir/src/conjugate_gradient.cpp.o.d -o modules/core/CMakeFiles/opencv_core.dir/src/conjugate_gradient.cpp.o -c /home/uilian/.conan2/p/b/openc0f1bf19f37050/b/src/modules/core/src/conjugate_gradient.cpp
[15/411] /usr/bin/g++-13 -DCVAPI_EXPORTS -DOPENCV_ALLOCATOR_STATS_COUNTER_TYPE="long long" -D_USE_MATH_DEFINES -D__OPENCV_BUILD=1 -D__STDC_CONSTANT_MACROS -D__STDC_FORMAT_MACROS -D__STDC_LIMIT_MACROS -I/home/uilian/.conan2/p/b/openc0f1bf19f37050/b/src/modules/core/include -I/home/uilian/.conan2/p/b/openc0f1bf19f37050/b/build/Release/modules/core -isystem /home/uilian/.conan2/p/b/openc0f1bf19f37050/b/build/Release -isystem /home/uilian/.conan2/p/zlib9e81e3baaa894/p/include -isystem /home/uilian/.conan2/p/eigen5481853932f72/p/include/eigen3 -m64   -fsigned-char -W -Wall -Wreturn-type -Wnon-virtual-dtor -Waddress -Wsequence-point -Wformat -Wformat-security -Wmissing-declarations -Wundef -Winit-self -Wpointer-arith -Wshadow -Wsign-promo -Wuninitialized -Wsuggest-override -Wno-delete-non-virtual-dtor -Wno-comment -Wimplicit-fallthrough=3 -Wno-strict-overflow -fdiagnostics-show-option -Wno-long-long -pthread -fomit-frame-pointer -ffunction-sections -fdata-sections  -msse -msse2 -msse3 -fvisibility=hidden -fvisibility-inlines-hidden -O3 -DNDEBUG  -DNDEBUG -std=gnu++11 -fPIC -MD -MT modules/core/CMakeFiles/opencv_core.dir/src/convert_c.cpp.o -MF modules/core/CMakeFiles/opencv_core.dir/src/convert_c.cpp.o.d -o modules/core/CMakeFiles/opencv_core.dir/src/convert_c.cpp.o -c /home/uilian/.conan2/p/b/openc0f1bf19f37050/b/src/modules/core/src/convert_c.cpp
[16/411] /usr/bin/g++-13 -DCVAPI_EXPORTS -DOPENCV_ALLOCATOR_STATS_COUNTER_TYPE="long long" -D_USE_MATH_DEFINES -D__OPENCV_BUILD=1 -D__STDC_CONSTANT_MACROS -D__STDC_FORMAT_MACROS -D__STDC_LIMIT_MACROS -I/home/uilian/.conan2/p/b/openc0f1bf19f37050/b/src/modules/core/include -I/home/uilian/.conan2/p/b/openc0f1bf19f37050/b/build/Release/modules/core -isystem /home/uilian/.conan2/p/b/openc0f1bf19f37050/b/build/Release -isystem /home/uilian/.conan2/p/zlib9e81e3baaa894/p/include -isystem /home/uilian/.conan2/p/eigen5481853932f72/p/include/eigen3 -m64   -fsigned-char -W -Wall -Wreturn-type -Wnon-virtual-dtor -Waddress -Wsequence-point -Wformat -Wformat-security -Wmissing-declarations -Wundef -Winit-self -Wpointer-arith -Wshadow -Wsign-promo -Wuninitialized -Wsuggest-override -Wno-delete-non-virtual-dtor -Wno-comment -Wimplicit-fallthrough=3 -Wno-strict-overflow -fdiagnostics-show-option -Wno-long-long -pthread -fomit-frame-pointer -ffunction-sections -fdata-sections  -msse -msse2 -msse3 -fvisibility=hidden -fvisibility-inlines-hidden -O3 -DNDEBUG  -DNDEBUG -std=gnu++11 -fPIC -MD -MT modules/core/CMakeFiles/opencv_core.dir/src/cuda_gpu_mat.cpp.o -MF modules/core/CMakeFiles/opencv_core.dir/src/cuda_gpu_mat.cpp.o.d -o modules/core/CMakeFiles/opencv_core.dir/src/cuda_gpu_mat.cpp.o -c /home/uilian/.conan2/p/b/openc0f1bf19f37050/b/src/modules/core/src/cuda_gpu_mat.cpp
[17/411] /usr/bin/g++-13 -DCVAPI_EXPORTS -DOPENCV_ALLOCATOR_STATS_COUNTER_TYPE="long long" -D_USE_MATH_DEFINES -D__OPENCV_BUILD=1 -D__STDC_CONSTANT_MACROS -D__STDC_FORMAT_MACROS -D__STDC_LIMIT_MACROS -I/home/uilian/.conan2/p/b/openc0f1bf19f37050/b/src/modules/core/include -I/home/uilian/.conan2/p/b/openc0f1bf19f37050/b/build/Release/modules/core -isystem /home/uilian/.conan2/p/b/openc0f1bf19f37050/b/build/Release -isystem /home/uilian/.conan2/p/zlib9e81e3baaa894/p/include -isystem /home/uilian/.conan2/p/eigen5481853932f72/p/include/eigen3 -m64   -fsigned-char -W -Wall -Wreturn-type -Wnon-virtual-dtor -Waddress -Wsequence-point -Wformat -Wformat-security -Wmissing-declarations -Wundef -Winit-self -Wpointer-arith -Wshadow -Wsign-promo -Wuninitialized -Wsuggest-override -Wno-delete-non-virtual-dtor -Wno-comment -Wimplicit-fallthrough=3 -Wno-strict-overflow -fdiagnostics-show-option -Wno-long-long -pthread -fomit-frame-pointer -ffunction-sections -fdata-sections  -msse -msse2 -msse3 -fvisibility=hidden -fvisibility-inlines-hidden -O3 -DNDEBUG  -DNDEBUG -std=gnu++11 -fPIC -MD -MT modules/core/CMakeFiles/opencv_core.dir/src/cuda_host_mem.cpp.o -MF modules/core/CMakeFiles/opencv_core.dir/src/cuda_host_mem.cpp.o.d -o modules/core/CMakeFiles/opencv_core.dir/src/cuda_host_mem.cpp.o -c /home/uilian/.conan2/p/b/openc0f1bf19f37050/b/src/modules/core/src/cuda_host_mem.cpp
[18/411] /usr/bin/g++-13 -DCVAPI_EXPORTS -DOPENCV_ALLOCATOR_STATS_COUNTER_TYPE="long long" -D_USE_MATH_DEFINES -D__OPENCV_BUILD=1 -D__STDC_CONSTANT_MACROS -D__STDC_FORMAT_MACROS -D__STDC_LIMIT_MACROS -I/home/uilian/.conan2/p/b/openc0f1bf19f37050/b/src/modules/core/include -I/home/uilian/.conan2/p/b/openc0f1bf19f37050/b/build/Release/modules/core -isystem /home/uilian/.conan2/p/b/openc0f1bf19f37050/b/build/Release -isystem /home/uilian/.conan2/p/zlib9e81e3baaa894/p/include -isystem /home/uilian/.conan2/p/eigen5481853932f72/p/include/eigen3 -m64   -fsigned-char -W -Wall -Wreturn-type -Wnon-virtual-dtor -Waddress -Wsequence-point -Wformat -Wformat-security -Wmissing-declarations -Wundef -Winit-self -Wpointer-arith -Wshadow -Wsign-promo -Wuninitialized -Wsuggest-override -Wno-delete-non-virtual-dtor -Wno-comment -Wimplicit-fallthrough=3 -Wno-strict-overflow -fdiagnostics-show-option -Wno-long-long -pthread -fomit-frame-pointer -ffunction-sections -fdata-sections  -msse -msse2 -msse3 -fvisibility=hidden -fvisibility-inlines-hidden -O3 -DNDEBUG  -DNDEBUG -std=gnu++11 -fPIC -MD -MT modules/core/CMakeFiles/opencv_core.dir/src/count_non_zero.dispatch.cpp.o -MF modules/core/CMakeFiles/opencv_core.dir/src/count_non_zero.dispatch.cpp.o.d -o modules/core/CMakeFiles/opencv_core.dir/src/count_non_zero.dispatch.cpp.o -c /home/uilian/.conan2/p/b/openc0f1bf19f37050/b/src/modules/core/src/count_non_zero.dispatch.cpp
[19/411] /usr/bin/g++-13 -DCVAPI_EXPORTS -DOPENCV_ALLOCATOR_STATS_COUNTER_TYPE="long long" -D_USE_MATH_DEFINES -D__OPENCV_BUILD=1 -D__STDC_CONSTANT_MACROS -D__STDC_FORMAT_MACROS -D__STDC_LIMIT_MACROS -I/home/uilian/.conan2/p/b/openc0f1bf19f37050/b/src/modules/core/include -I/home/uilian/.conan2/p/b/openc0f1bf19f37050/b/build/Release/modules/core -isystem /home/uilian/.conan2/p/b/openc0f1bf19f37050/b/build/Release -isystem /home/uilian/.conan2/p/zlib9e81e3baaa894/p/include -isystem /home/uilian/.conan2/p/eigen5481853932f72/p/include/eigen3 -m64   -fsigned-char -W -Wall -Wreturn-type -Wnon-virtual-dtor -Waddress -Wsequence-point -Wformat -Wformat-security -Wmissing-declarations -Wundef -Winit-self -Wpointer-arith -Wshadow -Wsign-promo -Wuninitialized -Wsuggest-override -Wno-delete-non-virtual-dtor -Wno-comment -Wimplicit-fallthrough=3 -Wno-strict-overflow -fdiagnostics-show-option -Wno-long-long -pthread -fomit-frame-pointer -ffunction-sections -fdata-sections  -msse -msse2 -msse3 -fvisibility=hidden -fvisibility-inlines-hidden -O3 -DNDEBUG  -DNDEBUG -std=gnu++11 -fPIC -MD -MT modules/core/CMakeFiles/opencv_core.dir/src/copy.cpp.o -MF modules/core/CMakeFiles/opencv_core.dir/src/copy.cpp.o.d -o modules/core/CMakeFiles/opencv_core.dir/src/copy.cpp.o -c /home/uilian/.conan2/p/b/openc0f1bf19f37050/b/src/modules/core/src/copy.cpp
[20/411] /usr/bin/g++-13 -DCVAPI_EXPORTS -DOPENCV_ALLOCATOR_STATS_COUNTER_TYPE="long long" -D_USE_MATH_DEFINES -D__OPENCV_BUILD=1 -D__STDC_CONSTANT_MACROS -D__STDC_FORMAT_MACROS -D__STDC_LIMIT_MACROS -I/home/uilian/.conan2/p/b/openc0f1bf19f37050/b/src/modules/core/include -I/home/uilian/.conan2/p/b/openc0f1bf19f37050/b/build/Release/modules/core -isystem /home/uilian/.conan2/p/b/openc0f1bf19f37050/b/build/Release -isystem /home/uilian/.conan2/p/zlib9e81e3baaa894/p/include -isystem /home/uilian/.conan2/p/eigen5481853932f72/p/include/eigen3 -m64   -fsigned-char -W -Wall -Wreturn-type -Wnon-virtual-dtor -Waddress -Wsequence-point -Wformat -Wformat-security -Wmissing-declarations -Wundef -Winit-self -Wpointer-arith -Wshadow -Wsign-promo -Wuninitialized -Wsuggest-override -Wno-delete-non-virtual-dtor -Wno-comment -Wimplicit-fallthrough=3 -Wno-strict-overflow -fdiagnostics-show-option -Wno-long-long -pthread -fomit-frame-pointer -ffunction-sections -fdata-sections  -msse -msse2 -msse3 -fvisibility=hidden -fvisibility-inlines-hidden -O3 -DNDEBUG  -DNDEBUG -std=gnu++11 -fPIC -MD -MT modules/core/CMakeFiles/opencv_core.dir/src/cuda_info.cpp.o -MF modules/core/CMakeFiles/opencv_core.dir/src/cuda_info.cpp.o.d -o modules/core/CMakeFiles/opencv_core.dir/src/cuda_info.cpp.o -c /home/uilian/.conan2/p/b/openc0f1bf19f37050/b/src/modules/core/src/cuda_info.cpp
[21/411] /usr/bin/g++-13 -DCVAPI_EXPORTS -DOPENCV_ALLOCATOR_STATS_COUNTER_TYPE="long long" -D_USE_MATH_DEFINES -D__OPENCV_BUILD=1 -D__STDC_CONSTANT_MACROS -D__STDC_FORMAT_MACROS -D__STDC_LIMIT_MACROS -I/home/uilian/.conan2/p/b/openc0f1bf19f37050/b/src/modules/core/include -I/home/uilian/.conan2/p/b/openc0f1bf19f37050/b/build/Release/modules/core -isystem /home/uilian/.conan2/p/b/openc0f1bf19f37050/b/build/Release -isystem /home/uilian/.conan2/p/zlib9e81e3baaa894/p/include -isystem /home/uilian/.conan2/p/eigen5481853932f72/p/include/eigen3 -m64   -fsigned-char -W -Wall -Wreturn-type -Wnon-virtual-dtor -Waddress -Wsequence-point -Wformat -Wformat-security -Wmissing-declarations -Wundef -Winit-self -Wpointer-arith -Wshadow -Wsign-promo -Wuninitialized -Wsuggest-override -Wno-delete-non-virtual-dtor -Wno-comment -Wimplicit-fallthrough=3 -Wno-strict-overflow -fdiagnostics-show-option -Wno-long-long -pthread -fomit-frame-pointer -ffunction-sections -fdata-sections  -msse -msse2 -msse3 -fvisibility=hidden -fvisibility-inlines-hidden -O3 -DNDEBUG  -DNDEBUG -std=gnu++11 -fPIC -MD -MT modules/core/CMakeFiles/opencv_core.dir/src/cuda_stream.cpp.o -MF modules/core/CMakeFiles/opencv_core.dir/src/cuda_stream.cpp.o.d -o modules/core/CMakeFiles/opencv_core.dir/src/cuda_stream.cpp.o -c /home/uilian/.conan2/p/b/openc0f1bf19f37050/b/src/modules/core/src/cuda_stream.cpp
[22/411] /usr/bin/g++-13 -DCVAPI_EXPORTS -DOPENCV_ALLOCATOR_STATS_COUNTER_TYPE="long long" -D_USE_MATH_DEFINES -D__OPENCV_BUILD=1 -D__STDC_CONSTANT_MACROS -D__STDC_FORMAT_MACROS -D__STDC_LIMIT_MACROS -I/home/uilian/.conan2/p/b/openc0f1bf19f37050/b/src/modules/core/include -I/home/uilian/.conan2/p/b/openc0f1bf19f37050/b/build/Release/modules/core -isystem /home/uilian/.conan2/p/b/openc0f1bf19f37050/b/build/Release -isystem /home/uilian/.conan2/p/zlib9e81e3baaa894/p/include -isystem /home/uilian/.conan2/p/eigen5481853932f72/p/include/eigen3 -m64   -fsigned-char -W -Wall -Wreturn-type -Wnon-virtual-dtor -Waddress -Wsequence-point -Wformat -Wformat-security -Wmissing-declarations -Wundef -Winit-self -Wpointer-arith -Wshadow -Wsign-promo -Wuninitialized -Wsuggest-override -Wno-delete-non-virtual-dtor -Wno-comment -Wimplicit-fallthrough=3 -Wno-strict-overflow -fdiagnostics-show-option -Wno-long-long -pthread -fomit-frame-pointer -ffunction-sections -fdata-sections  -msse -msse2 -msse3 -fvisibility=hidden -fvisibility-inlines-hidden -O3 -DNDEBUG  -DNDEBUG -std=gnu++11 -fPIC -MD -MT modules/core/CMakeFiles/opencv_core.dir/src/convert.dispatch.cpp.o -MF modules/core/CMakeFiles/opencv_core.dir/src/convert.dispatch.cpp.o.d -o modules/core/CMakeFiles/opencv_core.dir/src/convert.dispatch.cpp.o -c /home/uilian/.conan2/p/b/openc0f1bf19f37050/b/src/modules/core/src/convert.dispatch.cpp
[23/411] /usr/bin/g++-13 -DCVAPI_EXPORTS -DOPENCV_ALLOCATOR_STATS_COUNTER_TYPE="long long" -D_USE_MATH_DEFINES -D__OPENCV_BUILD=1 -D__STDC_CONSTANT_MACROS -D__STDC_FORMAT_MACROS -D__STDC_LIMIT_MACROS -I/home/uilian/.conan2/p/b/openc0f1bf19f37050/b/src/modules/core/include -I/home/uilian/.conan2/p/b/openc0f1bf19f37050/b/build/Release/modules/core -isystem /home/uilian/.conan2/p/b/openc0f1bf19f37050/b/build/Release -isystem /home/uilian/.conan2/p/zlib9e81e3baaa894/p/include -isystem /home/uilian/.conan2/p/eigen5481853932f72/p/include/eigen3 -m64   -fsigned-char -W -Wall -Wreturn-type -Wnon-virtual-dtor -Waddress -Wsequence-point -Wformat -Wformat-security -Wmissing-declarations -Wundef -Winit-self -Wpointer-arith -Wshadow -Wsign-promo -Wuninitialized -Wsuggest-override -Wno-delete-non-virtual-dtor -Wno-comment -Wimplicit-fallthrough=3 -Wno-strict-overflow -fdiagnostics-show-option -Wno-long-long -pthread -fomit-frame-pointer -ffunction-sections -fdata-sections  -msse -msse2 -msse3 -fvisibility=hidden -fvisibility-inlines-hidden -O3 -DNDEBUG  -DNDEBUG -std=gnu++11 -fPIC -MD -MT modules/core/CMakeFiles/opencv_core.dir/src/convert_scale.dispatch.cpp.o -MF modules/core/CMakeFiles/opencv_core.dir/src/convert_scale.dispatch.cpp.o.d -o modules/core/CMakeFiles/opencv_core.dir/src/convert_scale.dispatch.cpp.o -c /home/uilian/.conan2/p/b/openc0f1bf19f37050/b/src/modules/core/src/convert_scale.dispatch.cpp
[24/411] /usr/bin/g++-13 -DCVAPI_EXPORTS -DOPENCV_ALLOCATOR_STATS_COUNTER_TYPE="long long" -D_USE_MATH_DEFINES -D__OPENCV_BUILD=1 -D__STDC_CONSTANT_MACROS -D__STDC_FORMAT_MACROS -D__STDC_LIMIT_MACROS -I/home/uilian/.conan2/p/b/openc0f1bf19f37050/b/src/modules/core/include -I/home/uilian/.conan2/p/b/openc0f1bf19f37050/b/build/Release/modules/core -isystem /home/uilian/.conan2/p/b/openc0f1bf19f37050/b/build/Release -isystem /home/uilian/.conan2/p/zlib9e81e3baaa894/p/include -isystem /home/uilian/.conan2/p/eigen5481853932f72/p/include/eigen3 -m64   -fsigned-char -W -Wall -Wreturn-type -Wnon-virtual-dtor -Waddress -Wsequence-point -Wformat -Wformat-security -Wmissing-declarations -Wundef -Winit-self -Wpointer-arith -Wshadow -Wsign-promo -Wuninitialized -Wsuggest-override -Wno-delete-non-virtual-dtor -Wno-comment -Wimplicit-fallthrough=3 -Wno-strict-overflow -fdiagnostics-show-option -Wno-long-long -pthread -fomit-frame-pointer -ffunction-sections -fdata-sections  -msse -msse2 -msse3 -fvisibility=hidden -fvisibility-inlines-hidden -O3 -DNDEBUG  -DNDEBUG -std=gnu++11 -fPIC -MD -MT modules/core/CMakeFiles/opencv_core.dir/src/directx.cpp.o -MF modules/core/CMakeFiles/opencv_core.dir/src/directx.cpp.o.d -o modules/core/CMakeFiles/opencv_core.dir/src/directx.cpp.o -c /home/uilian/.conan2/p/b/openc0f1bf19f37050/b/src/modules/core/src/directx.cpp
[25/411] /usr/bin/g++-13 -DCVAPI_EXPORTS -DOPENCV_ALLOCATOR_STATS_COUNTER_TYPE="long long" -D_USE_MATH_DEFINES -D__OPENCV_BUILD=1 -D__STDC_CONSTANT_MACROS -D__STDC_FORMAT_MACROS -D__STDC_LIMIT_MACROS -I/home/uilian/.conan2/p/b/openc0f1bf19f37050/b/src/modules/core/include -I/home/uilian/.conan2/p/b/openc0f1bf19f37050/b/build/Release/modules/core -isystem /home/uilian/.conan2/p/b/openc0f1bf19f37050/b/build/Release -isystem /home/uilian/.conan2/p/zlib9e81e3baaa894/p/include -isystem /home/uilian/.conan2/p/eigen5481853932f72/p/include/eigen3 -m64   -fsigned-char -W -Wall -Wreturn-type -Wnon-virtual-dtor -Waddress -Wsequence-point -Wformat -Wformat-security -Wmissing-declarations -Wundef -Winit-self -Wpointer-arith -Wshadow -Wsign-promo -Wuninitialized -Wsuggest-override -Wno-delete-non-virtual-dtor -Wno-comment -Wimplicit-fallthrough=3 -Wno-strict-overflow -fdiagnostics-show-option -Wno-long-long -pthread -fomit-frame-pointer -ffunction-sections -fdata-sections  -msse -msse2 -msse3 -fvisibility=hidden -fvisibility-inlines-hidden -O3 -DNDEBUG  -DNDEBUG -std=gnu++11 -fPIC -MD -MT modules/core/CMakeFiles/opencv_core.dir/src/downhill_simplex.cpp.o -MF modules/core/CMakeFiles/opencv_core.dir/src/downhill_simplex.cpp.o.d -o modules/core/CMakeFiles/opencv_core.dir/src/downhill_simplex.cpp.o -c /home/uilian/.conan2/p/b/openc0f1bf19f37050/b/src/modules/core/src/downhill_simplex.cpp
[26/411] /usr/bin/g++-13 -DCVAPI_EXPORTS -DOPENCV_ALLOCATOR_STATS_COUNTER_TYPE="long long" -D_USE_MATH_DEFINES -D__OPENCV_BUILD=1 -D__STDC_CONSTANT_MACROS -D__STDC_FORMAT_MACROS -D__STDC_LIMIT_MACROS -I/home/uilian/.conan2/p/b/openc0f1bf19f37050/b/src/modules/core/include -I/home/uilian/.conan2/p/b/openc0f1bf19f37050/b/build/Release/modules/core -isystem /home/uilian/.conan2/p/b/openc0f1bf19f37050/b/build/Release -isystem /home/uilian/.conan2/p/zlib9e81e3baaa894/p/include -isystem /home/uilian/.conan2/p/eigen5481853932f72/p/include/eigen3 -m64   -fsigned-char -W -Wall -Wreturn-type -Wnon-virtual-dtor -Waddress -Wsequence-point -Wformat -Wformat-security -Wmissing-declarations -Wundef -Winit-self -Wpointer-arith -Wshadow -Wsign-promo -Wuninitialized -Wsuggest-override -Wno-delete-non-virtual-dtor -Wno-comment -Wimplicit-fallthrough=3 -Wno-strict-overflow -fdiagnostics-show-option -Wno-long-long -pthread -fomit-frame-pointer -ffunction-sections -fdata-sections  -msse -msse2 -msse3 -fvisibility=hidden -fvisibility-inlines-hidden -O3 -DNDEBUG  -DNDEBUG -std=gnu++11 -fPIC -MD -MT modules/core/CMakeFiles/opencv_core.dir/src/datastructs.cpp.o -MF modules/core/CMakeFiles/opencv_core.dir/src/datastructs.cpp.o.d -o modules/core/CMakeFiles/opencv_core.dir/src/datastructs.cpp.o -c /home/uilian/.conan2/p/b/openc0f1bf19f37050/b/src/modules/core/src/datastructs.cpp
[27/411] /usr/bin/g++-13 -DCVAPI_EXPORTS -DOPENCV_ALLOCATOR_STATS_COUNTER_TYPE="long long" -D_USE_MATH_DEFINES -D__OPENCV_BUILD=1 -D__STDC_CONSTANT_MACROS -D__STDC_FORMAT_MACROS -D__STDC_LIMIT_MACROS -I/home/uilian/.conan2/p/b/openc0f1bf19f37050/b/src/modules/core/include -I/home/uilian/.conan2/p/b/openc0f1bf19f37050/b/build/Release/modules/core -isystem /home/uilian/.conan2/p/b/openc0f1bf19f37050/b/build/Release -isystem /home/uilian/.conan2/p/zlib9e81e3baaa894/p/include -isystem /home/uilian/.conan2/p/eigen5481853932f72/p/include/eigen3 -m64   -fsigned-char -W -Wall -Wreturn-type -Wnon-virtual-dtor -Waddress -Wsequence-point -Wformat -Wformat-security -Wmissing-declarations -Wundef -Winit-self -Wpointer-arith -Wshadow -Wsign-promo -Wuninitialized -Wsuggest-override -Wno-delete-non-virtual-dtor -Wno-comment -Wimplicit-fallthrough=3 -Wno-strict-overflow -fdiagnostics-show-option -Wno-long-long -pthread -fomit-frame-pointer -ffunction-sections -fdata-sections  -msse -msse2 -msse3 -fvisibility=hidden -fvisibility-inlines-hidden -O3 -DNDEBUG  -DNDEBUG -std=gnu++11 -fPIC -MD -MT modules/core/CMakeFiles/opencv_core.dir/src/gl_core_3_1.cpp.o -MF modules/core/CMakeFiles/opencv_core.dir/src/gl_core_3_1.cpp.o.d -o modules/core/CMakeFiles/opencv_core.dir/src/gl_core_3_1.cpp.o -c /home/uilian/.conan2/p/b/openc0f1bf19f37050/b/src/modules/core/src/gl_core_3_1.cpp
[28/411] /usr/bin/g++-13 -DCVAPI_EXPORTS -DOPENCV_ALLOCATOR_STATS_COUNTER_TYPE="long long" -D_USE_MATH_DEFINES -D__OPENCV_BUILD=1 -D__STDC_CONSTANT_MACROS -D__STDC_FORMAT_MACROS -D__STDC_LIMIT_MACROS -I/home/uilian/.conan2/p/b/openc0f1bf19f37050/b/src/modules/core/include -I/home/uilian/.conan2/p/b/openc0f1bf19f37050/b/build/Release/modules/core -isystem /home/uilian/.conan2/p/b/openc0f1bf19f37050/b/build/Release -isystem /home/uilian/.conan2/p/zlib9e81e3baaa894/p/include -isystem /home/uilian/.conan2/p/eigen5481853932f72/p/include/eigen3 -m64   -fsigned-char -W -Wall -Wreturn-type -Wnon-virtual-dtor -Waddress -Wsequence-point -Wformat -Wformat-security -Wmissing-declarations -Wundef -Winit-self -Wpointer-arith -Wshadow -Wsign-promo -Wuninitialized -Wsuggest-override -Wno-delete-non-virtual-dtor -Wno-comment -Wimplicit-fallthrough=3 -Wno-strict-overflow -fdiagnostics-show-option -Wno-long-long -pthread -fomit-frame-pointer -ffunction-sections -fdata-sections  -msse -msse2 -msse3 -fvisibility=hidden -fvisibility-inlines-hidden -O3 -DNDEBUG  -DNDEBUG -std=gnu++11 -fPIC -MD -MT modules/core/CMakeFiles/opencv_core.dir/src/hal_internal.cpp.o -MF modules/core/CMakeFiles/opencv_core.dir/src/hal_internal.cpp.o.d -o modules/core/CMakeFiles/opencv_core.dir/src/hal_internal.cpp.o -c /home/uilian/.conan2/p/b/openc0f1bf19f37050/b/src/modules/core/src/hal_internal.cpp
[29/411] /usr/bin/g++-13 -DCVAPI_EXPORTS -DOPENCV_ALLOCATOR_STATS_COUNTER_TYPE="long long" -D_USE_MATH_DEFINES -D__OPENCV_BUILD=1 -D__STDC_CONSTANT_MACROS -D__STDC_FORMAT_MACROS -D__STDC_LIMIT_MACROS -I/home/uilian/.conan2/p/b/openc0f1bf19f37050/b/src/modules/core/include -I/home/uilian/.conan2/p/b/openc0f1bf19f37050/b/build/Release/modules/core -isystem /home/uilian/.conan2/p/b/openc0f1bf19f37050/b/build/Release -isystem /home/uilian/.conan2/p/zlib9e81e3baaa894/p/include -isystem /home/uilian/.conan2/p/eigen5481853932f72/p/include/eigen3 -m64   -fsigned-char -W -Wall -Wreturn-type -Wnon-virtual-dtor -Waddress -Wsequence-point -Wformat -Wformat-security -Wmissing-declarations -Wundef -Winit-self -Wpointer-arith -Wshadow -Wsign-promo -Wuninitialized -Wsuggest-override -Wno-delete-non-virtual-dtor -Wno-comment -Wimplicit-fallthrough=3 -Wno-strict-overflow -fdiagnostics-show-option -Wno-long-long -pthread -fomit-frame-pointer -ffunction-sections -fdata-sections  -msse -msse2 -msse3 -fvisibility=hidden -fvisibility-inlines-hidden -O3 -DNDEBUG  -DNDEBUG -std=gnu++11 -fPIC -MD -MT modules/core/CMakeFiles/opencv_core.dir/src/glob.cpp.o -MF modules/core/CMakeFiles/opencv_core.dir/src/glob.cpp.o.d -o modules/core/CMakeFiles/opencv_core.dir/src/glob.cpp.o -c /home/uilian/.conan2/p/b/openc0f1bf19f37050/b/src/modules/core/src/glob.cpp
[30/411] /usr/bin/g++-13 -DCVAPI_EXPORTS -DOPENCV_ALLOCATOR_STATS_COUNTER_TYPE="long long" -D_USE_MATH_DEFINES -D__OPENCV_BUILD=1 -D__STDC_CONSTANT_MACROS -D__STDC_FORMAT_MACROS -D__STDC_LIMIT_MACROS -I/home/uilian/.conan2/p/b/openc0f1bf19f37050/b/src/modules/core/include -I/home/uilian/.conan2/p/b/openc0f1bf19f37050/b/build/Release/modules/core -isystem /home/uilian/.conan2/p/b/openc0f1bf19f37050/b/build/Release -isystem /home/uilian/.conan2/p/zlib9e81e3baaa894/p/include -isystem /home/uilian/.conan2/p/eigen5481853932f72/p/include/eigen3 -m64   -fsigned-char -W -Wall -Wreturn-type -Wnon-virtual-dtor -Waddress -Wsequence-point -Wformat -Wformat-security -Wmissing-declarations -Wundef -Winit-self -Wpointer-arith -Wshadow -Wsign-promo -Wuninitialized -Wsuggest-override -Wno-delete-non-virtual-dtor -Wno-comment -Wimplicit-fallthrough=3 -Wno-strict-overflow -fdiagnostics-show-option -Wno-long-long -pthread -fomit-frame-pointer -ffunction-sections -fdata-sections  -msse -msse2 -msse3 -fvisibility=hidden -fvisibility-inlines-hidden -O3 -DNDEBUG  -DNDEBUG -std=gnu++11 -fPIC -MD -MT modules/core/CMakeFiles/opencv_core.dir/src/logger.cpp.o -MF modules/core/CMakeFiles/opencv_core.dir/src/logger.cpp.o.d -o modules/core/CMakeFiles/opencv_core.dir/src/logger.cpp.o -c /home/uilian/.conan2/p/b/openc0f1bf19f37050/b/src/modules/core/src/logger.cpp
[31/411] /usr/bin/g++-13 -DCVAPI_EXPORTS -DOPENCV_ALLOCATOR_STATS_COUNTER_TYPE="long long" -D_USE_MATH_DEFINES -D__OPENCV_BUILD=1 -D__STDC_CONSTANT_MACROS -D__STDC_FORMAT_MACROS -D__STDC_LIMIT_MACROS -I/home/uilian/.conan2/p/b/openc0f1bf19f37050/b/src/modules/core/include -I/home/uilian/.conan2/p/b/openc0f1bf19f37050/b/build/Release/modules/core -isystem /home/uilian/.conan2/p/b/openc0f1bf19f37050/b/build/Release -isystem /home/uilian/.conan2/p/zlib9e81e3baaa894/p/include -isystem /home/uilian/.conan2/p/eigen5481853932f72/p/include/eigen3 -m64   -fsigned-char -W -Wall -Wreturn-type -Wnon-virtual-dtor -Waddress -Wsequence-point -Wformat -Wformat-security -Wmissing-declarations -Wundef -Winit-self -Wpointer-arith -Wshadow -Wsign-promo -Wuninitialized -Wsuggest-override -Wno-delete-non-virtual-dtor -Wno-comment -Wimplicit-fallthrough=3 -Wno-strict-overflow -fdiagnostics-show-option -Wno-long-long -pthread -fomit-frame-pointer -ffunction-sections -fdata-sections  -msse -msse2 -msse3 -fvisibility=hidden -fvisibility-inlines-hidden -O3 -DNDEBUG  -DNDEBUG -std=gnu++11 -fPIC -MD -MT modules/core/CMakeFiles/opencv_core.dir/src/kmeans.cpp.o -MF modules/core/CMakeFiles/opencv_core.dir/src/kmeans.cpp.o.d -o modules/core/CMakeFiles/opencv_core.dir/src/kmeans.cpp.o -c /home/uilian/.conan2/p/b/openc0f1bf19f37050/b/src/modules/core/src/kmeans.cpp
[32/411] /usr/bin/g++-13 -DCVAPI_EXPORTS -DOPENCV_ALLOCATOR_STATS_COUNTER_TYPE="long long" -D_USE_MATH_DEFINES -D__OPENCV_BUILD=1 -D__STDC_CONSTANT_MACROS -D__STDC_FORMAT_MACROS -D__STDC_LIMIT_MACROS -I/home/uilian/.conan2/p/b/openc0f1bf19f37050/b/src/modules/core/include -I/home/uilian/.conan2/p/b/openc0f1bf19f37050/b/build/Release/modules/core -isystem /home/uilian/.conan2/p/b/openc0f1bf19f37050/b/build/Release -isystem /home/uilian/.conan2/p/zlib9e81e3baaa894/p/include -isystem /home/uilian/.conan2/p/eigen5481853932f72/p/include/eigen3 -m64   -fsigned-char -W -Wall -Wreturn-type -Wnon-virtual-dtor -Waddress -Wsequence-point -Wformat -Wformat-security -Wmissing-declarations -Wundef -Winit-self -Wpointer-arith -Wshadow -Wsign-promo -Wuninitialized -Wsuggest-override -Wno-delete-non-virtual-dtor -Wno-comment -Wimplicit-fallthrough=3 -Wno-strict-overflow -fdiagnostics-show-option -Wno-long-long -pthread -fomit-frame-pointer -ffunction-sections -fdata-sections  -msse -msse2 -msse3 -fvisibility=hidden -fvisibility-inlines-hidden -O3 -DNDEBUG  -DNDEBUG -std=gnu++11 -fPIC -MD -MT modules/core/CMakeFiles/opencv_core.dir/src/lpsolver.cpp.o -MF modules/core/CMakeFiles/opencv_core.dir/src/lpsolver.cpp.o.d -o modules/core/CMakeFiles/opencv_core.dir/src/lpsolver.cpp.o -c /home/uilian/.conan2/p/b/openc0f1bf19f37050/b/src/modules/core/src/lpsolver.cpp
[33/411] /usr/bin/g++-13 -DCVAPI_EXPORTS -DOPENCV_ALLOCATOR_STATS_COUNTER_TYPE="long long" -D_USE_MATH_DEFINES -D__OPENCV_BUILD=1 -D__STDC_CONSTANT_MACROS -D__STDC_FORMAT_MACROS -D__STDC_LIMIT_MACROS -I/home/uilian/.conan2/p/b/openc0f1bf19f37050/b/src/modules/core/include -I/home/uilian/.conan2/p/b/openc0f1bf19f37050/b/build/Release/modules/core -isystem /home/uilian/.conan2/p/b/openc0f1bf19f37050/b/build/Release -isystem /home/uilian/.conan2/p/zlib9e81e3baaa894/p/include -isystem /home/uilian/.conan2/p/eigen5481853932f72/p/include/eigen3 -m64   -fsigned-char -W -Wall -Wreturn-type -Wnon-virtual-dtor -Waddress -Wsequence-point -Wformat -Wformat-security -Wmissing-declarations -Wundef -Winit-self -Wpointer-arith -Wshadow -Wsign-promo -Wuninitialized -Wsuggest-override -Wno-delete-non-virtual-dtor -Wno-comment -Wimplicit-fallthrough=3 -Wno-strict-overflow -fdiagnostics-show-option -Wno-long-long -pthread -fomit-frame-pointer -ffunction-sections -fdata-sections  -msse -msse2 -msse3 -fvisibility=hidden -fvisibility-inlines-hidden -O3 -DNDEBUG  -DNDEBUG -std=gnu++11 -fPIC -MD -MT modules/core/CMakeFiles/opencv_core.dir/src/lda.cpp.o -MF modules/core/CMakeFiles/opencv_core.dir/src/lda.cpp.o.d -o modules/core/CMakeFiles/opencv_core.dir/src/lda.cpp.o -c /home/uilian/.conan2/p/b/openc0f1bf19f37050/b/src/modules/core/src/lda.cpp
[34/411] /usr/bin/g++-13 -DCVAPI_EXPORTS -DOPENCV_ALLOCATOR_STATS_COUNTER_TYPE="long long" -D_USE_MATH_DEFINES -D__OPENCV_BUILD=1 -D__STDC_CONSTANT_MACROS -D__STDC_FORMAT_MACROS -D__STDC_LIMIT_MACROS -I/home/uilian/.conan2/p/b/openc0f1bf19f37050/b/src/modules/core/include -I/home/uilian/.conan2/p/b/openc0f1bf19f37050/b/build/Release/modules/core -isystem /home/uilian/.conan2/p/b/openc0f1bf19f37050/b/build/Release -isystem /home/uilian/.conan2/p/zlib9e81e3baaa894/p/include -isystem /home/uilian/.conan2/p/eigen5481853932f72/p/include/eigen3 -m64   -fsigned-char -W -Wall -Wreturn-type -Wnon-virtual-dtor -Waddress -Wsequence-point -Wformat -Wformat-security -Wmissing-declarations -Wundef -Winit-self -Wpointer-arith -Wshadow -Wsign-promo -Wuninitialized -Wsuggest-override -Wno-delete-non-virtual-dtor -Wno-comment -Wimplicit-fallthrough=3 -Wno-strict-overflow -fdiagnostics-show-option -Wno-long-long -pthread -fomit-frame-pointer -ffunction-sections -fdata-sections  -msse -msse2 -msse3 -fvisibility=hidden -fvisibility-inlines-hidden -O3 -DNDEBUG  -DNDEBUG -std=gnu++11 -fPIC -MD -MT modules/core/CMakeFiles/opencv_core.dir/src/lut.cpp.o -MF modules/core/CMakeFiles/opencv_core.dir/src/lut.cpp.o.d -o modules/core/CMakeFiles/opencv_core.dir/src/lut.cpp.o -c /home/uilian/.conan2/p/b/openc0f1bf19f37050/b/src/modules/core/src/lut.cpp
[35/411] /usr/bin/g++-13 -DCVAPI_EXPORTS -DOPENCV_ALLOCATOR_STATS_COUNTER_TYPE="long long" -D_USE_MATH_DEFINES -D__OPENCV_BUILD=1 -D__STDC_CONSTANT_MACROS -D__STDC_FORMAT_MACROS -D__STDC_LIMIT_MACROS -I/home/uilian/.conan2/p/b/openc0f1bf19f37050/b/src/modules/core/include -I/home/uilian/.conan2/p/b/openc0f1bf19f37050/b/build/Release/modules/core -isystem /home/uilian/.conan2/p/b/openc0f1bf19f37050/b/build/Release -isystem /home/uilian/.conan2/p/zlib9e81e3baaa894/p/include -isystem /home/uilian/.conan2/p/eigen5481853932f72/p/include/eigen3 -m64   -fsigned-char -W -Wall -Wreturn-type -Wnon-virtual-dtor -Waddress -Wsequence-point -Wformat -Wformat-security -Wmissing-declarations -Wundef -Winit-self -Wpointer-arith -Wshadow -Wsign-promo -Wuninitialized -Wsuggest-override -Wno-delete-non-virtual-dtor -Wno-comment -Wimplicit-fallthrough=3 -Wno-strict-overflow -fdiagnostics-show-option -Wno-long-long -pthread -fomit-frame-pointer -ffunction-sections -fdata-sections  -msse -msse2 -msse3 -fvisibility=hidden -fvisibility-inlines-hidden -O3 -DNDEBUG  -DNDEBUG -std=gnu++11 -fPIC -MD -MT modules/core/CMakeFiles/opencv_core.dir/src/mathfuncs_core.dispatch.cpp.o -MF modules/core/CMakeFiles/opencv_core.dir/src/mathfuncs_core.dispatch.cpp.o.d -o modules/core/CMakeFiles/opencv_core.dir/src/mathfuncs_core.dispatch.cpp.o -c /home/uilian/.conan2/p/b/openc0f1bf19f37050/b/src/modules/core/src/mathfuncs_core.dispatch.cpp
[36/411] /usr/bin/g++-13 -DCVAPI_EXPORTS -DOPENCV_ALLOCATOR_STATS_COUNTER_TYPE="long long" -D_USE_MATH_DEFINES -D__OPENCV_BUILD=1 -D__STDC_CONSTANT_MACROS -D__STDC_FORMAT_MACROS -D__STDC_LIMIT_MACROS -I/home/uilian/.conan2/p/b/openc0f1bf19f37050/b/src/modules/core/include -I/home/uilian/.conan2/p/b/openc0f1bf19f37050/b/build/Release/modules/core -isystem /home/uilian/.conan2/p/b/openc0f1bf19f37050/b/build/Release -isystem /home/uilian/.conan2/p/zlib9e81e3baaa894/p/include -isystem /home/uilian/.conan2/p/eigen5481853932f72/p/include/eigen3 -m64   -fsigned-char -W -Wall -Wreturn-type -Wnon-virtual-dtor -Waddress -Wsequence-point -Wformat -Wformat-security -Wmissing-declarations -Wundef -Winit-self -Wpointer-arith -Wshadow -Wsign-promo -Wuninitialized -Wsuggest-override -Wno-delete-non-virtual-dtor -Wno-comment -Wimplicit-fallthrough=3 -Wno-strict-overflow -fdiagnostics-show-option -Wno-long-long -pthread -fomit-frame-pointer -ffunction-sections -fdata-sections  -msse -msse2 -msse3 -fvisibility=hidden -fvisibility-inlines-hidden -O3 -DNDEBUG  -DNDEBUG -std=gnu++11 -fPIC -MD -MT modules/core/CMakeFiles/opencv_core.dir/src/arithm.dispatch.cpp.o -MF modules/core/CMakeFiles/opencv_core.dir/src/arithm.dispatch.cpp.o.d -o modules/core/CMakeFiles/opencv_core.dir/src/arithm.dispatch.cpp.o -c /home/uilian/.conan2/p/b/openc0f1bf19f37050/b/src/modules/core/src/arithm.dispatch.cpp
[37/411] /usr/bin/g++-13 -DCVAPI_EXPORTS -DOPENCV_ALLOCATOR_STATS_COUNTER_TYPE="long long" -D_USE_MATH_DEFINES -D__OPENCV_BUILD=1 -D__STDC_CONSTANT_MACROS -D__STDC_FORMAT_MACROS -D__STDC_LIMIT_MACROS -I/home/uilian/.conan2/p/b/openc0f1bf19f37050/b/src/modules/core/include -I/home/uilian/.conan2/p/b/openc0f1bf19f37050/b/build/Release/modules/core -isystem /home/uilian/.conan2/p/b/openc0f1bf19f37050/b/build/Release -isystem /home/uilian/.conan2/p/zlib9e81e3baaa894/p/include -isystem /home/uilian/.conan2/p/eigen5481853932f72/p/include/eigen3 -m64   -fsigned-char -W -Wall -Wreturn-type -Wnon-virtual-dtor -Waddress -Wsequence-point -Wformat -Wformat-security -Wmissing-declarations -Wundef -Winit-self -Wpointer-arith -Wshadow -Wsign-promo -Wuninitialized -Wsuggest-override -Wno-delete-non-virtual-dtor -Wno-comment -Wimplicit-fallthrough=3 -Wno-strict-overflow -fdiagnostics-show-option -Wno-long-long -pthread -fomit-frame-pointer -ffunction-sections -fdata-sections  -msse -msse2 -msse3 -fvisibility=hidden -fvisibility-inlines-hidden -O3 -DNDEBUG  -DNDEBUG -std=gnu++11 -fPIC -MD -MT modules/core/CMakeFiles/opencv_core.dir/src/mathfuncs.cpp.o -MF modules/core/CMakeFiles/opencv_core.dir/src/mathfuncs.cpp.o.d -o modules/core/CMakeFiles/opencv_core.dir/src/mathfuncs.cpp.o -c /home/uilian/.conan2/p/b/openc0f1bf19f37050/b/src/modules/core/src/mathfuncs.cpp
[38/411] /usr/bin/g++-13 -DCVAPI_EXPORTS -DOPENCV_ALLOCATOR_STATS_COUNTER_TYPE="long long" -D_USE_MATH_DEFINES -D__OPENCV_BUILD=1 -D__STDC_CONSTANT_MACROS -D__STDC_FORMAT_MACROS -D__STDC_LIMIT_MACROS -I/home/uilian/.conan2/p/b/openc0f1bf19f37050/b/src/modules/core/include -I/home/uilian/.conan2/p/b/openc0f1bf19f37050/b/build/Release/modules/core -isystem /home/uilian/.conan2/p/b/openc0f1bf19f37050/b/build/Release -isystem /home/uilian/.conan2/p/zlib9e81e3baaa894/p/include -isystem /home/uilian/.conan2/p/eigen5481853932f72/p/include/eigen3 -m64   -fsigned-char -W -Wall -Wreturn-type -Wnon-virtual-dtor -Waddress -Wsequence-point -Wformat -Wformat-security -Wmissing-declarations -Wundef -Winit-self -Wpointer-arith -Wshadow -Wsign-promo -Wuninitialized -Wsuggest-override -Wno-delete-non-virtual-dtor -Wno-comment -Wimplicit-fallthrough=3 -Wno-strict-overflow -fdiagnostics-show-option -Wno-long-long -pthread -fomit-frame-pointer -ffunction-sections -fdata-sections  -msse -msse2 -msse3 -fvisibility=hidden -fvisibility-inlines-hidden -O3 -DNDEBUG  -DNDEBUG -std=gnu++11 -fPIC -MD -MT modules/core/CMakeFiles/opencv_core.dir/src/matrix_c.cpp.o -MF modules/core/CMakeFiles/opencv_core.dir/src/matrix_c.cpp.o.d -o modules/core/CMakeFiles/opencv_core.dir/src/matrix_c.cpp.o -c /home/uilian/.conan2/p/b/openc0f1bf19f37050/b/src/modules/core/src/matrix_c.cpp
[39/411] /usr/bin/g++-13 -DCVAPI_EXPORTS -DOPENCV_ALLOCATOR_STATS_COUNTER_TYPE="long long" -D_USE_MATH_DEFINES -D__OPENCV_BUILD=1 -D__STDC_CONSTANT_MACROS -D__STDC_FORMAT_MACROS -D__STDC_LIMIT_MACROS -I/home/uilian/.conan2/p/b/openc0f1bf19f37050/b/src/modules/core/include -I/home/uilian/.conan2/p/b/openc0f1bf19f37050/b/build/Release/modules/core -isystem /home/uilian/.conan2/p/b/openc0f1bf19f37050/b/build/Release -isystem /home/uilian/.conan2/p/zlib9e81e3baaa894/p/include -isystem /home/uilian/.conan2/p/eigen5481853932f72/p/include/eigen3 -m64   -fsigned-char -W -Wall -Wreturn-type -Wnon-virtual-dtor -Waddress -Wsequence-point -Wformat -Wformat-security -Wmissing-declarations -Wundef -Winit-self -Wpointer-arith -Wshadow -Wsign-promo -Wuninitialized -Wsuggest-override -Wno-delete-non-virtual-dtor -Wno-comment -Wimplicit-fallthrough=3 -Wno-strict-overflow -fdiagnostics-show-option -Wno-long-long -pthread -fomit-frame-pointer -ffunction-sections -fdata-sections  -msse -msse2 -msse3 -fvisibility=hidden -fvisibility-inlines-hidden -O3 -DNDEBUG  -DNDEBUG -std=gnu++11 -fPIC -MD -MT modules/core/CMakeFiles/opencv_core.dir/src/matrix.cpp.o -MF modules/core/CMakeFiles/opencv_core.dir/src/matrix.cpp.o.d -o modules/core/CMakeFiles/opencv_core.dir/src/matrix.cpp.o -c /home/uilian/.conan2/p/b/openc0f1bf19f37050/b/src/modules/core/src/matrix.cpp
[40/411] /usr/bin/g++-13 -DCVAPI_EXPORTS -DOPENCV_ALLOCATOR_STATS_COUNTER_TYPE="long long" -D_USE_MATH_DEFINES -D__OPENCV_BUILD=1 -D__STDC_CONSTANT_MACROS -D__STDC_FORMAT_MACROS -D__STDC_LIMIT_MACROS -I/home/uilian/.conan2/p/b/openc0f1bf19f37050/b/src/modules/core/include -I/home/uilian/.conan2/p/b/openc0f1bf19f37050/b/build/Release/modules/core -isystem /home/uilian/.conan2/p/b/openc0f1bf19f37050/b/build/Release -isystem /home/uilian/.conan2/p/zlib9e81e3baaa894/p/include -isystem /home/uilian/.conan2/p/eigen5481853932f72/p/include/eigen3 -m64   -fsigned-char -W -Wall -Wreturn-type -Wnon-virtual-dtor -Waddress -Wsequence-point -Wformat -Wformat-security -Wmissing-declarations -Wundef -Winit-self -Wpointer-arith -Wshadow -Wsign-promo -Wuninitialized -Wsuggest-override -Wno-delete-non-virtual-dtor -Wno-comment -Wimplicit-fallthrough=3 -Wno-strict-overflow -fdiagnostics-show-option -Wno-long-long -pthread -fomit-frame-pointer -ffunction-sections -fdata-sections  -msse -msse2 -msse3 -fvisibility=hidden -fvisibility-inlines-hidden -O3 -DNDEBUG  -DNDEBUG -std=gnu++11 -fPIC -MD -MT modules/core/CMakeFiles/opencv_core.dir/src/dxt.cpp.o -MF modules/core/CMakeFiles/opencv_core.dir/src/dxt.cpp.o.d -o modules/core/CMakeFiles/opencv_core.dir/src/dxt.cpp.o -c /home/uilian/.conan2/p/b/openc0f1bf19f37050/b/src/modules/core/src/dxt.cpp
[41/411] /usr/bin/g++-13 -DCVAPI_EXPORTS -DOPENCV_ALLOCATOR_STATS_COUNTER_TYPE="long long" -D_USE_MATH_DEFINES -D__OPENCV_BUILD=1 -D__STDC_CONSTANT_MACROS -D__STDC_FORMAT_MACROS -D__STDC_LIMIT_MACROS -I/home/uilian/.conan2/p/b/openc0f1bf19f37050/b/src/modules/core/include -I/home/uilian/.conan2/p/b/openc0f1bf19f37050/b/build/Release/modules/core -isystem /home/uilian/.conan2/p/b/openc0f1bf19f37050/b/build/Release -isystem /home/uilian/.conan2/p/zlib9e81e3baaa894/p/include -isystem /home/uilian/.conan2/p/eigen5481853932f72/p/include/eigen3 -m64   -fsigned-char -W -Wall -Wreturn-type -Wnon-virtual-dtor -Waddress -Wsequence-point -Wformat -Wformat-security -Wmissing-declarations -Wundef -Winit-self -Wpointer-arith -Wshadow -Wsign-promo -Wuninitialized -Wsuggest-override -Wno-delete-non-virtual-dtor -Wno-comment -Wimplicit-fallthrough=3 -Wno-strict-overflow -fdiagnostics-show-option -Wno-long-long -pthread -fomit-frame-pointer -ffunction-sections -fdata-sections  -msse -msse2 -msse3 -fvisibility=hidden -fvisibility-inlines-hidden -O3 -DNDEBUG  -DNDEBUG -std=gnu++11 -fPIC -MD -MT modules/core/CMakeFiles/opencv_core.dir/src/matrix_iterator.cpp.o -MF modules/core/CMakeFiles/opencv_core.dir/src/matrix_iterator.cpp.o.d -o modules/core/CMakeFiles/opencv_core.dir/src/matrix_iterator.cpp.o -c /home/uilian/.conan2/p/b/openc0f1bf19f37050/b/src/modules/core/src/matrix_iterator.cpp
[42/411] /usr/bin/g++-13 -DCVAPI_EXPORTS -DOPENCV_ALLOCATOR_STATS_COUNTER_TYPE="long long" -D_USE_MATH_DEFINES -D__OPENCV_BUILD=1 -D__STDC_CONSTANT_MACROS -D__STDC_FORMAT_MACROS -D__STDC_LIMIT_MACROS -I/home/uilian/.conan2/p/b/openc0f1bf19f37050/b/src/modules/core/include -I/home/uilian/.conan2/p/b/openc0f1bf19f37050/b/build/Release/modules/core -isystem /home/uilian/.conan2/p/b/openc0f1bf19f37050/b/build/Release -isystem /home/uilian/.conan2/p/zlib9e81e3baaa894/p/include -isystem /home/uilian/.conan2/p/eigen5481853932f72/p/include/eigen3 -m64   -fsigned-char -W -Wall -Wreturn-type -Wnon-virtual-dtor -Waddress -Wsequence-point -Wformat -Wformat-security -Wmissing-declarations -Wundef -Winit-self -Wpointer-arith -Wshadow -Wsign-promo -Wuninitialized -Wsuggest-override -Wno-delete-non-virtual-dtor -Wno-comment -Wimplicit-fallthrough=3 -Wno-strict-overflow -fdiagnostics-show-option -Wno-long-long -pthread -fomit-frame-pointer -ffunction-sections -fdata-sections  -msse -msse2 -msse3 -fvisibility=hidden -fvisibility-inlines-hidden -O3 -DNDEBUG  -DNDEBUG -std=gnu++11 -fPIC -MD -MT modules/core/CMakeFiles/opencv_core.dir/src/matrix_decomp.cpp.o -MF modules/core/CMakeFiles/opencv_core.dir/src/matrix_decomp.cpp.o.d -o modules/core/CMakeFiles/opencv_core.dir/src/matrix_decomp.cpp.o -c /home/uilian/.conan2/p/b/openc0f1bf19f37050/b/src/modules/core/src/matrix_decomp.cpp
[43/411] /usr/bin/g++-13 -DCVAPI_EXPORTS -DOPENCV_ALLOCATOR_STATS_COUNTER_TYPE="long long" -D_USE_MATH_DEFINES -D__OPENCV_BUILD=1 -D__STDC_CONSTANT_MACROS -D__STDC_FORMAT_MACROS -D__STDC_LIMIT_MACROS -I/home/uilian/.conan2/p/b/openc0f1bf19f37050/b/src/modules/core/include -I/home/uilian/.conan2/p/b/openc0f1bf19f37050/b/build/Release/modules/core -isystem /home/uilian/.conan2/p/b/openc0f1bf19f37050/b/build/Release -isystem /home/uilian/.conan2/p/zlib9e81e3baaa894/p/include -isystem /home/uilian/.conan2/p/eigen5481853932f72/p/include/eigen3 -m64   -fsigned-char -W -Wall -Wreturn-type -Wnon-virtual-dtor -Waddress -Wsequence-point -Wformat -Wformat-security -Wmissing-declarations -Wundef -Winit-self -Wpointer-arith -Wshadow -Wsign-promo -Wuninitialized -Wsuggest-override -Wno-delete-non-virtual-dtor -Wno-comment -Wimplicit-fallthrough=3 -Wno-strict-overflow -fdiagnostics-show-option -Wno-long-long -pthread -fomit-frame-pointer -ffunction-sections -fdata-sections  -msse -msse2 -msse3 -fvisibility=hidden -fvisibility-inlines-hidden -O3 -DNDEBUG  -DNDEBUG -std=gnu++11 -fPIC -MD -MT modules/core/CMakeFiles/opencv_core.dir/src/matrix_transform.cpp.o -MF modules/core/CMakeFiles/opencv_core.dir/src/matrix_transform.cpp.o.d -o modules/core/CMakeFiles/opencv_core.dir/src/matrix_transform.cpp.o -c /home/uilian/.conan2/p/b/openc0f1bf19f37050/b/src/modules/core/src/matrix_transform.cpp
[44/411] /usr/bin/g++-13 -DCVAPI_EXPORTS -DOPENCV_ALLOCATOR_STATS_COUNTER_TYPE="long long" -D_USE_MATH_DEFINES -D__OPENCV_BUILD=1 -D__STDC_CONSTANT_MACROS -D__STDC_FORMAT_MACROS -D__STDC_LIMIT_MACROS -I/home/uilian/.conan2/p/b/openc0f1bf19f37050/b/src/modules/core/include -I/home/uilian/.conan2/p/b/openc0f1bf19f37050/b/build/Release/modules/core -isystem /home/uilian/.conan2/p/b/openc0f1bf19f37050/b/build/Release -isystem /home/uilian/.conan2/p/zlib9e81e3baaa894/p/include -isystem /home/uilian/.conan2/p/eigen5481853932f72/p/include/eigen3 -m64   -fsigned-char -W -Wall -Wreturn-type -Wnon-virtual-dtor -Waddress -Wsequence-point -Wformat -Wformat-security -Wmissing-declarations -Wundef -Winit-self -Wpointer-arith -Wshadow -Wsign-promo -Wuninitialized -Wsuggest-override -Wno-delete-non-virtual-dtor -Wno-comment -Wimplicit-fallthrough=3 -Wno-strict-overflow -fdiagnostics-show-option -Wno-long-long -pthread -fomit-frame-pointer -ffunction-sections -fdata-sections  -msse -msse2 -msse3 -fvisibility=hidden -fvisibility-inlines-hidden -O3 -DNDEBUG  -DNDEBUG -std=gnu++11 -fPIC -MD -MT modules/core/CMakeFiles/opencv_core.dir/src/matrix_expressions.cpp.o -MF modules/core/CMakeFiles/opencv_core.dir/src/matrix_expressions.cpp.o.d -o modules/core/CMakeFiles/opencv_core.dir/src/matrix_expressions.cpp.o -c /home/uilian/.conan2/p/b/openc0f1bf19f37050/b/src/modules/core/src/matrix_expressions.cpp
[45/411] /usr/bin/g++-13 -DCVAPI_EXPORTS -DOPENCV_ALLOCATOR_STATS_COUNTER_TYPE="long long" -D_USE_MATH_DEFINES -D__OPENCV_BUILD=1 -D__STDC_CONSTANT_MACROS -D__STDC_FORMAT_MACROS -D__STDC_LIMIT_MACROS -I/home/uilian/.conan2/p/b/openc0f1bf19f37050/b/src/modules/core/include -I/home/uilian/.conan2/p/b/openc0f1bf19f37050/b/build/Release/modules/core -isystem /home/uilian/.conan2/p/b/openc0f1bf19f37050/b/build/Release -isystem /home/uilian/.conan2/p/zlib9e81e3baaa894/p/include -isystem /home/uilian/.conan2/p/eigen5481853932f72/p/include/eigen3 -m64   -fsigned-char -W -Wall -Wreturn-type -Wnon-virtual-dtor -Waddress -Wsequence-point -Wformat -Wformat-security -Wmissing-declarations -Wundef -Winit-self -Wpointer-arith -Wshadow -Wsign-promo -Wuninitialized -Wsuggest-override -Wno-delete-non-virtual-dtor -Wno-comment -Wimplicit-fallthrough=3 -Wno-strict-overflow -fdiagnostics-show-option -Wno-long-long -pthread -fomit-frame-pointer -ffunction-sections -fdata-sections  -msse -msse2 -msse3 -fvisibility=hidden -fvisibility-inlines-hidden -O3 -DNDEBUG  -DNDEBUG -std=gnu++11 -fPIC -MD -MT modules/core/CMakeFiles/opencv_core.dir/src/mean.dispatch.cpp.o -MF modules/core/CMakeFiles/opencv_core.dir/src/mean.dispatch.cpp.o.d -o modules/core/CMakeFiles/opencv_core.dir/src/mean.dispatch.cpp.o -c /home/uilian/.conan2/p/b/openc0f1bf19f37050/b/src/modules/core/src/mean.dispatch.cpp
[46/411] /usr/bin/g++-13 -DCVAPI_EXPORTS -DOPENCV_ALLOCATOR_STATS_COUNTER_TYPE="long long" -D_USE_MATH_DEFINES -D__OPENCV_BUILD=1 -D__STDC_CONSTANT_MACROS -D__STDC_FORMAT_MACROS -D__STDC_LIMIT_MACROS -I/home/uilian/.conan2/p/b/openc0f1bf19f37050/b/src/modules/core/include -I/home/uilian/.conan2/p/b/openc0f1bf19f37050/b/build/Release/modules/core -isystem /home/uilian/.conan2/p/b/openc0f1bf19f37050/b/build/Release -isystem /home/uilian/.conan2/p/zlib9e81e3baaa894/p/include -isystem /home/uilian/.conan2/p/eigen5481853932f72/p/include/eigen3 -m64   -fsigned-char -W -Wall -Wreturn-type -Wnon-virtual-dtor -Waddress -Wsequence-point -Wformat -Wformat-security -Wmissing-declarations -Wundef -Winit-self -Wpointer-arith -Wshadow -Wsign-promo -Wuninitialized -Wsuggest-override -Wno-delete-non-virtual-dtor -Wno-comment -Wimplicit-fallthrough=3 -Wno-strict-overflow -fdiagnostics-show-option -Wno-long-long -pthread -fomit-frame-pointer -ffunction-sections -fdata-sections  -msse -msse2 -msse3 -fvisibility=hidden -fvisibility-inlines-hidden -O3 -DNDEBUG  -DNDEBUG -std=gnu++11 -fPIC -MD -MT modules/core/CMakeFiles/opencv_core.dir/src/merge.dispatch.cpp.o -MF modules/core/CMakeFiles/opencv_core.dir/src/merge.dispatch.cpp.o.d -o modules/core/CMakeFiles/opencv_core.dir/src/merge.dispatch.cpp.o -c /home/uilian/.conan2/p/b/openc0f1bf19f37050/b/src/modules/core/src/merge.dispatch.cpp
[47/411] /usr/bin/g++-13 -DCVAPI_EXPORTS -DOPENCV_ALLOCATOR_STATS_COUNTER_TYPE="long long" -D_USE_MATH_DEFINES -D__OPENCV_BUILD=1 -D__STDC_CONSTANT_MACROS -D__STDC_FORMAT_MACROS -D__STDC_LIMIT_MACROS -I/home/uilian/.conan2/p/b/openc0f1bf19f37050/b/src/modules/core/include -I/home/uilian/.conan2/p/b/openc0f1bf19f37050/b/build/Release/modules/core -isystem /home/uilian/.conan2/p/b/openc0f1bf19f37050/b/build/Release -isystem /home/uilian/.conan2/p/zlib9e81e3baaa894/p/include -isystem /home/uilian/.conan2/p/eigen5481853932f72/p/include/eigen3 -m64   -fsigned-char -W -Wall -Wreturn-type -Wnon-virtual-dtor -Waddress -Wsequence-point -Wformat -Wformat-security -Wmissing-declarations -Wundef -Winit-self -Wpointer-arith -Wshadow -Wsign-promo -Wuninitialized -Wsuggest-override -Wno-delete-non-virtual-dtor -Wno-comment -Wimplicit-fallthrough=3 -Wno-strict-overflow -fdiagnostics-show-option -Wno-long-long -pthread -fomit-frame-pointer -ffunction-sections -fdata-sections  -msse -msse2 -msse3 -fvisibility=hidden -fvisibility-inlines-hidden -O3 -DNDEBUG  -DNDEBUG -std=gnu++11 -fPIC -MD -MT modules/core/CMakeFiles/opencv_core.dir/src/minmax.cpp.o -MF modules/core/CMakeFiles/opencv_core.dir/src/minmax.cpp.o.d -o modules/core/CMakeFiles/opencv_core.dir/src/minmax.cpp.o -c /home/uilian/.conan2/p/b/openc0f1bf19f37050/b/src/modules/core/src/minmax.cpp
[48/411] /usr/bin/g++-13 -DCVAPI_EXPORTS -DOPENCV_ALLOCATOR_STATS_COUNTER_TYPE="long long" -D_USE_MATH_DEFINES -D__OPENCV_BUILD=1 -D__STDC_CONSTANT_MACROS -D__STDC_FORMAT_MACROS -D__STDC_LIMIT_MACROS -I/home/uilian/.conan2/p/b/openc0f1bf19f37050/b/src/modules/core/include -I/home/uilian/.conan2/p/b/openc0f1bf19f37050/b/build/Release/modules/core -isystem /home/uilian/.conan2/p/b/openc0f1bf19f37050/b/build/Release -isystem /home/uilian/.conan2/p/zlib9e81e3baaa894/p/include -isystem /home/uilian/.conan2/p/eigen5481853932f72/p/include/eigen3 -m64   -fsigned-char -W -Wall -Wreturn-type -Wnon-virtual-dtor -Waddress -Wsequence-point -Wformat -Wformat-security -Wmissing-declarations -Wundef -Winit-self -Wpointer-arith -Wshadow -Wsign-promo -Wuninitialized -Wsuggest-override -Wno-delete-non-virtual-dtor -Wno-comment -Wimplicit-fallthrough=3 -Wno-strict-overflow -fdiagnostics-show-option -Wno-long-long -pthread -fomit-frame-pointer -ffunction-sections -fdata-sections  -msse -msse2 -msse3 -fvisibility=hidden -fvisibility-inlines-hidden -O3 -DNDEBUG  -DNDEBUG -std=gnu++11 -fPIC -MD -MT modules/core/CMakeFiles/opencv_core.dir/src/matrix_sparse.cpp.o -MF modules/core/CMakeFiles/opencv_core.dir/src/matrix_sparse.cpp.o.d -o modules/core/CMakeFiles/opencv_core.dir/src/matrix_sparse.cpp.o -c /home/uilian/.conan2/p/b/openc0f1bf19f37050/b/src/modules/core/src/matrix_sparse.cpp
[49/411] /usr/bin/g++-13 -DCVAPI_EXPORTS -DOPENCV_ALLOCATOR_STATS_COUNTER_TYPE="long long" -D_USE_MATH_DEFINES -D__OPENCV_BUILD=1 -D__STDC_CONSTANT_MACROS -D__STDC_FORMAT_MACROS -D__STDC_LIMIT_MACROS -I/home/uilian/.conan2/p/b/openc0f1bf19f37050/b/src/modules/core/include -I/home/uilian/.conan2/p/b/openc0f1bf19f37050/b/build/Release/modules/core -isystem /home/uilian/.conan2/p/b/openc0f1bf19f37050/b/build/Release -isystem /home/uilian/.conan2/p/zlib9e81e3baaa894/p/include -isystem /home/uilian/.conan2/p/eigen5481853932f72/p/include/eigen3 -m64   -fsigned-char -W -Wall -Wreturn-type -Wnon-virtual-dtor -Waddress -Wsequence-point -Wformat -Wformat-security -Wmissing-declarations -Wundef -Winit-self -Wpointer-arith -Wshadow -Wsign-promo -Wuninitialized -Wsuggest-override -Wno-delete-non-virtual-dtor -Wno-comment -Wimplicit-fallthrough=3 -Wno-strict-overflow -fdiagnostics-show-option -Wno-long-long -pthread -fomit-frame-pointer -ffunction-sections -fdata-sections  -msse -msse2 -msse3 -fvisibility=hidden -fvisibility-inlines-hidden -O3 -DNDEBUG  -DNDEBUG -std=gnu++11 -fPIC -MD -MT modules/core/CMakeFiles/opencv_core.dir/src/ocl.cpp.o -MF modules/core/CMakeFiles/opencv_core.dir/src/ocl.cpp.o.d -o modules/core/CMakeFiles/opencv_core.dir/src/ocl.cpp.o -c /home/uilian/.conan2/p/b/openc0f1bf19f37050/b/src/modules/core/src/ocl.cpp
[50/411] /usr/bin/g++-13 -DCVAPI_EXPORTS -DOPENCV_ALLOCATOR_STATS_COUNTER_TYPE="long long" -D_USE_MATH_DEFINES -D__OPENCV_BUILD=1 -D__STDC_CONSTANT_MACROS -D__STDC_FORMAT_MACROS -D__STDC_LIMIT_MACROS -I/home/uilian/.conan2/p/b/openc0f1bf19f37050/b/src/modules/core/include -I/home/uilian/.conan2/p/b/openc0f1bf19f37050/b/build/Release/modules/core -isystem /home/uilian/.conan2/p/b/openc0f1bf19f37050/b/build/Release -isystem /home/uilian/.conan2/p/zlib9e81e3baaa894/p/include -isystem /home/uilian/.conan2/p/eigen5481853932f72/p/include/eigen3 -m64   -fsigned-char -W -Wall -Wreturn-type -Wnon-virtual-dtor -Waddress -Wsequence-point -Wformat -Wformat-security -Wmissing-declarations -Wundef -Winit-self -Wpointer-arith -Wshadow -Wsign-promo -Wuninitialized -Wsuggest-override -Wno-delete-non-virtual-dtor -Wno-comment -Wimplicit-fallthrough=3 -Wno-strict-overflow -fdiagnostics-show-option -Wno-long-long -pthread -fomit-frame-pointer -ffunction-sections -fdata-sections  -msse -msse2 -msse3 -fvisibility=hidden -fvisibility-inlines-hidden -O3 -DNDEBUG  -DNDEBUG -std=gnu++11 -fPIC -MD -MT modules/core/CMakeFiles/opencv_core.dir/src/opencl/runtime/opencl_clamdblas.cpp.o -MF modules/core/CMakeFiles/opencv_core.dir/src/opencl/runtime/opencl_clamdblas.cpp.o.d -o modules/core/CMakeFiles/opencv_core.dir/src/opencl/runtime/opencl_clamdblas.cpp.o -c /home/uilian/.conan2/p/b/openc0f1bf19f37050/b/src/modules/core/src/opencl/runtime/opencl_clamdblas.cpp
[51/411] /usr/bin/g++-13 -DCVAPI_EXPORTS -DOPENCV_ALLOCATOR_STATS_COUNTER_TYPE="long long" -D_USE_MATH_DEFINES -D__OPENCV_BUILD=1 -D__STDC_CONSTANT_MACROS -D__STDC_FORMAT_MACROS -D__STDC_LIMIT_MACROS -I/home/uilian/.conan2/p/b/openc0f1bf19f37050/b/src/modules/core/include -I/home/uilian/.conan2/p/b/openc0f1bf19f37050/b/build/Release/modules/core -isystem /home/uilian/.conan2/p/b/openc0f1bf19f37050/b/build/Release -isystem /home/uilian/.conan2/p/zlib9e81e3baaa894/p/include -isystem /home/uilian/.conan2/p/eigen5481853932f72/p/include/eigen3 -m64   -fsigned-char -W -Wall -Wreturn-type -Wnon-virtual-dtor -Waddress -Wsequence-point -Wformat -Wformat-security -Wmissing-declarations -Wundef -Winit-self -Wpointer-arith -Wshadow -Wsign-promo -Wuninitialized -Wsuggest-override -Wno-delete-non-virtual-dtor -Wno-comment -Wimplicit-fallthrough=3 -Wno-strict-overflow -fdiagnostics-show-option -Wno-long-long -pthread -fomit-frame-pointer -ffunction-sections -fdata-sections  -msse -msse2 -msse3 -fvisibility=hidden -fvisibility-inlines-hidden -O3 -DNDEBUG  -DNDEBUG -std=gnu++11 -fPIC -MD -MT modules/core/CMakeFiles/opencv_core.dir/src/opencl/runtime/opencl_clamdfft.cpp.o -MF modules/core/CMakeFiles/opencv_core.dir/src/opencl/runtime/opencl_clamdfft.cpp.o.d -o modules/core/CMakeFiles/opencv_core.dir/src/opencl/runtime/opencl_clamdfft.cpp.o -c /home/uilian/.conan2/p/b/openc0f1bf19f37050/b/src/modules/core/src/opencl/runtime/opencl_clamdfft.cpp
[52/411] /usr/bin/g++-13 -DCVAPI_EXPORTS -DOPENCV_ALLOCATOR_STATS_COUNTER_TYPE="long long" -D_USE_MATH_DEFINES -D__OPENCV_BUILD=1 -D__STDC_CONSTANT_MACROS -D__STDC_FORMAT_MACROS -D__STDC_LIMIT_MACROS -I/home/uilian/.conan2/p/b/openc0f1bf19f37050/b/src/modules/core/include -I/home/uilian/.conan2/p/b/openc0f1bf19f37050/b/build/Release/modules/core -isystem /home/uilian/.conan2/p/b/openc0f1bf19f37050/b/build/Release -isystem /home/uilian/.conan2/p/zlib9e81e3baaa894/p/include -isystem /home/uilian/.conan2/p/eigen5481853932f72/p/include/eigen3 -m64   -fsigned-char -W -Wall -Wreturn-type -Wnon-virtual-dtor -Waddress -Wsequence-point -Wformat -Wformat-security -Wmissing-declarations -Wundef -Winit-self -Wpointer-arith -Wshadow -Wsign-promo -Wuninitialized -Wsuggest-override -Wno-delete-non-virtual-dtor -Wno-comment -Wimplicit-fallthrough=3 -Wno-strict-overflow -fdiagnostics-show-option -Wno-long-long -pthread -fomit-frame-pointer -ffunction-sections -fdata-sections  -msse -msse2 -msse3 -fvisibility=hidden -fvisibility-inlines-hidden -O3 -DNDEBUG  -DNDEBUG -std=gnu++11 -fPIC -MD -MT modules/core/CMakeFiles/opencv_core.dir/src/norm.cpp.o -MF modules/core/CMakeFiles/opencv_core.dir/src/norm.cpp.o.d -o modules/core/CMakeFiles/opencv_core.dir/src/norm.cpp.o -c /home/uilian/.conan2/p/b/openc0f1bf19f37050/b/src/modules/core/src/norm.cpp
[53/411] /usr/bin/g++-13 -DCVAPI_EXPORTS -DOPENCV_ALLOCATOR_STATS_COUNTER_TYPE="long long" -D_USE_MATH_DEFINES -D__OPENCV_BUILD=1 -D__STDC_CONSTANT_MACROS -D__STDC_FORMAT_MACROS -D__STDC_LIMIT_MACROS -I/home/uilian/.conan2/p/b/openc0f1bf19f37050/b/src/modules/core/include -I/home/uilian/.conan2/p/b/openc0f1bf19f37050/b/build/Release/modules/core -isystem /home/uilian/.conan2/p/b/openc0f1bf19f37050/b/build/Release -isystem /home/uilian/.conan2/p/zlib9e81e3baaa894/p/include -isystem /home/uilian/.conan2/p/eigen5481853932f72/p/include/eigen3 -m64   -fsigned-char -W -Wall -Wreturn-type -Wnon-virtual-dtor -Waddress -Wsequence-point -Wformat -Wformat-security -Wmissing-declarations -Wundef -Winit-self -Wpointer-arith -Wshadow -Wsign-promo -Wuninitialized -Wsuggest-override -Wno-delete-non-virtual-dtor -Wno-comment -Wimplicit-fallthrough=3 -Wno-strict-overflow -fdiagnostics-show-option -Wno-long-long -pthread -fomit-frame-pointer -ffunction-sections -fdata-sections  -msse -msse2 -msse3 -fvisibility=hidden -fvisibility-inlines-hidden -O3 -DNDEBUG  -DNDEBUG -std=gnu++11 -fPIC -MD -MT modules/core/CMakeFiles/opencv_core.dir/src/opencl/runtime/opencl_core.cpp.o -MF modules/core/CMakeFiles/opencv_core.dir/src/opencl/runtime/opencl_core.cpp.o.d -o modules/core/CMakeFiles/opencv_core.dir/src/opencl/runtime/opencl_core.cpp.o -c /home/uilian/.conan2/p/b/openc0f1bf19f37050/b/src/modules/core/src/opencl/runtime/opencl_core.cpp
[54/411] /usr/bin/g++-13 -DCVAPI_EXPORTS -DOPENCV_ALLOCATOR_STATS_COUNTER_TYPE="long long" -D_USE_MATH_DEFINES -D__OPENCV_BUILD=1 -D__STDC_CONSTANT_MACROS -D__STDC_FORMAT_MACROS -D__STDC_LIMIT_MACROS -I/home/uilian/.conan2/p/b/openc0f1bf19f37050/b/src/modules/core/include -I/home/uilian/.conan2/p/b/openc0f1bf19f37050/b/build/Release/modules/core -isystem /home/uilian/.conan2/p/b/openc0f1bf19f37050/b/build/Release -isystem /home/uilian/.conan2/p/zlib9e81e3baaa894/p/include -isystem /home/uilian/.conan2/p/eigen5481853932f72/p/include/eigen3 -m64   -fsigned-char -W -Wall -Wreturn-type -Wnon-virtual-dtor -Waddress -Wsequence-point -Wformat -Wformat-security -Wmissing-declarations -Wundef -Winit-self -Wpointer-arith -Wshadow -Wsign-promo -Wuninitialized -Wsuggest-override -Wno-delete-non-virtual-dtor -Wno-comment -Wimplicit-fallthrough=3 -Wno-strict-overflow -fdiagnostics-show-option -Wno-long-long -pthread -fomit-frame-pointer -ffunction-sections -fdata-sections  -msse -msse2 -msse3 -fvisibility=hidden -fvisibility-inlines-hidden -O3 -DNDEBUG  -DNDEBUG -std=gnu++11 -fPIC -MD -MT modules/core/CMakeFiles/opencv_core.dir/src/opengl.cpp.o -MF modules/core/CMakeFiles/opencv_core.dir/src/opengl.cpp.o.d -o modules/core/CMakeFiles/opencv_core.dir/src/opengl.cpp.o -c /home/uilian/.conan2/p/b/openc0f1bf19f37050/b/src/modules/core/src/opengl.cpp
[55/411] /usr/bin/g++-13 -DCVAPI_EXPORTS -DOPENCV_ALLOCATOR_STATS_COUNTER_TYPE="long long" -D_USE_MATH_DEFINES -D__OPENCV_BUILD=1 -D__STDC_CONSTANT_MACROS -D__STDC_FORMAT_MACROS -D__STDC_LIMIT_MACROS -I/home/uilian/.conan2/p/b/openc0f1bf19f37050/b/src/modules/core/include -I/home/uilian/.conan2/p/b/openc0f1bf19f37050/b/build/Release/modules/core -isystem /home/uilian/.conan2/p/b/openc0f1bf19f37050/b/build/Release -isystem /home/uilian/.conan2/p/zlib9e81e3baaa894/p/include -isystem /home/uilian/.conan2/p/eigen5481853932f72/p/include/eigen3 -m64   -fsigned-char -W -Wall -Wreturn-type -Wnon-virtual-dtor -Waddress -Wsequence-point -Wformat -Wformat-security -Wmissing-declarations -Wundef -Winit-self -Wpointer-arith -Wshadow -Wsign-promo -Wuninitialized -Wsuggest-override -Wno-delete-non-virtual-dtor -Wno-comment -Wimplicit-fallthrough=3 -Wno-strict-overflow -fdiagnostics-show-option -Wno-long-long -pthread -fomit-frame-pointer -ffunction-sections -fdata-sections  -msse -msse2 -msse3 -fvisibility=hidden -fvisibility-inlines-hidden -O3 -DNDEBUG  -DNDEBUG -std=gnu++11 -fPIC -MD -MT modules/core/CMakeFiles/opencv_core.dir/src/matrix_operations.cpp.o -MF modules/core/CMakeFiles/opencv_core.dir/src/matrix_operations.cpp.o.d -o modules/core/CMakeFiles/opencv_core.dir/src/matrix_operations.cpp.o -c /home/uilian/.conan2/p/b/openc0f1bf19f37050/b/src/modules/core/src/matrix_operations.cpp
[56/411] /usr/bin/g++-13 -DCVAPI_EXPORTS -DOPENCV_ALLOCATOR_STATS_COUNTER_TYPE="long long" -D_USE_MATH_DEFINES -D__OPENCV_BUILD=1 -D__STDC_CONSTANT_MACROS -D__STDC_FORMAT_MACROS -D__STDC_LIMIT_MACROS -I/home/uilian/.conan2/p/b/openc0f1bf19f37050/b/src/modules/core/include -I/home/uilian/.conan2/p/b/openc0f1bf19f37050/b/build/Release/modules/core -isystem /home/uilian/.conan2/p/b/openc0f1bf19f37050/b/build/Release -isystem /home/uilian/.conan2/p/zlib9e81e3baaa894/p/include -isystem /home/uilian/.conan2/p/eigen5481853932f72/p/include/eigen3 -m64   -fsigned-char -W -Wall -Wreturn-type -Wnon-virtual-dtor -Waddress -Wsequence-point -Wformat -Wformat-security -Wmissing-declarations -Wundef -Winit-self -Wpointer-arith -Wshadow -Wsign-promo -Wuninitialized -Wsuggest-override -Wno-delete-non-virtual-dtor -Wno-comment -Wimplicit-fallthrough=3 -Wno-strict-overflow -fdiagnostics-show-option -Wno-long-long -pthread -fomit-frame-pointer -ffunction-sections -fdata-sections  -msse -msse2 -msse3 -fvisibility=hidden -fvisibility-inlines-hidden -O3 -DNDEBUG  -DNDEBUG -std=gnu++11 -fPIC -MD -MT modules/core/CMakeFiles/opencv_core.dir/src/out.cpp.o -MF modules/core/CMakeFiles/opencv_core.dir/src/out.cpp.o.d -o modules/core/CMakeFiles/opencv_core.dir/src/out.cpp.o -c /home/uilian/.conan2/p/b/openc0f1bf19f37050/b/src/modules/core/src/out.cpp
[57/411] /usr/bin/g++-13 -DCVAPI_EXPORTS -DOPENCV_ALLOCATOR_STATS_COUNTER_TYPE="long long" -D_USE_MATH_DEFINES -D__OPENCV_BUILD=1 -D__STDC_CONSTANT_MACROS -D__STDC_FORMAT_MACROS -D__STDC_LIMIT_MACROS -I/home/uilian/.conan2/p/b/openc0f1bf19f37050/b/src/modules/core/include -I/home/uilian/.conan2/p/b/openc0f1bf19f37050/b/build/Release/modules/core -isystem /home/uilian/.conan2/p/b/openc0f1bf19f37050/b/build/Release -isystem /home/uilian/.conan2/p/zlib9e81e3baaa894/p/include -isystem /home/uilian/.conan2/p/eigen5481853932f72/p/include/eigen3 -m64   -fsigned-char -W -Wall -Wreturn-type -Wnon-virtual-dtor -Waddress -Wsequence-point -Wformat -Wformat-security -Wmissing-declarations -Wundef -Winit-self -Wpointer-arith -Wshadow -Wsign-promo -Wuninitialized -Wsuggest-override -Wno-delete-non-virtual-dtor -Wno-comment -Wimplicit-fallthrough=3 -Wno-strict-overflow -fdiagnostics-show-option -Wno-long-long -pthread -fomit-frame-pointer -ffunction-sections -fdata-sections  -msse -msse2 -msse3 -fvisibility=hidden -fvisibility-inlines-hidden -O3 -DNDEBUG  -DNDEBUG -std=gnu++11 -fPIC -MD -MT modules/core/CMakeFiles/opencv_core.dir/src/ovx.cpp.o -MF modules/core/CMakeFiles/opencv_core.dir/src/ovx.cpp.o.d -o modules/core/CMakeFiles/opencv_core.dir/src/ovx.cpp.o -c /home/uilian/.conan2/p/b/openc0f1bf19f37050/b/src/modules/core/src/ovx.cpp
[58/411] /usr/bin/g++-13 -DCVAPI_EXPORTS -DOPENCV_ALLOCATOR_STATS_COUNTER_TYPE="long long" -D_USE_MATH_DEFINES -D__OPENCV_BUILD=1 -D__STDC_CONSTANT_MACROS -D__STDC_FORMAT_MACROS -D__STDC_LIMIT_MACROS -I/home/uilian/.conan2/p/b/openc0f1bf19f37050/b/src/modules/core/include -I/home/uilian/.conan2/p/b/openc0f1bf19f37050/b/build/Release/modules/core -isystem /home/uilian/.conan2/p/b/openc0f1bf19f37050/b/build/Release -isystem /home/uilian/.conan2/p/zlib9e81e3baaa894/p/include -isystem /home/uilian/.conan2/p/eigen5481853932f72/p/include/eigen3 -m64   -fsigned-char -W -Wall -Wreturn-type -Wnon-virtual-dtor -Waddress -Wsequence-point -Wformat -Wformat-security -Wmissing-declarations -Wundef -Winit-self -Wpointer-arith -Wshadow -Wsign-promo -Wuninitialized -Wsuggest-override -Wno-delete-non-virtual-dtor -Wno-comment -Wimplicit-fallthrough=3 -Wno-strict-overflow -fdiagnostics-show-option -Wno-long-long -pthread -fomit-frame-pointer -ffunction-sections -fdata-sections  -msse -msse2 -msse3 -fvisibility=hidden -fvisibility-inlines-hidden -O3 -DNDEBUG  -DNDEBUG -std=gnu++11 -fPIC -MD -MT modules/core/CMakeFiles/opencv_core.dir/src/matrix_wrap.cpp.o -MF modules/core/CMakeFiles/opencv_core.dir/src/matrix_wrap.cpp.o.d -o modules/core/CMakeFiles/opencv_core.dir/src/matrix_wrap.cpp.o -c /home/uilian/.conan2/p/b/openc0f1bf19f37050/b/src/modules/core/src/matrix_wrap.cpp
[59/411] /usr/bin/g++-13 -DCVAPI_EXPORTS -DOPENCV_ALLOCATOR_STATS_COUNTER_TYPE="long long" -D_USE_MATH_DEFINES -D__OPENCV_BUILD=1 -D__STDC_CONSTANT_MACROS -D__STDC_FORMAT_MACROS -D__STDC_LIMIT_MACROS -I/home/uilian/.conan2/p/b/openc0f1bf19f37050/b/src/modules/core/include -I/home/uilian/.conan2/p/b/openc0f1bf19f37050/b/build/Release/modules/core -isystem /home/uilian/.conan2/p/b/openc0f1bf19f37050/b/build/Release -isystem /home/uilian/.conan2/p/zlib9e81e3baaa894/p/include -isystem /home/uilian/.conan2/p/eigen5481853932f72/p/include/eigen3 -m64   -fsigned-char -W -Wall -Wreturn-type -Wnon-virtual-dtor -Waddress -Wsequence-point -Wformat -Wformat-security -Wmissing-declarations -Wundef -Winit-self -Wpointer-arith -Wshadow -Wsign-promo -Wuninitialized -Wsuggest-override -Wno-delete-non-virtual-dtor -Wno-comment -Wimplicit-fallthrough=3 -Wno-strict-overflow -fdiagnostics-show-option -Wno-long-long -pthread -fomit-frame-pointer -ffunction-sections -fdata-sections  -msse -msse2 -msse3 -fvisibility=hidden -fvisibility-inlines-hidden -O3 -DNDEBUG  -DNDEBUG -std=gnu++11 -fPIC -MD -MT modules/core/CMakeFiles/opencv_core.dir/src/parallel.cpp.o -MF modules/core/CMakeFiles/opencv_core.dir/src/parallel.cpp.o.d -o modules/core/CMakeFiles/opencv_core.dir/src/parallel.cpp.o -c /home/uilian/.conan2/p/b/openc0f1bf19f37050/b/src/modules/core/src/parallel.cpp
[60/411] /usr/bin/g++-13 -DCVAPI_EXPORTS -DOPENCV_ALLOCATOR_STATS_COUNTER_TYPE="long long" -D_USE_MATH_DEFINES -D__OPENCV_BUILD=1 -D__STDC_CONSTANT_MACROS -D__STDC_FORMAT_MACROS -D__STDC_LIMIT_MACROS -I/home/uilian/.conan2/p/b/openc0f1bf19f37050/b/src/modules/core/include -I/home/uilian/.conan2/p/b/openc0f1bf19f37050/b/build/Release/modules/core -isystem /home/uilian/.conan2/p/b/openc0f1bf19f37050/b/build/Release -isystem /home/uilian/.conan2/p/zlib9e81e3baaa894/p/include -isystem /home/uilian/.conan2/p/eigen5481853932f72/p/include/eigen3 -m64   -fsigned-char -W -Wall -Wreturn-type -Wnon-virtual-dtor -Waddress -Wsequence-point -Wformat -Wformat-security -Wmissing-declarations -Wundef -Winit-self -Wpointer-arith -Wshadow -Wsign-promo -Wuninitialized -Wsuggest-override -Wno-delete-non-virtual-dtor -Wno-comment -Wimplicit-fallthrough=3 -Wno-strict-overflow -fdiagnostics-show-option -Wno-long-long -pthread -fomit-frame-pointer -ffunction-sections -fdata-sections  -msse -msse2 -msse3 -fvisibility=hidden -fvisibility-inlines-hidden -O3 -DNDEBUG  -DNDEBUG -std=gnu++11 -fPIC -MD -MT modules/core/CMakeFiles/opencv_core.dir/src/parallel_impl.cpp.o -MF modules/core/CMakeFiles/opencv_core.dir/src/parallel_impl.cpp.o.d -o modules/core/CMakeFiles/opencv_core.dir/src/parallel_impl.cpp.o -c /home/uilian/.conan2/p/b/openc0f1bf19f37050/b/src/modules/core/src/parallel_impl.cpp
[61/411] /usr/bin/g++-13 -DCVAPI_EXPORTS -DOPENCV_ALLOCATOR_STATS_COUNTER_TYPE="long long" -D_USE_MATH_DEFINES -D__OPENCV_BUILD=1 -D__STDC_CONSTANT_MACROS -D__STDC_FORMAT_MACROS -D__STDC_LIMIT_MACROS -I/home/uilian/.conan2/p/b/openc0f1bf19f37050/b/src/modules/core/include -I/home/uilian/.conan2/p/b/openc0f1bf19f37050/b/build/Release/modules/core -isystem /home/uilian/.conan2/p/b/openc0f1bf19f37050/b/build/Release -isystem /home/uilian/.conan2/p/zlib9e81e3baaa894/p/include -isystem /home/uilian/.conan2/p/eigen5481853932f72/p/include/eigen3 -m64   -fsigned-char -W -Wall -Wreturn-type -Wnon-virtual-dtor -Waddress -Wsequence-point -Wformat -Wformat-security -Wmissing-declarations -Wundef -Winit-self -Wpointer-arith -Wshadow -Wsign-promo -Wuninitialized -Wsuggest-override -Wno-delete-non-virtual-dtor -Wno-comment -Wimplicit-fallthrough=3 -Wno-strict-overflow -fdiagnostics-show-option -Wno-long-long -pthread -fomit-frame-pointer -ffunction-sections -fdata-sections  -msse -msse2 -msse3 -fvisibility=hidden -fvisibility-inlines-hidden -O3 -DNDEBUG  -DNDEBUG -std=gnu++11 -fPIC -MD -MT modules/core/CMakeFiles/opencv_core.dir/src/pca.cpp.o -MF modules/core/CMakeFiles/opencv_core.dir/src/pca.cpp.o.d -o modules/core/CMakeFiles/opencv_core.dir/src/pca.cpp.o -c /home/uilian/.conan2/p/b/openc0f1bf19f37050/b/src/modules/core/src/pca.cpp
[62/411] /usr/bin/g++-13 -DCVAPI_EXPORTS -DOPENCV_ALLOCATOR_STATS_COUNTER_TYPE="long long" -D_USE_MATH_DEFINES -D__OPENCV_BUILD=1 -D__STDC_CONSTANT_MACROS -D__STDC_FORMAT_MACROS -D__STDC_LIMIT_MACROS -I/home/uilian/.conan2/p/b/openc0f1bf19f37050/b/src/modules/core/include -I/home/uilian/.conan2/p/b/openc0f1bf19f37050/b/build/Release/modules/core -isystem /home/uilian/.conan2/p/b/openc0f1bf19f37050/b/build/Release -isystem /home/uilian/.conan2/p/zlib9e81e3baaa894/p/include -isystem /home/uilian/.conan2/p/eigen5481853932f72/p/include/eigen3 -m64   -fsigned-char -W -Wall -Wreturn-type -Wnon-virtual-dtor -Waddress -Wsequence-point -Wformat -Wformat-security -Wmissing-declarations -Wundef -Winit-self -Wpointer-arith -Wshadow -Wsign-promo -Wuninitialized -Wsuggest-override -Wno-delete-non-virtual-dtor -Wno-comment -Wimplicit-fallthrough=3 -Wno-strict-overflow -fdiagnostics-show-option -Wno-long-long -pthread -fomit-frame-pointer -ffunction-sections -fdata-sections  -msse -msse2 -msse3 -fvisibility=hidden -fvisibility-inlines-hidden -O3 -DNDEBUG  -DNDEBUG -std=gnu++11 -fPIC -MD -MT modules/core/CMakeFiles/opencv_core.dir/src/persistence.cpp.o -MF modules/core/CMakeFiles/opencv_core.dir/src/persistence.cpp.o.d -o modules/core/CMakeFiles/opencv_core.dir/src/persistence.cpp.o -c /home/uilian/.conan2/p/b/openc0f1bf19f37050/b/src/modules/core/src/persistence.cpp
[63/411] /usr/bin/g++-13 -DCVAPI_EXPORTS -DOPENCV_ALLOCATOR_STATS_COUNTER_TYPE="long long" -D_USE_MATH_DEFINES -D__OPENCV_BUILD=1 -D__STDC_CONSTANT_MACROS -D__STDC_FORMAT_MACROS -D__STDC_LIMIT_MACROS -I/home/uilian/.conan2/p/b/openc0f1bf19f37050/b/src/modules/core/include -I/home/uilian/.conan2/p/b/openc0f1bf19f37050/b/build/Release/modules/core -isystem /home/uilian/.conan2/p/b/openc0f1bf19f37050/b/build/Release -isystem /home/uilian/.conan2/p/zlib9e81e3baaa894/p/include -isystem /home/uilian/.conan2/p/eigen5481853932f72/p/include/eigen3 -m64   -fsigned-char -W -Wall -Wreturn-type -Wnon-virtual-dtor -Waddress -Wsequence-point -Wformat -Wformat-security -Wmissing-declarations -Wundef -Winit-self -Wpointer-arith -Wshadow -Wsign-promo -Wuninitialized -Wsuggest-override -Wno-delete-non-virtual-dtor -Wno-comment -Wimplicit-fallthrough=3 -Wno-strict-overflow -fdiagnostics-show-option -Wno-long-long -pthread -fomit-frame-pointer -ffunction-sections -fdata-sections  -msse -msse2 -msse3 -fvisibility=hidden -fvisibility-inlines-hidden -O3 -DNDEBUG  -DNDEBUG -std=gnu++11 -fPIC -MD -MT modules/core/CMakeFiles/opencv_core.dir/src/persistence_base64.cpp.o -MF modules/core/CMakeFiles/opencv_core.dir/src/persistence_base64.cpp.o.d -o modules/core/CMakeFiles/opencv_core.dir/src/persistence_base64.cpp.o -c /home/uilian/.conan2/p/b/openc0f1bf19f37050/b/src/modules/core/src/persistence_base64.cpp
[64/411] /usr/bin/g++-13 -DCVAPI_EXPORTS -DOPENCV_ALLOCATOR_STATS_COUNTER_TYPE="long long" -D_USE_MATH_DEFINES -D__OPENCV_BUILD=1 -D__STDC_CONSTANT_MACROS -D__STDC_FORMAT_MACROS -D__STDC_LIMIT_MACROS -I/home/uilian/.conan2/p/b/openc0f1bf19f37050/b/src/modules/core/include -I/home/uilian/.conan2/p/b/openc0f1bf19f37050/b/build/Release/modules/core -isystem /home/uilian/.conan2/p/b/openc0f1bf19f37050/b/build/Release -isystem /home/uilian/.conan2/p/zlib9e81e3baaa894/p/include -isystem /home/uilian/.conan2/p/eigen5481853932f72/p/include/eigen3 -m64   -fsigned-char -W -Wall -Wreturn-type -Wnon-virtual-dtor -Waddress -Wsequence-point -Wformat -Wformat-security -Wmissing-declarations -Wundef -Winit-self -Wpointer-arith -Wshadow -Wsign-promo -Wuninitialized -Wsuggest-override -Wno-delete-non-virtual-dtor -Wno-comment -Wimplicit-fallthrough=3 -Wno-strict-overflow -fdiagnostics-show-option -Wno-long-long -pthread -fomit-frame-pointer -ffunction-sections -fdata-sections  -msse -msse2 -msse3 -fvisibility=hidden -fvisibility-inlines-hidden -O3 -DNDEBUG  -DNDEBUG -std=gnu++11 -fPIC -MD -MT modules/core/CMakeFiles/opencv_core.dir/src/persistence_c.cpp.o -MF modules/core/CMakeFiles/opencv_core.dir/src/persistence_c.cpp.o.d -o modules/core/CMakeFiles/opencv_core.dir/src/persistence_c.cpp.o -c /home/uilian/.conan2/p/b/openc0f1bf19f37050/b/src/modules/core/src/persistence_c.cpp
[65/411] /usr/bin/g++-13 -DCVAPI_EXPORTS -DOPENCV_ALLOCATOR_STATS_COUNTER_TYPE="long long" -D_USE_MATH_DEFINES -D__OPENCV_BUILD=1 -D__STDC_CONSTANT_MACROS -D__STDC_FORMAT_MACROS -D__STDC_LIMIT_MACROS -I/home/uilian/.conan2/p/b/openc0f1bf19f37050/b/src/modules/core/include -I/home/uilian/.conan2/p/b/openc0f1bf19f37050/b/build/Release/modules/core -isystem /home/uilian/.conan2/p/b/openc0f1bf19f37050/b/build/Release -isystem /home/uilian/.conan2/p/zlib9e81e3baaa894/p/include -isystem /home/uilian/.conan2/p/eigen5481853932f72/p/include/eigen3 -m64   -fsigned-char -W -Wall -Wreturn-type -Wnon-virtual-dtor -Waddress -Wsequence-point -Wformat -Wformat-security -Wmissing-declarations -Wundef -Winit-self -Wpointer-arith -Wshadow -Wsign-promo -Wuninitialized -Wsuggest-override -Wno-delete-non-virtual-dtor -Wno-comment -Wimplicit-fallthrough=3 -Wno-strict-overflow -fdiagnostics-show-option -Wno-long-long -pthread -fomit-frame-pointer -ffunction-sections -fdata-sections  -msse -msse2 -msse3 -fvisibility=hidden -fvisibility-inlines-hidden -O3 -DNDEBUG  -DNDEBUG -std=gnu++11 -fPIC -MD -MT modules/core/CMakeFiles/opencv_core.dir/src/persistence_json.cpp.o -MF modules/core/CMakeFiles/opencv_core.dir/src/persistence_json.cpp.o.d -o modules/core/CMakeFiles/opencv_core.dir/src/persistence_json.cpp.o -c /home/uilian/.conan2/p/b/openc0f1bf19f37050/b/src/modules/core/src/persistence_json.cpp
[66/411] /usr/bin/g++-13 -DCVAPI_EXPORTS -DOPENCV_ALLOCATOR_STATS_COUNTER_TYPE="long long" -D_USE_MATH_DEFINES -D__OPENCV_BUILD=1 -D__STDC_CONSTANT_MACROS -D__STDC_FORMAT_MACROS -D__STDC_LIMIT_MACROS -I/home/uilian/.conan2/p/b/openc0f1bf19f37050/b/src/modules/core/include -I/home/uilian/.conan2/p/b/openc0f1bf19f37050/b/build/Release/modules/core -isystem /home/uilian/.conan2/p/b/openc0f1bf19f37050/b/build/Release -isystem /home/uilian/.conan2/p/zlib9e81e3baaa894/p/include -isystem /home/uilian/.conan2/p/eigen5481853932f72/p/include/eigen3 -m64   -fsigned-char -W -Wall -Wreturn-type -Wnon-virtual-dtor -Waddress -Wsequence-point -Wformat -Wformat-security -Wmissing-declarations -Wundef -Winit-self -Wpointer-arith -Wshadow -Wsign-promo -Wuninitialized -Wsuggest-override -Wno-delete-non-virtual-dtor -Wno-comment -Wimplicit-fallthrough=3 -Wno-strict-overflow -fdiagnostics-show-option -Wno-long-long -pthread -fomit-frame-pointer -ffunction-sections -fdata-sections  -msse -msse2 -msse3 -fvisibility=hidden -fvisibility-inlines-hidden -O3 -DNDEBUG  -DNDEBUG -std=gnu++11 -fPIC -MD -MT modules/core/CMakeFiles/opencv_core.dir/src/matmul.dispatch.cpp.o -MF modules/core/CMakeFiles/opencv_core.dir/src/matmul.dispatch.cpp.o.d -o modules/core/CMakeFiles/opencv_core.dir/src/matmul.dispatch.cpp.o -c /home/uilian/.conan2/p/b/openc0f1bf19f37050/b/src/modules/core/src/matmul.dispatch.cpp
[67/411] /usr/bin/g++-13 -DCVAPI_EXPORTS -DOPENCV_ALLOCATOR_STATS_COUNTER_TYPE="long long" -D_USE_MATH_DEFINES -D__OPENCV_BUILD=1 -D__STDC_CONSTANT_MACROS -D__STDC_FORMAT_MACROS -D__STDC_LIMIT_MACROS -I/home/uilian/.conan2/p/b/openc0f1bf19f37050/b/src/modules/core/include -I/home/uilian/.conan2/p/b/openc0f1bf19f37050/b/build/Release/modules/core -isystem /home/uilian/.conan2/p/b/openc0f1bf19f37050/b/build/Release -isystem /home/uilian/.conan2/p/zlib9e81e3baaa894/p/include -isystem /home/uilian/.conan2/p/eigen5481853932f72/p/include/eigen3 -m64   -fsigned-char -W -Wall -Wreturn-type -Wnon-virtual-dtor -Waddress -Wsequence-point -Wformat -Wformat-security -Wmissing-declarations -Wundef -Winit-self -Wpointer-arith -Wshadow -Wsign-promo -Wuninitialized -Wsuggest-override -Wno-delete-non-virtual-dtor -Wno-comment -Wimplicit-fallthrough=3 -Wno-strict-overflow -fdiagnostics-show-option -Wno-long-long -pthread -fomit-frame-pointer -ffunction-sections -fdata-sections  -msse -msse2 -msse3 -fvisibility=hidden -fvisibility-inlines-hidden -O3 -DNDEBUG  -DNDEBUG -std=gnu++11 -fPIC -MD -MT modules/core/CMakeFiles/opencv_core.dir/src/persistence_cpp.cpp.o -MF modules/core/CMakeFiles/opencv_core.dir/src/persistence_cpp.cpp.o.d -o modules/core/CMakeFiles/opencv_core.dir/src/persistence_cpp.cpp.o -c /home/uilian/.conan2/p/b/openc0f1bf19f37050/b/src/modules/core/src/persistence_cpp.cpp
[68/411] /usr/bin/g++-13 -DCVAPI_EXPORTS -DOPENCV_ALLOCATOR_STATS_COUNTER_TYPE="long long" -D_USE_MATH_DEFINES -D__OPENCV_BUILD=1 -D__STDC_CONSTANT_MACROS -D__STDC_FORMAT_MACROS -D__STDC_LIMIT_MACROS -I/home/uilian/.conan2/p/b/openc0f1bf19f37050/b/src/modules/core/include -I/home/uilian/.conan2/p/b/openc0f1bf19f37050/b/build/Release/modules/core -isystem /home/uilian/.conan2/p/b/openc0f1bf19f37050/b/build/Release -isystem /home/uilian/.conan2/p/zlib9e81e3baaa894/p/include -isystem /home/uilian/.conan2/p/eigen5481853932f72/p/include/eigen3 -m64   -fsigned-char -W -Wall -Wreturn-type -Wnon-virtual-dtor -Waddress -Wsequence-point -Wformat -Wformat-security -Wmissing-declarations -Wundef -Winit-self -Wpointer-arith -Wshadow -Wsign-promo -Wuninitialized -Wsuggest-override -Wno-delete-non-virtual-dtor -Wno-comment -Wimplicit-fallthrough=3 -Wno-strict-overflow -fdiagnostics-show-option -Wno-long-long -pthread -fomit-frame-pointer -ffunction-sections -fdata-sections  -msse -msse2 -msse3 -fvisibility=hidden -fvisibility-inlines-hidden -O3 -DNDEBUG  -DNDEBUG -std=gnu++11 -fPIC -MD -MT modules/core/CMakeFiles/opencv_core.dir/src/persistence_xml.cpp.o -MF modules/core/CMakeFiles/opencv_core.dir/src/persistence_xml.cpp.o.d -o modules/core/CMakeFiles/opencv_core.dir/src/persistence_xml.cpp.o -c /home/uilian/.conan2/p/b/openc0f1bf19f37050/b/src/modules/core/src/persistence_xml.cpp
[69/411] /usr/bin/g++-13 -DCVAPI_EXPORTS -DOPENCV_ALLOCATOR_STATS_COUNTER_TYPE="long long" -D_USE_MATH_DEFINES -D__OPENCV_BUILD=1 -D__STDC_CONSTANT_MACROS -D__STDC_FORMAT_MACROS -D__STDC_LIMIT_MACROS -I/home/uilian/.conan2/p/b/openc0f1bf19f37050/b/src/modules/core/include -I/home/uilian/.conan2/p/b/openc0f1bf19f37050/b/build/Release/modules/core -isystem /home/uilian/.conan2/p/b/openc0f1bf19f37050/b/build/Release -isystem /home/uilian/.conan2/p/zlib9e81e3baaa894/p/include -isystem /home/uilian/.conan2/p/eigen5481853932f72/p/include/eigen3 -m64   -fsigned-char -W -Wall -Wreturn-type -Wnon-virtual-dtor -Waddress -Wsequence-point -Wformat -Wformat-security -Wmissing-declarations -Wundef -Winit-self -Wpointer-arith -Wshadow -Wsign-promo -Wuninitialized -Wsuggest-override -Wno-delete-non-virtual-dtor -Wno-comment -Wimplicit-fallthrough=3 -Wno-strict-overflow -fdiagnostics-show-option -Wno-long-long -pthread -fomit-frame-pointer -ffunction-sections -fdata-sections  -msse -msse2 -msse3 -fvisibility=hidden -fvisibility-inlines-hidden -O3 -DNDEBUG  -DNDEBUG -std=gnu++11 -fPIC -MD -MT modules/core/CMakeFiles/opencv_core.dir/src/persistence_types.cpp.o -MF modules/core/CMakeFiles/opencv_core.dir/src/persistence_types.cpp.o.d -o modules/core/CMakeFiles/opencv_core.dir/src/persistence_types.cpp.o -c /home/uilian/.conan2/p/b/openc0f1bf19f37050/b/src/modules/core/src/persistence_types.cpp
[70/411] /usr/bin/g++-13 -DCVAPI_EXPORTS -DOPENCV_ALLOCATOR_STATS_COUNTER_TYPE="long long" -D_USE_MATH_DEFINES -D__OPENCV_BUILD=1 -D__STDC_CONSTANT_MACROS -D__STDC_FORMAT_MACROS -D__STDC_LIMIT_MACROS -I/home/uilian/.conan2/p/b/openc0f1bf19f37050/b/src/modules/core/include -I/home/uilian/.conan2/p/b/openc0f1bf19f37050/b/build/Release/modules/core -isystem /home/uilian/.conan2/p/b/openc0f1bf19f37050/b/build/Release -isystem /home/uilian/.conan2/p/zlib9e81e3baaa894/p/include -isystem /home/uilian/.conan2/p/eigen5481853932f72/p/include/eigen3 -m64   -fsigned-char -W -Wall -Wreturn-type -Wnon-virtual-dtor -Waddress -Wsequence-point -Wformat -Wformat-security -Wmissing-declarations -Wundef -Winit-self -Wpointer-arith -Wshadow -Wsign-promo -Wuninitialized -Wsuggest-override -Wno-delete-non-virtual-dtor -Wno-comment -Wimplicit-fallthrough=3 -Wno-strict-overflow -fdiagnostics-show-option -Wno-long-long -pthread -fomit-frame-pointer -ffunction-sections -fdata-sections  -msse -msse2 -msse3 -fvisibility=hidden -fvisibility-inlines-hidden -O3 -DNDEBUG  -DNDEBUG -std=gnu++11 -fPIC -MD -MT modules/core/CMakeFiles/opencv_core.dir/src/persistence_yml.cpp.o -MF modules/core/CMakeFiles/opencv_core.dir/src/persistence_yml.cpp.o.d -o modules/core/CMakeFiles/opencv_core.dir/src/persistence_yml.cpp.o -c /home/uilian/.conan2/p/b/openc0f1bf19f37050/b/src/modules/core/src/persistence_yml.cpp
[71/411] /usr/bin/g++-13 -DCVAPI_EXPORTS -DOPENCV_ALLOCATOR_STATS_COUNTER_TYPE="long long" -D_USE_MATH_DEFINES -D__OPENCV_BUILD=1 -D__STDC_CONSTANT_MACROS -D__STDC_FORMAT_MACROS -D__STDC_LIMIT_MACROS -I/home/uilian/.conan2/p/b/openc0f1bf19f37050/b/src/modules/core/include -I/home/uilian/.conan2/p/b/openc0f1bf19f37050/b/build/Release/modules/core -isystem /home/uilian/.conan2/p/b/openc0f1bf19f37050/b/build/Release -isystem /home/uilian/.conan2/p/zlib9e81e3baaa894/p/include -isystem /home/uilian/.conan2/p/eigen5481853932f72/p/include/eigen3 -m64   -fsigned-char -W -Wall -Wreturn-type -Wnon-virtual-dtor -Waddress -Wsequence-point -Wformat -Wformat-security -Wmissing-declarations -Wundef -Winit-self -Wpointer-arith -Wshadow -Wsign-promo -Wuninitialized -Wsuggest-override -Wno-delete-non-virtual-dtor -Wno-comment -Wimplicit-fallthrough=3 -Wno-strict-overflow -fdiagnostics-show-option -Wno-long-long -pthread -fomit-frame-pointer -ffunction-sections -fdata-sections  -msse -msse2 -msse3 -fvisibility=hidden -fvisibility-inlines-hidden -O3 -DNDEBUG  -DNDEBUG -std=gnu++11 -fPIC -MD -MT modules/core/CMakeFiles/opencv_core.dir/src/stat.dispatch.cpp.o -MF modules/core/CMakeFiles/opencv_core.dir/src/stat.dispatch.cpp.o.d -o modules/core/CMakeFiles/opencv_core.dir/src/stat.dispatch.cpp.o -c /home/uilian/.conan2/p/b/openc0f1bf19f37050/b/src/modules/core/src/stat.dispatch.cpp
[72/411] /usr/bin/g++-13 -DCVAPI_EXPORTS -DOPENCV_ALLOCATOR_STATS_COUNTER_TYPE="long long" -D_USE_MATH_DEFINES -D__OPENCV_BUILD=1 -D__STDC_CONSTANT_MACROS -D__STDC_FORMAT_MACROS -D__STDC_LIMIT_MACROS -I/home/uilian/.conan2/p/b/openc0f1bf19f37050/b/src/modules/core/include -I/home/uilian/.conan2/p/b/openc0f1bf19f37050/b/build/Release/modules/core -isystem /home/uilian/.conan2/p/b/openc0f1bf19f37050/b/build/Release -isystem /home/uilian/.conan2/p/zlib9e81e3baaa894/p/include -isystem /home/uilian/.conan2/p/eigen5481853932f72/p/include/eigen3 -m64   -fsigned-char -W -Wall -Wreturn-type -Wnon-virtual-dtor -Waddress -Wsequence-point -Wformat -Wformat-security -Wmissing-declarations -Wundef -Winit-self -Wpointer-arith -Wshadow -Wsign-promo -Wuninitialized -Wsuggest-override -Wno-delete-non-virtual-dtor -Wno-comment -Wimplicit-fallthrough=3 -Wno-strict-overflow -fdiagnostics-show-option -Wno-long-long -pthread -fomit-frame-pointer -ffunction-sections -fdata-sections  -msse -msse2 -msse3 -fvisibility=hidden -fvisibility-inlines-hidden -O3 -DNDEBUG  -DNDEBUG -std=gnu++11 -fPIC -MD -MT modules/core/CMakeFiles/opencv_core.dir/src/split.dispatch.cpp.o -MF modules/core/CMakeFiles/opencv_core.dir/src/split.dispatch.cpp.o.d -o modules/core/CMakeFiles/opencv_core.dir/src/split.dispatch.cpp.o -c /home/uilian/.conan2/p/b/openc0f1bf19f37050/b/src/modules/core/src/split.dispatch.cpp
[73/411] /usr/bin/g++-13 -DCVAPI_EXPORTS -DOPENCV_ALLOCATOR_STATS_COUNTER_TYPE="long long" -D_USE_MATH_DEFINES -D__OPENCV_BUILD=1 -D__STDC_CONSTANT_MACROS -D__STDC_FORMAT_MACROS -D__STDC_LIMIT_MACROS -I/home/uilian/.conan2/p/b/openc0f1bf19f37050/b/src/modules/core/include -I/home/uilian/.conan2/p/b/openc0f1bf19f37050/b/build/Release/modules/core -isystem /home/uilian/.conan2/p/b/openc0f1bf19f37050/b/build/Release -isystem /home/uilian/.conan2/p/zlib9e81e3baaa894/p/include -isystem /home/uilian/.conan2/p/eigen5481853932f72/p/include/eigen3 -m64   -fsigned-char -W -Wall -Wreturn-type -Wnon-virtual-dtor -Waddress -Wsequence-point -Wformat -Wformat-security -Wmissing-declarations -Wundef -Winit-self -Wpointer-arith -Wshadow -Wsign-promo -Wuninitialized -Wsuggest-override -Wno-delete-non-virtual-dtor -Wno-comment -Wimplicit-fallthrough=3 -Wno-strict-overflow -fdiagnostics-show-option -Wno-long-long -pthread -fomit-frame-pointer -ffunction-sections -fdata-sections  -msse -msse2 -msse3 -fvisibility=hidden -fvisibility-inlines-hidden -O3 -DNDEBUG  -DNDEBUG -std=gnu++11 -fPIC -MD -MT modules/core/CMakeFiles/opencv_core.dir/src/stl.cpp.o -MF modules/core/CMakeFiles/opencv_core.dir/src/stl.cpp.o.d -o modules/core/CMakeFiles/opencv_core.dir/src/stl.cpp.o -c /home/uilian/.conan2/p/b/openc0f1bf19f37050/b/src/modules/core/src/stl.cpp
[74/411] /usr/bin/g++-13 -DCVAPI_EXPORTS -DOPENCV_ALLOCATOR_STATS_COUNTER_TYPE="long long" -D_USE_MATH_DEFINES -D__OPENCV_BUILD=1 -D__STDC_CONSTANT_MACROS -D__STDC_FORMAT_MACROS -D__STDC_LIMIT_MACROS -I/home/uilian/.conan2/p/b/openc0f1bf19f37050/b/src/modules/core/include -I/home/uilian/.conan2/p/b/openc0f1bf19f37050/b/build/Release/modules/core -isystem /home/uilian/.conan2/p/b/openc0f1bf19f37050/b/build/Release -isystem /home/uilian/.conan2/p/zlib9e81e3baaa894/p/include -isystem /home/uilian/.conan2/p/eigen5481853932f72/p/include/eigen3 -m64   -fsigned-char -W -Wall -Wreturn-type -Wnon-virtual-dtor -Waddress -Wsequence-point -Wformat -Wformat-security -Wmissing-declarations -Wundef -Winit-self -Wpointer-arith -Wshadow -Wsign-promo -Wuninitialized -Wsuggest-override -Wno-delete-non-virtual-dtor -Wno-comment -Wimplicit-fallthrough=3 -Wno-strict-overflow -fdiagnostics-show-option -Wno-long-long -pthread -fomit-frame-pointer -ffunction-sections -fdata-sections  -msse -msse2 -msse3 -fvisibility=hidden -fvisibility-inlines-hidden -O3 -DNDEBUG  -DNDEBUG -std=gnu++11 -fPIC -MD -MT modules/core/CMakeFiles/opencv_core.dir/src/stat_c.cpp.o -MF modules/core/CMakeFiles/opencv_core.dir/src/stat_c.cpp.o.d -o modules/core/CMakeFiles/opencv_core.dir/src/stat_c.cpp.o -c /home/uilian/.conan2/p/b/openc0f1bf19f37050/b/src/modules/core/src/stat_c.cpp
[75/411] /usr/bin/g++-13 -DCVAPI_EXPORTS -DOPENCV_ALLOCATOR_STATS_COUNTER_TYPE="long long" -D_USE_MATH_DEFINES -D__OPENCV_BUILD=1 -D__STDC_CONSTANT_MACROS -D__STDC_FORMAT_MACROS -D__STDC_LIMIT_MACROS -I/home/uilian/.conan2/p/b/openc0f1bf19f37050/b/src/modules/core/include -I/home/uilian/.conan2/p/b/openc0f1bf19f37050/b/build/Release/modules/core -isystem /home/uilian/.conan2/p/b/openc0f1bf19f37050/b/build/Release -isystem /home/uilian/.conan2/p/zlib9e81e3baaa894/p/include -isystem /home/uilian/.conan2/p/eigen5481853932f72/p/include/eigen3 -m64   -fsigned-char -W -Wall -Wreturn-type -Wnon-virtual-dtor -Waddress -Wsequence-point -Wformat -Wformat-security -Wmissing-declarations -Wundef -Winit-self -Wpointer-arith -Wshadow -Wsign-promo -Wuninitialized -Wsuggest-override -Wno-delete-non-virtual-dtor -Wno-comment -Wimplicit-fallthrough=3 -Wno-strict-overflow -fdiagnostics-show-option -Wno-long-long -pthread -fomit-frame-pointer -ffunction-sections -fdata-sections  -msse -msse2 -msse3 -fvisibility=hidden -fvisibility-inlines-hidden -O3 -DNDEBUG  -DNDEBUG -std=gnu++11 -fPIC -MD -MT modules/core/CMakeFiles/opencv_core.dir/src/rand.cpp.o -MF modules/core/CMakeFiles/opencv_core.dir/src/rand.cpp.o.d -o modules/core/CMakeFiles/opencv_core.dir/src/rand.cpp.o -c /home/uilian/.conan2/p/b/openc0f1bf19f37050/b/src/modules/core/src/rand.cpp
[76/411] /usr/bin/g++-13 -DCVAPI_EXPORTS -DOPENCV_ALLOCATOR_STATS_COUNTER_TYPE="long long" -D_USE_MATH_DEFINES -D__OPENCV_BUILD=1 -D__STDC_CONSTANT_MACROS -D__STDC_FORMAT_MACROS -D__STDC_LIMIT_MACROS -I/home/uilian/.conan2/p/b/openc0f1bf19f37050/b/src/modules/core/include -I/home/uilian/.conan2/p/b/openc0f1bf19f37050/b/build/Release/modules/core -isystem /home/uilian/.conan2/p/b/openc0f1bf19f37050/b/build/Release -isystem /home/uilian/.conan2/p/zlib9e81e3baaa894/p/include -isystem /home/uilian/.conan2/p/eigen5481853932f72/p/include/eigen3 -m64   -fsigned-char -W -Wall -Wreturn-type -Wnon-virtual-dtor -Waddress -Wsequence-point -Wformat -Wformat-security -Wmissing-declarations -Wundef -Winit-self -Wpointer-arith -Wshadow -Wsign-promo -Wuninitialized -Wsuggest-override -Wno-delete-non-virtual-dtor -Wno-comment -Wimplicit-fallthrough=3 -Wno-strict-overflow -fdiagnostics-show-option -Wno-long-long -pthread -fomit-frame-pointer -ffunction-sections -fdata-sections  -msse -msse2 -msse3 -fvisibility=hidden -fvisibility-inlines-hidden -O3 -DNDEBUG  -DNDEBUG -std=gnu++11 -fPIC -MD -MT modules/core/CMakeFiles/opencv_core.dir/src/tables.cpp.o -MF modules/core/CMakeFiles/opencv_core.dir/src/tables.cpp.o.d -o modules/core/CMakeFiles/opencv_core.dir/src/tables.cpp.o -c /home/uilian/.conan2/p/b/openc0f1bf19f37050/b/src/modules/core/src/tables.cpp
[77/411] /usr/bin/g++-13 -DCVAPI_EXPORTS -DOPENCV_ALLOCATOR_STATS_COUNTER_TYPE="long long" -D_USE_MATH_DEFINES -D__OPENCV_BUILD=1 -D__STDC_CONSTANT_MACROS -D__STDC_FORMAT_MACROS -D__STDC_LIMIT_MACROS -I/home/uilian/.conan2/p/b/openc0f1bf19f37050/b/src/modules/core/include -I/home/uilian/.conan2/p/b/openc0f1bf19f37050/b/build/Release/modules/core -isystem /home/uilian/.conan2/p/b/openc0f1bf19f37050/b/build/Release -isystem /home/uilian/.conan2/p/zlib9e81e3baaa894/p/include -isystem /home/uilian/.conan2/p/eigen5481853932f72/p/include/eigen3 -m64   -fsigned-char -W -Wall -Wreturn-type -Wnon-virtual-dtor -Waddress -Wsequence-point -Wformat -Wformat-security -Wmissing-declarations -Wundef -Winit-self -Wpointer-arith -Wshadow -Wsign-promo -Wuninitialized -Wsuggest-override -Wno-delete-non-virtual-dtor -Wno-comment -Wimplicit-fallthrough=3 -Wno-strict-overflow -fdiagnostics-show-option -Wno-long-long -pthread -fomit-frame-pointer -ffunction-sections -fdata-sections  -msse -msse2 -msse3 -fvisibility=hidden -fvisibility-inlines-hidden -O3 -DNDEBUG  -DNDEBUG -std=gnu++11 -fPIC -MD -MT modules/core/CMakeFiles/opencv_core.dir/src/softfloat.cpp.o -MF modules/core/CMakeFiles/opencv_core.dir/src/softfloat.cpp.o.d -o modules/core/CMakeFiles/opencv_core.dir/src/softfloat.cpp.o -c /home/uilian/.conan2/p/b/openc0f1bf19f37050/b/src/modules/core/src/softfloat.cpp
[78/411] /usr/bin/g++-13 -DCVAPI_EXPORTS -DOPENCV_ALLOCATOR_STATS_COUNTER_TYPE="long long" -D_USE_MATH_DEFINES -D__OPENCV_BUILD=1 -D__STDC_CONSTANT_MACROS -D__STDC_FORMAT_MACROS -D__STDC_LIMIT_MACROS -I/home/uilian/.conan2/p/b/openc0f1bf19f37050/b/src/modules/core/include -I/home/uilian/.conan2/p/b/openc0f1bf19f37050/b/build/Release/modules/core -isystem /home/uilian/.conan2/p/b/openc0f1bf19f37050/b/build/Release -isystem /home/uilian/.conan2/p/zlib9e81e3baaa894/p/include -isystem /home/uilian/.conan2/p/eigen5481853932f72/p/include/eigen3 -m64   -fsigned-char -W -Wall -Wreturn-type -Wnon-virtual-dtor -Waddress -Wsequence-point -Wformat -Wformat-security -Wmissing-declarations -Wundef -Winit-self -Wpointer-arith -Wshadow -Wsign-promo -Wuninitialized -Wsuggest-override -Wno-delete-non-virtual-dtor -Wno-comment -Wimplicit-fallthrough=3 -Wno-strict-overflow -fdiagnostics-show-option -Wno-long-long -pthread -fomit-frame-pointer -ffunction-sections -fdata-sections  -msse -msse2 -msse3 -fvisibility=hidden -fvisibility-inlines-hidden -O3 -DNDEBUG  -DNDEBUG -std=gnu++11 -fPIC -MD -MT modules/core/CMakeFiles/opencv_core.dir/src/types.cpp.o -MF modules/core/CMakeFiles/opencv_core.dir/src/types.cpp.o.d -o modules/core/CMakeFiles/opencv_core.dir/src/types.cpp.o -c /home/uilian/.conan2/p/b/openc0f1bf19f37050/b/src/modules/core/src/types.cpp
[79/411] /usr/bin/g++-13 -DCVAPI_EXPORTS -DOPENCV_ALLOCATOR_STATS_COUNTER_TYPE="long long" -D_USE_MATH_DEFINES -D__OPENCV_BUILD=1 -D__STDC_CONSTANT_MACROS -D__STDC_FORMAT_MACROS -D__STDC_LIMIT_MACROS -I/home/uilian/.conan2/p/b/openc0f1bf19f37050/b/src/modules/core/include -I/home/uilian/.conan2/p/b/openc0f1bf19f37050/b/build/Release/modules/core -isystem /home/uilian/.conan2/p/b/openc0f1bf19f37050/b/build/Release -isystem /home/uilian/.conan2/p/zlib9e81e3baaa894/p/include -isystem /home/uilian/.conan2/p/eigen5481853932f72/p/include/eigen3 -m64   -fsigned-char -W -Wall -Wreturn-type -Wnon-virtual-dtor -Waddress -Wsequence-point -Wformat -Wformat-security -Wmissing-declarations -Wundef -Winit-self -Wpointer-arith -Wshadow -Wsign-promo -Wuninitialized -Wsuggest-override -Wno-delete-non-virtual-dtor -Wno-comment -Wimplicit-fallthrough=3 -Wno-strict-overflow -fdiagnostics-show-option -Wno-long-long -pthread -fomit-frame-pointer -ffunction-sections -fdata-sections  -msse -msse2 -msse3 -fvisibility=hidden -fvisibility-inlines-hidden -O3 -DNDEBUG  -DNDEBUG -std=gnu++11 -fPIC -MD -MT modules/core/CMakeFiles/opencv_core.dir/src/sum.dispatch.cpp.o -MF modules/core/CMakeFiles/opencv_core.dir/src/sum.dispatch.cpp.o.d -o modules/core/CMakeFiles/opencv_core.dir/src/sum.dispatch.cpp.o -c /home/uilian/.conan2/p/b/openc0f1bf19f37050/b/src/modules/core/src/sum.dispatch.cpp
[80/411] /usr/bin/g++-13 -DCVAPI_EXPORTS -DOPENCV_ALLOCATOR_STATS_COUNTER_TYPE="long long" -D_USE_MATH_DEFINES -D__OPENCV_BUILD=1 -D__STDC_CONSTANT_MACROS -D__STDC_FORMAT_MACROS -D__STDC_LIMIT_MACROS -I/home/uilian/.conan2/p/b/openc0f1bf19f37050/b/src/modules/core/include -I/home/uilian/.conan2/p/b/openc0f1bf19f37050/b/build/Release/modules/core -isystem /home/uilian/.conan2/p/b/openc0f1bf19f37050/b/build/Release -isystem /home/uilian/.conan2/p/zlib9e81e3baaa894/p/include -isystem /home/uilian/.conan2/p/eigen5481853932f72/p/include/eigen3 -m64   -fsigned-char -W -Wall -Wreturn-type -Wnon-virtual-dtor -Waddress -Wsequence-point -Wformat -Wformat-security -Wmissing-declarations -Wundef -Winit-self -Wpointer-arith -Wshadow -Wsign-promo -Wuninitialized -Wsuggest-override -Wno-delete-non-virtual-dtor -Wno-comment -Wimplicit-fallthrough=3 -Wno-strict-overflow -fdiagnostics-show-option -Wno-long-long -pthread -fomit-frame-pointer -ffunction-sections -fdata-sections  -msse -msse2 -msse3 -fvisibility=hidden -fvisibility-inlines-hidden -O3 -DNDEBUG  -DNDEBUG -std=gnu++11 -fPIC -MD -MT modules/core/CMakeFiles/opencv_core.dir/opencl_kernels_core.cpp.o -MF modules/core/CMakeFiles/opencv_core.dir/opencl_kernels_core.cpp.o.d -o modules/core/CMakeFiles/opencv_core.dir/opencl_kernels_core.cpp.o -c /home/uilian/.conan2/p/b/openc0f1bf19f37050/b/build/Release/modules/core/opencl_kernels_core.cpp
[81/411] /usr/bin/g++-13 -DCVAPI_EXPORTS -DOPENCV_ALLOCATOR_STATS_COUNTER_TYPE="long long" -D_USE_MATH_DEFINES -D__OPENCV_BUILD=1 -D__STDC_CONSTANT_MACROS -D__STDC_FORMAT_MACROS -D__STDC_LIMIT_MACROS -I/home/uilian/.conan2/p/b/openc0f1bf19f37050/b/src/modules/core/include -I/home/uilian/.conan2/p/b/openc0f1bf19f37050/b/build/Release/modules/core -isystem /home/uilian/.conan2/p/b/openc0f1bf19f37050/b/build/Release -isystem /home/uilian/.conan2/p/zlib9e81e3baaa894/p/include -isystem /home/uilian/.conan2/p/eigen5481853932f72/p/include/eigen3 -m64   -fsigned-char -W -Wall -Wreturn-type -Wnon-virtual-dtor -Waddress -Wsequence-point -Wformat -Wformat-security -Wmissing-declarations -Wundef -Winit-self -Wpointer-arith -Wshadow -Wsign-promo -Wuninitialized -Wsuggest-override -Wno-delete-non-virtual-dtor -Wno-comment -Wimplicit-fallthrough=3 -Wno-strict-overflow -fdiagnostics-show-option -Wno-long-long -pthread -fomit-frame-pointer -ffunction-sections -fdata-sections  -msse -msse2 -msse3 -fvisibility=hidden -fvisibility-inlines-hidden -O3 -DNDEBUG  -DNDEBUG -std=gnu++11 -fPIC -MD -MT modules/core/CMakeFiles/opencv_core.dir/src/trace.cpp.o -MF modules/core/CMakeFiles/opencv_core.dir/src/trace.cpp.o.d -o modules/core/CMakeFiles/opencv_core.dir/src/trace.cpp.o -c /home/uilian/.conan2/p/b/openc0f1bf19f37050/b/src/modules/core/src/trace.cpp
[82/411] /usr/bin/g++-13 -DCVAPI_EXPORTS -DOPENCV_ALLOCATOR_STATS_COUNTER_TYPE="long long" -D_USE_MATH_DEFINES -D__OPENCV_BUILD=1 -D__STDC_CONSTANT_MACROS -D__STDC_FORMAT_MACROS -D__STDC_LIMIT_MACROS -I/home/uilian/.conan2/p/b/openc0f1bf19f37050/b/src/modules/core/include -I/home/uilian/.conan2/p/b/openc0f1bf19f37050/b/build/Release/modules/core -isystem /home/uilian/.conan2/p/b/openc0f1bf19f37050/b/build/Release -isystem /home/uilian/.conan2/p/zlib9e81e3baaa894/p/include -isystem /home/uilian/.conan2/p/eigen5481853932f72/p/include/eigen3 -m64   -fsigned-char -W -Wall -Wreturn-type -Wnon-virtual-dtor -Waddress -Wsequence-point -Wformat -Wformat-security -Wmissing-declarations -Wundef -Winit-self -Wpointer-arith -Wshadow -Wsign-promo -Wuninitialized -Wsuggest-override -Wno-delete-non-virtual-dtor -Wno-comment -Wimplicit-fallthrough=3 -Wno-strict-overflow -fdiagnostics-show-option -Wno-long-long -pthread -fomit-frame-pointer -ffunction-sections -fdata-sections  -msse -msse2 -msse3 -fvisibility=hidden -fvisibility-inlines-hidden -O3 -DNDEBUG  -DNDEBUG -std=gnu++11 -fPIC -MD -MT modules/core/CMakeFiles/opencv_core.dir/src/system.cpp.o -MF modules/core/CMakeFiles/opencv_core.dir/src/system.cpp.o.d -o modules/core/CMakeFiles/opencv_core.dir/src/system.cpp.o -c /home/uilian/.conan2/p/b/openc0f1bf19f37050/b/src/modules/core/src/system.cpp
[83/411] /usr/bin/g++-13 -DCVAPI_EXPORTS -DOPENCV_ALLOCATOR_STATS_COUNTER_TYPE="long long" -D_USE_MATH_DEFINES -D__OPENCV_BUILD=1 -D__STDC_CONSTANT_MACROS -D__STDC_FORMAT_MACROS -D__STDC_LIMIT_MACROS -I/home/uilian/.conan2/p/b/openc0f1bf19f37050/b/src/modules/core/include -I/home/uilian/.conan2/p/b/openc0f1bf19f37050/b/build/Release/modules/core -isystem /home/uilian/.conan2/p/b/openc0f1bf19f37050/b/build/Release -isystem /home/uilian/.conan2/p/zlib9e81e3baaa894/p/include -isystem /home/uilian/.conan2/p/eigen5481853932f72/p/include/eigen3 -m64   -fsigned-char -W -Wall -Wreturn-type -Wnon-virtual-dtor -Waddress -Wsequence-point -Wformat -Wformat-security -Wmissing-declarations -Wundef -Winit-self -Wpointer-arith -Wshadow -Wsign-promo -Wuninitialized -Wsuggest-override -Wno-delete-non-virtual-dtor -Wno-comment -Wimplicit-fallthrough=3 -Wno-strict-overflow -fdiagnostics-show-option -Wno-long-long -pthread -fomit-frame-pointer -ffunction-sections -fdata-sections  -msse -msse2 -msse3 -fvisibility=hidden -fvisibility-inlines-hidden -O3 -DNDEBUG  -DNDEBUG -std=gnu++11 -fPIC -MD -MT modules/core/CMakeFiles/opencv_core.dir/src/utils/samples.cpp.o -MF modules/core/CMakeFiles/opencv_core.dir/src/utils/samples.cpp.o.d -o modules/core/CMakeFiles/opencv_core.dir/src/utils/samples.cpp.o -c /home/uilian/.conan2/p/b/openc0f1bf19f37050/b/src/modules/core/src/utils/samples.cpp
[84/411] /usr/bin/g++-13 -DCVAPI_EXPORTS -DOPENCV_ALLOCATOR_STATS_COUNTER_TYPE="long long" -D_USE_MATH_DEFINES -D__OPENCV_BUILD=1 -D__STDC_CONSTANT_MACROS -D__STDC_FORMAT_MACROS -D__STDC_LIMIT_MACROS -I/home/uilian/.conan2/p/b/openc0f1bf19f37050/b/src/modules/core/include -I/home/uilian/.conan2/p/b/openc0f1bf19f37050/b/build/Release/modules/core -isystem /home/uilian/.conan2/p/b/openc0f1bf19f37050/b/build/Release -isystem /home/uilian/.conan2/p/zlib9e81e3baaa894/p/include -isystem /home/uilian/.conan2/p/eigen5481853932f72/p/include/eigen3 -m64   -fsigned-char -W -Wall -Wreturn-type -Wnon-virtual-dtor -Waddress -Wsequence-point -Wformat -Wformat-security -Wmissing-declarations -Wundef -Winit-self -Wpointer-arith -Wshadow -Wsign-promo -Wuninitialized -Wsuggest-override -Wno-delete-non-virtual-dtor -Wno-comment -Wimplicit-fallthrough=3 -Wno-strict-overflow -fdiagnostics-show-option -Wno-long-long -pthread -fomit-frame-pointer -ffunction-sections -fdata-sections  -msse -msse2 -msse3 -fvisibility=hidden -fvisibility-inlines-hidden -O3 -DNDEBUG  -DNDEBUG -std=gnu++11 -fPIC -MD -MT modules/core/CMakeFiles/opencv_core.dir/src/va_intel.cpp.o -MF modules/core/CMakeFiles/opencv_core.dir/src/va_intel.cpp.o.d -o modules/core/CMakeFiles/opencv_core.dir/src/va_intel.cpp.o -c /home/uilian/.conan2/p/b/openc0f1bf19f37050/b/src/modules/core/src/va_intel.cpp
[85/411] /usr/bin/g++-13 -DCVAPI_EXPORTS -DOPENCV_ALLOCATOR_STATS_COUNTER_TYPE="long long" -D_USE_MATH_DEFINES -D__OPENCV_BUILD=1 -D__STDC_CONSTANT_MACROS -D__STDC_FORMAT_MACROS -D__STDC_LIMIT_MACROS -I/home/uilian/.conan2/p/b/openc0f1bf19f37050/b/src/modules/core/include -I/home/uilian/.conan2/p/b/openc0f1bf19f37050/b/build/Release/modules/core -isystem /home/uilian/.conan2/p/b/openc0f1bf19f37050/b/build/Release -isystem /home/uilian/.conan2/p/zlib9e81e3baaa894/p/include -isystem /home/uilian/.conan2/p/eigen5481853932f72/p/include/eigen3 -m64   -fsigned-char -W -Wall -Wreturn-type -Wnon-virtual-dtor -Waddress -Wsequence-point -Wformat -Wformat-security -Wmissing-declarations -Wundef -Winit-self -Wpointer-arith -Wshadow -Wsign-promo -Wuninitialized -Wsuggest-override -Wno-delete-non-virtual-dtor -Wno-comment -Wimplicit-fallthrough=3 -Wno-strict-overflow -fdiagnostics-show-option -Wno-long-long -pthread -fomit-frame-pointer -ffunction-sections -fdata-sections  -msse -msse2 -msse3 -fvisibility=hidden -fvisibility-inlines-hidden -O3 -DNDEBUG  -DNDEBUG -std=gnu++11 -fPIC -MD -MT modules/core/CMakeFiles/opencv_core.dir/src/utils/datafile.cpp.o -MF modules/core/CMakeFiles/opencv_core.dir/src/utils/datafile.cpp.o.d -o modules/core/CMakeFiles/opencv_core.dir/src/utils/datafile.cpp.o -c /home/uilian/.conan2/p/b/openc0f1bf19f37050/b/src/modules/core/src/utils/datafile.cpp
[86/411] /usr/bin/g++-13 -DCVAPI_EXPORTS -DOPENCV_ALLOCATOR_STATS_COUNTER_TYPE="long long" -D_USE_MATH_DEFINES -D__OPENCV_BUILD=1 -D__STDC_CONSTANT_MACROS -D__STDC_FORMAT_MACROS -D__STDC_LIMIT_MACROS -I/home/uilian/.conan2/p/b/openc0f1bf19f37050/b/src/modules/core/include -I/home/uilian/.conan2/p/b/openc0f1bf19f37050/b/build/Release/modules/core -isystem /home/uilian/.conan2/p/b/openc0f1bf19f37050/b/build/Release -isystem /home/uilian/.conan2/p/zlib9e81e3baaa894/p/include -isystem /home/uilian/.conan2/p/eigen5481853932f72/p/include/eigen3 -m64   -fsigned-char -W -Wall -Wreturn-type -Wnon-virtual-dtor -Waddress -Wsequence-point -Wformat -Wformat-security -Wmissing-declarations -Wundef -Winit-self -Wpointer-arith -Wshadow -Wsign-promo -Wuninitialized -Wsuggest-override -Wno-delete-non-virtual-dtor -Wno-comment -Wimplicit-fallthrough=3 -Wno-strict-overflow -fdiagnostics-show-option -Wno-long-long -pthread -fomit-frame-pointer -ffunction-sections -fdata-sections  -msse -msse2 -msse3 -fvisibility=hidden -fvisibility-inlines-hidden -O3 -DNDEBUG  -DNDEBUG -std=gnu++11 -fPIC -MD -MT modules/core/CMakeFiles/opencv_core.dir/src/utils/filesystem.cpp.o -MF modules/core/CMakeFiles/opencv_core.dir/src/utils/filesystem.cpp.o.d -o modules/core/CMakeFiles/opencv_core.dir/src/utils/filesystem.cpp.o -c /home/uilian/.conan2/p/b/openc0f1bf19f37050/b/src/modules/core/src/utils/filesystem.cpp
[87/411] /usr/bin/g++-13 -DCVAPI_EXPORTS -DOPENCV_ALLOCATOR_STATS_COUNTER_TYPE="long long" -D_USE_MATH_DEFINES -D__OPENCV_BUILD=1 -D__STDC_CONSTANT_MACROS -D__STDC_FORMAT_MACROS -D__STDC_LIMIT_MACROS -I/home/uilian/.conan2/p/b/openc0f1bf19f37050/b/src/modules/core/include -I/home/uilian/.conan2/p/b/openc0f1bf19f37050/b/build/Release/modules/core -isystem /home/uilian/.conan2/p/b/openc0f1bf19f37050/b/build/Release -isystem /home/uilian/.conan2/p/zlib9e81e3baaa894/p/include -isystem /home/uilian/.conan2/p/eigen5481853932f72/p/include/eigen3 -m64   -fsigned-char -W -Wall -Wreturn-type -Wnon-virtual-dtor -Waddress -Wsequence-point -Wformat -Wformat-security -Wmissing-declarations -Wundef -Winit-self -Wpointer-arith -Wshadow -Wsign-promo -Wuninitialized -Wsuggest-override -Wno-delete-non-virtual-dtor -Wno-comment -Wimplicit-fallthrough=3 -Wno-strict-overflow -fdiagnostics-show-option -Wno-long-long -pthread -fomit-frame-pointer -ffunction-sections -fdata-sections  -msse -msse2 -msse3 -fvisibility=hidden -fvisibility-inlines-hidden -O3 -DNDEBUG  -DNDEBUG -std=gnu++11 -fPIC -MD -MT modules/core/CMakeFiles/opencv_core.dir/src/umatrix.cpp.o -MF modules/core/CMakeFiles/opencv_core.dir/src/umatrix.cpp.o.d -o modules/core/CMakeFiles/opencv_core.dir/src/umatrix.cpp.o -c /home/uilian/.conan2/p/b/openc0f1bf19f37050/b/src/modules/core/src/umatrix.cpp
[88/411] /usr/bin/g++-13 -DCVAPI_EXPORTS -DOPENCV_ALLOCATOR_STATS_COUNTER_TYPE="long long" -D_USE_MATH_DEFINES -D__OPENCV_BUILD=1 -D__STDC_CONSTANT_MACROS -D__STDC_FORMAT_MACROS -D__STDC_LIMIT_MACROS -DCV_CPU_COMPILE_POPCNT=1 -DCV_CPU_COMPILE_SSE4_1=1 -DCV_CPU_COMPILE_SSE4_2=1 -DCV_CPU_COMPILE_SSSE3=1 -DCV_CPU_DISPATCH_MODE=SSE4_2 -I/home/uilian/.conan2/p/b/openc0f1bf19f37050/b/src/modules/core/include -I/home/uilian/.conan2/p/b/openc0f1bf19f37050/b/build/Release/modules/core -isystem /home/uilian/.conan2/p/b/openc0f1bf19f37050/b/build/Release -isystem /home/uilian/.conan2/p/zlib9e81e3baaa894/p/include -isystem /home/uilian/.conan2/p/eigen5481853932f72/p/include/eigen3 -m64   -fsigned-char -W -Wall -Wreturn-type -Wnon-virtual-dtor -Waddress -Wsequence-point -Wformat -Wformat-security -Wmissing-declarations -Wundef -Winit-self -Wpointer-arith -Wshadow -Wsign-promo -Wuninitialized -Wsuggest-override -Wno-delete-non-virtual-dtor -Wno-comment -Wimplicit-fallthrough=3 -Wno-strict-overflow -fdiagnostics-show-option -Wno-long-long -pthread -fomit-frame-pointer -ffunction-sections -fdata-sections  -msse -msse2 -msse3 -fvisibility=hidden -fvisibility-inlines-hidden -O3 -DNDEBUG  -DNDEBUG -std=gnu++11 -fPIC  -mssse3 -msse4.1 -mpopcnt -msse4.2 -MD -MT modules/core/CMakeFiles/opencv_core.dir/stat.sse4_2.cpp.o -MF modules/core/CMakeFiles/opencv_core.dir/stat.sse4_2.cpp.o.d -o modules/core/CMakeFiles/opencv_core.dir/stat.sse4_2.cpp.o -c /home/uilian/.conan2/p/b/openc0f1bf19f37050/b/build/Release/modules/core/stat.sse4_2.cpp
[89/411] /usr/bin/g++-13 -DCVAPI_EXPORTS -DOPENCV_ALLOCATOR_STATS_COUNTER_TYPE="long long" -D_USE_MATH_DEFINES -D__OPENCV_BUILD=1 -D__STDC_CONSTANT_MACROS -D__STDC_FORMAT_MACROS -D__STDC_LIMIT_MACROS -DCV_CPU_COMPILE_AVX2=1 -DCV_CPU_COMPILE_AVX=1 -DCV_CPU_COMPILE_FMA3=1 -DCV_CPU_COMPILE_FP16=1 -DCV_CPU_COMPILE_POPCNT=1 -DCV_CPU_COMPILE_SSE4_1=1 -DCV_CPU_COMPILE_SSE4_2=1 -DCV_CPU_COMPILE_SSSE3=1 -DCV_CPU_DISPATCH_MODE=AVX2 -I/home/uilian/.conan2/p/b/openc0f1bf19f37050/b/src/modules/core/include -I/home/uilian/.conan2/p/b/openc0f1bf19f37050/b/build/Release/modules/core -isystem /home/uilian/.conan2/p/b/openc0f1bf19f37050/b/build/Release -isystem /home/uilian/.conan2/p/zlib9e81e3baaa894/p/include -isystem /home/uilian/.conan2/p/eigen5481853932f72/p/include/eigen3 -m64   -fsigned-char -W -Wall -Wreturn-type -Wnon-virtual-dtor -Waddress -Wsequence-point -Wformat -Wformat-security -Wmissing-declarations -Wundef -Winit-self -Wpointer-arith -Wshadow -Wsign-promo -Wuninitialized -Wsuggest-override -Wno-delete-non-virtual-dtor -Wno-comment -Wimplicit-fallthrough=3 -Wno-strict-overflow -fdiagnostics-show-option -Wno-long-long -pthread -fomit-frame-pointer -ffunction-sections -fdata-sections  -msse -msse2 -msse3 -fvisibility=hidden -fvisibility-inlines-hidden -O3 -DNDEBUG  -DNDEBUG -std=gnu++11 -fPIC  -mssse3 -msse4.1 -mpopcnt -msse4.2 -mf16c -mfma -mavx -mavx2 -MD -MT modules/core/CMakeFiles/opencv_core.dir/mathfuncs_core.avx2.cpp.o -MF modules/core/CMakeFiles/opencv_core.dir/mathfuncs_core.avx2.cpp.o.d -o modules/core/CMakeFiles/opencv_core.dir/mathfuncs_core.avx2.cpp.o -c /home/uilian/.conan2/p/b/openc0f1bf19f37050/b/build/Release/modules/core/mathfuncs_core.avx2.cpp
[90/411] /usr/bin/g++-13 -DCVAPI_EXPORTS -DOPENCV_ALLOCATOR_STATS_COUNTER_TYPE="long long" -D_USE_MATH_DEFINES -D__OPENCV_BUILD=1 -D__STDC_CONSTANT_MACROS -D__STDC_FORMAT_MACROS -D__STDC_LIMIT_MACROS -DCV_CPU_COMPILE_AVX=1 -DCV_CPU_COMPILE_POPCNT=1 -DCV_CPU_COMPILE_SSE4_1=1 -DCV_CPU_COMPILE_SSE4_2=1 -DCV_CPU_COMPILE_SSSE3=1 -DCV_CPU_DISPATCH_MODE=AVX -I/home/uilian/.conan2/p/b/openc0f1bf19f37050/b/src/modules/core/include -I/home/uilian/.conan2/p/b/openc0f1bf19f37050/b/build/Release/modules/core -isystem /home/uilian/.conan2/p/b/openc0f1bf19f37050/b/build/Release -isystem /home/uilian/.conan2/p/zlib9e81e3baaa894/p/include -isystem /home/uilian/.conan2/p/eigen5481853932f72/p/include/eigen3 -m64   -fsigned-char -W -Wall -Wreturn-type -Wnon-virtual-dtor -Waddress -Wsequence-point -Wformat -Wformat-security -Wmissing-declarations -Wundef -Winit-self -Wpointer-arith -Wshadow -Wsign-promo -Wuninitialized -Wsuggest-override -Wno-delete-non-virtual-dtor -Wno-comment -Wimplicit-fallthrough=3 -Wno-strict-overflow -fdiagnostics-show-option -Wno-long-long -pthread -fomit-frame-pointer -ffunction-sections -fdata-sections  -msse -msse2 -msse3 -fvisibility=hidden -fvisibility-inlines-hidden -O3 -DNDEBUG  -DNDEBUG -std=gnu++11 -fPIC  -mssse3 -msse4.1 -mpopcnt -msse4.2 -mavx -MD -MT modules/core/CMakeFiles/opencv_core.dir/mathfuncs_core.avx.cpp.o -MF modules/core/CMakeFiles/opencv_core.dir/mathfuncs_core.avx.cpp.o.d -o modules/core/CMakeFiles/opencv_core.dir/mathfuncs_core.avx.cpp.o -c /home/uilian/.conan2/p/b/openc0f1bf19f37050/b/build/Release/modules/core/mathfuncs_core.avx.cpp
[91/411] /usr/bin/g++-13 -DCVAPI_EXPORTS -DOPENCV_ALLOCATOR_STATS_COUNTER_TYPE="long long" -D_USE_MATH_DEFINES -D__OPENCV_BUILD=1 -D__STDC_CONSTANT_MACROS -D__STDC_FORMAT_MACROS -D__STDC_LIMIT_MACROS -DCV_CPU_COMPILE_AVX2=1 -DCV_CPU_COMPILE_AVX=1 -DCV_CPU_COMPILE_FMA3=1 -DCV_CPU_COMPILE_FP16=1 -DCV_CPU_COMPILE_POPCNT=1 -DCV_CPU_COMPILE_SSE4_1=1 -DCV_CPU_COMPILE_SSE4_2=1 -DCV_CPU_COMPILE_SSSE3=1 -DCV_CPU_DISPATCH_MODE=AVX2 -I/home/uilian/.conan2/p/b/openc0f1bf19f37050/b/src/modules/core/include -I/home/uilian/.conan2/p/b/openc0f1bf19f37050/b/build/Release/modules/core -isystem /home/uilian/.conan2/p/b/openc0f1bf19f37050/b/build/Release -isystem /home/uilian/.conan2/p/zlib9e81e3baaa894/p/include -isystem /home/uilian/.conan2/p/eigen5481853932f72/p/include/eigen3 -m64   -fsigned-char -W -Wall -Wreturn-type -Wnon-virtual-dtor -Waddress -Wsequence-point -Wformat -Wformat-security -Wmissing-declarations -Wundef -Winit-self -Wpointer-arith -Wshadow -Wsign-promo -Wuninitialized -Wsuggest-override -Wno-delete-non-virtual-dtor -Wno-comment -Wimplicit-fallthrough=3 -Wno-strict-overflow -fdiagnostics-show-option -Wno-long-long -pthread -fomit-frame-pointer -ffunction-sections -fdata-sections  -msse -msse2 -msse3 -fvisibility=hidden -fvisibility-inlines-hidden -O3 -DNDEBUG  -DNDEBUG -std=gnu++11 -fPIC  -mssse3 -msse4.1 -mpopcnt -msse4.2 -mf16c -mfma -mavx -mavx2 -MD -MT modules/core/CMakeFiles/opencv_core.dir/stat.avx2.cpp.o -MF modules/core/CMakeFiles/opencv_core.dir/stat.avx2.cpp.o.d -o modules/core/CMakeFiles/opencv_core.dir/stat.avx2.cpp.o -c /home/uilian/.conan2/p/b/openc0f1bf19f37050/b/build/Release/modules/core/stat.avx2.cpp
[92/411] /usr/bin/g++-13 -DCVAPI_EXPORTS -DOPENCV_ALLOCATOR_STATS_COUNTER_TYPE="long long" -D_USE_MATH_DEFINES -D__OPENCV_BUILD=1 -D__STDC_CONSTANT_MACROS -D__STDC_FORMAT_MACROS -D__STDC_LIMIT_MACROS -I/home/uilian/.conan2/p/b/openc0f1bf19f37050/b/src/modules/core/include -I/home/uilian/.conan2/p/b/openc0f1bf19f37050/b/build/Release/modules/core -isystem /home/uilian/.conan2/p/b/openc0f1bf19f37050/b/build/Release -isystem /home/uilian/.conan2/p/zlib9e81e3baaa894/p/include -isystem /home/uilian/.conan2/p/eigen5481853932f72/p/include/eigen3 -m64   -fsigned-char -W -Wall -Wreturn-type -Wnon-virtual-dtor -Waddress -Wsequence-point -Wformat -Wformat-security -Wmissing-declarations -Wundef -Winit-self -Wpointer-arith -Wshadow -Wsign-promo -Wuninitialized -Wsuggest-override -Wno-delete-non-virtual-dtor -Wno-comment -Wimplicit-fallthrough=3 -Wno-strict-overflow -fdiagnostics-show-option -Wno-long-long -pthread -fomit-frame-pointer -ffunction-sections -fdata-sections  -msse -msse2 -msse3 -fvisibility=hidden -fvisibility-inlines-hidden -O3 -DNDEBUG  -DNDEBUG -std=gnu++11 -fPIC -MD -MT modules/core/CMakeFiles/opencv_core.dir/src/lapack.cpp.o -MF modules/core/CMakeFiles/opencv_core.dir/src/lapack.cpp.o.d -o modules/core/CMakeFiles/opencv_core.dir/src/lapack.cpp.o -c /home/uilian/.conan2/p/b/openc0f1bf19f37050/b/src/modules/core/src/lapack.cpp
[93/411] /usr/bin/g++-13 -DCVAPI_EXPORTS -DOPENCV_ALLOCATOR_STATS_COUNTER_TYPE="long long" -D_USE_MATH_DEFINES -D__OPENCV_BUILD=1 -D__STDC_CONSTANT_MACROS -D__STDC_FORMAT_MACROS -D__STDC_LIMIT_MACROS -DCV_CPU_COMPILE_AVX2=1 -DCV_CPU_COMPILE_AVX=1 -DCV_CPU_COMPILE_FMA3=1 -DCV_CPU_COMPILE_FP16=1 -DCV_CPU_COMPILE_POPCNT=1 -DCV_CPU_COMPILE_SSE4_1=1 -DCV_CPU_COMPILE_SSE4_2=1 -DCV_CPU_COMPILE_SSSE3=1 -DCV_CPU_DISPATCH_MODE=AVX2 -I/home/uilian/.conan2/p/b/openc0f1bf19f37050/b/src/modules/core/include -I/home/uilian/.conan2/p/b/openc0f1bf19f37050/b/build/Release/modules/core -isystem /home/uilian/.conan2/p/b/openc0f1bf19f37050/b/build/Release -isystem /home/uilian/.conan2/p/zlib9e81e3baaa894/p/include -isystem /home/uilian/.conan2/p/eigen5481853932f72/p/include/eigen3 -m64   -fsigned-char -W -Wall -Wreturn-type -Wnon-virtual-dtor -Waddress -Wsequence-point -Wformat -Wformat-security -Wmissing-declarations -Wundef -Winit-self -Wpointer-arith -Wshadow -Wsign-promo -Wuninitialized -Wsuggest-override -Wno-delete-non-virtual-dtor -Wno-comment -Wimplicit-fallthrough=3 -Wno-strict-overflow -fdiagnostics-show-option -Wno-long-long -pthread -fomit-frame-pointer -ffunction-sections -fdata-sections  -msse -msse2 -msse3 -fvisibility=hidden -fvisibility-inlines-hidden -O3 -DNDEBUG  -DNDEBUG -std=gnu++11 -fPIC  -mssse3 -msse4.1 -mpopcnt -msse4.2 -mf16c -mfma -mavx -mavx2 -MD -MT modules/core/CMakeFiles/opencv_core.dir/count_non_zero.avx2.cpp.o -MF modules/core/CMakeFiles/opencv_core.dir/count_non_zero.avx2.cpp.o.d -o modules/core/CMakeFiles/opencv_core.dir/count_non_zero.avx2.cpp.o -c /home/uilian/.conan2/p/b/openc0f1bf19f37050/b/build/Release/modules/core/count_non_zero.avx2.cpp
[94/411] /usr/bin/g++-13 -DCVAPI_EXPORTS -DOPENCV_ALLOCATOR_STATS_COUNTER_TYPE="long long" -D_USE_MATH_DEFINES -D__OPENCV_BUILD=1 -D__STDC_CONSTANT_MACROS -D__STDC_FORMAT_MACROS -D__STDC_LIMIT_MACROS -DCV_CPU_COMPILE_AVX2=1 -DCV_CPU_COMPILE_AVX=1 -DCV_CPU_COMPILE_FMA3=1 -DCV_CPU_COMPILE_FP16=1 -DCV_CPU_COMPILE_POPCNT=1 -DCV_CPU_COMPILE_SSE4_1=1 -DCV_CPU_COMPILE_SSE4_2=1 -DCV_CPU_COMPILE_SSSE3=1 -DCV_CPU_DISPATCH_MODE=AVX2 -I/home/uilian/.conan2/p/b/openc0f1bf19f37050/b/src/modules/core/include -I/home/uilian/.conan2/p/b/openc0f1bf19f37050/b/build/Release/modules/core -isystem /home/uilian/.conan2/p/b/openc0f1bf19f37050/b/build/Release -isystem /home/uilian/.conan2/p/zlib9e81e3baaa894/p/include -isystem /home/uilian/.conan2/p/eigen5481853932f72/p/include/eigen3 -m64   -fsigned-char -W -Wall -Wreturn-type -Wnon-virtual-dtor -Waddress -Wsequence-point -Wformat -Wformat-security -Wmissing-declarations -Wundef -Winit-self -Wpointer-arith -Wshadow -Wsign-promo -Wuninitialized -Wsuggest-override -Wno-delete-non-virtual-dtor -Wno-comment -Wimplicit-fallthrough=3 -Wno-strict-overflow -fdiagnostics-show-option -Wno-long-long -pthread -fomit-frame-pointer -ffunction-sections -fdata-sections  -msse -msse2 -msse3 -fvisibility=hidden -fvisibility-inlines-hidden -O3 -DNDEBUG  -DNDEBUG -std=gnu++11 -fPIC  -mssse3 -msse4.1 -mpopcnt -msse4.2 -mf16c -mfma -mavx -mavx2 -MD -MT modules/core/CMakeFiles/opencv_core.dir/convert.avx2.cpp.o -MF modules/core/CMakeFiles/opencv_core.dir/convert.avx2.cpp.o.d -o modules/core/CMakeFiles/opencv_core.dir/convert.avx2.cpp.o -c /home/uilian/.conan2/p/b/openc0f1bf19f37050/b/build/Release/modules/core/convert.avx2.cpp
[95/411] /usr/bin/g++-13 -DCVAPI_EXPORTS -DOPENCV_ALLOCATOR_STATS_COUNTER_TYPE="long long" -D_USE_MATH_DEFINES -D__OPENCV_BUILD=1 -D__STDC_CONSTANT_MACROS -D__STDC_FORMAT_MACROS -D__STDC_LIMIT_MACROS -DCV_CPU_COMPILE_AVX2=1 -DCV_CPU_COMPILE_AVX=1 -DCV_CPU_COMPILE_FMA3=1 -DCV_CPU_COMPILE_FP16=1 -DCV_CPU_COMPILE_POPCNT=1 -DCV_CPU_COMPILE_SSE4_1=1 -DCV_CPU_COMPILE_SSE4_2=1 -DCV_CPU_COMPILE_SSSE3=1 -DCV_CPU_DISPATCH_MODE=AVX2 -I/home/uilian/.conan2/p/b/openc0f1bf19f37050/b/src/modules/core/include -I/home/uilian/.conan2/p/b/openc0f1bf19f37050/b/build/Release/modules/core -isystem /home/uilian/.conan2/p/b/openc0f1bf19f37050/b/build/Release -isystem /home/uilian/.conan2/p/zlib9e81e3baaa894/p/include -isystem /home/uilian/.conan2/p/eigen5481853932f72/p/include/eigen3 -m64   -fsigned-char -W -Wall -Wreturn-type -Wnon-virtual-dtor -Waddress -Wsequence-point -Wformat -Wformat-security -Wmissing-declarations -Wundef -Winit-self -Wpointer-arith -Wshadow -Wsign-promo -Wuninitialized -Wsuggest-override -Wno-delete-non-virtual-dtor -Wno-comment -Wimplicit-fallthrough=3 -Wno-strict-overflow -fdiagnostics-show-option -Wno-long-long -pthread -fomit-frame-pointer -ffunction-sections -fdata-sections  -msse -msse2 -msse3 -fvisibility=hidden -fvisibility-inlines-hidden -O3 -DNDEBUG  -DNDEBUG -std=gnu++11 -fPIC  -mssse3 -msse4.1 -mpopcnt -msse4.2 -mf16c -mfma -mavx -mavx2 -MD -MT modules/core/CMakeFiles/opencv_core.dir/convert_scale.avx2.cpp.o -MF modules/core/CMakeFiles/opencv_core.dir/convert_scale.avx2.cpp.o.d -o modules/core/CMakeFiles/opencv_core.dir/convert_scale.avx2.cpp.o -c /home/uilian/.conan2/p/b/openc0f1bf19f37050/b/build/Release/modules/core/convert_scale.avx2.cpp
[96/411] /usr/bin/g++-13 -DCVAPI_EXPORTS -DOPENCV_ALLOCATOR_STATS_COUNTER_TYPE="long long" -D_USE_MATH_DEFINES -D__OPENCV_BUILD=1 -D__STDC_CONSTANT_MACROS -D__STDC_FORMAT_MACROS -D__STDC_LIMIT_MACROS -DCV_CPU_COMPILE_AVX2=1 -DCV_CPU_COMPILE_AVX=1 -DCV_CPU_COMPILE_FMA3=1 -DCV_CPU_COMPILE_FP16=1 -DCV_CPU_COMPILE_POPCNT=1 -DCV_CPU_COMPILE_SSE4_1=1 -DCV_CPU_COMPILE_SSE4_2=1 -DCV_CPU_COMPILE_SSSE3=1 -DCV_CPU_DISPATCH_MODE=AVX2 -I/home/uilian/.conan2/p/b/openc0f1bf19f37050/b/src/modules/core/include -I/home/uilian/.conan2/p/b/openc0f1bf19f37050/b/build/Release/modules/core -isystem /home/uilian/.conan2/p/b/openc0f1bf19f37050/b/build/Release -isystem /home/uilian/.conan2/p/zlib9e81e3baaa894/p/include -isystem /home/uilian/.conan2/p/eigen5481853932f72/p/include/eigen3 -m64   -fsigned-char -W -Wall -Wreturn-type -Wnon-virtual-dtor -Waddress -Wsequence-point -Wformat -Wformat-security -Wmissing-declarations -Wundef -Winit-self -Wpointer-arith -Wshadow -Wsign-promo -Wuninitialized -Wsuggest-override -Wno-delete-non-virtual-dtor -Wno-comment -Wimplicit-fallthrough=3 -Wno-strict-overflow -fdiagnostics-show-option -Wno-long-long -pthread -fomit-frame-pointer -ffunction-sections -fdata-sections  -msse -msse2 -msse3 -fvisibility=hidden -fvisibility-inlines-hidden -O3 -DNDEBUG  -DNDEBUG -std=gnu++11 -fPIC  -mssse3 -msse4.1 -mpopcnt -msse4.2 -mf16c -mfma -mavx -mavx2 -MD -MT modules/core/CMakeFiles/opencv_core.dir/mean.avx2.cpp.o -MF modules/core/CMakeFiles/opencv_core.dir/mean.avx2.cpp.o.d -o modules/core/CMakeFiles/opencv_core.dir/mean.avx2.cpp.o -c /home/uilian/.conan2/p/b/openc0f1bf19f37050/b/build/Release/modules/core/mean.avx2.cpp
[97/411] /usr/bin/g++-13 -DCVAPI_EXPORTS -DOPENCV_ALLOCATOR_STATS_COUNTER_TYPE="long long" -D_USE_MATH_DEFINES -D__OPENCV_BUILD=1 -D__STDC_CONSTANT_MACROS -D__STDC_FORMAT_MACROS -D__STDC_LIMIT_MACROS -DCV_CPU_COMPILE_SSE4_1=1 -DCV_CPU_COMPILE_SSSE3=1 -DCV_CPU_DISPATCH_MODE=SSE4_1 -I/home/uilian/.conan2/p/b/openc0f1bf19f37050/b/src/modules/core/include -I/home/uilian/.conan2/p/b/openc0f1bf19f37050/b/build/Release/modules/core -isystem /home/uilian/.conan2/p/b/openc0f1bf19f37050/b/build/Release -isystem /home/uilian/.conan2/p/zlib9e81e3baaa894/p/include -isystem /home/uilian/.conan2/p/eigen5481853932f72/p/include/eigen3 -m64   -fsigned-char -W -Wall -Wreturn-type -Wnon-virtual-dtor -Waddress -Wsequence-point -Wformat -Wformat-security -Wmissing-declarations -Wundef -Winit-self -Wpointer-arith -Wshadow -Wsign-promo -Wuninitialized -Wsuggest-override -Wno-delete-non-virtual-dtor -Wno-comment -Wimplicit-fallthrough=3 -Wno-strict-overflow -fdiagnostics-show-option -Wno-long-long -pthread -fomit-frame-pointer -ffunction-sections -fdata-sections  -msse -msse2 -msse3 -fvisibility=hidden -fvisibility-inlines-hidden -O3 -DNDEBUG  -DNDEBUG -std=gnu++11 -fPIC  -mssse3 -msse4.1 -MD -MT modules/core/CMakeFiles/opencv_core.dir/matmul.sse4_1.cpp.o -MF modules/core/CMakeFiles/opencv_core.dir/matmul.sse4_1.cpp.o.d -o modules/core/CMakeFiles/opencv_core.dir/matmul.sse4_1.cpp.o -c /home/uilian/.conan2/p/b/openc0f1bf19f37050/b/build/Release/modules/core/matmul.sse4_1.cpp
[98/411] /usr/bin/g++-13 -DCVAPI_EXPORTS -D_USE_MATH_DEFINES -D__OPENCV_BUILD=1 -D__STDC_CONSTANT_MACROS -D__STDC_FORMAT_MACROS -D__STDC_LIMIT_MACROS -I/home/uilian/.conan2/p/b/openc0f1bf19f37050/b/src/modules/flann/include -I/home/uilian/.conan2/p/b/openc0f1bf19f37050/b/build/Release/modules/flann -I/home/uilian/.conan2/p/b/openc0f1bf19f37050/b/src/modules/core/include -isystem /home/uilian/.conan2/p/b/openc0f1bf19f37050/b/build/Release -isystem /home/uilian/.conan2/p/eigen5481853932f72/p/include/eigen3 -m64   -fsigned-char -W -Wall -Wreturn-type -Wnon-virtual-dtor -Waddress -Wsequence-point -Wformat -Wformat-security -Wmissing-declarations -Wundef -Winit-self -Wpointer-arith -Wshadow -Wsign-promo -Wuninitialized -Wsuggest-override -Wno-delete-non-virtual-dtor -Wno-comment -Wimplicit-fallthrough=3 -Wno-strict-overflow -fdiagnostics-show-option -Wno-long-long -pthread -fomit-frame-pointer -ffunction-sections -fdata-sections  -msse -msse2 -msse3 -fvisibility=hidden -fvisibility-inlines-hidden -O3 -DNDEBUG  -DNDEBUG -std=gnu++11 -fPIC -MD -MT modules/flann/CMakeFiles/opencv_flann.dir/src/flann.cpp.o -MF modules/flann/CMakeFiles/opencv_flann.dir/src/flann.cpp.o.d -o modules/flann/CMakeFiles/opencv_flann.dir/src/flann.cpp.o -c /home/uilian/.conan2/p/b/openc0f1bf19f37050/b/src/modules/flann/src/flann.cpp
[99/411] /usr/bin/g++-13 -DCVAPI_EXPORTS -DOPENCV_ALLOCATOR_STATS_COUNTER_TYPE="long long" -D_USE_MATH_DEFINES -D__OPENCV_BUILD=1 -D__STDC_CONSTANT_MACROS -D__STDC_FORMAT_MACROS -D__STDC_LIMIT_MACROS -DCV_CPU_COMPILE_AVX2=1 -DCV_CPU_COMPILE_AVX=1 -DCV_CPU_COMPILE_FMA3=1 -DCV_CPU_COMPILE_FP16=1 -DCV_CPU_COMPILE_POPCNT=1 -DCV_CPU_COMPILE_SSE4_1=1 -DCV_CPU_COMPILE_SSE4_2=1 -DCV_CPU_COMPILE_SSSE3=1 -DCV_CPU_DISPATCH_MODE=AVX2 -I/home/uilian/.conan2/p/b/openc0f1bf19f37050/b/src/modules/core/include -I/home/uilian/.conan2/p/b/openc0f1bf19f37050/b/build/Release/modules/core -isystem /home/uilian/.conan2/p/b/openc0f1bf19f37050/b/build/Release -isystem /home/uilian/.conan2/p/zlib9e81e3baaa894/p/include -isystem /home/uilian/.conan2/p/eigen5481853932f72/p/include/eigen3 -m64   -fsigned-char -W -Wall -Wreturn-type -Wnon-virtual-dtor -Waddress -Wsequence-point -Wformat -Wformat-security -Wmissing-declarations -Wundef -Winit-self -Wpointer-arith -Wshadow -Wsign-promo -Wuninitialized -Wsuggest-override -Wno-delete-non-virtual-dtor -Wno-comment -Wimplicit-fallthrough=3 -Wno-strict-overflow -fdiagnostics-show-option -Wno-long-long -pthread -fomit-frame-pointer -ffunction-sections -fdata-sections  -msse -msse2 -msse3 -fvisibility=hidden -fvisibility-inlines-hidden -O3 -DNDEBUG  -DNDEBUG -std=gnu++11 -fPIC  -mssse3 -msse4.1 -mpopcnt -msse4.2 -mf16c -mfma -mavx -mavx2 -MD -MT modules/core/CMakeFiles/opencv_core.dir/merge.avx2.cpp.o -MF modules/core/CMakeFiles/opencv_core.dir/merge.avx2.cpp.o.d -o modules/core/CMakeFiles/opencv_core.dir/merge.avx2.cpp.o -c /home/uilian/.conan2/p/b/openc0f1bf19f37050/b/build/Release/modules/core/merge.avx2.cpp
[100/411] /usr/bin/g++-13 -DCVAPI_EXPORTS -DOPENCV_ALLOCATOR_STATS_COUNTER_TYPE="long long" -D_USE_MATH_DEFINES -D__OPENCV_BUILD=1 -D__STDC_CONSTANT_MACROS -D__STDC_FORMAT_MACROS -D__STDC_LIMIT_MACROS -DCV_CPU_COMPILE_AVX2=1 -DCV_CPU_COMPILE_AVX=1 -DCV_CPU_COMPILE_FMA3=1 -DCV_CPU_COMPILE_FP16=1 -DCV_CPU_COMPILE_POPCNT=1 -DCV_CPU_COMPILE_SSE4_1=1 -DCV_CPU_COMPILE_SSE4_2=1 -DCV_CPU_COMPILE_SSSE3=1 -DCV_CPU_DISPATCH_MODE=AVX2 -I/home/uilian/.conan2/p/b/openc0f1bf19f37050/b/src/modules/core/include -I/home/uilian/.conan2/p/b/openc0f1bf19f37050/b/build/Release/modules/core -isystem /home/uilian/.conan2/p/b/openc0f1bf19f37050/b/build/Release -isystem /home/uilian/.conan2/p/zlib9e81e3baaa894/p/include -isystem /home/uilian/.conan2/p/eigen5481853932f72/p/include/eigen3 -m64   -fsigned-char -W -Wall -Wreturn-type -Wnon-virtual-dtor -Waddress -Wsequence-point -Wformat -Wformat-security -Wmissing-declarations -Wundef -Winit-self -Wpointer-arith -Wshadow -Wsign-promo -Wuninitialized -Wsuggest-override -Wno-delete-non-virtual-dtor -Wno-comment -Wimplicit-fallthrough=3 -Wno-strict-overflow -fdiagnostics-show-option -Wno-long-long -pthread -fomit-frame-pointer -ffunction-sections -fdata-sections  -msse -msse2 -msse3 -fvisibility=hidden -fvisibility-inlines-hidden -O3 -DNDEBUG  -DNDEBUG -std=gnu++11 -fPIC  -mssse3 -msse4.1 -mpopcnt -msse4.2 -mf16c -mfma -mavx -mavx2 -MD -MT modules/core/CMakeFiles/opencv_core.dir/split.avx2.cpp.o -MF modules/core/CMakeFiles/opencv_core.dir/split.avx2.cpp.o.d -o modules/core/CMakeFiles/opencv_core.dir/split.avx2.cpp.o -c /home/uilian/.conan2/p/b/openc0f1bf19f37050/b/build/Release/modules/core/split.avx2.cpp
[101/411] /usr/bin/g++-13 -DCVAPI_EXPORTS -DOPENCV_ALLOCATOR_STATS_COUNTER_TYPE="long long" -D_USE_MATH_DEFINES -D__OPENCV_BUILD=1 -D__STDC_CONSTANT_MACROS -D__STDC_FORMAT_MACROS -D__STDC_LIMIT_MACROS -DCV_CPU_COMPILE_AVX2=1 -DCV_CPU_COMPILE_AVX=1 -DCV_CPU_COMPILE_FMA3=1 -DCV_CPU_COMPILE_FP16=1 -DCV_CPU_COMPILE_POPCNT=1 -DCV_CPU_COMPILE_SSE4_1=1 -DCV_CPU_COMPILE_SSE4_2=1 -DCV_CPU_COMPILE_SSSE3=1 -DCV_CPU_DISPATCH_MODE=AVX2 -I/home/uilian/.conan2/p/b/openc0f1bf19f37050/b/src/modules/core/include -I/home/uilian/.conan2/p/b/openc0f1bf19f37050/b/build/Release/modules/core -isystem /home/uilian/.conan2/p/b/openc0f1bf19f37050/b/build/Release -isystem /home/uilian/.conan2/p/zlib9e81e3baaa894/p/include -isystem /home/uilian/.conan2/p/eigen5481853932f72/p/include/eigen3 -m64   -fsigned-char -W -Wall -Wreturn-type -Wnon-virtual-dtor -Waddress -Wsequence-point -Wformat -Wformat-security -Wmissing-declarations -Wundef -Winit-self -Wpointer-arith -Wshadow -Wsign-promo -Wuninitialized -Wsuggest-override -Wno-delete-non-virtual-dtor -Wno-comment -Wimplicit-fallthrough=3 -Wno-strict-overflow -fdiagnostics-show-option -Wno-long-long -pthread -fomit-frame-pointer -ffunction-sections -fdata-sections  -msse -msse2 -msse3 -fvisibility=hidden -fvisibility-inlines-hidden -O3 -DNDEBUG  -DNDEBUG -std=gnu++11 -fPIC  -mssse3 -msse4.1 -mpopcnt -msse4.2 -mf16c -mfma -mavx -mavx2 -MD -MT modules/core/CMakeFiles/opencv_core.dir/sum.avx2.cpp.o -MF modules/core/CMakeFiles/opencv_core.dir/sum.avx2.cpp.o.d -o modules/core/CMakeFiles/opencv_core.dir/sum.avx2.cpp.o -c /home/uilian/.conan2/p/b/openc0f1bf19f37050/b/build/Release/modules/core/sum.avx2.cpp
[102/411] /usr/bin/g++-13 -DCVAPI_EXPORTS -D_USE_MATH_DEFINES -D__OPENCV_BUILD=1 -D__STDC_CONSTANT_MACROS -D__STDC_FORMAT_MACROS -D__STDC_LIMIT_MACROS -I/home/uilian/.conan2/p/b/openc0f1bf19f37050/b/src/modules/ml/include -I/home/uilian/.conan2/p/b/openc0f1bf19f37050/b/build/Release/modules/ml -I/home/uilian/.conan2/p/b/openc0f1bf19f37050/b/src/modules/core/include -isystem /home/uilian/.conan2/p/b/openc0f1bf19f37050/b/build/Release -isystem /home/uilian/.conan2/p/eigen5481853932f72/p/include/eigen3 -m64   -fsigned-char -W -Wall -Wreturn-type -Wnon-virtual-dtor -Waddress -Wsequence-point -Wformat -Wformat-security -Wmissing-declarations -Wundef -Winit-self -Wpointer-arith -Wshadow -Wsign-promo -Wuninitialized -Wsuggest-override -Wno-delete-non-virtual-dtor -Wno-comment -Wimplicit-fallthrough=3 -Wno-strict-overflow -fdiagnostics-show-option -Wno-long-long -pthread -fomit-frame-pointer -ffunction-sections -fdata-sections  -msse -msse2 -msse3 -fvisibility=hidden -fvisibility-inlines-hidden -O3 -DNDEBUG  -DNDEBUG -std=gnu++11 -fPIC -MD -MT modules/ml/CMakeFiles/opencv_ml.dir/src/boost.cpp.o -MF modules/ml/CMakeFiles/opencv_ml.dir/src/boost.cpp.o.d -o modules/ml/CMakeFiles/opencv_ml.dir/src/boost.cpp.o -c /home/uilian/.conan2/p/b/openc0f1bf19f37050/b/src/modules/ml/src/boost.cpp
[103/411] /usr/bin/g++-13 -DCVAPI_EXPORTS -DOPENCV_ALLOCATOR_STATS_COUNTER_TYPE="long long" -D_USE_MATH_DEFINES -D__OPENCV_BUILD=1 -D__STDC_CONSTANT_MACROS -D__STDC_FORMAT_MACROS -D__STDC_LIMIT_MACROS -DCV_CPU_COMPILE_SSE4_1=1 -DCV_CPU_COMPILE_SSSE3=1 -DCV_CPU_DISPATCH_MODE=SSE4_1 -I/home/uilian/.conan2/p/b/openc0f1bf19f37050/b/src/modules/core/include -I/home/uilian/.conan2/p/b/openc0f1bf19f37050/b/build/Release/modules/core -isystem /home/uilian/.conan2/p/b/openc0f1bf19f37050/b/build/Release -isystem /home/uilian/.conan2/p/zlib9e81e3baaa894/p/include -isystem /home/uilian/.conan2/p/eigen5481853932f72/p/include/eigen3 -m64   -fsigned-char -W -Wall -Wreturn-type -Wnon-virtual-dtor -Waddress -Wsequence-point -Wformat -Wformat-security -Wmissing-declarations -Wundef -Winit-self -Wpointer-arith -Wshadow -Wsign-promo -Wuninitialized -Wsuggest-override -Wno-delete-non-virtual-dtor -Wno-comment -Wimplicit-fallthrough=3 -Wno-strict-overflow -fdiagnostics-show-option -Wno-long-long -pthread -fomit-frame-pointer -ffunction-sections -fdata-sections  -msse -msse2 -msse3 -fvisibility=hidden -fvisibility-inlines-hidden -O3 -DNDEBUG  -DNDEBUG -std=gnu++11 -fPIC  -mssse3 -msse4.1 -MD -MT modules/core/CMakeFiles/opencv_core.dir/arithm.sse4_1.cpp.o -MF modules/core/CMakeFiles/opencv_core.dir/arithm.sse4_1.cpp.o.d -o modules/core/CMakeFiles/opencv_core.dir/arithm.sse4_1.cpp.o -c /home/uilian/.conan2/p/b/openc0f1bf19f37050/b/build/Release/modules/core/arithm.sse4_1.cpp
[104/411] /usr/bin/g++-13 -DCVAPI_EXPORTS -D_USE_MATH_DEFINES -D__OPENCV_BUILD=1 -D__STDC_CONSTANT_MACROS -D__STDC_FORMAT_MACROS -D__STDC_LIMIT_MACROS -I/home/uilian/.conan2/p/b/openc0f1bf19f37050/b/src/modules/ml/include -I/home/uilian/.conan2/p/b/openc0f1bf19f37050/b/build/Release/modules/ml -I/home/uilian/.conan2/p/b/openc0f1bf19f37050/b/src/modules/core/include -isystem /home/uilian/.conan2/p/b/openc0f1bf19f37050/b/build/Release -isystem /home/uilian/.conan2/p/eigen5481853932f72/p/include/eigen3 -m64   -fsigned-char -W -Wall -Wreturn-type -Wnon-virtual-dtor -Waddress -Wsequence-point -Wformat -Wformat-security -Wmissing-declarations -Wundef -Winit-self -Wpointer-arith -Wshadow -Wsign-promo -Wuninitialized -Wsuggest-override -Wno-delete-non-virtual-dtor -Wno-comment -Wimplicit-fallthrough=3 -Wno-strict-overflow -fdiagnostics-show-option -Wno-long-long -pthread -fomit-frame-pointer -ffunction-sections -fdata-sections  -msse -msse2 -msse3 -fvisibility=hidden -fvisibility-inlines-hidden -O3 -DNDEBUG  -DNDEBUG -std=gnu++11 -fPIC -MD -MT modules/ml/CMakeFiles/opencv_ml.dir/src/gbt.cpp.o -MF modules/ml/CMakeFiles/opencv_ml.dir/src/gbt.cpp.o.d -o modules/ml/CMakeFiles/opencv_ml.dir/src/gbt.cpp.o -c /home/uilian/.conan2/p/b/openc0f1bf19f37050/b/src/modules/ml/src/gbt.cpp
[105/411] /usr/bin/g++-13 -DCVAPI_EXPORTS -D_USE_MATH_DEFINES -D__OPENCV_BUILD=1 -D__STDC_CONSTANT_MACROS -D__STDC_FORMAT_MACROS -D__STDC_LIMIT_MACROS -I/home/uilian/.conan2/p/b/openc0f1bf19f37050/b/src/modules/ml/include -I/home/uilian/.conan2/p/b/openc0f1bf19f37050/b/build/Release/modules/ml -I/home/uilian/.conan2/p/b/openc0f1bf19f37050/b/src/modules/core/include -isystem /home/uilian/.conan2/p/b/openc0f1bf19f37050/b/build/Release -isystem /home/uilian/.conan2/p/eigen5481853932f72/p/include/eigen3 -m64   -fsigned-char -W -Wall -Wreturn-type -Wnon-virtual-dtor -Waddress -Wsequence-point -Wformat -Wformat-security -Wmissing-declarations -Wundef -Winit-self -Wpointer-arith -Wshadow -Wsign-promo -Wuninitialized -Wsuggest-override -Wno-delete-non-virtual-dtor -Wno-comment -Wimplicit-fallthrough=3 -Wno-strict-overflow -fdiagnostics-show-option -Wno-long-long -pthread -fomit-frame-pointer -ffunction-sections -fdata-sections  -msse -msse2 -msse3 -fvisibility=hidden -fvisibility-inlines-hidden -O3 -DNDEBUG  -DNDEBUG -std=gnu++11 -fPIC -MD -MT modules/ml/CMakeFiles/opencv_ml.dir/src/inner_functions.cpp.o -MF modules/ml/CMakeFiles/opencv_ml.dir/src/inner_functions.cpp.o.d -o modules/ml/CMakeFiles/opencv_ml.dir/src/inner_functions.cpp.o -c /home/uilian/.conan2/p/b/openc0f1bf19f37050/b/src/modules/ml/src/inner_functions.cpp
[106/411] /usr/bin/g++-13 -DCVAPI_EXPORTS -DOPENCV_ALLOCATOR_STATS_COUNTER_TYPE="long long" -D_USE_MATH_DEFINES -D__OPENCV_BUILD=1 -D__STDC_CONSTANT_MACROS -D__STDC_FORMAT_MACROS -D__STDC_LIMIT_MACROS -DCV_CPU_COMPILE_AVX2=1 -DCV_CPU_COMPILE_AVX=1 -DCV_CPU_COMPILE_FMA3=1 -DCV_CPU_COMPILE_FP16=1 -DCV_CPU_COMPILE_POPCNT=1 -DCV_CPU_COMPILE_SSE4_1=1 -DCV_CPU_COMPILE_SSE4_2=1 -DCV_CPU_COMPILE_SSSE3=1 -DCV_CPU_DISPATCH_MODE=AVX2 -I/home/uilian/.conan2/p/b/openc0f1bf19f37050/b/src/modules/core/include -I/home/uilian/.conan2/p/b/openc0f1bf19f37050/b/build/Release/modules/core -isystem /home/uilian/.conan2/p/b/openc0f1bf19f37050/b/build/Release -isystem /home/uilian/.conan2/p/zlib9e81e3baaa894/p/include -isystem /home/uilian/.conan2/p/eigen5481853932f72/p/include/eigen3 -m64   -fsigned-char -W -Wall -Wreturn-type -Wnon-virtual-dtor -Waddress -Wsequence-point -Wformat -Wformat-security -Wmissing-declarations -Wundef -Winit-self -Wpointer-arith -Wshadow -Wsign-promo -Wuninitialized -Wsuggest-override -Wno-delete-non-virtual-dtor -Wno-comment -Wimplicit-fallthrough=3 -Wno-strict-overflow -fdiagnostics-show-option -Wno-long-long -pthread -fomit-frame-pointer -ffunction-sections -fdata-sections  -msse -msse2 -msse3 -fvisibility=hidden -fvisibility-inlines-hidden -O3 -DNDEBUG  -DNDEBUG -std=gnu++11 -fPIC  -mssse3 -msse4.1 -mpopcnt -msse4.2 -mf16c -mfma -mavx -mavx2 -MD -MT modules/core/CMakeFiles/opencv_core.dir/matmul.avx2.cpp.o -MF modules/core/CMakeFiles/opencv_core.dir/matmul.avx2.cpp.o.d -o modules/core/CMakeFiles/opencv_core.dir/matmul.avx2.cpp.o -c /home/uilian/.conan2/p/b/openc0f1bf19f37050/b/build/Release/modules/core/matmul.avx2.cpp
[107/411] /usr/bin/g++-13 -DCVAPI_EXPORTS -D_USE_MATH_DEFINES -D__OPENCV_BUILD=1 -D__STDC_CONSTANT_MACROS -D__STDC_FORMAT_MACROS -D__STDC_LIMIT_MACROS -I/home/uilian/.conan2/p/b/openc0f1bf19f37050/b/src/modules/ml/include -I/home/uilian/.conan2/p/b/openc0f1bf19f37050/b/build/Release/modules/ml -I/home/uilian/.conan2/p/b/openc0f1bf19f37050/b/src/modules/core/include -isystem /home/uilian/.conan2/p/b/openc0f1bf19f37050/b/build/Release -isystem /home/uilian/.conan2/p/eigen5481853932f72/p/include/eigen3 -m64   -fsigned-char -W -Wall -Wreturn-type -Wnon-virtual-dtor -Waddress -Wsequence-point -Wformat -Wformat-security -Wmissing-declarations -Wundef -Winit-self -Wpointer-arith -Wshadow -Wsign-promo -Wuninitialized -Wsuggest-override -Wno-delete-non-virtual-dtor -Wno-comment -Wimplicit-fallthrough=3 -Wno-strict-overflow -fdiagnostics-show-option -Wno-long-long -pthread -fomit-frame-pointer -ffunction-sections -fdata-sections  -msse -msse2 -msse3 -fvisibility=hidden -fvisibility-inlines-hidden -O3 -DNDEBUG  -DNDEBUG -std=gnu++11 -fPIC -MD -MT modules/ml/CMakeFiles/opencv_ml.dir/src/ann_mlp.cpp.o -MF modules/ml/CMakeFiles/opencv_ml.dir/src/ann_mlp.cpp.o.d -o modules/ml/CMakeFiles/opencv_ml.dir/src/ann_mlp.cpp.o -c /home/uilian/.conan2/p/b/openc0f1bf19f37050/b/src/modules/ml/src/ann_mlp.cpp
[108/411] /usr/bin/g++-13 -DCVAPI_EXPORTS -D_USE_MATH_DEFINES -D__OPENCV_BUILD=1 -D__STDC_CONSTANT_MACROS -D__STDC_FORMAT_MACROS -D__STDC_LIMIT_MACROS -I/home/uilian/.conan2/p/b/openc0f1bf19f37050/b/src/modules/ml/include -I/home/uilian/.conan2/p/b/openc0f1bf19f37050/b/build/Release/modules/ml -I/home/uilian/.conan2/p/b/openc0f1bf19f37050/b/src/modules/core/include -isystem /home/uilian/.conan2/p/b/openc0f1bf19f37050/b/build/Release -isystem /home/uilian/.conan2/p/eigen5481853932f72/p/include/eigen3 -m64   -fsigned-char -W -Wall -Wreturn-type -Wnon-virtual-dtor -Waddress -Wsequence-point -Wformat -Wformat-security -Wmissing-declarations -Wundef -Winit-self -Wpointer-arith -Wshadow -Wsign-promo -Wuninitialized -Wsuggest-override -Wno-delete-non-virtual-dtor -Wno-comment -Wimplicit-fallthrough=3 -Wno-strict-overflow -fdiagnostics-show-option -Wno-long-long -pthread -fomit-frame-pointer -ffunction-sections -fdata-sections  -msse -msse2 -msse3 -fvisibility=hidden -fvisibility-inlines-hidden -O3 -DNDEBUG  -DNDEBUG -std=gnu++11 -fPIC -MD -MT modules/ml/CMakeFiles/opencv_ml.dir/src/em.cpp.o -MF modules/ml/CMakeFiles/opencv_ml.dir/src/em.cpp.o.d -o modules/ml/CMakeFiles/opencv_ml.dir/src/em.cpp.o -c /home/uilian/.conan2/p/b/openc0f1bf19f37050/b/src/modules/ml/src/em.cpp
[109/411] /usr/bin/g++-13 -DCVAPI_EXPORTS -D_USE_MATH_DEFINES -D__OPENCV_BUILD=1 -D__STDC_CONSTANT_MACROS -D__STDC_FORMAT_MACROS -D__STDC_LIMIT_MACROS -I/home/uilian/.conan2/p/b/openc0f1bf19f37050/b/src/modules/ml/include -I/home/uilian/.conan2/p/b/openc0f1bf19f37050/b/build/Release/modules/ml -I/home/uilian/.conan2/p/b/openc0f1bf19f37050/b/src/modules/core/include -isystem /home/uilian/.conan2/p/b/openc0f1bf19f37050/b/build/Release -isystem /home/uilian/.conan2/p/eigen5481853932f72/p/include/eigen3 -m64   -fsigned-char -W -Wall -Wreturn-type -Wnon-virtual-dtor -Waddress -Wsequence-point -Wformat -Wformat-security -Wmissing-declarations -Wundef -Winit-self -Wpointer-arith -Wshadow -Wsign-promo -Wuninitialized -Wsuggest-override -Wno-delete-non-virtual-dtor -Wno-comment -Wimplicit-fallthrough=3 -Wno-strict-overflow -fdiagnostics-show-option -Wno-long-long -pthread -fomit-frame-pointer -ffunction-sections -fdata-sections  -msse -msse2 -msse3 -fvisibility=hidden -fvisibility-inlines-hidden -O3 -DNDEBUG  -DNDEBUG -std=gnu++11 -fPIC -MD -MT modules/ml/CMakeFiles/opencv_ml.dir/src/data.cpp.o -MF modules/ml/CMakeFiles/opencv_ml.dir/src/data.cpp.o.d -o modules/ml/CMakeFiles/opencv_ml.dir/src/data.cpp.o -c /home/uilian/.conan2/p/b/openc0f1bf19f37050/b/src/modules/ml/src/data.cpp
[110/411] /usr/bin/g++-13 -DCVAPI_EXPORTS -D_USE_MATH_DEFINES -D__OPENCV_BUILD=1 -D__STDC_CONSTANT_MACROS -D__STDC_FORMAT_MACROS -D__STDC_LIMIT_MACROS -I/home/uilian/.conan2/p/b/openc0f1bf19f37050/b/src/modules/ml/include -I/home/uilian/.conan2/p/b/openc0f1bf19f37050/b/build/Release/modules/ml -I/home/uilian/.conan2/p/b/openc0f1bf19f37050/b/src/modules/core/include -isystem /home/uilian/.conan2/p/b/openc0f1bf19f37050/b/build/Release -isystem /home/uilian/.conan2/p/eigen5481853932f72/p/include/eigen3 -m64   -fsigned-char -W -Wall -Wreturn-type -Wnon-virtual-dtor -Waddress -Wsequence-point -Wformat -Wformat-security -Wmissing-declarations -Wundef -Winit-self -Wpointer-arith -Wshadow -Wsign-promo -Wuninitialized -Wsuggest-override -Wno-delete-non-virtual-dtor -Wno-comment -Wimplicit-fallthrough=3 -Wno-strict-overflow -fdiagnostics-show-option -Wno-long-long -pthread -fomit-frame-pointer -ffunction-sections -fdata-sections  -msse -msse2 -msse3 -fvisibility=hidden -fvisibility-inlines-hidden -O3 -DNDEBUG  -DNDEBUG -std=gnu++11 -fPIC -MD -MT modules/ml/CMakeFiles/opencv_ml.dir/src/kdtree.cpp.o -MF modules/ml/CMakeFiles/opencv_ml.dir/src/kdtree.cpp.o.d -o modules/ml/CMakeFiles/opencv_ml.dir/src/kdtree.cpp.o -c /home/uilian/.conan2/p/b/openc0f1bf19f37050/b/src/modules/ml/src/kdtree.cpp
[111/411] /usr/bin/g++-13 -DCVAPI_EXPORTS -D_USE_MATH_DEFINES -D__OPENCV_BUILD=1 -D__STDC_CONSTANT_MACROS -D__STDC_FORMAT_MACROS -D__STDC_LIMIT_MACROS -I/home/uilian/.conan2/p/b/openc0f1bf19f37050/b/src/modules/ml/include -I/home/uilian/.conan2/p/b/openc0f1bf19f37050/b/build/Release/modules/ml -I/home/uilian/.conan2/p/b/openc0f1bf19f37050/b/src/modules/core/include -isystem /home/uilian/.conan2/p/b/openc0f1bf19f37050/b/build/Release -isystem /home/uilian/.conan2/p/eigen5481853932f72/p/include/eigen3 -m64   -fsigned-char -W -Wall -Wreturn-type -Wnon-virtual-dtor -Waddress -Wsequence-point -Wformat -Wformat-security -Wmissing-declarations -Wundef -Winit-self -Wpointer-arith -Wshadow -Wsign-promo -Wuninitialized -Wsuggest-override -Wno-delete-non-virtual-dtor -Wno-comment -Wimplicit-fallthrough=3 -Wno-strict-overflow -fdiagnostics-show-option -Wno-long-long -pthread -fomit-frame-pointer -ffunction-sections -fdata-sections  -msse -msse2 -msse3 -fvisibility=hidden -fvisibility-inlines-hidden -O3 -DNDEBUG  -DNDEBUG -std=gnu++11 -fPIC -MD -MT modules/ml/CMakeFiles/opencv_ml.dir/src/knearest.cpp.o -MF modules/ml/CMakeFiles/opencv_ml.dir/src/knearest.cpp.o.d -o modules/ml/CMakeFiles/opencv_ml.dir/src/knearest.cpp.o -c /home/uilian/.conan2/p/b/openc0f1bf19f37050/b/src/modules/ml/src/knearest.cpp
[112/411] /usr/bin/g++-13 -DCVAPI_EXPORTS -D_USE_MATH_DEFINES -D__OPENCV_BUILD=1 -D__STDC_CONSTANT_MACROS -D__STDC_FORMAT_MACROS -D__STDC_LIMIT_MACROS -I/home/uilian/.conan2/p/b/openc0f1bf19f37050/b/src/modules/ml/include -I/home/uilian/.conan2/p/b/openc0f1bf19f37050/b/build/Release/modules/ml -I/home/uilian/.conan2/p/b/openc0f1bf19f37050/b/src/modules/core/include -isystem /home/uilian/.conan2/p/b/openc0f1bf19f37050/b/build/Release -isystem /home/uilian/.conan2/p/eigen5481853932f72/p/include/eigen3 -m64   -fsigned-char -W -Wall -Wreturn-type -Wnon-virtual-dtor -Waddress -Wsequence-point -Wformat -Wformat-security -Wmissing-declarations -Wundef -Winit-self -Wpointer-arith -Wshadow -Wsign-promo -Wuninitialized -Wsuggest-override -Wno-delete-non-virtual-dtor -Wno-comment -Wimplicit-fallthrough=3 -Wno-strict-overflow -fdiagnostics-show-option -Wno-long-long -pthread -fomit-frame-pointer -ffunction-sections -fdata-sections  -msse -msse2 -msse3 -fvisibility=hidden -fvisibility-inlines-hidden -O3 -DNDEBUG  -DNDEBUG -std=gnu++11 -fPIC -MD -MT modules/ml/CMakeFiles/opencv_ml.dir/src/lr.cpp.o -MF modules/ml/CMakeFiles/opencv_ml.dir/src/lr.cpp.o.d -o modules/ml/CMakeFiles/opencv_ml.dir/src/lr.cpp.o -c /home/uilian/.conan2/p/b/openc0f1bf19f37050/b/src/modules/ml/src/lr.cpp
[113/411] /usr/bin/g++-13 -DCVAPI_EXPORTS -D_USE_MATH_DEFINES -D__OPENCV_BUILD=1 -D__STDC_CONSTANT_MACROS -D__STDC_FORMAT_MACROS -D__STDC_LIMIT_MACROS -I/home/uilian/.conan2/p/b/openc0f1bf19f37050/b/src/modules/ml/include -I/home/uilian/.conan2/p/b/openc0f1bf19f37050/b/build/Release/modules/ml -I/home/uilian/.conan2/p/b/openc0f1bf19f37050/b/src/modules/core/include -isystem /home/uilian/.conan2/p/b/openc0f1bf19f37050/b/build/Release -isystem /home/uilian/.conan2/p/eigen5481853932f72/p/include/eigen3 -m64   -fsigned-char -W -Wall -Wreturn-type -Wnon-virtual-dtor -Waddress -Wsequence-point -Wformat -Wformat-security -Wmissing-declarations -Wundef -Winit-self -Wpointer-arith -Wshadow -Wsign-promo -Wuninitialized -Wsuggest-override -Wno-delete-non-virtual-dtor -Wno-comment -Wimplicit-fallthrough=3 -Wno-strict-overflow -fdiagnostics-show-option -Wno-long-long -pthread -fomit-frame-pointer -ffunction-sections -fdata-sections  -msse -msse2 -msse3 -fvisibility=hidden -fvisibility-inlines-hidden -O3 -DNDEBUG  -DNDEBUG -std=gnu++11 -fPIC -MD -MT modules/ml/CMakeFiles/opencv_ml.dir/src/nbayes.cpp.o -MF modules/ml/CMakeFiles/opencv_ml.dir/src/nbayes.cpp.o.d -o modules/ml/CMakeFiles/opencv_ml.dir/src/nbayes.cpp.o -c /home/uilian/.conan2/p/b/openc0f1bf19f37050/b/src/modules/ml/src/nbayes.cpp
[114/411] /usr/bin/g++-13 -DCVAPI_EXPORTS -D_USE_MATH_DEFINES -D__OPENCV_BUILD=1 -D__STDC_CONSTANT_MACROS -D__STDC_FORMAT_MACROS -D__STDC_LIMIT_MACROS -I/home/uilian/.conan2/p/b/openc0f1bf19f37050/b/src/modules/ml/include -I/home/uilian/.conan2/p/b/openc0f1bf19f37050/b/build/Release/modules/ml -I/home/uilian/.conan2/p/b/openc0f1bf19f37050/b/src/modules/core/include -isystem /home/uilian/.conan2/p/b/openc0f1bf19f37050/b/build/Release -isystem /home/uilian/.conan2/p/eigen5481853932f72/p/include/eigen3 -m64   -fsigned-char -W -Wall -Wreturn-type -Wnon-virtual-dtor -Waddress -Wsequence-point -Wformat -Wformat-security -Wmissing-declarations -Wundef -Winit-self -Wpointer-arith -Wshadow -Wsign-promo -Wuninitialized -Wsuggest-override -Wno-delete-non-virtual-dtor -Wno-comment -Wimplicit-fallthrough=3 -Wno-strict-overflow -fdiagnostics-show-option -Wno-long-long -pthread -fomit-frame-pointer -ffunction-sections -fdata-sections  -msse -msse2 -msse3 -fvisibility=hidden -fvisibility-inlines-hidden -O3 -DNDEBUG  -DNDEBUG -std=gnu++11 -fPIC -MD -MT modules/ml/CMakeFiles/opencv_ml.dir/src/svmsgd.cpp.o -MF modules/ml/CMakeFiles/opencv_ml.dir/src/svmsgd.cpp.o.d -o modules/ml/CMakeFiles/opencv_ml.dir/src/svmsgd.cpp.o -c /home/uilian/.conan2/p/b/openc0f1bf19f37050/b/src/modules/ml/src/svmsgd.cpp
[115/411] /usr/bin/g++-13 -DCVAPI_EXPORTS -D_USE_MATH_DEFINES -D__OPENCV_BUILD=1 -D__STDC_CONSTANT_MACROS -D__STDC_FORMAT_MACROS -D__STDC_LIMIT_MACROS -I/home/uilian/.conan2/p/b/openc0f1bf19f37050/b/src/modules/ml/include -I/home/uilian/.conan2/p/b/openc0f1bf19f37050/b/build/Release/modules/ml -I/home/uilian/.conan2/p/b/openc0f1bf19f37050/b/src/modules/core/include -isystem /home/uilian/.conan2/p/b/openc0f1bf19f37050/b/build/Release -isystem /home/uilian/.conan2/p/eigen5481853932f72/p/include/eigen3 -m64   -fsigned-char -W -Wall -Wreturn-type -Wnon-virtual-dtor -Waddress -Wsequence-point -Wformat -Wformat-security -Wmissing-declarations -Wundef -Winit-self -Wpointer-arith -Wshadow -Wsign-promo -Wuninitialized -Wsuggest-override -Wno-delete-non-virtual-dtor -Wno-comment -Wimplicit-fallthrough=3 -Wno-strict-overflow -fdiagnostics-show-option -Wno-long-long -pthread -fomit-frame-pointer -ffunction-sections -fdata-sections  -msse -msse2 -msse3 -fvisibility=hidden -fvisibility-inlines-hidden -O3 -DNDEBUG  -DNDEBUG -std=gnu++11 -fPIC -MD -MT modules/ml/CMakeFiles/opencv_ml.dir/src/testset.cpp.o -MF modules/ml/CMakeFiles/opencv_ml.dir/src/testset.cpp.o.d -o modules/ml/CMakeFiles/opencv_ml.dir/src/testset.cpp.o -c /home/uilian/.conan2/p/b/openc0f1bf19f37050/b/src/modules/ml/src/testset.cpp
[116/411] /usr/bin/g++-13 -DCVAPI_EXPORTS -DOPENCV_ALLOCATOR_STATS_COUNTER_TYPE="long long" -D_USE_MATH_DEFINES -D__OPENCV_BUILD=1 -D__STDC_CONSTANT_MACROS -D__STDC_FORMAT_MACROS -D__STDC_LIMIT_MACROS -DCV_CPU_COMPILE_AVX2=1 -DCV_CPU_COMPILE_AVX=1 -DCV_CPU_COMPILE_FMA3=1 -DCV_CPU_COMPILE_FP16=1 -DCV_CPU_COMPILE_POPCNT=1 -DCV_CPU_COMPILE_SSE4_1=1 -DCV_CPU_COMPILE_SSE4_2=1 -DCV_CPU_COMPILE_SSSE3=1 -DCV_CPU_DISPATCH_MODE=AVX2 -I/home/uilian/.conan2/p/b/openc0f1bf19f37050/b/src/modules/core/include -I/home/uilian/.conan2/p/b/openc0f1bf19f37050/b/build/Release/modules/core -isystem /home/uilian/.conan2/p/b/openc0f1bf19f37050/b/build/Release -isystem /home/uilian/.conan2/p/zlib9e81e3baaa894/p/include -isystem /home/uilian/.conan2/p/eigen5481853932f72/p/include/eigen3 -m64   -fsigned-char -W -Wall -Wreturn-type -Wnon-virtual-dtor -Waddress -Wsequence-point -Wformat -Wformat-security -Wmissing-declarations -Wundef -Winit-self -Wpointer-arith -Wshadow -Wsign-promo -Wuninitialized -Wsuggest-override -Wno-delete-non-virtual-dtor -Wno-comment -Wimplicit-fallthrough=3 -Wno-strict-overflow -fdiagnostics-show-option -Wno-long-long -pthread -fomit-frame-pointer -ffunction-sections -fdata-sections  -msse -msse2 -msse3 -fvisibility=hidden -fvisibility-inlines-hidden -O3 -DNDEBUG  -DNDEBUG -std=gnu++11 -fPIC  -mssse3 -msse4.1 -mpopcnt -msse4.2 -mf16c -mfma -mavx -mavx2 -MD -MT modules/core/CMakeFiles/opencv_core.dir/arithm.avx2.cpp.o -MF modules/core/CMakeFiles/opencv_core.dir/arithm.avx2.cpp.o.d -o modules/core/CMakeFiles/opencv_core.dir/arithm.avx2.cpp.o -c /home/uilian/.conan2/p/b/openc0f1bf19f37050/b/build/Release/modules/core/arithm.avx2.cpp
[117/411] /usr/bin/g++-13 -DCVAPI_EXPORTS -D_USE_MATH_DEFINES -D__OPENCV_BUILD=1 -D__STDC_CONSTANT_MACROS -D__STDC_FORMAT_MACROS -D__STDC_LIMIT_MACROS -I/home/uilian/.conan2/p/b/openc0f1bf19f37050/b/src/modules/ml/include -I/home/uilian/.conan2/p/b/openc0f1bf19f37050/b/build/Release/modules/ml -I/home/uilian/.conan2/p/b/openc0f1bf19f37050/b/src/modules/core/include -isystem /home/uilian/.conan2/p/b/openc0f1bf19f37050/b/build/Release -isystem /home/uilian/.conan2/p/eigen5481853932f72/p/include/eigen3 -m64   -fsigned-char -W -Wall -Wreturn-type -Wnon-virtual-dtor -Waddress -Wsequence-point -Wformat -Wformat-security -Wmissing-declarations -Wundef -Winit-self -Wpointer-arith -Wshadow -Wsign-promo -Wuninitialized -Wsuggest-override -Wno-delete-non-virtual-dtor -Wno-comment -Wimplicit-fallthrough=3 -Wno-strict-overflow -fdiagnostics-show-option -Wno-long-long -pthread -fomit-frame-pointer -ffunction-sections -fdata-sections  -msse -msse2 -msse3 -fvisibility=hidden -fvisibility-inlines-hidden -O3 -DNDEBUG  -DNDEBUG -std=gnu++11 -fPIC -MD -MT modules/ml/CMakeFiles/opencv_ml.dir/src/rtrees.cpp.o -MF modules/ml/CMakeFiles/opencv_ml.dir/src/rtrees.cpp.o.d -o modules/ml/CMakeFiles/opencv_ml.dir/src/rtrees.cpp.o -c /home/uilian/.conan2/p/b/openc0f1bf19f37050/b/src/modules/ml/src/rtrees.cpp
[118/411] /usr/bin/g++-13 -DCVAPI_EXPORTS -DOPENCV_ALLOCATOR_STATS_COUNTER_TYPE="long long" -D_USE_MATH_DEFINES -D__OPENCV_BUILD=1 -D__STDC_CONSTANT_MACROS -D__STDC_FORMAT_MACROS -D__STDC_LIMIT_MACROS -DCV_CPU_COMPILE_AVX2=1 -DCV_CPU_COMPILE_AVX512_COMMON=1 -DCV_CPU_COMPILE_AVX512_SKX=1 -DCV_CPU_COMPILE_AVX=1 -DCV_CPU_COMPILE_AVX_512F=1 -DCV_CPU_COMPILE_FMA3=1 -DCV_CPU_COMPILE_FP16=1 -DCV_CPU_COMPILE_POPCNT=1 -DCV_CPU_COMPILE_SSE4_1=1 -DCV_CPU_COMPILE_SSE4_2=1 -DCV_CPU_COMPILE_SSSE3=1 -DCV_CPU_DISPATCH_MODE=AVX512_SKX -I/home/uilian/.conan2/p/b/openc0f1bf19f37050/b/src/modules/core/include -I/home/uilian/.conan2/p/b/openc0f1bf19f37050/b/build/Release/modules/core -isystem /home/uilian/.conan2/p/b/openc0f1bf19f37050/b/build/Release -isystem /home/uilian/.conan2/p/zlib9e81e3baaa894/p/include -isystem /home/uilian/.conan2/p/eigen5481853932f72/p/include/eigen3 -m64   -fsigned-char -W -Wall -Wreturn-type -Wnon-virtual-dtor -Waddress -Wsequence-point -Wformat -Wformat-security -Wmissing-declarations -Wundef -Winit-self -Wpointer-arith -Wshadow -Wsign-promo -Wuninitialized -Wsuggest-override -Wno-delete-non-virtual-dtor -Wno-comment -Wimplicit-fallthrough=3 -Wno-strict-overflow -fdiagnostics-show-option -Wno-long-long -pthread -fomit-frame-pointer -ffunction-sections -fdata-sections  -msse -msse2 -msse3 -fvisibility=hidden -fvisibility-inlines-hidden -O3 -DNDEBUG  -DNDEBUG -std=gnu++11 -fPIC  -mssse3 -msse4.1 -mpopcnt -msse4.2 -mf16c -mfma -mavx -mavx2 -mavx512f -mavx512f -mavx512cd -mavx512f -mavx512cd -mavx512vl -mavx512bw -mavx512dq -MD -MT modules/core/CMakeFiles/opencv_core.dir/matmul.avx512_skx.cpp.o -MF modules/core/CMakeFiles/opencv_core.dir/matmul.avx512_skx.cpp.o.d -o modules/core/CMakeFiles/opencv_core.dir/matmul.avx512_skx.cpp.o -c /home/uilian/.conan2/p/b/openc0f1bf19f37050/b/build/Release/modules/core/matmul.avx512_skx.cpp
[119/411] : && /usr/bin/g++-13 -fPIC -m64   -fsigned-char -W -Wall -Wreturn-type -Wnon-virtual-dtor -Waddress -Wsequence-point -Wformat -Wformat-security -Wmissing-declarations -Wundef -Winit-self -Wpointer-arith -Wshadow -Wsign-promo -Wuninitialized -Wsuggest-override -Wno-delete-non-virtual-dtor -Wno-comment -Wimplicit-fallthrough=3 -Wno-strict-overflow -fdiagnostics-show-option -Wno-long-long -pthread -fomit-frame-pointer -ffunction-sections -fdata-sections  -msse -msse2 -msse3 -fvisibility=hidden -fvisibility-inlines-hidden -O3 -DNDEBUG  -DNDEBUG  -m64  -Wl,--gc-sections -Wl,--as-needed -Wl,--no-undefined -shared -Wl,-soname,libopencv_core.so.3.4 -o lib/libopencv_core.so.3.4.20 modules/core/CMakeFiles/opencv_core.dir/src/algorithm.cpp.o modules/core/CMakeFiles/opencv_core.dir/src/alloc.cpp.o modules/core/CMakeFiles/opencv_core.dir/src/arithm.cpp.o modules/core/CMakeFiles/opencv_core.dir/src/arithm.dispatch.cpp.o modules/core/CMakeFiles/opencv_core.dir/src/array.cpp.o modules/core/CMakeFiles/opencv_core.dir/src/async.cpp.o modules/core/CMakeFiles/opencv_core.dir/src/batch_distance.cpp.o modules/core/CMakeFiles/opencv_core.dir/src/bindings_utils.cpp.o modules/core/CMakeFiles/opencv_core.dir/src/buffer_area.cpp.o modules/core/CMakeFiles/opencv_core.dir/src/channels.cpp.o modules/core/CMakeFiles/opencv_core.dir/src/check.cpp.o modules/core/CMakeFiles/opencv_core.dir/src/command_line_parser.cpp.o modules/core/CMakeFiles/opencv_core.dir/src/conjugate_gradient.cpp.o modules/core/CMakeFiles/opencv_core.dir/src/convert.dispatch.cpp.o modules/core/CMakeFiles/opencv_core.dir/src/convert_c.cpp.o modules/core/CMakeFiles/opencv_core.dir/src/convert_scale.dispatch.cpp.o modules/core/CMakeFiles/opencv_core.dir/src/copy.cpp.o modules/core/CMakeFiles/opencv_core.dir/src/count_non_zero.dispatch.cpp.o modules/core/CMakeFiles/opencv_core.dir/src/cuda_gpu_mat.cpp.o modules/core/CMakeFiles/opencv_core.dir/src/cuda_host_mem.cpp.o modules/core/CMakeFiles/opencv_core.dir/src/cuda_info.cpp.o modules/core/CMakeFiles/opencv_core.dir/src/cuda_stream.cpp.o modules/core/CMakeFiles/opencv_core.dir/src/datastructs.cpp.o modules/core/CMakeFiles/opencv_core.dir/src/directx.cpp.o modules/core/CMakeFiles/opencv_core.dir/src/downhill_simplex.cpp.o modules/core/CMakeFiles/opencv_core.dir/src/dxt.cpp.o modules/core/CMakeFiles/opencv_core.dir/src/gl_core_3_1.cpp.o modules/core/CMakeFiles/opencv_core.dir/src/glob.cpp.o modules/core/CMakeFiles/opencv_core.dir/src/hal_internal.cpp.o modules/core/CMakeFiles/opencv_core.dir/src/kmeans.cpp.o modules/core/CMakeFiles/opencv_core.dir/src/lapack.cpp.o modules/core/CMakeFiles/opencv_core.dir/src/lda.cpp.o modules/core/CMakeFiles/opencv_core.dir/src/logger.cpp.o modules/core/CMakeFiles/opencv_core.dir/src/lpsolver.cpp.o modules/core/CMakeFiles/opencv_core.dir/src/lut.cpp.o modules/core/CMakeFiles/opencv_core.dir/src/mathfuncs.cpp.o modules/core/CMakeFiles/opencv_core.dir/src/mathfuncs_core.dispatch.cpp.o modules/core/CMakeFiles/opencv_core.dir/src/matmul.dispatch.cpp.o modules/core/CMakeFiles/opencv_core.dir/src/matrix.cpp.o modules/core/CMakeFiles/opencv_core.dir/src/matrix_c.cpp.o modules/core/CMakeFiles/opencv_core.dir/src/matrix_decomp.cpp.o modules/core/CMakeFiles/opencv_core.dir/src/matrix_expressions.cpp.o modules/core/CMakeFiles/opencv_core.dir/src/matrix_iterator.cpp.o modules/core/CMakeFiles/opencv_core.dir/src/matrix_operations.cpp.o modules/core/CMakeFiles/opencv_core.dir/src/matrix_sparse.cpp.o modules/core/CMakeFiles/opencv_core.dir/src/matrix_transform.cpp.o modules/core/CMakeFiles/opencv_core.dir/src/matrix_wrap.cpp.o modules/core/CMakeFiles/opencv_core.dir/src/mean.dispatch.cpp.o modules/core/CMakeFiles/opencv_core.dir/src/merge.dispatch.cpp.o modules/core/CMakeFiles/opencv_core.dir/src/minmax.cpp.o modules/core/CMakeFiles/opencv_core.dir/src/norm.cpp.o modules/core/CMakeFiles/opencv_core.dir/src/ocl.cpp.o modules/core/CMakeFiles/opencv_core.dir/src/opencl/runtime/opencl_clamdblas.cpp.o modules/core/CMakeFiles/opencv_core.dir/src/opencl/runtime/opencl_clamdfft.cpp.o modules/core/CMakeFiles/opencv_core.dir/src/opencl/runtime/opencl_core.cpp.o modules/core/CMakeFiles/opencv_core.dir/src/opengl.cpp.o modules/core/CMakeFiles/opencv_core.dir/src/out.cpp.o modules/core/CMakeFiles/opencv_core.dir/src/ovx.cpp.o modules/core/CMakeFiles/opencv_core.dir/src/parallel.cpp.o modules/core/CMakeFiles/opencv_core.dir/src/parallel_impl.cpp.o modules/core/CMakeFiles/opencv_core.dir/src/pca.cpp.o modules/core/CMakeFiles/opencv_core.dir/src/persistence.cpp.o modules/core/CMakeFiles/opencv_core.dir/src/persistence_base64.cpp.o modules/core/CMakeFiles/opencv_core.dir/src/persistence_c.cpp.o modules/core/CMakeFiles/opencv_core.dir/src/persistence_cpp.cpp.o modules/core/CMakeFiles/opencv_core.dir/src/persistence_json.cpp.o modules/core/CMakeFiles/opencv_core.dir/src/persistence_types.cpp.o modules/core/CMakeFiles/opencv_core.dir/src/persistence_xml.cpp.o modules/core/CMakeFiles/opencv_core.dir/src/persistence_yml.cpp.o modules/core/CMakeFiles/opencv_core.dir/src/rand.cpp.o modules/core/CMakeFiles/opencv_core.dir/src/softfloat.cpp.o modules/core/CMakeFiles/opencv_core.dir/src/split.dispatch.cpp.o modules/core/CMakeFiles/opencv_core.dir/src/stat.dispatch.cpp.o modules/core/CMakeFiles/opencv_core.dir/src/stat_c.cpp.o modules/core/CMakeFiles/opencv_core.dir/src/stl.cpp.o modules/core/CMakeFiles/opencv_core.dir/src/sum.dispatch.cpp.o modules/core/CMakeFiles/opencv_core.dir/src/system.cpp.o modules/core/CMakeFiles/opencv_core.dir/src/tables.cpp.o modules/core/CMakeFiles/opencv_core.dir/src/trace.cpp.o modules/core/CMakeFiles/opencv_core.dir/src/types.cpp.o modules/core/CMakeFiles/opencv_core.dir/src/umatrix.cpp.o modules/core/CMakeFiles/opencv_core.dir/src/utils/datafile.cpp.o modules/core/CMakeFiles/opencv_core.dir/src/utils/filesystem.cpp.o modules/core/CMakeFiles/opencv_core.dir/src/utils/samples.cpp.o modules/core/CMakeFiles/opencv_core.dir/src/va_intel.cpp.o modules/core/CMakeFiles/opencv_core.dir/opencl_kernels_core.cpp.o modules/core/CMakeFiles/opencv_core.dir/arithm.sse4_1.cpp.o modules/core/CMakeFiles/opencv_core.dir/matmul.sse4_1.cpp.o modules/core/CMakeFiles/opencv_core.dir/stat.sse4_2.cpp.o modules/core/CMakeFiles/opencv_core.dir/mathfuncs_core.avx.cpp.o modules/core/CMakeFiles/opencv_core.dir/mathfuncs_core.avx2.cpp.o modules/core/CMakeFiles/opencv_core.dir/stat.avx2.cpp.o modules/core/CMakeFiles/opencv_core.dir/arithm.avx2.cpp.o modules/core/CMakeFiles/opencv_core.dir/convert.avx2.cpp.o modules/core/CMakeFiles/opencv_core.dir/convert_scale.avx2.cpp.o modules/core/CMakeFiles/opencv_core.dir/count_non_zero.avx2.cpp.o modules/core/CMakeFiles/opencv_core.dir/matmul.avx2.cpp.o modules/core/CMakeFiles/opencv_core.dir/mean.avx2.cpp.o modules/core/CMakeFiles/opencv_core.dir/merge.avx2.cpp.o modules/core/CMakeFiles/opencv_core.dir/split.avx2.cpp.o modules/core/CMakeFiles/opencv_core.dir/sum.avx2.cpp.o modules/core/CMakeFiles/opencv_core.dir/matmul.avx512_skx.cpp.o -L/home/uilian/.conan2/p/zlib9e81e3baaa894/p/lib -Wl,-rpath,/home/uilian/.conan2/p/zlib9e81e3baaa894/p/lib:  -ldl  -lm  -lpthread  -lrt  -lm  /home/uilian/.conan2/p/zlib9e81e3baaa894/p/lib/libz.so && :
[120/411] /opt/pyenv/versions/3.12.4/lib/python3.12/site-packages/cmake/data/bin/cmake -E cmake_symlink_library lib/libopencv_core.so.3.4.20  lib/libopencv_core.so.3.4 lib/libopencv_core.so && :
[121/411] cd /home/uilian/.conan2/p/b/openc0f1bf19f37050/b/build/Release/modules/imgproc && /opt/pyenv/versions/3.12.4/lib/python3.12/site-packages/cmake/data/bin/cmake -DMODULE_NAME=imgproc -DCL_DIR=/home/uilian/.conan2/p/b/openc0f1bf19f37050/b/src/modules/imgproc/src/opencl -DOUTPUT=/home/uilian/.conan2/p/b/openc0f1bf19f37050/b/build/Release/modules/imgproc/opencl_kernels_imgproc.cpp -P /home/uilian/.conan2/p/b/openc0f1bf19f37050/b/src/cmake/cl2cpp.cmake
[122/411] /usr/bin/g++-13 -DCVAPI_EXPORTS -D_USE_MATH_DEFINES -D__OPENCV_BUILD=1 -D__STDC_CONSTANT_MACROS -D__STDC_FORMAT_MACROS -D__STDC_LIMIT_MACROS -I/home/uilian/.conan2/p/b/openc0f1bf19f37050/b/src/modules/ml/include -I/home/uilian/.conan2/p/b/openc0f1bf19f37050/b/build/Release/modules/ml -I/home/uilian/.conan2/p/b/openc0f1bf19f37050/b/src/modules/core/include -isystem /home/uilian/.conan2/p/b/openc0f1bf19f37050/b/build/Release -isystem /home/uilian/.conan2/p/eigen5481853932f72/p/include/eigen3 -m64   -fsigned-char -W -Wall -Wreturn-type -Wnon-virtual-dtor -Waddress -Wsequence-point -Wformat -Wformat-security -Wmissing-declarations -Wundef -Winit-self -Wpointer-arith -Wshadow -Wsign-promo -Wuninitialized -Wsuggest-override -Wno-delete-non-virtual-dtor -Wno-comment -Wimplicit-fallthrough=3 -Wno-strict-overflow -fdiagnostics-show-option -Wno-long-long -pthread -fomit-frame-pointer -ffunction-sections -fdata-sections  -msse -msse2 -msse3 -fvisibility=hidden -fvisibility-inlines-hidden -O3 -DNDEBUG  -DNDEBUG -std=gnu++11 -fPIC -MD -MT modules/ml/CMakeFiles/opencv_ml.dir/src/svm.cpp.o -MF modules/ml/CMakeFiles/opencv_ml.dir/src/svm.cpp.o.d -o modules/ml/CMakeFiles/opencv_ml.dir/src/svm.cpp.o -c /home/uilian/.conan2/p/b/openc0f1bf19f37050/b/src/modules/ml/src/svm.cpp
[123/411] /usr/bin/g++-13 -DCVAPI_EXPORTS -D_USE_MATH_DEFINES -D__OPENCV_BUILD=1 -D__STDC_CONSTANT_MACROS -D__STDC_FORMAT_MACROS -D__STDC_LIMIT_MACROS -I/home/uilian/.conan2/p/b/openc0f1bf19f37050/b/src/modules/ml/include -I/home/uilian/.conan2/p/b/openc0f1bf19f37050/b/build/Release/modules/ml -I/home/uilian/.conan2/p/b/openc0f1bf19f37050/b/src/modules/core/include -isystem /home/uilian/.conan2/p/b/openc0f1bf19f37050/b/build/Release -isystem /home/uilian/.conan2/p/eigen5481853932f72/p/include/eigen3 -m64   -fsigned-char -W -Wall -Wreturn-type -Wnon-virtual-dtor -Waddress -Wsequence-point -Wformat -Wformat-security -Wmissing-declarations -Wundef -Winit-self -Wpointer-arith -Wshadow -Wsign-promo -Wuninitialized -Wsuggest-override -Wno-delete-non-virtual-dtor -Wno-comment -Wimplicit-fallthrough=3 -Wno-strict-overflow -fdiagnostics-show-option -Wno-long-long -pthread -fomit-frame-pointer -ffunction-sections -fdata-sections  -msse -msse2 -msse3 -fvisibility=hidden -fvisibility-inlines-hidden -O3 -DNDEBUG  -DNDEBUG -std=gnu++11 -fPIC -MD -MT modules/ml/CMakeFiles/opencv_ml.dir/src/tree.cpp.o -MF modules/ml/CMakeFiles/opencv_ml.dir/src/tree.cpp.o.d -o modules/ml/CMakeFiles/opencv_ml.dir/src/tree.cpp.o -c /home/uilian/.conan2/p/b/openc0f1bf19f37050/b/src/modules/ml/src/tree.cpp
[124/411] /usr/bin/g++-13 -DCVAPI_EXPORTS -D_USE_MATH_DEFINES -D__OPENCV_BUILD=1 -D__STDC_CONSTANT_MACROS -D__STDC_FORMAT_MACROS -D__STDC_LIMIT_MACROS -I/home/uilian/.conan2/p/b/openc0f1bf19f37050/b/src/modules/imgproc/include -I/home/uilian/.conan2/p/b/openc0f1bf19f37050/b/build/Release/modules/imgproc -I/home/uilian/.conan2/p/b/openc0f1bf19f37050/b/src/modules/core/include -isystem /home/uilian/.conan2/p/b/openc0f1bf19f37050/b/build/Release -isystem /home/uilian/.conan2/p/eigen5481853932f72/p/include/eigen3 -m64   -fsigned-char -W -Wall -Wreturn-type -Wnon-virtual-dtor -Waddress -Wsequence-point -Wformat -Wformat-security -Wmissing-declarations -Wundef -Winit-self -Wpointer-arith -Wshadow -Wsign-promo -Wuninitialized -Wsuggest-override -Wno-delete-non-virtual-dtor -Wno-comment -Wimplicit-fallthrough=3 -Wno-strict-overflow -fdiagnostics-show-option -Wno-long-long -pthread -fomit-frame-pointer -ffunction-sections -fdata-sections  -msse -msse2 -msse3 -fvisibility=hidden -fvisibility-inlines-hidden -O3 -DNDEBUG  -DNDEBUG -std=gnu++11 -fPIC -MD -MT modules/imgproc/CMakeFiles/opencv_imgproc.dir/src/color.cpp.o -MF modules/imgproc/CMakeFiles/opencv_imgproc.dir/src/color.cpp.o.d -o modules/imgproc/CMakeFiles/opencv_imgproc.dir/src/color.cpp.o -c /home/uilian/.conan2/p/b/openc0f1bf19f37050/b/src/modules/imgproc/src/color.cpp
[125/411] /usr/bin/g++-13 -DCVAPI_EXPORTS -D_USE_MATH_DEFINES -D__OPENCV_BUILD=1 -D__STDC_CONSTANT_MACROS -D__STDC_FORMAT_MACROS -D__STDC_LIMIT_MACROS -I/home/uilian/.conan2/p/b/openc0f1bf19f37050/b/src/modules/imgproc/include -I/home/uilian/.conan2/p/b/openc0f1bf19f37050/b/build/Release/modules/imgproc -I/home/uilian/.conan2/p/b/openc0f1bf19f37050/b/src/modules/core/include -isystem /home/uilian/.conan2/p/b/openc0f1bf19f37050/b/build/Release -isystem /home/uilian/.conan2/p/eigen5481853932f72/p/include/eigen3 -m64   -fsigned-char -W -Wall -Wreturn-type -Wnon-virtual-dtor -Waddress -Wsequence-point -Wformat -Wformat-security -Wmissing-declarations -Wundef -Winit-self -Wpointer-arith -Wshadow -Wsign-promo -Wuninitialized -Wsuggest-override -Wno-delete-non-virtual-dtor -Wno-comment -Wimplicit-fallthrough=3 -Wno-strict-overflow -fdiagnostics-show-option -Wno-long-long -pthread -fomit-frame-pointer -ffunction-sections -fdata-sections  -msse -msse2 -msse3 -fvisibility=hidden -fvisibility-inlines-hidden -O3 -DNDEBUG  -DNDEBUG -std=gnu++11 -fPIC -MD -MT modules/imgproc/CMakeFiles/opencv_imgproc.dir/src/blend.cpp.o -MF modules/imgproc/CMakeFiles/opencv_imgproc.dir/src/blend.cpp.o.d -o modules/imgproc/CMakeFiles/opencv_imgproc.dir/src/blend.cpp.o -c /home/uilian/.conan2/p/b/openc0f1bf19f37050/b/src/modules/imgproc/src/blend.cpp
[126/411] /usr/bin/g++-13 -DCVAPI_EXPORTS -D_USE_MATH_DEFINES -D__OPENCV_BUILD=1 -D__STDC_CONSTANT_MACROS -D__STDC_FORMAT_MACROS -D__STDC_LIMIT_MACROS -I/home/uilian/.conan2/p/b/openc0f1bf19f37050/b/src/modules/imgproc/include -I/home/uilian/.conan2/p/b/openc0f1bf19f37050/b/build/Release/modules/imgproc -I/home/uilian/.conan2/p/b/openc0f1bf19f37050/b/src/modules/core/include -isystem /home/uilian/.conan2/p/b/openc0f1bf19f37050/b/build/Release -isystem /home/uilian/.conan2/p/eigen5481853932f72/p/include/eigen3 -m64   -fsigned-char -W -Wall -Wreturn-type -Wnon-virtual-dtor -Waddress -Wsequence-point -Wformat -Wformat-security -Wmissing-declarations -Wundef -Winit-self -Wpointer-arith -Wshadow -Wsign-promo -Wuninitialized -Wsuggest-override -Wno-delete-non-virtual-dtor -Wno-comment -Wimplicit-fallthrough=3 -Wno-strict-overflow -fdiagnostics-show-option -Wno-long-long -pthread -fomit-frame-pointer -ffunction-sections -fdata-sections  -msse -msse2 -msse3 -fvisibility=hidden -fvisibility-inlines-hidden -O3 -DNDEBUG  -DNDEBUG -std=gnu++11 -fPIC -MD -MT modules/imgproc/CMakeFiles/opencv_imgproc.dir/src/clahe.cpp.o -MF modules/imgproc/CMakeFiles/opencv_imgproc.dir/src/clahe.cpp.o.d -o modules/imgproc/CMakeFiles/opencv_imgproc.dir/src/clahe.cpp.o -c /home/uilian/.conan2/p/b/openc0f1bf19f37050/b/src/modules/imgproc/src/clahe.cpp
[127/411] /usr/bin/g++-13 -DCVAPI_EXPORTS -D_USE_MATH_DEFINES -D__OPENCV_BUILD=1 -D__STDC_CONSTANT_MACROS -D__STDC_FORMAT_MACROS -D__STDC_LIMIT_MACROS -I/home/uilian/.conan2/p/b/openc0f1bf19f37050/b/src/modules/imgproc/include -I/home/uilian/.conan2/p/b/openc0f1bf19f37050/b/build/Release/modules/imgproc -I/home/uilian/.conan2/p/b/openc0f1bf19f37050/b/src/modules/core/include -isystem /home/uilian/.conan2/p/b/openc0f1bf19f37050/b/build/Release -isystem /home/uilian/.conan2/p/eigen5481853932f72/p/include/eigen3 -m64   -fsigned-char -W -Wall -Wreturn-type -Wnon-virtual-dtor -Waddress -Wsequence-point -Wformat -Wformat-security -Wmissing-declarations -Wundef -Winit-self -Wpointer-arith -Wshadow -Wsign-promo -Wuninitialized -Wsuggest-override -Wno-delete-non-virtual-dtor -Wno-comment -Wimplicit-fallthrough=3 -Wno-strict-overflow -fdiagnostics-show-option -Wno-long-long -pthread -fomit-frame-pointer -ffunction-sections -fdata-sections  -msse -msse2 -msse3 -fvisibility=hidden -fvisibility-inlines-hidden -O3 -DNDEBUG  -DNDEBUG -std=gnu++11 -fPIC -MD -MT modules/imgproc/CMakeFiles/opencv_imgproc.dir/src/approx.cpp.o -MF modules/imgproc/CMakeFiles/opencv_imgproc.dir/src/approx.cpp.o.d -o modules/imgproc/CMakeFiles/opencv_imgproc.dir/src/approx.cpp.o -c /home/uilian/.conan2/p/b/openc0f1bf19f37050/b/src/modules/imgproc/src/approx.cpp
[128/411] /usr/bin/g++-13 -DCVAPI_EXPORTS -D_USE_MATH_DEFINES -D__OPENCV_BUILD=1 -D__STDC_CONSTANT_MACROS -D__STDC_FORMAT_MACROS -D__STDC_LIMIT_MACROS -I/home/uilian/.conan2/p/b/openc0f1bf19f37050/b/src/modules/imgproc/include -I/home/uilian/.conan2/p/b/openc0f1bf19f37050/b/build/Release/modules/imgproc -I/home/uilian/.conan2/p/b/openc0f1bf19f37050/b/src/modules/core/include -isystem /home/uilian/.conan2/p/b/openc0f1bf19f37050/b/build/Release -isystem /home/uilian/.conan2/p/eigen5481853932f72/p/include/eigen3 -m64   -fsigned-char -W -Wall -Wreturn-type -Wnon-virtual-dtor -Waddress -Wsequence-point -Wformat -Wformat-security -Wmissing-declarations -Wundef -Winit-self -Wpointer-arith -Wshadow -Wsign-promo -Wuninitialized -Wsuggest-override -Wno-delete-non-virtual-dtor -Wno-comment -Wimplicit-fallthrough=3 -Wno-strict-overflow -fdiagnostics-show-option -Wno-long-long -pthread -fomit-frame-pointer -ffunction-sections -fdata-sections  -msse -msse2 -msse3 -fvisibility=hidden -fvisibility-inlines-hidden -O3 -DNDEBUG  -DNDEBUG -std=gnu++11 -fPIC -MD -MT modules/imgproc/CMakeFiles/opencv_imgproc.dir/src/accum.cpp.o -MF modules/imgproc/CMakeFiles/opencv_imgproc.dir/src/accum.cpp.o.d -o modules/imgproc/CMakeFiles/opencv_imgproc.dir/src/accum.cpp.o -c /home/uilian/.conan2/p/b/openc0f1bf19f37050/b/src/modules/imgproc/src/accum.cpp
[129/411] /usr/bin/g++-13 -DCVAPI_EXPORTS -D_USE_MATH_DEFINES -D__OPENCV_BUILD=1 -D__STDC_CONSTANT_MACROS -D__STDC_FORMAT_MACROS -D__STDC_LIMIT_MACROS -I/home/uilian/.conan2/p/b/openc0f1bf19f37050/b/src/modules/imgproc/include -I/home/uilian/.conan2/p/b/openc0f1bf19f37050/b/build/Release/modules/imgproc -I/home/uilian/.conan2/p/b/openc0f1bf19f37050/b/src/modules/core/include -isystem /home/uilian/.conan2/p/b/openc0f1bf19f37050/b/build/Release -isystem /home/uilian/.conan2/p/eigen5481853932f72/p/include/eigen3 -m64   -fsigned-char -W -Wall -Wreturn-type -Wnon-virtual-dtor -Waddress -Wsequence-point -Wformat -Wformat-security -Wmissing-declarations -Wundef -Winit-self -Wpointer-arith -Wshadow -Wsign-promo -Wuninitialized -Wsuggest-override -Wno-delete-non-virtual-dtor -Wno-comment -Wimplicit-fallthrough=3 -Wno-strict-overflow -fdiagnostics-show-option -Wno-long-long -pthread -fomit-frame-pointer -ffunction-sections -fdata-sections  -msse -msse2 -msse3 -fvisibility=hidden -fvisibility-inlines-hidden -O3 -DNDEBUG  -DNDEBUG -std=gnu++11 -fPIC -MD -MT modules/imgproc/CMakeFiles/opencv_imgproc.dir/src/canny.cpp.o -MF modules/imgproc/CMakeFiles/opencv_imgproc.dir/src/canny.cpp.o.d -o modules/imgproc/CMakeFiles/opencv_imgproc.dir/src/canny.cpp.o -c /home/uilian/.conan2/p/b/openc0f1bf19f37050/b/src/modules/imgproc/src/canny.cpp
[130/411] /usr/bin/g++-13 -DCVAPI_EXPORTS -D_USE_MATH_DEFINES -D__OPENCV_BUILD=1 -D__STDC_CONSTANT_MACROS -D__STDC_FORMAT_MACROS -D__STDC_LIMIT_MACROS -I/home/uilian/.conan2/p/b/openc0f1bf19f37050/b/src/modules/imgproc/include -I/home/uilian/.conan2/p/b/openc0f1bf19f37050/b/build/Release/modules/imgproc -I/home/uilian/.conan2/p/b/openc0f1bf19f37050/b/src/modules/core/include -isystem /home/uilian/.conan2/p/b/openc0f1bf19f37050/b/build/Release -isystem /home/uilian/.conan2/p/eigen5481853932f72/p/include/eigen3 -m64   -fsigned-char -W -Wall -Wreturn-type -Wnon-virtual-dtor -Waddress -Wsequence-point -Wformat -Wformat-security -Wmissing-declarations -Wundef -Winit-self -Wpointer-arith -Wshadow -Wsign-promo -Wuninitialized -Wsuggest-override -Wno-delete-non-virtual-dtor -Wno-comment -Wimplicit-fallthrough=3 -Wno-strict-overflow -fdiagnostics-show-option -Wno-long-long -pthread -fomit-frame-pointer -ffunction-sections -fdata-sections  -msse -msse2 -msse3 -fvisibility=hidden -fvisibility-inlines-hidden -O3 -DNDEBUG  -DNDEBUG -std=gnu++11 -fPIC -MD -MT modules/imgproc/CMakeFiles/opencv_imgproc.dir/src/bilateral_filter.dispatch.cpp.o -MF modules/imgproc/CMakeFiles/opencv_imgproc.dir/src/bilateral_filter.dispatch.cpp.o.d -o modules/imgproc/CMakeFiles/opencv_imgproc.dir/src/bilateral_filter.dispatch.cpp.o -c /home/uilian/.conan2/p/b/openc0f1bf19f37050/b/src/modules/imgproc/src/bilateral_filter.dispatch.cpp
[131/411] /usr/bin/g++-13 -DCVAPI_EXPORTS -D_USE_MATH_DEFINES -D__OPENCV_BUILD=1 -D__STDC_CONSTANT_MACROS -D__STDC_FORMAT_MACROS -D__STDC_LIMIT_MACROS -I/home/uilian/.conan2/p/b/openc0f1bf19f37050/b/src/modules/imgproc/include -I/home/uilian/.conan2/p/b/openc0f1bf19f37050/b/build/Release/modules/imgproc -I/home/uilian/.conan2/p/b/openc0f1bf19f37050/b/src/modules/core/include -isystem /home/uilian/.conan2/p/b/openc0f1bf19f37050/b/build/Release -isystem /home/uilian/.conan2/p/eigen5481853932f72/p/include/eigen3 -m64   -fsigned-char -W -Wall -Wreturn-type -Wnon-virtual-dtor -Waddress -Wsequence-point -Wformat -Wformat-security -Wmissing-declarations -Wundef -Winit-self -Wpointer-arith -Wshadow -Wsign-promo -Wuninitialized -Wsuggest-override -Wno-delete-non-virtual-dtor -Wno-comment -Wimplicit-fallthrough=3 -Wno-strict-overflow -fdiagnostics-show-option -Wno-long-long -pthread -fomit-frame-pointer -ffunction-sections -fdata-sections  -msse -msse2 -msse3 -fvisibility=hidden -fvisibility-inlines-hidden -O3 -DNDEBUG  -DNDEBUG -std=gnu++11 -fPIC -MD -MT modules/imgproc/CMakeFiles/opencv_imgproc.dir/src/color_hsv.dispatch.cpp.o -MF modules/imgproc/CMakeFiles/opencv_imgproc.dir/src/color_hsv.dispatch.cpp.o.d -o modules/imgproc/CMakeFiles/opencv_imgproc.dir/src/color_hsv.dispatch.cpp.o -c /home/uilian/.conan2/p/b/openc0f1bf19f37050/b/src/modules/imgproc/src/color_hsv.dispatch.cpp
[132/411] /usr/bin/g++-13 -DCVAPI_EXPORTS -D_USE_MATH_DEFINES -D__OPENCV_BUILD=1 -D__STDC_CONSTANT_MACROS -D__STDC_FORMAT_MACROS -D__STDC_LIMIT_MACROS -I/home/uilian/.conan2/p/b/openc0f1bf19f37050/b/src/modules/imgproc/include -I/home/uilian/.conan2/p/b/openc0f1bf19f37050/b/build/Release/modules/imgproc -I/home/uilian/.conan2/p/b/openc0f1bf19f37050/b/src/modules/core/include -isystem /home/uilian/.conan2/p/b/openc0f1bf19f37050/b/build/Release -isystem /home/uilian/.conan2/p/eigen5481853932f72/p/include/eigen3 -m64   -fsigned-char -W -Wall -Wreturn-type -Wnon-virtual-dtor -Waddress -Wsequence-point -Wformat -Wformat-security -Wmissing-declarations -Wundef -Winit-self -Wpointer-arith -Wshadow -Wsign-promo -Wuninitialized -Wsuggest-override -Wno-delete-non-virtual-dtor -Wno-comment -Wimplicit-fallthrough=3 -Wno-strict-overflow -fdiagnostics-show-option -Wno-long-long -pthread -fomit-frame-pointer -ffunction-sections -fdata-sections  -msse -msse2 -msse3 -fvisibility=hidden -fvisibility-inlines-hidden -O3 -DNDEBUG  -DNDEBUG -std=gnu++11 -fPIC -MD -MT modules/imgproc/CMakeFiles/opencv_imgproc.dir/src/contours.cpp.o -MF modules/imgproc/CMakeFiles/opencv_imgproc.dir/src/contours.cpp.o.d -o modules/imgproc/CMakeFiles/opencv_imgproc.dir/src/contours.cpp.o -c /home/uilian/.conan2/p/b/openc0f1bf19f37050/b/src/modules/imgproc/src/contours.cpp
[133/411] /usr/bin/g++-13 -DCVAPI_EXPORTS -D_USE_MATH_DEFINES -D__OPENCV_BUILD=1 -D__STDC_CONSTANT_MACROS -D__STDC_FORMAT_MACROS -D__STDC_LIMIT_MACROS -I/home/uilian/.conan2/p/b/openc0f1bf19f37050/b/src/modules/imgproc/include -I/home/uilian/.conan2/p/b/openc0f1bf19f37050/b/build/Release/modules/imgproc -I/home/uilian/.conan2/p/b/openc0f1bf19f37050/b/src/modules/core/include -isystem /home/uilian/.conan2/p/b/openc0f1bf19f37050/b/build/Release -isystem /home/uilian/.conan2/p/eigen5481853932f72/p/include/eigen3 -m64   -fsigned-char -W -Wall -Wreturn-type -Wnon-virtual-dtor -Waddress -Wsequence-point -Wformat -Wformat-security -Wmissing-declarations -Wundef -Winit-self -Wpointer-arith -Wshadow -Wsign-promo -Wuninitialized -Wsuggest-override -Wno-delete-non-virtual-dtor -Wno-comment -Wimplicit-fallthrough=3 -Wno-strict-overflow -fdiagnostics-show-option -Wno-long-long -pthread -fomit-frame-pointer -ffunction-sections -fdata-sections  -msse -msse2 -msse3 -fvisibility=hidden -fvisibility-inlines-hidden -O3 -DNDEBUG  -DNDEBUG -std=gnu++11 -fPIC -MD -MT modules/imgproc/CMakeFiles/opencv_imgproc.dir/src/accum.dispatch.cpp.o -MF modules/imgproc/CMakeFiles/opencv_imgproc.dir/src/accum.dispatch.cpp.o.d -o modules/imgproc/CMakeFiles/opencv_imgproc.dir/src/accum.dispatch.cpp.o -c /home/uilian/.conan2/p/b/openc0f1bf19f37050/b/src/modules/imgproc/src/accum.dispatch.cpp
[134/411] /usr/bin/g++-13 -DCVAPI_EXPORTS -D_USE_MATH_DEFINES -D__OPENCV_BUILD=1 -D__STDC_CONSTANT_MACROS -D__STDC_FORMAT_MACROS -D__STDC_LIMIT_MACROS -I/home/uilian/.conan2/p/b/openc0f1bf19f37050/b/src/modules/imgproc/include -I/home/uilian/.conan2/p/b/openc0f1bf19f37050/b/build/Release/modules/imgproc -I/home/uilian/.conan2/p/b/openc0f1bf19f37050/b/src/modules/core/include -isystem /home/uilian/.conan2/p/b/openc0f1bf19f37050/b/build/Release -isystem /home/uilian/.conan2/p/eigen5481853932f72/p/include/eigen3 -m64   -fsigned-char -W -Wall -Wreturn-type -Wnon-virtual-dtor -Waddress -Wsequence-point -Wformat -Wformat-security -Wmissing-declarations -Wundef -Winit-self -Wpointer-arith -Wshadow -Wsign-promo -Wuninitialized -Wsuggest-override -Wno-delete-non-virtual-dtor -Wno-comment -Wimplicit-fallthrough=3 -Wno-strict-overflow -fdiagnostics-show-option -Wno-long-long -pthread -fomit-frame-pointer -ffunction-sections -fdata-sections  -msse -msse2 -msse3 -fvisibility=hidden -fvisibility-inlines-hidden -O3 -DNDEBUG  -DNDEBUG -std=gnu++11 -fPIC -MD -MT modules/imgproc/CMakeFiles/opencv_imgproc.dir/src/box_filter.dispatch.cpp.o -MF modules/imgproc/CMakeFiles/opencv_imgproc.dir/src/box_filter.dispatch.cpp.o.d -o modules/imgproc/CMakeFiles/opencv_imgproc.dir/src/box_filter.dispatch.cpp.o -c /home/uilian/.conan2/p/b/openc0f1bf19f37050/b/src/modules/imgproc/src/box_filter.dispatch.cpp
[135/411] /usr/bin/g++-13 -DCVAPI_EXPORTS -D_USE_MATH_DEFINES -D__OPENCV_BUILD=1 -D__STDC_CONSTANT_MACROS -D__STDC_FORMAT_MACROS -D__STDC_LIMIT_MACROS -I/home/uilian/.conan2/p/b/openc0f1bf19f37050/b/src/modules/imgproc/include -I/home/uilian/.conan2/p/b/openc0f1bf19f37050/b/build/Release/modules/imgproc -I/home/uilian/.conan2/p/b/openc0f1bf19f37050/b/src/modules/core/include -isystem /home/uilian/.conan2/p/b/openc0f1bf19f37050/b/build/Release -isystem /home/uilian/.conan2/p/eigen5481853932f72/p/include/eigen3 -m64   -fsigned-char -W -Wall -Wreturn-type -Wnon-virtual-dtor -Waddress -Wsequence-point -Wformat -Wformat-security -Wmissing-declarations -Wundef -Winit-self -Wpointer-arith -Wshadow -Wsign-promo -Wuninitialized -Wsuggest-override -Wno-delete-non-virtual-dtor -Wno-comment -Wimplicit-fallthrough=3 -Wno-strict-overflow -fdiagnostics-show-option -Wno-long-long -pthread -fomit-frame-pointer -ffunction-sections -fdata-sections  -msse -msse2 -msse3 -fvisibility=hidden -fvisibility-inlines-hidden -O3 -DNDEBUG  -DNDEBUG -std=gnu++11 -fPIC -MD -MT modules/imgproc/CMakeFiles/opencv_imgproc.dir/src/colormap.cpp.o -MF modules/imgproc/CMakeFiles/opencv_imgproc.dir/src/colormap.cpp.o.d -o modules/imgproc/CMakeFiles/opencv_imgproc.dir/src/colormap.cpp.o -c /home/uilian/.conan2/p/b/openc0f1bf19f37050/b/src/modules/imgproc/src/colormap.cpp
[136/411] /usr/bin/g++-13 -DCVAPI_EXPORTS -D_USE_MATH_DEFINES -D__OPENCV_BUILD=1 -D__STDC_CONSTANT_MACROS -D__STDC_FORMAT_MACROS -D__STDC_LIMIT_MACROS -I/home/uilian/.conan2/p/b/openc0f1bf19f37050/b/src/modules/imgproc/include -I/home/uilian/.conan2/p/b/openc0f1bf19f37050/b/build/Release/modules/imgproc -I/home/uilian/.conan2/p/b/openc0f1bf19f37050/b/src/modules/core/include -isystem /home/uilian/.conan2/p/b/openc0f1bf19f37050/b/build/Release -isystem /home/uilian/.conan2/p/eigen5481853932f72/p/include/eigen3 -m64   -fsigned-char -W -Wall -Wreturn-type -Wnon-virtual-dtor -Waddress -Wsequence-point -Wformat -Wformat-security -Wmissing-declarations -Wundef -Winit-self -Wpointer-arith -Wshadow -Wsign-promo -Wuninitialized -Wsuggest-override -Wno-delete-non-virtual-dtor -Wno-comment -Wimplicit-fallthrough=3 -Wno-strict-overflow -fdiagnostics-show-option -Wno-long-long -pthread -fomit-frame-pointer -ffunction-sections -fdata-sections  -msse -msse2 -msse3 -fvisibility=hidden -fvisibility-inlines-hidden -O3 -DNDEBUG  -DNDEBUG -std=gnu++11 -fPIC -MD -MT modules/imgproc/CMakeFiles/opencv_imgproc.dir/src/corner.cpp.o -MF modules/imgproc/CMakeFiles/opencv_imgproc.dir/src/corner.cpp.o.d -o modules/imgproc/CMakeFiles/opencv_imgproc.dir/src/corner.cpp.o -c /home/uilian/.conan2/p/b/openc0f1bf19f37050/b/src/modules/imgproc/src/corner.cpp
[137/411] /usr/bin/g++-13 -DCVAPI_EXPORTS -D_USE_MATH_DEFINES -D__OPENCV_BUILD=1 -D__STDC_CONSTANT_MACROS -D__STDC_FORMAT_MACROS -D__STDC_LIMIT_MACROS -I/home/uilian/.conan2/p/b/openc0f1bf19f37050/b/src/modules/imgproc/include -I/home/uilian/.conan2/p/b/openc0f1bf19f37050/b/build/Release/modules/imgproc -I/home/uilian/.conan2/p/b/openc0f1bf19f37050/b/src/modules/core/include -isystem /home/uilian/.conan2/p/b/openc0f1bf19f37050/b/build/Release -isystem /home/uilian/.conan2/p/eigen5481853932f72/p/include/eigen3 -m64   -fsigned-char -W -Wall -Wreturn-type -Wnon-virtual-dtor -Waddress -Wsequence-point -Wformat -Wformat-security -Wmissing-declarations -Wundef -Winit-self -Wpointer-arith -Wshadow -Wsign-promo -Wuninitialized -Wsuggest-override -Wno-delete-non-virtual-dtor -Wno-comment -Wimplicit-fallthrough=3 -Wno-strict-overflow -fdiagnostics-show-option -Wno-long-long -pthread -fomit-frame-pointer -ffunction-sections -fdata-sections  -msse -msse2 -msse3 -fvisibility=hidden -fvisibility-inlines-hidden -O3 -DNDEBUG  -DNDEBUG -std=gnu++11 -fPIC -MD -MT modules/imgproc/CMakeFiles/opencv_imgproc.dir/src/convhull.cpp.o -MF modules/imgproc/CMakeFiles/opencv_imgproc.dir/src/convhull.cpp.o.d -o modules/imgproc/CMakeFiles/opencv_imgproc.dir/src/convhull.cpp.o -c /home/uilian/.conan2/p/b/openc0f1bf19f37050/b/src/modules/imgproc/src/convhull.cpp
[138/411] /usr/bin/g++-13 -DCVAPI_EXPORTS -D_USE_MATH_DEFINES -D__OPENCV_BUILD=1 -D__STDC_CONSTANT_MACROS -D__STDC_FORMAT_MACROS -D__STDC_LIMIT_MACROS -I/home/uilian/.conan2/p/b/openc0f1bf19f37050/b/src/modules/imgproc/include -I/home/uilian/.conan2/p/b/openc0f1bf19f37050/b/build/Release/modules/imgproc -I/home/uilian/.conan2/p/b/openc0f1bf19f37050/b/src/modules/core/include -isystem /home/uilian/.conan2/p/b/openc0f1bf19f37050/b/build/Release -isystem /home/uilian/.conan2/p/eigen5481853932f72/p/include/eigen3 -m64   -fsigned-char -W -Wall -Wreturn-type -Wnon-virtual-dtor -Waddress -Wsequence-point -Wformat -Wformat-security -Wmissing-declarations -Wundef -Winit-self -Wpointer-arith -Wshadow -Wsign-promo -Wuninitialized -Wsuggest-override -Wno-delete-non-virtual-dtor -Wno-comment -Wimplicit-fallthrough=3 -Wno-strict-overflow -fdiagnostics-show-option -Wno-long-long -pthread -fomit-frame-pointer -ffunction-sections -fdata-sections  -msse -msse2 -msse3 -fvisibility=hidden -fvisibility-inlines-hidden -O3 -DNDEBUG  -DNDEBUG -std=gnu++11 -fPIC -MD -MT modules/imgproc/CMakeFiles/opencv_imgproc.dir/src/color_rgb.dispatch.cpp.o -MF modules/imgproc/CMakeFiles/opencv_imgproc.dir/src/color_rgb.dispatch.cpp.o.d -o modules/imgproc/CMakeFiles/opencv_imgproc.dir/src/color_rgb.dispatch.cpp.o -c /home/uilian/.conan2/p/b/openc0f1bf19f37050/b/src/modules/imgproc/src/color_rgb.dispatch.cpp
[139/411] /usr/bin/g++-13 -DCVAPI_EXPORTS -D_USE_MATH_DEFINES -D__OPENCV_BUILD=1 -D__STDC_CONSTANT_MACROS -D__STDC_FORMAT_MACROS -D__STDC_LIMIT_MACROS -I/home/uilian/.conan2/p/b/openc0f1bf19f37050/b/src/modules/imgproc/include -I/home/uilian/.conan2/p/b/openc0f1bf19f37050/b/build/Release/modules/imgproc -I/home/uilian/.conan2/p/b/openc0f1bf19f37050/b/src/modules/core/include -isystem /home/uilian/.conan2/p/b/openc0f1bf19f37050/b/build/Release -isystem /home/uilian/.conan2/p/eigen5481853932f72/p/include/eigen3 -m64   -fsigned-char -W -Wall -Wreturn-type -Wnon-virtual-dtor -Waddress -Wsequence-point -Wformat -Wformat-security -Wmissing-declarations -Wundef -Winit-self -Wpointer-arith -Wshadow -Wsign-promo -Wuninitialized -Wsuggest-override -Wno-delete-non-virtual-dtor -Wno-comment -Wimplicit-fallthrough=3 -Wno-strict-overflow -fdiagnostics-show-option -Wno-long-long -pthread -fomit-frame-pointer -ffunction-sections -fdata-sections  -msse -msse2 -msse3 -fvisibility=hidden -fvisibility-inlines-hidden -O3 -DNDEBUG  -DNDEBUG -std=gnu++11 -fPIC -MD -MT modules/imgproc/CMakeFiles/opencv_imgproc.dir/src/cornersubpix.cpp.o -MF modules/imgproc/CMakeFiles/opencv_imgproc.dir/src/cornersubpix.cpp.o.d -o modules/imgproc/CMakeFiles/opencv_imgproc.dir/src/cornersubpix.cpp.o -c /home/uilian/.conan2/p/b/openc0f1bf19f37050/b/src/modules/imgproc/src/cornersubpix.cpp
[140/411] /usr/bin/g++-13 -DCVAPI_EXPORTS -D_USE_MATH_DEFINES -D__OPENCV_BUILD=1 -D__STDC_CONSTANT_MACROS -D__STDC_FORMAT_MACROS -D__STDC_LIMIT_MACROS -I/home/uilian/.conan2/p/b/openc0f1bf19f37050/b/src/modules/imgproc/include -I/home/uilian/.conan2/p/b/openc0f1bf19f37050/b/build/Release/modules/imgproc -I/home/uilian/.conan2/p/b/openc0f1bf19f37050/b/src/modules/core/include -isystem /home/uilian/.conan2/p/b/openc0f1bf19f37050/b/build/Release -isystem /home/uilian/.conan2/p/eigen5481853932f72/p/include/eigen3 -m64   -fsigned-char -W -Wall -Wreturn-type -Wnon-virtual-dtor -Waddress -Wsequence-point -Wformat -Wformat-security -Wmissing-declarations -Wundef -Winit-self -Wpointer-arith -Wshadow -Wsign-promo -Wuninitialized -Wsuggest-override -Wno-delete-non-virtual-dtor -Wno-comment -Wimplicit-fallthrough=3 -Wno-strict-overflow -fdiagnostics-show-option -Wno-long-long -pthread -fomit-frame-pointer -ffunction-sections -fdata-sections  -msse -msse2 -msse3 -fvisibility=hidden -fvisibility-inlines-hidden -O3 -DNDEBUG  -DNDEBUG -std=gnu++11 -fPIC -MD -MT modules/imgproc/CMakeFiles/opencv_imgproc.dir/src/deriv.cpp.o -MF modules/imgproc/CMakeFiles/opencv_imgproc.dir/src/deriv.cpp.o.d -o modules/imgproc/CMakeFiles/opencv_imgproc.dir/src/deriv.cpp.o -c /home/uilian/.conan2/p/b/openc0f1bf19f37050/b/src/modules/imgproc/src/deriv.cpp
[141/411] /usr/bin/g++-13 -DCVAPI_EXPORTS -D_USE_MATH_DEFINES -D__OPENCV_BUILD=1 -D__STDC_CONSTANT_MACROS -D__STDC_FORMAT_MACROS -D__STDC_LIMIT_MACROS -I/home/uilian/.conan2/p/b/openc0f1bf19f37050/b/src/modules/imgproc/include -I/home/uilian/.conan2/p/b/openc0f1bf19f37050/b/build/Release/modules/imgproc -I/home/uilian/.conan2/p/b/openc0f1bf19f37050/b/src/modules/core/include -isystem /home/uilian/.conan2/p/b/openc0f1bf19f37050/b/build/Release -isystem /home/uilian/.conan2/p/eigen5481853932f72/p/include/eigen3 -m64   -fsigned-char -W -Wall -Wreturn-type -Wnon-virtual-dtor -Waddress -Wsequence-point -Wformat -Wformat-security -Wmissing-declarations -Wundef -Winit-self -Wpointer-arith -Wshadow -Wsign-promo -Wuninitialized -Wsuggest-override -Wno-delete-non-virtual-dtor -Wno-comment -Wimplicit-fallthrough=3 -Wno-strict-overflow -fdiagnostics-show-option -Wno-long-long -pthread -fomit-frame-pointer -ffunction-sections -fdata-sections  -msse -msse2 -msse3 -fvisibility=hidden -fvisibility-inlines-hidden -O3 -DNDEBUG  -DNDEBUG -std=gnu++11 -fPIC -MD -MT modules/imgproc/CMakeFiles/opencv_imgproc.dir/src/distransform.cpp.o -MF modules/imgproc/CMakeFiles/opencv_imgproc.dir/src/distransform.cpp.o.d -o modules/imgproc/CMakeFiles/opencv_imgproc.dir/src/distransform.cpp.o -c /home/uilian/.conan2/p/b/openc0f1bf19f37050/b/src/modules/imgproc/src/distransform.cpp
[142/411] /usr/bin/g++-13 -DCVAPI_EXPORTS -D_USE_MATH_DEFINES -D__OPENCV_BUILD=1 -D__STDC_CONSTANT_MACROS -D__STDC_FORMAT_MACROS -D__STDC_LIMIT_MACROS -I/home/uilian/.conan2/p/b/openc0f1bf19f37050/b/src/modules/imgproc/include -I/home/uilian/.conan2/p/b/openc0f1bf19f37050/b/build/Release/modules/imgproc -I/home/uilian/.conan2/p/b/openc0f1bf19f37050/b/src/modules/core/include -isystem /home/uilian/.conan2/p/b/openc0f1bf19f37050/b/build/Release -isystem /home/uilian/.conan2/p/eigen5481853932f72/p/include/eigen3 -m64   -fsigned-char -W -Wall -Wreturn-type -Wnon-virtual-dtor -Waddress -Wsequence-point -Wformat -Wformat-security -Wmissing-declarations -Wundef -Winit-self -Wpointer-arith -Wshadow -Wsign-promo -Wuninitialized -Wsuggest-override -Wno-delete-non-virtual-dtor -Wno-comment -Wimplicit-fallthrough=3 -Wno-strict-overflow -fdiagnostics-show-option -Wno-long-long -pthread -fomit-frame-pointer -ffunction-sections -fdata-sections  -msse -msse2 -msse3 -fvisibility=hidden -fvisibility-inlines-hidden -O3 -DNDEBUG  -DNDEBUG -std=gnu++11 -fPIC -MD -MT modules/imgproc/CMakeFiles/opencv_imgproc.dir/src/emd.cpp.o -MF modules/imgproc/CMakeFiles/opencv_imgproc.dir/src/emd.cpp.o.d -o modules/imgproc/CMakeFiles/opencv_imgproc.dir/src/emd.cpp.o -c /home/uilian/.conan2/p/b/openc0f1bf19f37050/b/src/modules/imgproc/src/emd.cpp
[143/411] /usr/bin/g++-13 -DCVAPI_EXPORTS -D_USE_MATH_DEFINES -D__OPENCV_BUILD=1 -D__STDC_CONSTANT_MACROS -D__STDC_FORMAT_MACROS -D__STDC_LIMIT_MACROS -I/home/uilian/.conan2/p/b/openc0f1bf19f37050/b/src/modules/imgproc/include -I/home/uilian/.conan2/p/b/openc0f1bf19f37050/b/build/Release/modules/imgproc -I/home/uilian/.conan2/p/b/openc0f1bf19f37050/b/src/modules/core/include -isystem /home/uilian/.conan2/p/b/openc0f1bf19f37050/b/build/Release -isystem /home/uilian/.conan2/p/eigen5481853932f72/p/include/eigen3 -m64   -fsigned-char -W -Wall -Wreturn-type -Wnon-virtual-dtor -Waddress -Wsequence-point -Wformat -Wformat-security -Wmissing-declarations -Wundef -Winit-self -Wpointer-arith -Wshadow -Wsign-promo -Wuninitialized -Wsuggest-override -Wno-delete-non-virtual-dtor -Wno-comment -Wimplicit-fallthrough=3 -Wno-strict-overflow -fdiagnostics-show-option -Wno-long-long -pthread -fomit-frame-pointer -ffunction-sections -fdata-sections  -msse -msse2 -msse3 -fvisibility=hidden -fvisibility-inlines-hidden -O3 -DNDEBUG  -DNDEBUG -std=gnu++11 -fPIC -MD -MT modules/imgproc/CMakeFiles/opencv_imgproc.dir/src/featureselect.cpp.o -MF modules/imgproc/CMakeFiles/opencv_imgproc.dir/src/featureselect.cpp.o.d -o modules/imgproc/CMakeFiles/opencv_imgproc.dir/src/featureselect.cpp.o -c /home/uilian/.conan2/p/b/openc0f1bf19f37050/b/src/modules/imgproc/src/featureselect.cpp
[144/411] /usr/bin/g++-13 -DCVAPI_EXPORTS -D_USE_MATH_DEFINES -D__OPENCV_BUILD=1 -D__STDC_CONSTANT_MACROS -D__STDC_FORMAT_MACROS -D__STDC_LIMIT_MACROS -I/home/uilian/.conan2/p/b/openc0f1bf19f37050/b/src/modules/imgproc/include -I/home/uilian/.conan2/p/b/openc0f1bf19f37050/b/build/Release/modules/imgproc -I/home/uilian/.conan2/p/b/openc0f1bf19f37050/b/src/modules/core/include -isystem /home/uilian/.conan2/p/b/openc0f1bf19f37050/b/build/Release -isystem /home/uilian/.conan2/p/eigen5481853932f72/p/include/eigen3 -m64   -fsigned-char -W -Wall -Wreturn-type -Wnon-virtual-dtor -Waddress -Wsequence-point -Wformat -Wformat-security -Wmissing-declarations -Wundef -Winit-self -Wpointer-arith -Wshadow -Wsign-promo -Wuninitialized -Wsuggest-override -Wno-delete-non-virtual-dtor -Wno-comment -Wimplicit-fallthrough=3 -Wno-strict-overflow -fdiagnostics-show-option -Wno-long-long -pthread -fomit-frame-pointer -ffunction-sections -fdata-sections  -msse -msse2 -msse3 -fvisibility=hidden -fvisibility-inlines-hidden -O3 -DNDEBUG  -DNDEBUG -std=gnu++11 -fPIC -MD -MT modules/imgproc/CMakeFiles/opencv_imgproc.dir/src/color_lab.cpp.o -MF modules/imgproc/CMakeFiles/opencv_imgproc.dir/src/color_lab.cpp.o.d -o modules/imgproc/CMakeFiles/opencv_imgproc.dir/src/color_lab.cpp.o -c /home/uilian/.conan2/p/b/openc0f1bf19f37050/b/src/modules/imgproc/src/color_lab.cpp
[145/411] /usr/bin/g++-13 -DCVAPI_EXPORTS -D_USE_MATH_DEFINES -D__OPENCV_BUILD=1 -D__STDC_CONSTANT_MACROS -D__STDC_FORMAT_MACROS -D__STDC_LIMIT_MACROS -I/home/uilian/.conan2/p/b/openc0f1bf19f37050/b/src/modules/imgproc/include -I/home/uilian/.conan2/p/b/openc0f1bf19f37050/b/build/Release/modules/imgproc -I/home/uilian/.conan2/p/b/openc0f1bf19f37050/b/src/modules/core/include -isystem /home/uilian/.conan2/p/b/openc0f1bf19f37050/b/build/Release -isystem /home/uilian/.conan2/p/eigen5481853932f72/p/include/eigen3 -m64   -fsigned-char -W -Wall -Wreturn-type -Wnon-virtual-dtor -Waddress -Wsequence-point -Wformat -Wformat-security -Wmissing-declarations -Wundef -Winit-self -Wpointer-arith -Wshadow -Wsign-promo -Wuninitialized -Wsuggest-override -Wno-delete-non-virtual-dtor -Wno-comment -Wimplicit-fallthrough=3 -Wno-strict-overflow -fdiagnostics-show-option -Wno-long-long -pthread -fomit-frame-pointer -ffunction-sections -fdata-sections  -msse -msse2 -msse3 -fvisibility=hidden -fvisibility-inlines-hidden -O3 -DNDEBUG  -DNDEBUG -std=gnu++11 -fPIC -MD -MT modules/imgproc/CMakeFiles/opencv_imgproc.dir/src/color_yuv.dispatch.cpp.o -MF modules/imgproc/CMakeFiles/opencv_imgproc.dir/src/color_yuv.dispatch.cpp.o.d -o modules/imgproc/CMakeFiles/opencv_imgproc.dir/src/color_yuv.dispatch.cpp.o -c /home/uilian/.conan2/p/b/openc0f1bf19f37050/b/src/modules/imgproc/src/color_yuv.dispatch.cpp
[146/411] /usr/bin/g++-13 -DCVAPI_EXPORTS -D_USE_MATH_DEFINES -D__OPENCV_BUILD=1 -D__STDC_CONSTANT_MACROS -D__STDC_FORMAT_MACROS -D__STDC_LIMIT_MACROS -I/home/uilian/.conan2/p/b/openc0f1bf19f37050/b/src/modules/imgproc/include -I/home/uilian/.conan2/p/b/openc0f1bf19f37050/b/build/Release/modules/imgproc -I/home/uilian/.conan2/p/b/openc0f1bf19f37050/b/src/modules/core/include -isystem /home/uilian/.conan2/p/b/openc0f1bf19f37050/b/build/Release -isystem /home/uilian/.conan2/p/eigen5481853932f72/p/include/eigen3 -m64   -fsigned-char -W -Wall -Wreturn-type -Wnon-virtual-dtor -Waddress -Wsequence-point -Wformat -Wformat-security -Wmissing-declarations -Wundef -Winit-self -Wpointer-arith -Wshadow -Wsign-promo -Wuninitialized -Wsuggest-override -Wno-delete-non-virtual-dtor -Wno-comment -Wimplicit-fallthrough=3 -Wno-strict-overflow -fdiagnostics-show-option -Wno-long-long -pthread -fomit-frame-pointer -ffunction-sections -fdata-sections  -msse -msse2 -msse3 -fvisibility=hidden -fvisibility-inlines-hidden -O3 -DNDEBUG  -DNDEBUG -std=gnu++11 -fPIC -MD -MT modules/imgproc/CMakeFiles/opencv_imgproc.dir/src/gabor.cpp.o -MF modules/imgproc/CMakeFiles/opencv_imgproc.dir/src/gabor.cpp.o.d -o modules/imgproc/CMakeFiles/opencv_imgproc.dir/src/gabor.cpp.o -c /home/uilian/.conan2/p/b/openc0f1bf19f37050/b/src/modules/imgproc/src/gabor.cpp
[147/411] /usr/bin/g++-13 -DCVAPI_EXPORTS -D_USE_MATH_DEFINES -D__OPENCV_BUILD=1 -D__STDC_CONSTANT_MACROS -D__STDC_FORMAT_MACROS -D__STDC_LIMIT_MACROS -I/home/uilian/.conan2/p/b/openc0f1bf19f37050/b/src/modules/imgproc/include -I/home/uilian/.conan2/p/b/openc0f1bf19f37050/b/build/Release/modules/imgproc -I/home/uilian/.conan2/p/b/openc0f1bf19f37050/b/src/modules/core/include -isystem /home/uilian/.conan2/p/b/openc0f1bf19f37050/b/build/Release -isystem /home/uilian/.conan2/p/eigen5481853932f72/p/include/eigen3 -m64   -fsigned-char -W -Wall -Wreturn-type -Wnon-virtual-dtor -Waddress -Wsequence-point -Wformat -Wformat-security -Wmissing-declarations -Wundef -Winit-self -Wpointer-arith -Wshadow -Wsign-promo -Wuninitialized -Wsuggest-override -Wno-delete-non-virtual-dtor -Wno-comment -Wimplicit-fallthrough=3 -Wno-strict-overflow -fdiagnostics-show-option -Wno-long-long -pthread -fomit-frame-pointer -ffunction-sections -fdata-sections  -msse -msse2 -msse3 -fvisibility=hidden -fvisibility-inlines-hidden -O3 -DNDEBUG  -DNDEBUG -std=gnu++11 -fPIC -MD -MT modules/imgproc/CMakeFiles/opencv_imgproc.dir/src/demosaicing.cpp.o -MF modules/imgproc/CMakeFiles/opencv_imgproc.dir/src/demosaicing.cpp.o.d -o modules/imgproc/CMakeFiles/opencv_imgproc.dir/src/demosaicing.cpp.o -c /home/uilian/.conan2/p/b/openc0f1bf19f37050/b/src/modules/imgproc/src/demosaicing.cpp
[148/411] /usr/bin/g++-13 -DCVAPI_EXPORTS -D_USE_MATH_DEFINES -D__OPENCV_BUILD=1 -D__STDC_CONSTANT_MACROS -D__STDC_FORMAT_MACROS -D__STDC_LIMIT_MACROS -I/home/uilian/.conan2/p/b/openc0f1bf19f37050/b/src/modules/imgproc/include -I/home/uilian/.conan2/p/b/openc0f1bf19f37050/b/build/Release/modules/imgproc -I/home/uilian/.conan2/p/b/openc0f1bf19f37050/b/src/modules/core/include -isystem /home/uilian/.conan2/p/b/openc0f1bf19f37050/b/build/Release -isystem /home/uilian/.conan2/p/eigen5481853932f72/p/include/eigen3 -m64   -fsigned-char -W -Wall -Wreturn-type -Wnon-virtual-dtor -Waddress -Wsequence-point -Wformat -Wformat-security -Wmissing-declarations -Wundef -Winit-self -Wpointer-arith -Wshadow -Wsign-promo -Wuninitialized -Wsuggest-override -Wno-delete-non-virtual-dtor -Wno-comment -Wimplicit-fallthrough=3 -Wno-strict-overflow -fdiagnostics-show-option -Wno-long-long -pthread -fomit-frame-pointer -ffunction-sections -fdata-sections  -msse -msse2 -msse3 -fvisibility=hidden -fvisibility-inlines-hidden -O3 -DNDEBUG  -DNDEBUG -std=gnu++11 -fPIC -MD -MT modules/imgproc/CMakeFiles/opencv_imgproc.dir/src/hershey_fonts.cpp.o -MF modules/imgproc/CMakeFiles/opencv_imgproc.dir/src/hershey_fonts.cpp.o.d -o modules/imgproc/CMakeFiles/opencv_imgproc.dir/src/hershey_fonts.cpp.o -c /home/uilian/.conan2/p/b/openc0f1bf19f37050/b/src/modules/imgproc/src/hershey_fonts.cpp
[149/411] /usr/bin/g++-13 -DCVAPI_EXPORTS -D_USE_MATH_DEFINES -D__OPENCV_BUILD=1 -D__STDC_CONSTANT_MACROS -D__STDC_FORMAT_MACROS -D__STDC_LIMIT_MACROS -I/home/uilian/.conan2/p/b/openc0f1bf19f37050/b/src/modules/imgproc/include -I/home/uilian/.conan2/p/b/openc0f1bf19f37050/b/build/Release/modules/imgproc -I/home/uilian/.conan2/p/b/openc0f1bf19f37050/b/src/modules/core/include -isystem /home/uilian/.conan2/p/b/openc0f1bf19f37050/b/build/Release -isystem /home/uilian/.conan2/p/eigen5481853932f72/p/include/eigen3 -m64   -fsigned-char -W -Wall -Wreturn-type -Wnon-virtual-dtor -Waddress -Wsequence-point -Wformat -Wformat-security -Wmissing-declarations -Wundef -Winit-self -Wpointer-arith -Wshadow -Wsign-promo -Wuninitialized -Wsuggest-override -Wno-delete-non-virtual-dtor -Wno-comment -Wimplicit-fallthrough=3 -Wno-strict-overflow -fdiagnostics-show-option -Wno-long-long -pthread -fomit-frame-pointer -ffunction-sections -fdata-sections  -msse -msse2 -msse3 -fvisibility=hidden -fvisibility-inlines-hidden -O3 -DNDEBUG  -DNDEBUG -std=gnu++11 -fPIC -MD -MT modules/imgproc/CMakeFiles/opencv_imgproc.dir/src/drawing.cpp.o -MF modules/imgproc/CMakeFiles/opencv_imgproc.dir/src/drawing.cpp.o.d -o modules/imgproc/CMakeFiles/opencv_imgproc.dir/src/drawing.cpp.o -c /home/uilian/.conan2/p/b/openc0f1bf19f37050/b/src/modules/imgproc/src/drawing.cpp
[150/411] /usr/bin/g++-13 -DCVAPI_EXPORTS -D_USE_MATH_DEFINES -D__OPENCV_BUILD=1 -D__STDC_CONSTANT_MACROS -D__STDC_FORMAT_MACROS -D__STDC_LIMIT_MACROS -I/home/uilian/.conan2/p/b/openc0f1bf19f37050/b/src/modules/imgproc/include -I/home/uilian/.conan2/p/b/openc0f1bf19f37050/b/build/Release/modules/imgproc -I/home/uilian/.conan2/p/b/openc0f1bf19f37050/b/src/modules/core/include -isystem /home/uilian/.conan2/p/b/openc0f1bf19f37050/b/build/Release -isystem /home/uilian/.conan2/p/eigen5481853932f72/p/include/eigen3 -m64   -fsigned-char -W -Wall -Wreturn-type -Wnon-virtual-dtor -Waddress -Wsequence-point -Wformat -Wformat-security -Wmissing-declarations -Wundef -Winit-self -Wpointer-arith -Wshadow -Wsign-promo -Wuninitialized -Wsuggest-override -Wno-delete-non-virtual-dtor -Wno-comment -Wimplicit-fallthrough=3 -Wno-strict-overflow -fdiagnostics-show-option -Wno-long-long -pthread -fomit-frame-pointer -ffunction-sections -fdata-sections  -msse -msse2 -msse3 -fvisibility=hidden -fvisibility-inlines-hidden -O3 -DNDEBUG  -DNDEBUG -std=gnu++11 -fPIC -MD -MT modules/imgproc/CMakeFiles/opencv_imgproc.dir/src/floodfill.cpp.o -MF modules/imgproc/CMakeFiles/opencv_imgproc.dir/src/floodfill.cpp.o.d -o modules/imgproc/CMakeFiles/opencv_imgproc.dir/src/floodfill.cpp.o -c /home/uilian/.conan2/p/b/openc0f1bf19f37050/b/src/modules/imgproc/src/floodfill.cpp
[151/411] /usr/bin/g++-13 -DCVAPI_EXPORTS -D_USE_MATH_DEFINES -D__OPENCV_BUILD=1 -D__STDC_CONSTANT_MACROS -D__STDC_FORMAT_MACROS -D__STDC_LIMIT_MACROS -I/home/uilian/.conan2/p/b/openc0f1bf19f37050/b/src/modules/imgproc/include -I/home/uilian/.conan2/p/b/openc0f1bf19f37050/b/build/Release/modules/imgproc -I/home/uilian/.conan2/p/b/openc0f1bf19f37050/b/src/modules/core/include -isystem /home/uilian/.conan2/p/b/openc0f1bf19f37050/b/build/Release -isystem /home/uilian/.conan2/p/eigen5481853932f72/p/include/eigen3 -m64   -fsigned-char -W -Wall -Wreturn-type -Wnon-virtual-dtor -Waddress -Wsequence-point -Wformat -Wformat-security -Wmissing-declarations -Wundef -Winit-self -Wpointer-arith -Wshadow -Wsign-promo -Wuninitialized -Wsuggest-override -Wno-delete-non-virtual-dtor -Wno-comment -Wimplicit-fallthrough=3 -Wno-strict-overflow -fdiagnostics-show-option -Wno-long-long -pthread -fomit-frame-pointer -ffunction-sections -fdata-sections  -msse -msse2 -msse3 -fvisibility=hidden -fvisibility-inlines-hidden -O3 -DNDEBUG  -DNDEBUG -std=gnu++11 -fPIC -MD -MT modules/imgproc/CMakeFiles/opencv_imgproc.dir/src/geometry.cpp.o -MF modules/imgproc/CMakeFiles/opencv_imgproc.dir/src/geometry.cpp.o.d -o modules/imgproc/CMakeFiles/opencv_imgproc.dir/src/geometry.cpp.o -c /home/uilian/.conan2/p/b/openc0f1bf19f37050/b/src/modules/imgproc/src/geometry.cpp
[152/411] /usr/bin/g++-13 -DCVAPI_EXPORTS -D_USE_MATH_DEFINES -D__OPENCV_BUILD=1 -D__STDC_CONSTANT_MACROS -D__STDC_FORMAT_MACROS -D__STDC_LIMIT_MACROS -I/home/uilian/.conan2/p/b/openc0f1bf19f37050/b/src/modules/flann/include -I/home/uilian/.conan2/p/b/openc0f1bf19f37050/b/build/Release/modules/flann -I/home/uilian/.conan2/p/b/openc0f1bf19f37050/b/src/modules/core/include -isystem /home/uilian/.conan2/p/b/openc0f1bf19f37050/b/build/Release -isystem /home/uilian/.conan2/p/eigen5481853932f72/p/include/eigen3 -m64   -fsigned-char -W -Wall -Wreturn-type -Wnon-virtual-dtor -Waddress -Wsequence-point -Wformat -Wformat-security -Wmissing-declarations -Wundef -Winit-self -Wpointer-arith -Wshadow -Wsign-promo -Wuninitialized -Wsuggest-override -Wno-delete-non-virtual-dtor -Wno-comment -Wimplicit-fallthrough=3 -Wno-strict-overflow -fdiagnostics-show-option -Wno-long-long -pthread -fomit-frame-pointer -ffunction-sections -fdata-sections  -msse -msse2 -msse3 -fvisibility=hidden -fvisibility-inlines-hidden -O3 -DNDEBUG  -DNDEBUG -std=gnu++11 -fPIC -MD -MT modules/flann/CMakeFiles/opencv_flann.dir/src/miniflann.cpp.o -MF modules/flann/CMakeFiles/opencv_flann.dir/src/miniflann.cpp.o.d -o modules/flann/CMakeFiles/opencv_flann.dir/src/miniflann.cpp.o -c /home/uilian/.conan2/p/b/openc0f1bf19f37050/b/src/modules/flann/src/miniflann.cpp
[153/411] /usr/bin/g++-13 -DCVAPI_EXPORTS -D_USE_MATH_DEFINES -D__OPENCV_BUILD=1 -D__STDC_CONSTANT_MACROS -D__STDC_FORMAT_MACROS -D__STDC_LIMIT_MACROS -I/home/uilian/.conan2/p/b/openc0f1bf19f37050/b/src/modules/imgproc/include -I/home/uilian/.conan2/p/b/openc0f1bf19f37050/b/build/Release/modules/imgproc -I/home/uilian/.conan2/p/b/openc0f1bf19f37050/b/src/modules/core/include -isystem /home/uilian/.conan2/p/b/openc0f1bf19f37050/b/build/Release -isystem /home/uilian/.conan2/p/eigen5481853932f72/p/include/eigen3 -m64   -fsigned-char -W -Wall -Wreturn-type -Wnon-virtual-dtor -Waddress -Wsequence-point -Wformat -Wformat-security -Wmissing-declarations -Wundef -Winit-self -Wpointer-arith -Wshadow -Wsign-promo -Wuninitialized -Wsuggest-override -Wno-delete-non-virtual-dtor -Wno-comment -Wimplicit-fallthrough=3 -Wno-strict-overflow -fdiagnostics-show-option -Wno-long-long -pthread -fomit-frame-pointer -ffunction-sections -fdata-sections  -msse -msse2 -msse3 -fvisibility=hidden -fvisibility-inlines-hidden -O3 -DNDEBUG  -DNDEBUG -std=gnu++11 -fPIC -MD -MT modules/imgproc/CMakeFiles/opencv_imgproc.dir/src/generalized_hough.cpp.o -MF modules/imgproc/CMakeFiles/opencv_imgproc.dir/src/generalized_hough.cpp.o.d -o modules/imgproc/CMakeFiles/opencv_imgproc.dir/src/generalized_hough.cpp.o -c /home/uilian/.conan2/p/b/openc0f1bf19f37050/b/src/modules/imgproc/src/generalized_hough.cpp
[154/411] /usr/bin/g++-13 -DCVAPI_EXPORTS -D_USE_MATH_DEFINES -D__OPENCV_BUILD=1 -D__STDC_CONSTANT_MACROS -D__STDC_FORMAT_MACROS -D__STDC_LIMIT_MACROS -I/home/uilian/.conan2/p/b/openc0f1bf19f37050/b/src/modules/imgproc/include -I/home/uilian/.conan2/p/b/openc0f1bf19f37050/b/build/Release/modules/imgproc -I/home/uilian/.conan2/p/b/openc0f1bf19f37050/b/src/modules/core/include -isystem /home/uilian/.conan2/p/b/openc0f1bf19f37050/b/build/Release -isystem /home/uilian/.conan2/p/eigen5481853932f72/p/include/eigen3 -m64   -fsigned-char -W -Wall -Wreturn-type -Wnon-virtual-dtor -Waddress -Wsequence-point -Wformat -Wformat-security -Wmissing-declarations -Wundef -Winit-self -Wpointer-arith -Wshadow -Wsign-promo -Wuninitialized -Wsuggest-override -Wno-delete-non-virtual-dtor -Wno-comment -Wimplicit-fallthrough=3 -Wno-strict-overflow -fdiagnostics-show-option -Wno-long-long -pthread -fomit-frame-pointer -ffunction-sections -fdata-sections  -msse -msse2 -msse3 -fvisibility=hidden -fvisibility-inlines-hidden -O3 -DNDEBUG  -DNDEBUG -std=gnu++11 -fPIC -MD -MT modules/imgproc/CMakeFiles/opencv_imgproc.dir/src/grabcut.cpp.o -MF modules/imgproc/CMakeFiles/opencv_imgproc.dir/src/grabcut.cpp.o.d -o modules/imgproc/CMakeFiles/opencv_imgproc.dir/src/grabcut.cpp.o -c /home/uilian/.conan2/p/b/openc0f1bf19f37050/b/src/modules/imgproc/src/grabcut.cpp
[155/411] /usr/bin/g++-13 -DCVAPI_EXPORTS -D_USE_MATH_DEFINES -D__OPENCV_BUILD=1 -D__STDC_CONSTANT_MACROS -D__STDC_FORMAT_MACROS -D__STDC_LIMIT_MACROS -I/home/uilian/.conan2/p/b/openc0f1bf19f37050/b/src/modules/imgproc/include -I/home/uilian/.conan2/p/b/openc0f1bf19f37050/b/build/Release/modules/imgproc -I/home/uilian/.conan2/p/b/openc0f1bf19f37050/b/src/modules/core/include -isystem /home/uilian/.conan2/p/b/openc0f1bf19f37050/b/build/Release -isystem /home/uilian/.conan2/p/eigen5481853932f72/p/include/eigen3 -m64   -fsigned-char -W -Wall -Wreturn-type -Wnon-virtual-dtor -Waddress -Wsequence-point -Wformat -Wformat-security -Wmissing-declarations -Wundef -Winit-self -Wpointer-arith -Wshadow -Wsign-promo -Wuninitialized -Wsuggest-override -Wno-delete-non-virtual-dtor -Wno-comment -Wimplicit-fallthrough=3 -Wno-strict-overflow -fdiagnostics-show-option -Wno-long-long -pthread -fomit-frame-pointer -ffunction-sections -fdata-sections  -msse -msse2 -msse3 -fvisibility=hidden -fvisibility-inlines-hidden -O3 -DNDEBUG  -DNDEBUG -std=gnu++11 -fPIC -MD -MT modules/imgproc/CMakeFiles/opencv_imgproc.dir/src/main.cpp.o -MF modules/imgproc/CMakeFiles/opencv_imgproc.dir/src/main.cpp.o.d -o modules/imgproc/CMakeFiles/opencv_imgproc.dir/src/main.cpp.o -c /home/uilian/.conan2/p/b/openc0f1bf19f37050/b/src/modules/imgproc/src/main.cpp
[156/411] /usr/bin/g++-13 -DCVAPI_EXPORTS -D_USE_MATH_DEFINES -D__OPENCV_BUILD=1 -D__STDC_CONSTANT_MACROS -D__STDC_FORMAT_MACROS -D__STDC_LIMIT_MACROS -I/home/uilian/.conan2/p/b/openc0f1bf19f37050/b/src/modules/imgproc/include -I/home/uilian/.conan2/p/b/openc0f1bf19f37050/b/build/Release/modules/imgproc -I/home/uilian/.conan2/p/b/openc0f1bf19f37050/b/src/modules/core/include -isystem /home/uilian/.conan2/p/b/openc0f1bf19f37050/b/build/Release -isystem /home/uilian/.conan2/p/eigen5481853932f72/p/include/eigen3 -m64   -fsigned-char -W -Wall -Wreturn-type -Wnon-virtual-dtor -Waddress -Wsequence-point -Wformat -Wformat-security -Wmissing-declarations -Wundef -Winit-self -Wpointer-arith -Wshadow -Wsign-promo -Wuninitialized -Wsuggest-override -Wno-delete-non-virtual-dtor -Wno-comment -Wimplicit-fallthrough=3 -Wno-strict-overflow -fdiagnostics-show-option -Wno-long-long -pthread -fomit-frame-pointer -ffunction-sections -fdata-sections  -msse -msse2 -msse3 -fvisibility=hidden -fvisibility-inlines-hidden -O3 -DNDEBUG  -DNDEBUG -std=gnu++11 -fPIC -MD -MT modules/imgproc/CMakeFiles/opencv_imgproc.dir/src/linefit.cpp.o -MF modules/imgproc/CMakeFiles/opencv_imgproc.dir/src/linefit.cpp.o.d -o modules/imgproc/CMakeFiles/opencv_imgproc.dir/src/linefit.cpp.o -c /home/uilian/.conan2/p/b/openc0f1bf19f37050/b/src/modules/imgproc/src/linefit.cpp
[157/411] /usr/bin/g++-13 -DCVAPI_EXPORTS -D_USE_MATH_DEFINES -D__OPENCV_BUILD=1 -D__STDC_CONSTANT_MACROS -D__STDC_FORMAT_MACROS -D__STDC_LIMIT_MACROS -I/home/uilian/.conan2/p/b/openc0f1bf19f37050/b/src/modules/imgproc/include -I/home/uilian/.conan2/p/b/openc0f1bf19f37050/b/build/Release/modules/imgproc -I/home/uilian/.conan2/p/b/openc0f1bf19f37050/b/src/modules/core/include -isystem /home/uilian/.conan2/p/b/openc0f1bf19f37050/b/build/Release -isystem /home/uilian/.conan2/p/eigen5481853932f72/p/include/eigen3 -m64   -fsigned-char -W -Wall -Wreturn-type -Wnon-virtual-dtor -Waddress -Wsequence-point -Wformat -Wformat-security -Wmissing-declarations -Wundef -Winit-self -Wpointer-arith -Wshadow -Wsign-promo -Wuninitialized -Wsuggest-override -Wno-delete-non-virtual-dtor -Wno-comment -Wimplicit-fallthrough=3 -Wno-strict-overflow -fdiagnostics-show-option -Wno-long-long -pthread -fomit-frame-pointer -ffunction-sections -fdata-sections  -msse -msse2 -msse3 -fvisibility=hidden -fvisibility-inlines-hidden -O3 -DNDEBUG  -DNDEBUG -std=gnu++11 -fPIC -MD -MT modules/imgproc/CMakeFiles/opencv_imgproc.dir/src/matchcontours.cpp.o -MF modules/imgproc/CMakeFiles/opencv_imgproc.dir/src/matchcontours.cpp.o.d -o modules/imgproc/CMakeFiles/opencv_imgproc.dir/src/matchcontours.cpp.o -c /home/uilian/.conan2/p/b/openc0f1bf19f37050/b/src/modules/imgproc/src/matchcontours.cpp
[158/411] /usr/bin/g++-13 -DCVAPI_EXPORTS -D_USE_MATH_DEFINES -D__OPENCV_BUILD=1 -D__STDC_CONSTANT_MACROS -D__STDC_FORMAT_MACROS -D__STDC_LIMIT_MACROS -I/home/uilian/.conan2/p/b/openc0f1bf19f37050/b/src/modules/imgproc/include -I/home/uilian/.conan2/p/b/openc0f1bf19f37050/b/build/Release/modules/imgproc -I/home/uilian/.conan2/p/b/openc0f1bf19f37050/b/src/modules/core/include -isystem /home/uilian/.conan2/p/b/openc0f1bf19f37050/b/build/Release -isystem /home/uilian/.conan2/p/eigen5481853932f72/p/include/eigen3 -m64   -fsigned-char -W -Wall -Wreturn-type -Wnon-virtual-dtor -Waddress -Wsequence-point -Wformat -Wformat-security -Wmissing-declarations -Wundef -Winit-self -Wpointer-arith -Wshadow -Wsign-promo -Wuninitialized -Wsuggest-override -Wno-delete-non-virtual-dtor -Wno-comment -Wimplicit-fallthrough=3 -Wno-strict-overflow -fdiagnostics-show-option -Wno-long-long -pthread -fomit-frame-pointer -ffunction-sections -fdata-sections  -msse -msse2 -msse3 -fvisibility=hidden -fvisibility-inlines-hidden -O3 -DNDEBUG  -DNDEBUG -std=gnu++11 -fPIC -MD -MT modules/imgproc/CMakeFiles/opencv_imgproc.dir/src/intersection.cpp.o -MF modules/imgproc/CMakeFiles/opencv_imgproc.dir/src/intersection.cpp.o.d -o modules/imgproc/CMakeFiles/opencv_imgproc.dir/src/intersection.cpp.o -c /home/uilian/.conan2/p/b/openc0f1bf19f37050/b/src/modules/imgproc/src/intersection.cpp
[159/411] /usr/bin/g++-13 -DCVAPI_EXPORTS -D_USE_MATH_DEFINES -D__OPENCV_BUILD=1 -D__STDC_CONSTANT_MACROS -D__STDC_FORMAT_MACROS -D__STDC_LIMIT_MACROS -I/home/uilian/.conan2/p/b/openc0f1bf19f37050/b/src/modules/imgproc/include -I/home/uilian/.conan2/p/b/openc0f1bf19f37050/b/build/Release/modules/imgproc -I/home/uilian/.conan2/p/b/openc0f1bf19f37050/b/src/modules/core/include -isystem /home/uilian/.conan2/p/b/openc0f1bf19f37050/b/build/Release -isystem /home/uilian/.conan2/p/eigen5481853932f72/p/include/eigen3 -m64   -fsigned-char -W -Wall -Wreturn-type -Wnon-virtual-dtor -Waddress -Wsequence-point -Wformat -Wformat-security -Wmissing-declarations -Wundef -Winit-self -Wpointer-arith -Wshadow -Wsign-promo -Wuninitialized -Wsuggest-override -Wno-delete-non-virtual-dtor -Wno-comment -Wimplicit-fallthrough=3 -Wno-strict-overflow -fdiagnostics-show-option -Wno-long-long -pthread -fomit-frame-pointer -ffunction-sections -fdata-sections  -msse -msse2 -msse3 -fvisibility=hidden -fvisibility-inlines-hidden -O3 -DNDEBUG  -DNDEBUG -std=gnu++11 -fPIC -MD -MT modules/imgproc/CMakeFiles/opencv_imgproc.dir/src/lsd.cpp.o -MF modules/imgproc/CMakeFiles/opencv_imgproc.dir/src/lsd.cpp.o.d -o modules/imgproc/CMakeFiles/opencv_imgproc.dir/src/lsd.cpp.o -c /home/uilian/.conan2/p/b/openc0f1bf19f37050/b/src/modules/imgproc/src/lsd.cpp
[160/411] /usr/bin/g++-13 -DCVAPI_EXPORTS -D_USE_MATH_DEFINES -D__OPENCV_BUILD=1 -D__STDC_CONSTANT_MACROS -D__STDC_FORMAT_MACROS -D__STDC_LIMIT_MACROS -I/home/uilian/.conan2/p/b/openc0f1bf19f37050/b/src/modules/imgproc/include -I/home/uilian/.conan2/p/b/openc0f1bf19f37050/b/build/Release/modules/imgproc -I/home/uilian/.conan2/p/b/openc0f1bf19f37050/b/src/modules/core/include -isystem /home/uilian/.conan2/p/b/openc0f1bf19f37050/b/build/Release -isystem /home/uilian/.conan2/p/eigen5481853932f72/p/include/eigen3 -m64   -fsigned-char -W -Wall -Wreturn-type -Wnon-virtual-dtor -Waddress -Wsequence-point -Wformat -Wformat-security -Wmissing-declarations -Wundef -Winit-self -Wpointer-arith -Wshadow -Wsign-promo -Wuninitialized -Wsuggest-override -Wno-delete-non-virtual-dtor -Wno-comment -Wimplicit-fallthrough=3 -Wno-strict-overflow -fdiagnostics-show-option -Wno-long-long -pthread -fomit-frame-pointer -ffunction-sections -fdata-sections  -msse -msse2 -msse3 -fvisibility=hidden -fvisibility-inlines-hidden -O3 -DNDEBUG  -DNDEBUG -std=gnu++11 -fPIC -MD -MT modules/imgproc/CMakeFiles/opencv_imgproc.dir/src/hough.cpp.o -MF modules/imgproc/CMakeFiles/opencv_imgproc.dir/src/hough.cpp.o.d -o modules/imgproc/CMakeFiles/opencv_imgproc.dir/src/hough.cpp.o -c /home/uilian/.conan2/p/b/openc0f1bf19f37050/b/src/modules/imgproc/src/hough.cpp
[161/411] /usr/bin/g++-13 -DCVAPI_EXPORTS -D_USE_MATH_DEFINES -D__OPENCV_BUILD=1 -D__STDC_CONSTANT_MACROS -D__STDC_FORMAT_MACROS -D__STDC_LIMIT_MACROS -I/home/uilian/.conan2/p/b/openc0f1bf19f37050/b/src/modules/imgproc/include -I/home/uilian/.conan2/p/b/openc0f1bf19f37050/b/build/Release/modules/imgproc -I/home/uilian/.conan2/p/b/openc0f1bf19f37050/b/src/modules/core/include -isystem /home/uilian/.conan2/p/b/openc0f1bf19f37050/b/build/Release -isystem /home/uilian/.conan2/p/eigen5481853932f72/p/include/eigen3 -m64   -fsigned-char -W -Wall -Wreturn-type -Wnon-virtual-dtor -Waddress -Wsequence-point -Wformat -Wformat-security -Wmissing-declarations -Wundef -Winit-self -Wpointer-arith -Wshadow -Wsign-promo -Wuninitialized -Wsuggest-override -Wno-delete-non-virtual-dtor -Wno-comment -Wimplicit-fallthrough=3 -Wno-strict-overflow -fdiagnostics-show-option -Wno-long-long -pthread -fomit-frame-pointer -ffunction-sections -fdata-sections  -msse -msse2 -msse3 -fvisibility=hidden -fvisibility-inlines-hidden -O3 -DNDEBUG  -DNDEBUG -std=gnu++11 -fPIC -MD -MT modules/imgproc/CMakeFiles/opencv_imgproc.dir/src/min_enclosing_triangle.cpp.o -MF modules/imgproc/CMakeFiles/opencv_imgproc.dir/src/min_enclosing_triangle.cpp.o.d -o modules/imgproc/CMakeFiles/opencv_imgproc.dir/src/min_enclosing_triangle.cpp.o -c /home/uilian/.conan2/p/b/openc0f1bf19f37050/b/src/modules/imgproc/src/min_enclosing_triangle.cpp
[162/411] /usr/bin/g++-13 -DCVAPI_EXPORTS -D_USE_MATH_DEFINES -D__OPENCV_BUILD=1 -D__STDC_CONSTANT_MACROS -D__STDC_FORMAT_MACROS -D__STDC_LIMIT_MACROS -I/home/uilian/.conan2/p/b/openc0f1bf19f37050/b/src/modules/imgproc/include -I/home/uilian/.conan2/p/b/openc0f1bf19f37050/b/build/Release/modules/imgproc -I/home/uilian/.conan2/p/b/openc0f1bf19f37050/b/src/modules/core/include -isystem /home/uilian/.conan2/p/b/openc0f1bf19f37050/b/build/Release -isystem /home/uilian/.conan2/p/eigen5481853932f72/p/include/eigen3 -m64   -fsigned-char -W -Wall -Wreturn-type -Wnon-virtual-dtor -Waddress -Wsequence-point -Wformat -Wformat-security -Wmissing-declarations -Wundef -Winit-self -Wpointer-arith -Wshadow -Wsign-promo -Wuninitialized -Wsuggest-override -Wno-delete-non-virtual-dtor -Wno-comment -Wimplicit-fallthrough=3 -Wno-strict-overflow -fdiagnostics-show-option -Wno-long-long -pthread -fomit-frame-pointer -ffunction-sections -fdata-sections  -msse -msse2 -msse3 -fvisibility=hidden -fvisibility-inlines-hidden -O3 -DNDEBUG  -DNDEBUG -std=gnu++11 -fPIC -MD -MT modules/imgproc/CMakeFiles/opencv_imgproc.dir/src/histogram.cpp.o -MF modules/imgproc/CMakeFiles/opencv_imgproc.dir/src/histogram.cpp.o.d -o modules/imgproc/CMakeFiles/opencv_imgproc.dir/src/histogram.cpp.o -c /home/uilian/.conan2/p/b/openc0f1bf19f37050/b/src/modules/imgproc/src/histogram.cpp
[163/411] /usr/bin/g++-13 -DCVAPI_EXPORTS -D_USE_MATH_DEFINES -D__OPENCV_BUILD=1 -D__STDC_CONSTANT_MACROS -D__STDC_FORMAT_MACROS -D__STDC_LIMIT_MACROS -I/home/uilian/.conan2/p/b/openc0f1bf19f37050/b/src/modules/imgproc/include -I/home/uilian/.conan2/p/b/openc0f1bf19f37050/b/build/Release/modules/imgproc -I/home/uilian/.conan2/p/b/openc0f1bf19f37050/b/src/modules/core/include -isystem /home/uilian/.conan2/p/b/openc0f1bf19f37050/b/build/Release -isystem /home/uilian/.conan2/p/eigen5481853932f72/p/include/eigen3 -m64   -fsigned-char -W -Wall -Wreturn-type -Wnon-virtual-dtor -Waddress -Wsequence-point -Wformat -Wformat-security -Wmissing-declarations -Wundef -Winit-self -Wpointer-arith -Wshadow -Wsign-promo -Wuninitialized -Wsuggest-override -Wno-delete-non-virtual-dtor -Wno-comment -Wimplicit-fallthrough=3 -Wno-strict-overflow -fdiagnostics-show-option -Wno-long-long -pthread -fomit-frame-pointer -ffunction-sections -fdata-sections  -msse -msse2 -msse3 -fvisibility=hidden -fvisibility-inlines-hidden -O3 -DNDEBUG  -DNDEBUG -std=gnu++11 -fPIC -MD -MT modules/imgproc/CMakeFiles/opencv_imgproc.dir/src/moments.cpp.o -MF modules/imgproc/CMakeFiles/opencv_imgproc.dir/src/moments.cpp.o.d -o modules/imgproc/CMakeFiles/opencv_imgproc.dir/src/moments.cpp.o -c /home/uilian/.conan2/p/b/openc0f1bf19f37050/b/src/modules/imgproc/src/moments.cpp
[164/411] /usr/bin/g++-13 -DCVAPI_EXPORTS -D_USE_MATH_DEFINES -D__OPENCV_BUILD=1 -D__STDC_CONSTANT_MACROS -D__STDC_FORMAT_MACROS -D__STDC_LIMIT_MACROS -I/home/uilian/.conan2/p/b/openc0f1bf19f37050/b/src/modules/imgproc/include -I/home/uilian/.conan2/p/b/openc0f1bf19f37050/b/build/Release/modules/imgproc -I/home/uilian/.conan2/p/b/openc0f1bf19f37050/b/src/modules/core/include -isystem /home/uilian/.conan2/p/b/openc0f1bf19f37050/b/build/Release -isystem /home/uilian/.conan2/p/eigen5481853932f72/p/include/eigen3 -m64   -fsigned-char -W -Wall -Wreturn-type -Wnon-virtual-dtor -Waddress -Wsequence-point -Wformat -Wformat-security -Wmissing-declarations -Wundef -Winit-self -Wpointer-arith -Wshadow -Wsign-promo -Wuninitialized -Wsuggest-override -Wno-delete-non-virtual-dtor -Wno-comment -Wimplicit-fallthrough=3 -Wno-strict-overflow -fdiagnostics-show-option -Wno-long-long -pthread -fomit-frame-pointer -ffunction-sections -fdata-sections  -msse -msse2 -msse3 -fvisibility=hidden -fvisibility-inlines-hidden -O3 -DNDEBUG  -DNDEBUG -std=gnu++11 -fPIC -MD -MT modules/imgproc/CMakeFiles/opencv_imgproc.dir/src/phasecorr.cpp.o -MF modules/imgproc/CMakeFiles/opencv_imgproc.dir/src/phasecorr.cpp.o.d -o modules/imgproc/CMakeFiles/opencv_imgproc.dir/src/phasecorr.cpp.o -c /home/uilian/.conan2/p/b/openc0f1bf19f37050/b/src/modules/imgproc/src/phasecorr.cpp
[165/411] /usr/bin/g++-13 -DCVAPI_EXPORTS -D_USE_MATH_DEFINES -D__OPENCV_BUILD=1 -D__STDC_CONSTANT_MACROS -D__STDC_FORMAT_MACROS -D__STDC_LIMIT_MACROS -I/home/uilian/.conan2/p/b/openc0f1bf19f37050/b/src/modules/imgproc/include -I/home/uilian/.conan2/p/b/openc0f1bf19f37050/b/build/Release/modules/imgproc -I/home/uilian/.conan2/p/b/openc0f1bf19f37050/b/src/modules/core/include -isystem /home/uilian/.conan2/p/b/openc0f1bf19f37050/b/build/Release -isystem /home/uilian/.conan2/p/eigen5481853932f72/p/include/eigen3 -m64   -fsigned-char -W -Wall -Wreturn-type -Wnon-virtual-dtor -Waddress -Wsequence-point -Wformat -Wformat-security -Wmissing-declarations -Wundef -Winit-self -Wpointer-arith -Wshadow -Wsign-promo -Wuninitialized -Wsuggest-override -Wno-delete-non-virtual-dtor -Wno-comment -Wimplicit-fallthrough=3 -Wno-strict-overflow -fdiagnostics-show-option -Wno-long-long -pthread -fomit-frame-pointer -ffunction-sections -fdata-sections  -msse -msse2 -msse3 -fvisibility=hidden -fvisibility-inlines-hidden -O3 -DNDEBUG  -DNDEBUG -std=gnu++11 -fPIC -MD -MT modules/imgproc/CMakeFiles/opencv_imgproc.dir/src/rotcalipers.cpp.o -MF modules/imgproc/CMakeFiles/opencv_imgproc.dir/src/rotcalipers.cpp.o.d -o modules/imgproc/CMakeFiles/opencv_imgproc.dir/src/rotcalipers.cpp.o -c /home/uilian/.conan2/p/b/openc0f1bf19f37050/b/src/modules/imgproc/src/rotcalipers.cpp
[166/411] /usr/bin/g++-13 -DCVAPI_EXPORTS -D_USE_MATH_DEFINES -D__OPENCV_BUILD=1 -D__STDC_CONSTANT_MACROS -D__STDC_FORMAT_MACROS -D__STDC_LIMIT_MACROS -I/home/uilian/.conan2/p/b/openc0f1bf19f37050/b/src/modules/imgproc/include -I/home/uilian/.conan2/p/b/openc0f1bf19f37050/b/build/Release/modules/imgproc -I/home/uilian/.conan2/p/b/openc0f1bf19f37050/b/src/modules/core/include -isystem /home/uilian/.conan2/p/b/openc0f1bf19f37050/b/build/Release -isystem /home/uilian/.conan2/p/eigen5481853932f72/p/include/eigen3 -m64   -fsigned-char -W -Wall -Wreturn-type -Wnon-virtual-dtor -Waddress -Wsequence-point -Wformat -Wformat-security -Wmissing-declarations -Wundef -Winit-self -Wpointer-arith -Wshadow -Wsign-promo -Wuninitialized -Wsuggest-override -Wno-delete-non-virtual-dtor -Wno-comment -Wimplicit-fallthrough=3 -Wno-strict-overflow -fdiagnostics-show-option -Wno-long-long -pthread -fomit-frame-pointer -ffunction-sections -fdata-sections  -msse -msse2 -msse3 -fvisibility=hidden -fvisibility-inlines-hidden -O3 -DNDEBUG  -DNDEBUG -std=gnu++11 -fPIC -MD -MT modules/imgproc/CMakeFiles/opencv_imgproc.dir/src/median_blur.dispatch.cpp.o -MF modules/imgproc/CMakeFiles/opencv_imgproc.dir/src/median_blur.dispatch.cpp.o.d -o modules/imgproc/CMakeFiles/opencv_imgproc.dir/src/median_blur.dispatch.cpp.o -c /home/uilian/.conan2/p/b/openc0f1bf19f37050/b/src/modules/imgproc/src/median_blur.dispatch.cpp
[167/411] /usr/bin/g++-13 -DCVAPI_EXPORTS -D_USE_MATH_DEFINES -D__OPENCV_BUILD=1 -D__STDC_CONSTANT_MACROS -D__STDC_FORMAT_MACROS -D__STDC_LIMIT_MACROS -I/home/uilian/.conan2/p/b/openc0f1bf19f37050/b/src/modules/imgproc/include -I/home/uilian/.conan2/p/b/openc0f1bf19f37050/b/build/Release/modules/imgproc -I/home/uilian/.conan2/p/b/openc0f1bf19f37050/b/src/modules/core/include -isystem /home/uilian/.conan2/p/b/openc0f1bf19f37050/b/build/Release -isystem /home/uilian/.conan2/p/eigen5481853932f72/p/include/eigen3 -m64   -fsigned-char -W -Wall -Wreturn-type -Wnon-virtual-dtor -Waddress -Wsequence-point -Wformat -Wformat-security -Wmissing-declarations -Wundef -Winit-self -Wpointer-arith -Wshadow -Wsign-promo -Wuninitialized -Wsuggest-override -Wno-delete-non-virtual-dtor -Wno-comment -Wimplicit-fallthrough=3 -Wno-strict-overflow -fdiagnostics-show-option -Wno-long-long -pthread -fomit-frame-pointer -ffunction-sections -fdata-sections  -msse -msse2 -msse3 -fvisibility=hidden -fvisibility-inlines-hidden -O3 -DNDEBUG  -DNDEBUG -std=gnu++11 -fPIC -MD -MT modules/imgproc/CMakeFiles/opencv_imgproc.dir/src/samplers.cpp.o -MF modules/imgproc/CMakeFiles/opencv_imgproc.dir/src/samplers.cpp.o.d -o modules/imgproc/CMakeFiles/opencv_imgproc.dir/src/samplers.cpp.o -c /home/uilian/.conan2/p/b/openc0f1bf19f37050/b/src/modules/imgproc/src/samplers.cpp
[168/411] /usr/bin/g++-13 -DCVAPI_EXPORTS -D_USE_MATH_DEFINES -D__OPENCV_BUILD=1 -D__STDC_CONSTANT_MACROS -D__STDC_FORMAT_MACROS -D__STDC_LIMIT_MACROS -I/home/uilian/.conan2/p/b/openc0f1bf19f37050/b/src/modules/imgproc/include -I/home/uilian/.conan2/p/b/openc0f1bf19f37050/b/build/Release/modules/imgproc -I/home/uilian/.conan2/p/b/openc0f1bf19f37050/b/src/modules/core/include -isystem /home/uilian/.conan2/p/b/openc0f1bf19f37050/b/build/Release -isystem /home/uilian/.conan2/p/eigen5481853932f72/p/include/eigen3 -m64   -fsigned-char -W -Wall -Wreturn-type -Wnon-virtual-dtor -Waddress -Wsequence-point -Wformat -Wformat-security -Wmissing-declarations -Wundef -Winit-self -Wpointer-arith -Wshadow -Wsign-promo -Wuninitialized -Wsuggest-override -Wno-delete-non-virtual-dtor -Wno-comment -Wimplicit-fallthrough=3 -Wno-strict-overflow -fdiagnostics-show-option -Wno-long-long -pthread -fomit-frame-pointer -ffunction-sections -fdata-sections  -msse -msse2 -msse3 -fvisibility=hidden -fvisibility-inlines-hidden -O3 -DNDEBUG  -DNDEBUG -std=gnu++11 -fPIC -MD -MT modules/imgproc/CMakeFiles/opencv_imgproc.dir/src/segmentation.cpp.o -MF modules/imgproc/CMakeFiles/opencv_imgproc.dir/src/segmentation.cpp.o.d -o modules/imgproc/CMakeFiles/opencv_imgproc.dir/src/segmentation.cpp.o -c /home/uilian/.conan2/p/b/openc0f1bf19f37050/b/src/modules/imgproc/src/segmentation.cpp
[169/411] /usr/bin/g++-13 -DCVAPI_EXPORTS -D_USE_MATH_DEFINES -D__OPENCV_BUILD=1 -D__STDC_CONSTANT_MACROS -D__STDC_FORMAT_MACROS -D__STDC_LIMIT_MACROS -I/home/uilian/.conan2/p/b/openc0f1bf19f37050/b/src/modules/imgproc/include -I/home/uilian/.conan2/p/b/openc0f1bf19f37050/b/build/Release/modules/imgproc -I/home/uilian/.conan2/p/b/openc0f1bf19f37050/b/src/modules/core/include -isystem /home/uilian/.conan2/p/b/openc0f1bf19f37050/b/build/Release -isystem /home/uilian/.conan2/p/eigen5481853932f72/p/include/eigen3 -m64   -fsigned-char -W -Wall -Wreturn-type -Wnon-virtual-dtor -Waddress -Wsequence-point -Wformat -Wformat-security -Wmissing-declarations -Wundef -Winit-self -Wpointer-arith -Wshadow -Wsign-promo -Wuninitialized -Wsuggest-override -Wno-delete-non-virtual-dtor -Wno-comment -Wimplicit-fallthrough=3 -Wno-strict-overflow -fdiagnostics-show-option -Wno-long-long -pthread -fomit-frame-pointer -ffunction-sections -fdata-sections  -msse -msse2 -msse3 -fvisibility=hidden -fvisibility-inlines-hidden -O3 -DNDEBUG  -DNDEBUG -std=gnu++11 -fPIC -MD -MT modules/imgproc/CMakeFiles/opencv_imgproc.dir/src/filter.dispatch.cpp.o -MF modules/imgproc/CMakeFiles/opencv_imgproc.dir/src/filter.dispatch.cpp.o.d -o modules/imgproc/CMakeFiles/opencv_imgproc.dir/src/filter.dispatch.cpp.o -c /home/uilian/.conan2/p/b/openc0f1bf19f37050/b/src/modules/imgproc/src/filter.dispatch.cpp
[170/411] /usr/bin/g++-13 -DCVAPI_EXPORTS -D_USE_MATH_DEFINES -D__OPENCV_BUILD=1 -D__STDC_CONSTANT_MACROS -D__STDC_FORMAT_MACROS -D__STDC_LIMIT_MACROS -I/home/uilian/.conan2/p/b/openc0f1bf19f37050/b/src/modules/imgproc/include -I/home/uilian/.conan2/p/b/openc0f1bf19f37050/b/build/Release/modules/imgproc -I/home/uilian/.conan2/p/b/openc0f1bf19f37050/b/src/modules/core/include -isystem /home/uilian/.conan2/p/b/openc0f1bf19f37050/b/build/Release -isystem /home/uilian/.conan2/p/eigen5481853932f72/p/include/eigen3 -m64   -fsigned-char -W -Wall -Wreturn-type -Wnon-virtual-dtor -Waddress -Wsequence-point -Wformat -Wformat-security -Wmissing-declarations -Wundef -Winit-self -Wpointer-arith -Wshadow -Wsign-promo -Wuninitialized -Wsuggest-override -Wno-delete-non-virtual-dtor -Wno-comment -Wimplicit-fallthrough=3 -Wno-strict-overflow -fdiagnostics-show-option -Wno-long-long -pthread -fomit-frame-pointer -ffunction-sections -fdata-sections  -msse -msse2 -msse3 -fvisibility=hidden -fvisibility-inlines-hidden -O3 -DNDEBUG  -DNDEBUG -std=gnu++11 -fPIC -MD -MT modules/imgproc/CMakeFiles/opencv_imgproc.dir/src/spatialgradient.cpp.o -MF modules/imgproc/CMakeFiles/opencv_imgproc.dir/src/spatialgradient.cpp.o.d -o modules/imgproc/CMakeFiles/opencv_imgproc.dir/src/spatialgradient.cpp.o -c /home/uilian/.conan2/p/b/openc0f1bf19f37050/b/src/modules/imgproc/src/spatialgradient.cpp
[171/411] /usr/bin/g++-13 -DCVAPI_EXPORTS -D_USE_MATH_DEFINES -D__OPENCV_BUILD=1 -D__STDC_CONSTANT_MACROS -D__STDC_FORMAT_MACROS -D__STDC_LIMIT_MACROS -I/home/uilian/.conan2/p/b/openc0f1bf19f37050/b/src/modules/imgproc/include -I/home/uilian/.conan2/p/b/openc0f1bf19f37050/b/build/Release/modules/imgproc -I/home/uilian/.conan2/p/b/openc0f1bf19f37050/b/src/modules/core/include -isystem /home/uilian/.conan2/p/b/openc0f1bf19f37050/b/build/Release -isystem /home/uilian/.conan2/p/eigen5481853932f72/p/include/eigen3 -m64   -fsigned-char -W -Wall -Wreturn-type -Wnon-virtual-dtor -Waddress -Wsequence-point -Wformat -Wformat-security -Wmissing-declarations -Wundef -Winit-self -Wpointer-arith -Wshadow -Wsign-promo -Wuninitialized -Wsuggest-override -Wno-delete-non-virtual-dtor -Wno-comment -Wimplicit-fallthrough=3 -Wno-strict-overflow -fdiagnostics-show-option -Wno-long-long -pthread -fomit-frame-pointer -ffunction-sections -fdata-sections  -msse -msse2 -msse3 -fvisibility=hidden -fvisibility-inlines-hidden -O3 -DNDEBUG  -DNDEBUG -std=gnu++11 -fPIC -MD -MT modules/imgproc/CMakeFiles/opencv_imgproc.dir/src/imgwarp.cpp.o -MF modules/imgproc/CMakeFiles/opencv_imgproc.dir/src/imgwarp.cpp.o.d -o modules/imgproc/CMakeFiles/opencv_imgproc.dir/src/imgwarp.cpp.o -c /home/uilian/.conan2/p/b/openc0f1bf19f37050/b/src/modules/imgproc/src/imgwarp.cpp
[172/411] /usr/bin/g++-13 -DCVAPI_EXPORTS -D_USE_MATH_DEFINES -D__OPENCV_BUILD=1 -D__STDC_CONSTANT_MACROS -D__STDC_FORMAT_MACROS -D__STDC_LIMIT_MACROS -I/home/uilian/.conan2/p/b/openc0f1bf19f37050/b/src/modules/imgproc/include -I/home/uilian/.conan2/p/b/openc0f1bf19f37050/b/build/Release/modules/imgproc -I/home/uilian/.conan2/p/b/openc0f1bf19f37050/b/src/modules/core/include -isystem /home/uilian/.conan2/p/b/openc0f1bf19f37050/b/build/Release -isystem /home/uilian/.conan2/p/eigen5481853932f72/p/include/eigen3 -m64   -fsigned-char -W -Wall -Wreturn-type -Wnon-virtual-dtor -Waddress -Wsequence-point -Wformat -Wformat-security -Wmissing-declarations -Wundef -Winit-self -Wpointer-arith -Wshadow -Wsign-promo -Wuninitialized -Wsuggest-override -Wno-delete-non-virtual-dtor -Wno-comment -Wimplicit-fallthrough=3 -Wno-strict-overflow -fdiagnostics-show-option -Wno-long-long -pthread -fomit-frame-pointer -ffunction-sections -fdata-sections  -msse -msse2 -msse3 -fvisibility=hidden -fvisibility-inlines-hidden -O3 -DNDEBUG  -DNDEBUG -std=gnu++11 -fPIC -MD -MT modules/imgproc/CMakeFiles/opencv_imgproc.dir/src/shapedescr.cpp.o -MF modules/imgproc/CMakeFiles/opencv_imgproc.dir/src/shapedescr.cpp.o.d -o modules/imgproc/CMakeFiles/opencv_imgproc.dir/src/shapedescr.cpp.o -c /home/uilian/.conan2/p/b/openc0f1bf19f37050/b/src/modules/imgproc/src/shapedescr.cpp
[173/411] /usr/bin/g++-13 -DCVAPI_EXPORTS -D_USE_MATH_DEFINES -D__OPENCV_BUILD=1 -D__STDC_CONSTANT_MACROS -D__STDC_FORMAT_MACROS -D__STDC_LIMIT_MACROS -I/home/uilian/.conan2/p/b/openc0f1bf19f37050/b/src/modules/imgproc/include -I/home/uilian/.conan2/p/b/openc0f1bf19f37050/b/build/Release/modules/imgproc -I/home/uilian/.conan2/p/b/openc0f1bf19f37050/b/src/modules/core/include -isystem /home/uilian/.conan2/p/b/openc0f1bf19f37050/b/build/Release -isystem /home/uilian/.conan2/p/eigen5481853932f72/p/include/eigen3 -m64   -fsigned-char -W -Wall -Wreturn-type -Wnon-virtual-dtor -Waddress -Wsequence-point -Wformat -Wformat-security -Wmissing-declarations -Wundef -Winit-self -Wpointer-arith -Wshadow -Wsign-promo -Wuninitialized -Wsuggest-override -Wno-delete-non-virtual-dtor -Wno-comment -Wimplicit-fallthrough=3 -Wno-strict-overflow -fdiagnostics-show-option -Wno-long-long -pthread -fomit-frame-pointer -ffunction-sections -fdata-sections  -msse -msse2 -msse3 -fvisibility=hidden -fvisibility-inlines-hidden -O3 -DNDEBUG  -DNDEBUG -std=gnu++11 -fPIC -MD -MT modules/imgproc/CMakeFiles/opencv_imgproc.dir/src/pyramids.cpp.o -MF modules/imgproc/CMakeFiles/opencv_imgproc.dir/src/pyramids.cpp.o.d -o modules/imgproc/CMakeFiles/opencv_imgproc.dir/src/pyramids.cpp.o -c /home/uilian/.conan2/p/b/openc0f1bf19f37050/b/src/modules/imgproc/src/pyramids.cpp
[174/411] /usr/bin/g++-13 -DCVAPI_EXPORTS -D_USE_MATH_DEFINES -D__OPENCV_BUILD=1 -D__STDC_CONSTANT_MACROS -D__STDC_FORMAT_MACROS -D__STDC_LIMIT_MACROS -I/home/uilian/.conan2/p/b/openc0f1bf19f37050/b/src/modules/imgproc/include -I/home/uilian/.conan2/p/b/openc0f1bf19f37050/b/build/Release/modules/imgproc -I/home/uilian/.conan2/p/b/openc0f1bf19f37050/b/src/modules/core/include -isystem /home/uilian/.conan2/p/b/openc0f1bf19f37050/b/build/Release -isystem /home/uilian/.conan2/p/eigen5481853932f72/p/include/eigen3 -m64   -fsigned-char -W -Wall -Wreturn-type -Wnon-virtual-dtor -Waddress -Wsequence-point -Wformat -Wformat-security -Wmissing-declarations -Wundef -Winit-self -Wpointer-arith -Wshadow -Wsign-promo -Wuninitialized -Wsuggest-override -Wno-delete-non-virtual-dtor -Wno-comment -Wimplicit-fallthrough=3 -Wno-strict-overflow -fdiagnostics-show-option -Wno-long-long -pthread -fomit-frame-pointer -ffunction-sections -fdata-sections  -msse -msse2 -msse3 -fvisibility=hidden -fvisibility-inlines-hidden -O3 -DNDEBUG  -DNDEBUG -std=gnu++11 -fPIC -MD -MT modules/imgproc/CMakeFiles/opencv_imgproc.dir/src/tables.cpp.o -MF modules/imgproc/CMakeFiles/opencv_imgproc.dir/src/tables.cpp.o.d -o modules/imgproc/CMakeFiles/opencv_imgproc.dir/src/tables.cpp.o -c /home/uilian/.conan2/p/b/openc0f1bf19f37050/b/src/modules/imgproc/src/tables.cpp
[175/411] /usr/bin/g++-13 -DCVAPI_EXPORTS -D_USE_MATH_DEFINES -D__OPENCV_BUILD=1 -D__STDC_CONSTANT_MACROS -D__STDC_FORMAT_MACROS -D__STDC_LIMIT_MACROS -I/home/uilian/.conan2/p/b/openc0f1bf19f37050/b/src/modules/imgproc/include -I/home/uilian/.conan2/p/b/openc0f1bf19f37050/b/build/Release/modules/imgproc -I/home/uilian/.conan2/p/b/openc0f1bf19f37050/b/src/modules/core/include -isystem /home/uilian/.conan2/p/b/openc0f1bf19f37050/b/build/Release -isystem /home/uilian/.conan2/p/eigen5481853932f72/p/include/eigen3 -m64   -fsigned-char -W -Wall -Wreturn-type -Wnon-virtual-dtor -Waddress -Wsequence-point -Wformat -Wformat-security -Wmissing-declarations -Wundef -Winit-self -Wpointer-arith -Wshadow -Wsign-promo -Wuninitialized -Wsuggest-override -Wno-delete-non-virtual-dtor -Wno-comment -Wimplicit-fallthrough=3 -Wno-strict-overflow -fdiagnostics-show-option -Wno-long-long -pthread -fomit-frame-pointer -ffunction-sections -fdata-sections  -msse -msse2 -msse3 -fvisibility=hidden -fvisibility-inlines-hidden -O3 -DNDEBUG  -DNDEBUG -std=gnu++11 -fPIC -MD -MT modules/imgproc/CMakeFiles/opencv_imgproc.dir/opencl_kernels_imgproc.cpp.o -MF modules/imgproc/CMakeFiles/opencv_imgproc.dir/opencl_kernels_imgproc.cpp.o.d -o modules/imgproc/CMakeFiles/opencv_imgproc.dir/opencl_kernels_imgproc.cpp.o -c /home/uilian/.conan2/p/b/openc0f1bf19f37050/b/build/Release/modules/imgproc/opencl_kernels_imgproc.cpp
[176/411] /usr/bin/g++-13 -DCVAPI_EXPORTS -D_USE_MATH_DEFINES -D__OPENCV_BUILD=1 -D__STDC_CONSTANT_MACROS -D__STDC_FORMAT_MACROS -D__STDC_LIMIT_MACROS -I/home/uilian/.conan2/p/b/openc0f1bf19f37050/b/src/modules/imgproc/include -I/home/uilian/.conan2/p/b/openc0f1bf19f37050/b/build/Release/modules/imgproc -I/home/uilian/.conan2/p/b/openc0f1bf19f37050/b/src/modules/core/include -isystem /home/uilian/.conan2/p/b/openc0f1bf19f37050/b/build/Release -isystem /home/uilian/.conan2/p/eigen5481853932f72/p/include/eigen3 -m64   -fsigned-char -W -Wall -Wreturn-type -Wnon-virtual-dtor -Waddress -Wsequence-point -Wformat -Wformat-security -Wmissing-declarations -Wundef -Winit-self -Wpointer-arith -Wshadow -Wsign-promo -Wuninitialized -Wsuggest-override -Wno-delete-non-virtual-dtor -Wno-comment -Wimplicit-fallthrough=3 -Wno-strict-overflow -fdiagnostics-show-option -Wno-long-long -pthread -fomit-frame-pointer -ffunction-sections -fdata-sections  -msse -msse2 -msse3 -fvisibility=hidden -fvisibility-inlines-hidden -O3 -DNDEBUG  -DNDEBUG -std=gnu++11 -fPIC -MD -MT modules/imgproc/CMakeFiles/opencv_imgproc.dir/src/morph.dispatch.cpp.o -MF modules/imgproc/CMakeFiles/opencv_imgproc.dir/src/morph.dispatch.cpp.o.d -o modules/imgproc/CMakeFiles/opencv_imgproc.dir/src/morph.dispatch.cpp.o -c /home/uilian/.conan2/p/b/openc0f1bf19f37050/b/src/modules/imgproc/src/morph.dispatch.cpp
[177/411] /usr/bin/g++-13 -DCVAPI_EXPORTS -D_USE_MATH_DEFINES -D__OPENCV_BUILD=1 -D__STDC_CONSTANT_MACROS -D__STDC_FORMAT_MACROS -D__STDC_LIMIT_MACROS -I/home/uilian/.conan2/p/b/openc0f1bf19f37050/b/src/modules/imgproc/include -I/home/uilian/.conan2/p/b/openc0f1bf19f37050/b/build/Release/modules/imgproc -I/home/uilian/.conan2/p/b/openc0f1bf19f37050/b/src/modules/core/include -isystem /home/uilian/.conan2/p/b/openc0f1bf19f37050/b/build/Release -isystem /home/uilian/.conan2/p/eigen5481853932f72/p/include/eigen3 -m64   -fsigned-char -W -Wall -Wreturn-type -Wnon-virtual-dtor -Waddress -Wsequence-point -Wformat -Wformat-security -Wmissing-declarations -Wundef -Winit-self -Wpointer-arith -Wshadow -Wsign-promo -Wuninitialized -Wsuggest-override -Wno-delete-non-virtual-dtor -Wno-comment -Wimplicit-fallthrough=3 -Wno-strict-overflow -fdiagnostics-show-option -Wno-long-long -pthread -fomit-frame-pointer -ffunction-sections -fdata-sections  -msse -msse2 -msse3 -fvisibility=hidden -fvisibility-inlines-hidden -O3 -DNDEBUG  -DNDEBUG -std=gnu++11 -fPIC -MD -MT modules/imgproc/CMakeFiles/opencv_imgproc.dir/src/subdivision2d.cpp.o -MF modules/imgproc/CMakeFiles/opencv_imgproc.dir/src/subdivision2d.cpp.o.d -o modules/imgproc/CMakeFiles/opencv_imgproc.dir/src/subdivision2d.cpp.o -c /home/uilian/.conan2/p/b/openc0f1bf19f37050/b/src/modules/imgproc/src/subdivision2d.cpp
[178/411] /usr/bin/g++-13 -DCVAPI_EXPORTS -D_USE_MATH_DEFINES -D__OPENCV_BUILD=1 -D__STDC_CONSTANT_MACROS -D__STDC_FORMAT_MACROS -D__STDC_LIMIT_MACROS -I/home/uilian/.conan2/p/b/openc0f1bf19f37050/b/src/modules/imgproc/include -I/home/uilian/.conan2/p/b/openc0f1bf19f37050/b/build/Release/modules/imgproc -I/home/uilian/.conan2/p/b/openc0f1bf19f37050/b/src/modules/core/include -isystem /home/uilian/.conan2/p/b/openc0f1bf19f37050/b/build/Release -isystem /home/uilian/.conan2/p/eigen5481853932f72/p/include/eigen3 -m64   -fsigned-char -W -Wall -Wreturn-type -Wnon-virtual-dtor -Waddress -Wsequence-point -Wformat -Wformat-security -Wmissing-declarations -Wundef -Winit-self -Wpointer-arith -Wshadow -Wsign-promo -Wuninitialized -Wsuggest-override -Wno-delete-non-virtual-dtor -Wno-comment -Wimplicit-fallthrough=3 -Wno-strict-overflow -fdiagnostics-show-option -Wno-long-long -pthread -fomit-frame-pointer -ffunction-sections -fdata-sections  -msse -msse2 -msse3 -fvisibility=hidden -fvisibility-inlines-hidden -O3 -DNDEBUG  -DNDEBUG -std=gnu++11 -fPIC -MD -MT modules/imgproc/CMakeFiles/opencv_imgproc.dir/src/templmatch.cpp.o -MF modules/imgproc/CMakeFiles/opencv_imgproc.dir/src/templmatch.cpp.o.d -o modules/imgproc/CMakeFiles/opencv_imgproc.dir/src/templmatch.cpp.o -c /home/uilian/.conan2/p/b/openc0f1bf19f37050/b/src/modules/imgproc/src/templmatch.cpp
[179/411] /usr/bin/g++-13 -DCVAPI_EXPORTS -D_USE_MATH_DEFINES -D__OPENCV_BUILD=1 -D__STDC_CONSTANT_MACROS -D__STDC_FORMAT_MACROS -D__STDC_LIMIT_MACROS -I/home/uilian/.conan2/p/b/openc0f1bf19f37050/b/src/modules/imgproc/include -I/home/uilian/.conan2/p/b/openc0f1bf19f37050/b/build/Release/modules/imgproc -I/home/uilian/.conan2/p/b/openc0f1bf19f37050/b/src/modules/core/include -isystem /home/uilian/.conan2/p/b/openc0f1bf19f37050/b/build/Release -isystem /home/uilian/.conan2/p/eigen5481853932f72/p/include/eigen3 -m64   -fsigned-char -W -Wall -Wreturn-type -Wnon-virtual-dtor -Waddress -Wsequence-point -Wformat -Wformat-security -Wmissing-declarations -Wundef -Winit-self -Wpointer-arith -Wshadow -Wsign-promo -Wuninitialized -Wsuggest-override -Wno-delete-non-virtual-dtor -Wno-comment -Wimplicit-fallthrough=3 -Wno-strict-overflow -fdiagnostics-show-option -Wno-long-long -pthread -fomit-frame-pointer -ffunction-sections -fdata-sections  -msse -msse2 -msse3 -fvisibility=hidden -fvisibility-inlines-hidden -O3 -DNDEBUG  -DNDEBUG -std=gnu++11 -fPIC -MD -MT modules/imgproc/CMakeFiles/opencv_imgproc.dir/src/utils.cpp.o -MF modules/imgproc/CMakeFiles/opencv_imgproc.dir/src/utils.cpp.o.d -o modules/imgproc/CMakeFiles/opencv_imgproc.dir/src/utils.cpp.o -c /home/uilian/.conan2/p/b/openc0f1bf19f37050/b/src/modules/imgproc/src/utils.cpp
[180/411] /usr/bin/g++-13 -DCVAPI_EXPORTS -D_USE_MATH_DEFINES -D__OPENCV_BUILD=1 -D__STDC_CONSTANT_MACROS -D__STDC_FORMAT_MACROS -D__STDC_LIMIT_MACROS -I/home/uilian/.conan2/p/b/openc0f1bf19f37050/b/src/modules/imgproc/include -I/home/uilian/.conan2/p/b/openc0f1bf19f37050/b/build/Release/modules/imgproc -I/home/uilian/.conan2/p/b/openc0f1bf19f37050/b/src/modules/core/include -isystem /home/uilian/.conan2/p/b/openc0f1bf19f37050/b/build/Release -isystem /home/uilian/.conan2/p/eigen5481853932f72/p/include/eigen3 -m64   -fsigned-char -W -Wall -Wreturn-type -Wnon-virtual-dtor -Waddress -Wsequence-point -Wformat -Wformat-security -Wmissing-declarations -Wundef -Winit-self -Wpointer-arith -Wshadow -Wsign-promo -Wuninitialized -Wsuggest-override -Wno-delete-non-virtual-dtor -Wno-comment -Wimplicit-fallthrough=3 -Wno-strict-overflow -fdiagnostics-show-option -Wno-long-long -pthread -fomit-frame-pointer -ffunction-sections -fdata-sections  -msse -msse2 -msse3 -fvisibility=hidden -fvisibility-inlines-hidden -O3 -DNDEBUG  -DNDEBUG -std=gnu++11 -fPIC -MD -MT modules/imgproc/CMakeFiles/opencv_imgproc.dir/src/thresh.cpp.o -MF modules/imgproc/CMakeFiles/opencv_imgproc.dir/src/thresh.cpp.o.d -o modules/imgproc/CMakeFiles/opencv_imgproc.dir/src/thresh.cpp.o -c /home/uilian/.conan2/p/b/openc0f1bf19f37050/b/src/modules/imgproc/src/thresh.cpp
[181/411] /usr/bin/g++-13 -DCVAPI_EXPORTS -D_USE_MATH_DEFINES -D__OPENCV_BUILD=1 -D__STDC_CONSTANT_MACROS -D__STDC_FORMAT_MACROS -D__STDC_LIMIT_MACROS -I/home/uilian/.conan2/p/b/openc0f1bf19f37050/b/src/modules/imgproc/include -I/home/uilian/.conan2/p/b/openc0f1bf19f37050/b/build/Release/modules/imgproc -I/home/uilian/.conan2/p/b/openc0f1bf19f37050/b/src/modules/core/include -isystem /home/uilian/.conan2/p/b/openc0f1bf19f37050/b/build/Release -isystem /home/uilian/.conan2/p/eigen5481853932f72/p/include/eigen3 -m64   -fsigned-char -W -Wall -Wreturn-type -Wnon-virtual-dtor -Waddress -Wsequence-point -Wformat -Wformat-security -Wmissing-declarations -Wundef -Winit-self -Wpointer-arith -Wshadow -Wsign-promo -Wuninitialized -Wsuggest-override -Wno-delete-non-virtual-dtor -Wno-comment -Wimplicit-fallthrough=3 -Wno-strict-overflow -fdiagnostics-show-option -Wno-long-long -pthread -fomit-frame-pointer -ffunction-sections -fdata-sections  -msse -msse2 -msse3 -fvisibility=hidden -fvisibility-inlines-hidden -O3 -DNDEBUG  -DNDEBUG -std=gnu++11 -fPIC -MD -MT modules/imgproc/CMakeFiles/opencv_imgproc.dir/src/undistort.dispatch.cpp.o -MF modules/imgproc/CMakeFiles/opencv_imgproc.dir/src/undistort.dispatch.cpp.o.d -o modules/imgproc/CMakeFiles/opencv_imgproc.dir/src/undistort.dispatch.cpp.o -c /home/uilian/.conan2/p/b/openc0f1bf19f37050/b/src/modules/imgproc/src/undistort.dispatch.cpp
[182/411] /usr/bin/g++-13 -DCVAPI_EXPORTS -D_USE_MATH_DEFINES -D__OPENCV_BUILD=1 -D__STDC_CONSTANT_MACROS -D__STDC_FORMAT_MACROS -D__STDC_LIMIT_MACROS -DCV_CPU_COMPILE_SSE4_1=1 -DCV_CPU_COMPILE_SSSE3=1 -DCV_CPU_DISPATCH_MODE=SSE4_1 -I/home/uilian/.conan2/p/b/openc0f1bf19f37050/b/src/modules/imgproc/include -I/home/uilian/.conan2/p/b/openc0f1bf19f37050/b/build/Release/modules/imgproc -I/home/uilian/.conan2/p/b/openc0f1bf19f37050/b/src/modules/core/include -isystem /home/uilian/.conan2/p/b/openc0f1bf19f37050/b/build/Release -isystem /home/uilian/.conan2/p/eigen5481853932f72/p/include/eigen3 -m64   -fsigned-char -W -Wall -Wreturn-type -Wnon-virtual-dtor -Waddress -Wsequence-point -Wformat -Wformat-security -Wmissing-declarations -Wundef -Winit-self -Wpointer-arith -Wshadow -Wsign-promo -Wuninitialized -Wsuggest-override -Wno-delete-non-virtual-dtor -Wno-comment -Wimplicit-fallthrough=3 -Wno-strict-overflow -fdiagnostics-show-option -Wno-long-long -pthread -fomit-frame-pointer -ffunction-sections -fdata-sections  -msse -msse2 -msse3 -fvisibility=hidden -fvisibility-inlines-hidden -O3 -DNDEBUG  -DNDEBUG -std=gnu++11 -fPIC  -mssse3 -msse4.1 -MD -MT modules/imgproc/CMakeFiles/opencv_imgproc.dir/src/resize.sse4_1.cpp.o -MF modules/imgproc/CMakeFiles/opencv_imgproc.dir/src/resize.sse4_1.cpp.o.d -o modules/imgproc/CMakeFiles/opencv_imgproc.dir/src/resize.sse4_1.cpp.o -c /home/uilian/.conan2/p/b/openc0f1bf19f37050/b/src/modules/imgproc/src/resize.sse4_1.cpp
[183/411] /usr/bin/g++-13 -DCVAPI_EXPORTS -D_USE_MATH_DEFINES -D__OPENCV_BUILD=1 -D__STDC_CONSTANT_MACROS -D__STDC_FORMAT_MACROS -D__STDC_LIMIT_MACROS -DCV_CPU_COMPILE_SSE4_1=1 -DCV_CPU_COMPILE_SSSE3=1 -DCV_CPU_DISPATCH_MODE=SSE4_1 -I/home/uilian/.conan2/p/b/openc0f1bf19f37050/b/src/modules/imgproc/include -I/home/uilian/.conan2/p/b/openc0f1bf19f37050/b/build/Release/modules/imgproc -I/home/uilian/.conan2/p/b/openc0f1bf19f37050/b/src/modules/core/include -isystem /home/uilian/.conan2/p/b/openc0f1bf19f37050/b/build/Release -isystem /home/uilian/.conan2/p/eigen5481853932f72/p/include/eigen3 -m64   -fsigned-char -W -Wall -Wreturn-type -Wnon-virtual-dtor -Waddress -Wsequence-point -Wformat -Wformat-security -Wmissing-declarations -Wundef -Winit-self -Wpointer-arith -Wshadow -Wsign-promo -Wuninitialized -Wsuggest-override -Wno-delete-non-virtual-dtor -Wno-comment -Wimplicit-fallthrough=3 -Wno-strict-overflow -fdiagnostics-show-option -Wno-long-long -pthread -fomit-frame-pointer -ffunction-sections -fdata-sections  -msse -msse2 -msse3 -fvisibility=hidden -fvisibility-inlines-hidden -O3 -DNDEBUG  -DNDEBUG -std=gnu++11 -fPIC  -mssse3 -msse4.1 -MD -MT modules/imgproc/CMakeFiles/opencv_imgproc.dir/src/imgwarp.sse4_1.cpp.o -MF modules/imgproc/CMakeFiles/opencv_imgproc.dir/src/imgwarp.sse4_1.cpp.o.d -o modules/imgproc/CMakeFiles/opencv_imgproc.dir/src/imgwarp.sse4_1.cpp.o -c /home/uilian/.conan2/p/b/openc0f1bf19f37050/b/src/modules/imgproc/src/imgwarp.sse4_1.cpp
[184/411] /usr/bin/g++-13 -DCVAPI_EXPORTS -D_USE_MATH_DEFINES -D__OPENCV_BUILD=1 -D__STDC_CONSTANT_MACROS -D__STDC_FORMAT_MACROS -D__STDC_LIMIT_MACROS -I/home/uilian/.conan2/p/b/openc0f1bf19f37050/b/src/modules/imgproc/include -I/home/uilian/.conan2/p/b/openc0f1bf19f37050/b/build/Release/modules/imgproc -I/home/uilian/.conan2/p/b/openc0f1bf19f37050/b/src/modules/core/include -isystem /home/uilian/.conan2/p/b/openc0f1bf19f37050/b/build/Release -isystem /home/uilian/.conan2/p/eigen5481853932f72/p/include/eigen3 -m64   -fsigned-char -W -Wall -Wreturn-type -Wnon-virtual-dtor -Waddress -Wsequence-point -Wformat -Wformat-security -Wmissing-declarations -Wundef -Winit-self -Wpointer-arith -Wshadow -Wsign-promo -Wuninitialized -Wsuggest-override -Wno-delete-non-virtual-dtor -Wno-comment -Wimplicit-fallthrough=3 -Wno-strict-overflow -fdiagnostics-show-option -Wno-long-long -pthread -fomit-frame-pointer -ffunction-sections -fdata-sections  -msse -msse2 -msse3 -fvisibility=hidden -fvisibility-inlines-hidden -O3 -DNDEBUG  -DNDEBUG -std=gnu++11 -fPIC -MD -MT modules/imgproc/CMakeFiles/opencv_imgproc.dir/src/sumpixels.dispatch.cpp.o -MF modules/imgproc/CMakeFiles/opencv_imgproc.dir/src/sumpixels.dispatch.cpp.o.d -o modules/imgproc/CMakeFiles/opencv_imgproc.dir/src/sumpixels.dispatch.cpp.o -c /home/uilian/.conan2/p/b/openc0f1bf19f37050/b/src/modules/imgproc/src/sumpixels.dispatch.cpp
[185/411] /usr/bin/g++-13 -DCVAPI_EXPORTS -D_USE_MATH_DEFINES -D__OPENCV_BUILD=1 -D__STDC_CONSTANT_MACROS -D__STDC_FORMAT_MACROS -D__STDC_LIMIT_MACROS -DCV_CPU_COMPILE_SSE4_1=1 -DCV_CPU_COMPILE_SSSE3=1 -DCV_CPU_DISPATCH_MODE=SSE4_1 -I/home/uilian/.conan2/p/b/openc0f1bf19f37050/b/src/modules/imgproc/include -I/home/uilian/.conan2/p/b/openc0f1bf19f37050/b/build/Release/modules/imgproc -I/home/uilian/.conan2/p/b/openc0f1bf19f37050/b/src/modules/core/include -isystem /home/uilian/.conan2/p/b/openc0f1bf19f37050/b/build/Release -isystem /home/uilian/.conan2/p/eigen5481853932f72/p/include/eigen3 -m64   -fsigned-char -W -Wall -Wreturn-type -Wnon-virtual-dtor -Waddress -Wsequence-point -Wformat -Wformat-security -Wmissing-declarations -Wundef -Winit-self -Wpointer-arith -Wshadow -Wsign-promo -Wuninitialized -Wsuggest-override -Wno-delete-non-virtual-dtor -Wno-comment -Wimplicit-fallthrough=3 -Wno-strict-overflow -fdiagnostics-show-option -Wno-long-long -pthread -fomit-frame-pointer -ffunction-sections -fdata-sections  -msse -msse2 -msse3 -fvisibility=hidden -fvisibility-inlines-hidden -O3 -DNDEBUG  -DNDEBUG -std=gnu++11 -fPIC  -mssse3 -msse4.1 -MD -MT modules/imgproc/CMakeFiles/opencv_imgproc.dir/color_hsv.sse4_1.cpp.o -MF modules/imgproc/CMakeFiles/opencv_imgproc.dir/color_hsv.sse4_1.cpp.o.d -o modules/imgproc/CMakeFiles/opencv_imgproc.dir/color_hsv.sse4_1.cpp.o -c /home/uilian/.conan2/p/b/openc0f1bf19f37050/b/build/Release/modules/imgproc/color_hsv.sse4_1.cpp
[186/411] /usr/bin/g++-13 -DCVAPI_EXPORTS -D_USE_MATH_DEFINES -D__OPENCV_BUILD=1 -D__STDC_CONSTANT_MACROS -D__STDC_FORMAT_MACROS -D__STDC_LIMIT_MACROS -DCV_CPU_COMPILE_SSE4_1=1 -DCV_CPU_COMPILE_SSSE3=1 -DCV_CPU_DISPATCH_MODE=SSE4_1 -I/home/uilian/.conan2/p/b/openc0f1bf19f37050/b/src/modules/imgproc/include -I/home/uilian/.conan2/p/b/openc0f1bf19f37050/b/build/Release/modules/imgproc -I/home/uilian/.conan2/p/b/openc0f1bf19f37050/b/src/modules/core/include -isystem /home/uilian/.conan2/p/b/openc0f1bf19f37050/b/build/Release -isystem /home/uilian/.conan2/p/eigen5481853932f72/p/include/eigen3 -m64   -fsigned-char -W -Wall -Wreturn-type -Wnon-virtual-dtor -Waddress -Wsequence-point -Wformat -Wformat-security -Wmissing-declarations -Wundef -Winit-self -Wpointer-arith -Wshadow -Wsign-promo -Wuninitialized -Wsuggest-override -Wno-delete-non-virtual-dtor -Wno-comment -Wimplicit-fallthrough=3 -Wno-strict-overflow -fdiagnostics-show-option -Wno-long-long -pthread -fomit-frame-pointer -ffunction-sections -fdata-sections  -msse -msse2 -msse3 -fvisibility=hidden -fvisibility-inlines-hidden -O3 -DNDEBUG  -DNDEBUG -std=gnu++11 -fPIC  -mssse3 -msse4.1 -MD -MT modules/imgproc/CMakeFiles/opencv_imgproc.dir/accum.sse4_1.cpp.o -MF modules/imgproc/CMakeFiles/opencv_imgproc.dir/accum.sse4_1.cpp.o.d -o modules/imgproc/CMakeFiles/opencv_imgproc.dir/accum.sse4_1.cpp.o -c /home/uilian/.conan2/p/b/openc0f1bf19f37050/b/build/Release/modules/imgproc/accum.sse4_1.cpp
[187/411] /usr/bin/g++-13 -DCVAPI_EXPORTS -D_USE_MATH_DEFINES -D__OPENCV_BUILD=1 -D__STDC_CONSTANT_MACROS -D__STDC_FORMAT_MACROS -D__STDC_LIMIT_MACROS -DCV_CPU_COMPILE_SSE4_1=1 -DCV_CPU_COMPILE_SSSE3=1 -DCV_CPU_DISPATCH_MODE=SSE4_1 -I/home/uilian/.conan2/p/b/openc0f1bf19f37050/b/src/modules/imgproc/include -I/home/uilian/.conan2/p/b/openc0f1bf19f37050/b/build/Release/modules/imgproc -I/home/uilian/.conan2/p/b/openc0f1bf19f37050/b/src/modules/core/include -isystem /home/uilian/.conan2/p/b/openc0f1bf19f37050/b/build/Release -isystem /home/uilian/.conan2/p/eigen5481853932f72/p/include/eigen3 -m64   -fsigned-char -W -Wall -Wreturn-type -Wnon-virtual-dtor -Waddress -Wsequence-point -Wformat -Wformat-security -Wmissing-declarations -Wundef -Winit-self -Wpointer-arith -Wshadow -Wsign-promo -Wuninitialized -Wsuggest-override -Wno-delete-non-virtual-dtor -Wno-comment -Wimplicit-fallthrough=3 -Wno-strict-overflow -fdiagnostics-show-option -Wno-long-long -pthread -fomit-frame-pointer -ffunction-sections -fdata-sections  -msse -msse2 -msse3 -fvisibility=hidden -fvisibility-inlines-hidden -O3 -DNDEBUG  -DNDEBUG -std=gnu++11 -fPIC  -mssse3 -msse4.1 -MD -MT modules/imgproc/CMakeFiles/opencv_imgproc.dir/box_filter.sse4_1.cpp.o -MF modules/imgproc/CMakeFiles/opencv_imgproc.dir/box_filter.sse4_1.cpp.o.d -o modules/imgproc/CMakeFiles/opencv_imgproc.dir/box_filter.sse4_1.cpp.o -c /home/uilian/.conan2/p/b/openc0f1bf19f37050/b/build/Release/modules/imgproc/box_filter.sse4_1.cpp
[188/411] /usr/bin/g++-13 -DCVAPI_EXPORTS -D_USE_MATH_DEFINES -D__OPENCV_BUILD=1 -D__STDC_CONSTANT_MACROS -D__STDC_FORMAT_MACROS -D__STDC_LIMIT_MACROS -DCV_CPU_COMPILE_SSE4_1=1 -DCV_CPU_COMPILE_SSSE3=1 -DCV_CPU_DISPATCH_MODE=SSE4_1 -I/home/uilian/.conan2/p/b/openc0f1bf19f37050/b/src/modules/imgproc/include -I/home/uilian/.conan2/p/b/openc0f1bf19f37050/b/build/Release/modules/imgproc -I/home/uilian/.conan2/p/b/openc0f1bf19f37050/b/src/modules/core/include -isystem /home/uilian/.conan2/p/b/openc0f1bf19f37050/b/build/Release -isystem /home/uilian/.conan2/p/eigen5481853932f72/p/include/eigen3 -m64   -fsigned-char -W -Wall -Wreturn-type -Wnon-virtual-dtor -Waddress -Wsequence-point -Wformat -Wformat-security -Wmissing-declarations -Wundef -Winit-self -Wpointer-arith -Wshadow -Wsign-promo -Wuninitialized -Wsuggest-override -Wno-delete-non-virtual-dtor -Wno-comment -Wimplicit-fallthrough=3 -Wno-strict-overflow -fdiagnostics-show-option -Wno-long-long -pthread -fomit-frame-pointer -ffunction-sections -fdata-sections  -msse -msse2 -msse3 -fvisibility=hidden -fvisibility-inlines-hidden -O3 -DNDEBUG  -DNDEBUG -std=gnu++11 -fPIC  -mssse3 -msse4.1 -MD -MT modules/imgproc/CMakeFiles/opencv_imgproc.dir/color_rgb.sse4_1.cpp.o -MF modules/imgproc/CMakeFiles/opencv_imgproc.dir/color_rgb.sse4_1.cpp.o.d -o modules/imgproc/CMakeFiles/opencv_imgproc.dir/color_rgb.sse4_1.cpp.o -c /home/uilian/.conan2/p/b/openc0f1bf19f37050/b/build/Release/modules/imgproc/color_rgb.sse4_1.cpp
[189/411] /usr/bin/g++-13 -DCVAPI_EXPORTS -D_USE_MATH_DEFINES -D__OPENCV_BUILD=1 -D__STDC_CONSTANT_MACROS -D__STDC_FORMAT_MACROS -D__STDC_LIMIT_MACROS -I/home/uilian/.conan2/p/b/openc0f1bf19f37050/b/src/modules/imgproc/include -I/home/uilian/.conan2/p/b/openc0f1bf19f37050/b/build/Release/modules/imgproc -I/home/uilian/.conan2/p/b/openc0f1bf19f37050/b/src/modules/core/include -isystem /home/uilian/.conan2/p/b/openc0f1bf19f37050/b/build/Release -isystem /home/uilian/.conan2/p/eigen5481853932f72/p/include/eigen3 -m64   -fsigned-char -W -Wall -Wreturn-type -Wnon-virtual-dtor -Waddress -Wsequence-point -Wformat -Wformat-security -Wmissing-declarations -Wundef -Winit-self -Wpointer-arith -Wshadow -Wsign-promo -Wuninitialized -Wsuggest-override -Wno-delete-non-virtual-dtor -Wno-comment -Wimplicit-fallthrough=3 -Wno-strict-overflow -fdiagnostics-show-option -Wno-long-long -pthread -fomit-frame-pointer -ffunction-sections -fdata-sections  -msse -msse2 -msse3 -fvisibility=hidden -fvisibility-inlines-hidden -O3 -DNDEBUG  -DNDEBUG -std=gnu++11 -fPIC -MD -MT modules/imgproc/CMakeFiles/opencv_imgproc.dir/src/resize.cpp.o -MF modules/imgproc/CMakeFiles/opencv_imgproc.dir/src/resize.cpp.o.d -o modules/imgproc/CMakeFiles/opencv_imgproc.dir/src/resize.cpp.o -c /home/uilian/.conan2/p/b/openc0f1bf19f37050/b/src/modules/imgproc/src/resize.cpp
[190/411] /usr/bin/g++-13 -DCVAPI_EXPORTS -D_USE_MATH_DEFINES -D__OPENCV_BUILD=1 -D__STDC_CONSTANT_MACROS -D__STDC_FORMAT_MACROS -D__STDC_LIMIT_MACROS -I/home/uilian/.conan2/p/b/openc0f1bf19f37050/b/src/modules/imgproc/include -I/home/uilian/.conan2/p/b/openc0f1bf19f37050/b/build/Release/modules/imgproc -I/home/uilian/.conan2/p/b/openc0f1bf19f37050/b/src/modules/core/include -isystem /home/uilian/.conan2/p/b/openc0f1bf19f37050/b/build/Release -isystem /home/uilian/.conan2/p/eigen5481853932f72/p/include/eigen3 -m64   -fsigned-char -W -Wall -Wreturn-type -Wnon-virtual-dtor -Waddress -Wsequence-point -Wformat -Wformat-security -Wmissing-declarations -Wundef -Winit-self -Wpointer-arith -Wshadow -Wsign-promo -Wuninitialized -Wsuggest-override -Wno-delete-non-virtual-dtor -Wno-comment -Wimplicit-fallthrough=3 -Wno-strict-overflow -fdiagnostics-show-option -Wno-long-long -pthread -fomit-frame-pointer -ffunction-sections -fdata-sections  -msse -msse2 -msse3 -fvisibility=hidden -fvisibility-inlines-hidden -O3 -DNDEBUG  -DNDEBUG -std=gnu++11 -fPIC -MD -MT modules/imgproc/CMakeFiles/opencv_imgproc.dir/src/smooth.dispatch.cpp.o -MF modules/imgproc/CMakeFiles/opencv_imgproc.dir/src/smooth.dispatch.cpp.o.d -o modules/imgproc/CMakeFiles/opencv_imgproc.dir/src/smooth.dispatch.cpp.o -c /home/uilian/.conan2/p/b/openc0f1bf19f37050/b/src/modules/imgproc/src/smooth.dispatch.cpp
[191/411] /usr/bin/g++-13 -DCVAPI_EXPORTS -D_USE_MATH_DEFINES -D__OPENCV_BUILD=1 -D__STDC_CONSTANT_MACROS -D__STDC_FORMAT_MACROS -D__STDC_LIMIT_MACROS -DCV_CPU_COMPILE_SSE4_1=1 -DCV_CPU_COMPILE_SSSE3=1 -DCV_CPU_DISPATCH_MODE=SSE4_1 -I/home/uilian/.conan2/p/b/openc0f1bf19f37050/b/src/modules/imgproc/include -I/home/uilian/.conan2/p/b/openc0f1bf19f37050/b/build/Release/modules/imgproc -I/home/uilian/.conan2/p/b/openc0f1bf19f37050/b/src/modules/core/include -isystem /home/uilian/.conan2/p/b/openc0f1bf19f37050/b/build/Release -isystem /home/uilian/.conan2/p/eigen5481853932f72/p/include/eigen3 -m64   -fsigned-char -W -Wall -Wreturn-type -Wnon-virtual-dtor -Waddress -Wsequence-point -Wformat -Wformat-security -Wmissing-declarations -Wundef -Winit-self -Wpointer-arith -Wshadow -Wsign-promo -Wuninitialized -Wsuggest-override -Wno-delete-non-virtual-dtor -Wno-comment -Wimplicit-fallthrough=3 -Wno-strict-overflow -fdiagnostics-show-option -Wno-long-long -pthread -fomit-frame-pointer -ffunction-sections -fdata-sections  -msse -msse2 -msse3 -fvisibility=hidden -fvisibility-inlines-hidden -O3 -DNDEBUG  -DNDEBUG -std=gnu++11 -fPIC  -mssse3 -msse4.1 -MD -MT modules/imgproc/CMakeFiles/opencv_imgproc.dir/median_blur.sse4_1.cpp.o -MF modules/imgproc/CMakeFiles/opencv_imgproc.dir/median_blur.sse4_1.cpp.o.d -o modules/imgproc/CMakeFiles/opencv_imgproc.dir/median_blur.sse4_1.cpp.o -c /home/uilian/.conan2/p/b/openc0f1bf19f37050/b/build/Release/modules/imgproc/median_blur.sse4_1.cpp
[192/411] /usr/bin/g++-13 -DCVAPI_EXPORTS -D_USE_MATH_DEFINES -D__OPENCV_BUILD=1 -D__STDC_CONSTANT_MACROS -D__STDC_FORMAT_MACROS -D__STDC_LIMIT_MACROS -DCV_CPU_COMPILE_AVX=1 -DCV_CPU_COMPILE_POPCNT=1 -DCV_CPU_COMPILE_SSE4_1=1 -DCV_CPU_COMPILE_SSE4_2=1 -DCV_CPU_COMPILE_SSSE3=1 -DCV_CPU_DISPATCH_MODE=AVX -I/home/uilian/.conan2/p/b/openc0f1bf19f37050/b/src/modules/imgproc/include -I/home/uilian/.conan2/p/b/openc0f1bf19f37050/b/build/Release/modules/imgproc -I/home/uilian/.conan2/p/b/openc0f1bf19f37050/b/src/modules/core/include -isystem /home/uilian/.conan2/p/b/openc0f1bf19f37050/b/build/Release -isystem /home/uilian/.conan2/p/eigen5481853932f72/p/include/eigen3 -m64   -fsigned-char -W -Wall -Wreturn-type -Wnon-virtual-dtor -Waddress -Wsequence-point -Wformat -Wformat-security -Wmissing-declarations -Wundef -Winit-self -Wpointer-arith -Wshadow -Wsign-promo -Wuninitialized -Wsuggest-override -Wno-delete-non-virtual-dtor -Wno-comment -Wimplicit-fallthrough=3 -Wno-strict-overflow -fdiagnostics-show-option -Wno-long-long -pthread -fomit-frame-pointer -ffunction-sections -fdata-sections  -msse -msse2 -msse3 -fvisibility=hidden -fvisibility-inlines-hidden -O3 -DNDEBUG  -DNDEBUG -std=gnu++11 -fPIC  -mssse3 -msse4.1 -mpopcnt -msse4.2 -mavx -MD -MT modules/imgproc/CMakeFiles/opencv_imgproc.dir/src/corner.avx.cpp.o -MF modules/imgproc/CMakeFiles/opencv_imgproc.dir/src/corner.avx.cpp.o.d -o modules/imgproc/CMakeFiles/opencv_imgproc.dir/src/corner.avx.cpp.o -c /home/uilian/.conan2/p/b/openc0f1bf19f37050/b/src/modules/imgproc/src/corner.avx.cpp
[193/411] /usr/bin/g++-13 -DCVAPI_EXPORTS -D_USE_MATH_DEFINES -D__OPENCV_BUILD=1 -D__STDC_CONSTANT_MACROS -D__STDC_FORMAT_MACROS -D__STDC_LIMIT_MACROS -DCV_CPU_COMPILE_SSE4_1=1 -DCV_CPU_COMPILE_SSSE3=1 -DCV_CPU_DISPATCH_MODE=SSE4_1 -I/home/uilian/.conan2/p/b/openc0f1bf19f37050/b/src/modules/imgproc/include -I/home/uilian/.conan2/p/b/openc0f1bf19f37050/b/build/Release/modules/imgproc -I/home/uilian/.conan2/p/b/openc0f1bf19f37050/b/src/modules/core/include -isystem /home/uilian/.conan2/p/b/openc0f1bf19f37050/b/build/Release -isystem /home/uilian/.conan2/p/eigen5481853932f72/p/include/eigen3 -m64   -fsigned-char -W -Wall -Wreturn-type -Wnon-virtual-dtor -Waddress -Wsequence-point -Wformat -Wformat-security -Wmissing-declarations -Wundef -Winit-self -Wpointer-arith -Wshadow -Wsign-promo -Wuninitialized -Wsuggest-override -Wno-delete-non-virtual-dtor -Wno-comment -Wimplicit-fallthrough=3 -Wno-strict-overflow -fdiagnostics-show-option -Wno-long-long -pthread -fomit-frame-pointer -ffunction-sections -fdata-sections  -msse -msse2 -msse3 -fvisibility=hidden -fvisibility-inlines-hidden -O3 -DNDEBUG  -DNDEBUG -std=gnu++11 -fPIC  -mssse3 -msse4.1 -MD -MT modules/imgproc/CMakeFiles/opencv_imgproc.dir/color_yuv.sse4_1.cpp.o -MF modules/imgproc/CMakeFiles/opencv_imgproc.dir/color_yuv.sse4_1.cpp.o.d -o modules/imgproc/CMakeFiles/opencv_imgproc.dir/color_yuv.sse4_1.cpp.o -c /home/uilian/.conan2/p/b/openc0f1bf19f37050/b/build/Release/modules/imgproc/color_yuv.sse4_1.cpp
[194/411] /usr/bin/g++-13 -DCVAPI_EXPORTS -D_USE_MATH_DEFINES -D__OPENCV_BUILD=1 -D__STDC_CONSTANT_MACROS -D__STDC_FORMAT_MACROS -D__STDC_LIMIT_MACROS -DCV_CPU_COMPILE_SSE4_1=1 -DCV_CPU_COMPILE_SSSE3=1 -DCV_CPU_DISPATCH_MODE=SSE4_1 -I/home/uilian/.conan2/p/b/openc0f1bf19f37050/b/src/modules/imgproc/include -I/home/uilian/.conan2/p/b/openc0f1bf19f37050/b/build/Release/modules/imgproc -I/home/uilian/.conan2/p/b/openc0f1bf19f37050/b/src/modules/core/include -isystem /home/uilian/.conan2/p/b/openc0f1bf19f37050/b/build/Release -isystem /home/uilian/.conan2/p/eigen5481853932f72/p/include/eigen3 -m64   -fsigned-char -W -Wall -Wreturn-type -Wnon-virtual-dtor -Waddress -Wsequence-point -Wformat -Wformat-security -Wmissing-declarations -Wundef -Winit-self -Wpointer-arith -Wshadow -Wsign-promo -Wuninitialized -Wsuggest-override -Wno-delete-non-virtual-dtor -Wno-comment -Wimplicit-fallthrough=3 -Wno-strict-overflow -fdiagnostics-show-option -Wno-long-long -pthread -fomit-frame-pointer -ffunction-sections -fdata-sections  -msse -msse2 -msse3 -fvisibility=hidden -fvisibility-inlines-hidden -O3 -DNDEBUG  -DNDEBUG -std=gnu++11 -fPIC  -mssse3 -msse4.1 -MD -MT modules/imgproc/CMakeFiles/opencv_imgproc.dir/morph.sse4_1.cpp.o -MF modules/imgproc/CMakeFiles/opencv_imgproc.dir/morph.sse4_1.cpp.o.d -o modules/imgproc/CMakeFiles/opencv_imgproc.dir/morph.sse4_1.cpp.o -c /home/uilian/.conan2/p/b/openc0f1bf19f37050/b/build/Release/modules/imgproc/morph.sse4_1.cpp
[195/411] /usr/bin/g++-13 -DCVAPI_EXPORTS -D_USE_MATH_DEFINES -D__OPENCV_BUILD=1 -D__STDC_CONSTANT_MACROS -D__STDC_FORMAT_MACROS -D__STDC_LIMIT_MACROS -DCV_CPU_COMPILE_AVX2=1 -DCV_CPU_COMPILE_AVX=1 -DCV_CPU_COMPILE_FMA3=1 -DCV_CPU_COMPILE_FP16=1 -DCV_CPU_COMPILE_POPCNT=1 -DCV_CPU_COMPILE_SSE4_1=1 -DCV_CPU_COMPILE_SSE4_2=1 -DCV_CPU_COMPILE_SSSE3=1 -DCV_CPU_DISPATCH_MODE=AVX2 -I/home/uilian/.conan2/p/b/openc0f1bf19f37050/b/src/modules/imgproc/include -I/home/uilian/.conan2/p/b/openc0f1bf19f37050/b/build/Release/modules/imgproc -I/home/uilian/.conan2/p/b/openc0f1bf19f37050/b/src/modules/core/include -isystem /home/uilian/.conan2/p/b/openc0f1bf19f37050/b/build/Release -isystem /home/uilian/.conan2/p/eigen5481853932f72/p/include/eigen3 -m64   -fsigned-char -W -Wall -Wreturn-type -Wnon-virtual-dtor -Waddress -Wsequence-point -Wformat -Wformat-security -Wmissing-declarations -Wundef -Winit-self -Wpointer-arith -Wshadow -Wsign-promo -Wuninitialized -Wsuggest-override -Wno-delete-non-virtual-dtor -Wno-comment -Wimplicit-fallthrough=3 -Wno-strict-overflow -fdiagnostics-show-option -Wno-long-long -pthread -fomit-frame-pointer -ffunction-sections -fdata-sections  -msse -msse2 -msse3 -fvisibility=hidden -fvisibility-inlines-hidden -O3 -DNDEBUG  -DNDEBUG -std=gnu++11 -fPIC  -mssse3 -msse4.1 -mpopcnt -msse4.2 -mf16c -mfma -mavx -mavx2 -MD -MT modules/imgproc/CMakeFiles/opencv_imgproc.dir/src/resize.avx2.cpp.o -MF modules/imgproc/CMakeFiles/opencv_imgproc.dir/src/resize.avx2.cpp.o.d -o modules/imgproc/CMakeFiles/opencv_imgproc.dir/src/resize.avx2.cpp.o -c /home/uilian/.conan2/p/b/openc0f1bf19f37050/b/src/modules/imgproc/src/resize.avx2.cpp
[196/411] /usr/bin/g++-13 -DCVAPI_EXPORTS -D_USE_MATH_DEFINES -D__OPENCV_BUILD=1 -D__STDC_CONSTANT_MACROS -D__STDC_FORMAT_MACROS -D__STDC_LIMIT_MACROS -DCV_CPU_COMPILE_AVX2=1 -DCV_CPU_COMPILE_AVX=1 -DCV_CPU_COMPILE_FMA3=1 -DCV_CPU_COMPILE_FP16=1 -DCV_CPU_COMPILE_POPCNT=1 -DCV_CPU_COMPILE_SSE4_1=1 -DCV_CPU_COMPILE_SSE4_2=1 -DCV_CPU_COMPILE_SSSE3=1 -DCV_CPU_DISPATCH_MODE=AVX2 -I/home/uilian/.conan2/p/b/openc0f1bf19f37050/b/src/modules/imgproc/include -I/home/uilian/.conan2/p/b/openc0f1bf19f37050/b/build/Release/modules/imgproc -I/home/uilian/.conan2/p/b/openc0f1bf19f37050/b/src/modules/core/include -isystem /home/uilian/.conan2/p/b/openc0f1bf19f37050/b/build/Release -isystem /home/uilian/.conan2/p/eigen5481853932f72/p/include/eigen3 -m64   -fsigned-char -W -Wall -Wreturn-type -Wnon-virtual-dtor -Waddress -Wsequence-point -Wformat -Wformat-security -Wmissing-declarations -Wundef -Winit-self -Wpointer-arith -Wshadow -Wsign-promo -Wuninitialized -Wsuggest-override -Wno-delete-non-virtual-dtor -Wno-comment -Wimplicit-fallthrough=3 -Wno-strict-overflow -fdiagnostics-show-option -Wno-long-long -pthread -fomit-frame-pointer -ffunction-sections -fdata-sections  -msse -msse2 -msse3 -fvisibility=hidden -fvisibility-inlines-hidden -O3 -DNDEBUG  -DNDEBUG -std=gnu++11 -fPIC  -mssse3 -msse4.1 -mpopcnt -msse4.2 -mf16c -mfma -mavx -mavx2 -MD -MT modules/imgproc/CMakeFiles/opencv_imgproc.dir/src/imgwarp.avx2.cpp.o -MF modules/imgproc/CMakeFiles/opencv_imgproc.dir/src/imgwarp.avx2.cpp.o.d -o modules/imgproc/CMakeFiles/opencv_imgproc.dir/src/imgwarp.avx2.cpp.o -c /home/uilian/.conan2/p/b/openc0f1bf19f37050/b/src/modules/imgproc/src/imgwarp.avx2.cpp
[197/411] /usr/bin/g++-13 -DCVAPI_EXPORTS -D_USE_MATH_DEFINES -D__OPENCV_BUILD=1 -D__STDC_CONSTANT_MACROS -D__STDC_FORMAT_MACROS -D__STDC_LIMIT_MACROS -I/home/uilian/.conan2/p/b/openc0f1bf19f37050/b/src/modules/imgproc/include -I/home/uilian/.conan2/p/b/openc0f1bf19f37050/b/build/Release/modules/imgproc -I/home/uilian/.conan2/p/b/openc0f1bf19f37050/b/src/modules/core/include -isystem /home/uilian/.conan2/p/b/openc0f1bf19f37050/b/build/Release -isystem /home/uilian/.conan2/p/eigen5481853932f72/p/include/eigen3 -m64   -fsigned-char -W -Wall -Wreturn-type -Wnon-virtual-dtor -Waddress -Wsequence-point -Wformat -Wformat-security -Wmissing-declarations -Wundef -Winit-self -Wpointer-arith -Wshadow -Wsign-promo -Wuninitialized -Wsuggest-override -Wno-delete-non-virtual-dtor -Wno-comment -Wimplicit-fallthrough=3 -Wno-strict-overflow -fdiagnostics-show-option -Wno-long-long -pthread -fomit-frame-pointer -ffunction-sections -fdata-sections  -msse -msse2 -msse3 -fvisibility=hidden -fvisibility-inlines-hidden -O3 -DNDEBUG  -DNDEBUG -std=gnu++11 -fPIC -MD -MT modules/imgproc/CMakeFiles/opencv_imgproc.dir/src/connectedcomponents.cpp.o -MF modules/imgproc/CMakeFiles/opencv_imgproc.dir/src/connectedcomponents.cpp.o.d -o modules/imgproc/CMakeFiles/opencv_imgproc.dir/src/connectedcomponents.cpp.o -c /home/uilian/.conan2/p/b/openc0f1bf19f37050/b/src/modules/imgproc/src/connectedcomponents.cpp
[198/411] /usr/bin/g++-13 -DCVAPI_EXPORTS -D_USE_MATH_DEFINES -D__OPENCV_BUILD=1 -D__STDC_CONSTANT_MACROS -D__STDC_FORMAT_MACROS -D__STDC_LIMIT_MACROS -DCV_CPU_COMPILE_AVX2=1 -DCV_CPU_COMPILE_AVX=1 -DCV_CPU_COMPILE_FMA3=1 -DCV_CPU_COMPILE_FP16=1 -DCV_CPU_COMPILE_POPCNT=1 -DCV_CPU_COMPILE_SSE4_1=1 -DCV_CPU_COMPILE_SSE4_2=1 -DCV_CPU_COMPILE_SSSE3=1 -DCV_CPU_DISPATCH_MODE=AVX2 -I/home/uilian/.conan2/p/b/openc0f1bf19f37050/b/src/modules/imgproc/include -I/home/uilian/.conan2/p/b/openc0f1bf19f37050/b/build/Release/modules/imgproc -I/home/uilian/.conan2/p/b/openc0f1bf19f37050/b/src/modules/core/include -isystem /home/uilian/.conan2/p/b/openc0f1bf19f37050/b/build/Release -isystem /home/uilian/.conan2/p/eigen5481853932f72/p/include/eigen3 -m64   -fsigned-char -W -Wall -Wreturn-type -Wnon-virtual-dtor -Waddress -Wsequence-point -Wformat -Wformat-security -Wmissing-declarations -Wundef -Winit-self -Wpointer-arith -Wshadow -Wsign-promo -Wuninitialized -Wsuggest-override -Wno-delete-non-virtual-dtor -Wno-comment -Wimplicit-fallthrough=3 -Wno-strict-overflow -fdiagnostics-show-option -Wno-long-long -pthread -fomit-frame-pointer -ffunction-sections -fdata-sections  -msse -msse2 -msse3 -fvisibility=hidden -fvisibility-inlines-hidden -O3 -DNDEBUG  -DNDEBUG -std=gnu++11 -fPIC  -mssse3 -msse4.1 -mpopcnt -msse4.2 -mf16c -mfma -mavx -mavx2 -MD -MT modules/imgproc/CMakeFiles/opencv_imgproc.dir/bilateral_filter.avx2.cpp.o -MF modules/imgproc/CMakeFiles/opencv_imgproc.dir/bilateral_filter.avx2.cpp.o.d -o modules/imgproc/CMakeFiles/opencv_imgproc.dir/bilateral_filter.avx2.cpp.o -c /home/uilian/.conan2/p/b/openc0f1bf19f37050/b/build/Release/modules/imgproc/bilateral_filter.avx2.cpp
[199/411] /usr/bin/g++-13 -DCVAPI_EXPORTS -D_USE_MATH_DEFINES -D__OPENCV_BUILD=1 -D__STDC_CONSTANT_MACROS -D__STDC_FORMAT_MACROS -D__STDC_LIMIT_MACROS -DCV_CPU_COMPILE_SSE4_1=1 -DCV_CPU_COMPILE_SSSE3=1 -DCV_CPU_DISPATCH_MODE=SSE4_1 -I/home/uilian/.conan2/p/b/openc0f1bf19f37050/b/src/modules/imgproc/include -I/home/uilian/.conan2/p/b/openc0f1bf19f37050/b/build/Release/modules/imgproc -I/home/uilian/.conan2/p/b/openc0f1bf19f37050/b/src/modules/core/include -isystem /home/uilian/.conan2/p/b/openc0f1bf19f37050/b/build/Release -isystem /home/uilian/.conan2/p/eigen5481853932f72/p/include/eigen3 -m64   -fsigned-char -W -Wall -Wreturn-type -Wnon-virtual-dtor -Waddress -Wsequence-point -Wformat -Wformat-security -Wmissing-declarations -Wundef -Winit-self -Wpointer-arith -Wshadow -Wsign-promo -Wuninitialized -Wsuggest-override -Wno-delete-non-virtual-dtor -Wno-comment -Wimplicit-fallthrough=3 -Wno-strict-overflow -fdiagnostics-show-option -Wno-long-long -pthread -fomit-frame-pointer -ffunction-sections -fdata-sections  -msse -msse2 -msse3 -fvisibility=hidden -fvisibility-inlines-hidden -O3 -DNDEBUG  -DNDEBUG -std=gnu++11 -fPIC  -mssse3 -msse4.1 -MD -MT modules/imgproc/CMakeFiles/opencv_imgproc.dir/filter.sse4_1.cpp.o -MF modules/imgproc/CMakeFiles/opencv_imgproc.dir/filter.sse4_1.cpp.o.d -o modules/imgproc/CMakeFiles/opencv_imgproc.dir/filter.sse4_1.cpp.o -c /home/uilian/.conan2/p/b/openc0f1bf19f37050/b/build/Release/modules/imgproc/filter.sse4_1.cpp
[200/411] /usr/bin/g++-13 -DCVAPI_EXPORTS -D_USE_MATH_DEFINES -D__OPENCV_BUILD=1 -D__STDC_CONSTANT_MACROS -D__STDC_FORMAT_MACROS -D__STDC_LIMIT_MACROS -DCV_CPU_COMPILE_SSE4_1=1 -DCV_CPU_COMPILE_SSSE3=1 -DCV_CPU_DISPATCH_MODE=SSE4_1 -I/home/uilian/.conan2/p/b/openc0f1bf19f37050/b/src/modules/imgproc/include -I/home/uilian/.conan2/p/b/openc0f1bf19f37050/b/build/Release/modules/imgproc -I/home/uilian/.conan2/p/b/openc0f1bf19f37050/b/src/modules/core/include -isystem /home/uilian/.conan2/p/b/openc0f1bf19f37050/b/build/Release -isystem /home/uilian/.conan2/p/eigen5481853932f72/p/include/eigen3 -m64   -fsigned-char -W -Wall -Wreturn-type -Wnon-virtual-dtor -Waddress -Wsequence-point -Wformat -Wformat-security -Wmissing-declarations -Wundef -Winit-self -Wpointer-arith -Wshadow -Wsign-promo -Wuninitialized -Wsuggest-override -Wno-delete-non-virtual-dtor -Wno-comment -Wimplicit-fallthrough=3 -Wno-strict-overflow -fdiagnostics-show-option -Wno-long-long -pthread -fomit-frame-pointer -ffunction-sections -fdata-sections  -msse -msse2 -msse3 -fvisibility=hidden -fvisibility-inlines-hidden -O3 -DNDEBUG  -DNDEBUG -std=gnu++11 -fPIC  -mssse3 -msse4.1 -MD -MT modules/imgproc/CMakeFiles/opencv_imgproc.dir/smooth.sse4_1.cpp.o -MF modules/imgproc/CMakeFiles/opencv_imgproc.dir/smooth.sse4_1.cpp.o.d -o modules/imgproc/CMakeFiles/opencv_imgproc.dir/smooth.sse4_1.cpp.o -c /home/uilian/.conan2/p/b/openc0f1bf19f37050/b/build/Release/modules/imgproc/smooth.sse4_1.cpp
[201/411] /usr/bin/g++-13 -DCVAPI_EXPORTS -D_USE_MATH_DEFINES -D__OPENCV_BUILD=1 -D__STDC_CONSTANT_MACROS -D__STDC_FORMAT_MACROS -D__STDC_LIMIT_MACROS -DCV_CPU_COMPILE_AVX=1 -DCV_CPU_COMPILE_POPCNT=1 -DCV_CPU_COMPILE_SSE4_1=1 -DCV_CPU_COMPILE_SSE4_2=1 -DCV_CPU_COMPILE_SSSE3=1 -DCV_CPU_DISPATCH_MODE=AVX -I/home/uilian/.conan2/p/b/openc0f1bf19f37050/b/src/modules/imgproc/include -I/home/uilian/.conan2/p/b/openc0f1bf19f37050/b/build/Release/modules/imgproc -I/home/uilian/.conan2/p/b/openc0f1bf19f37050/b/src/modules/core/include -isystem /home/uilian/.conan2/p/b/openc0f1bf19f37050/b/build/Release -isystem /home/uilian/.conan2/p/eigen5481853932f72/p/include/eigen3 -m64   -fsigned-char -W -Wall -Wreturn-type -Wnon-virtual-dtor -Waddress -Wsequence-point -Wformat -Wformat-security -Wmissing-declarations -Wundef -Winit-self -Wpointer-arith -Wshadow -Wsign-promo -Wuninitialized -Wsuggest-override -Wno-delete-non-virtual-dtor -Wno-comment -Wimplicit-fallthrough=3 -Wno-strict-overflow -fdiagnostics-show-option -Wno-long-long -pthread -fomit-frame-pointer -ffunction-sections -fdata-sections  -msse -msse2 -msse3 -fvisibility=hidden -fvisibility-inlines-hidden -O3 -DNDEBUG  -DNDEBUG -std=gnu++11 -fPIC  -mssse3 -msse4.1 -mpopcnt -msse4.2 -mavx -MD -MT modules/imgproc/CMakeFiles/opencv_imgproc.dir/accum.avx.cpp.o -MF modules/imgproc/CMakeFiles/opencv_imgproc.dir/accum.avx.cpp.o.d -o modules/imgproc/CMakeFiles/opencv_imgproc.dir/accum.avx.cpp.o -c /home/uilian/.conan2/p/b/openc0f1bf19f37050/b/build/Release/modules/imgproc/accum.avx.cpp
[202/411] /usr/bin/g++-13 -DCVAPI_EXPORTS -D_USE_MATH_DEFINES -D__OPENCV_BUILD=1 -D__STDC_CONSTANT_MACROS -D__STDC_FORMAT_MACROS -D__STDC_LIMIT_MACROS -DCV_CPU_COMPILE_AVX2=1 -DCV_CPU_COMPILE_AVX=1 -DCV_CPU_COMPILE_FMA3=1 -DCV_CPU_COMPILE_FP16=1 -DCV_CPU_COMPILE_POPCNT=1 -DCV_CPU_COMPILE_SSE4_1=1 -DCV_CPU_COMPILE_SSE4_2=1 -DCV_CPU_COMPILE_SSSE3=1 -DCV_CPU_DISPATCH_MODE=AVX2 -I/home/uilian/.conan2/p/b/openc0f1bf19f37050/b/src/modules/imgproc/include -I/home/uilian/.conan2/p/b/openc0f1bf19f37050/b/build/Release/modules/imgproc -I/home/uilian/.conan2/p/b/openc0f1bf19f37050/b/src/modules/core/include -isystem /home/uilian/.conan2/p/b/openc0f1bf19f37050/b/build/Release -isystem /home/uilian/.conan2/p/eigen5481853932f72/p/include/eigen3 -m64   -fsigned-char -W -Wall -Wreturn-type -Wnon-virtual-dtor -Waddress -Wsequence-point -Wformat -Wformat-security -Wmissing-declarations -Wundef -Winit-self -Wpointer-arith -Wshadow -Wsign-promo -Wuninitialized -Wsuggest-override -Wno-delete-non-virtual-dtor -Wno-comment -Wimplicit-fallthrough=3 -Wno-strict-overflow -fdiagnostics-show-option -Wno-long-long -pthread -fomit-frame-pointer -ffunction-sections -fdata-sections  -msse -msse2 -msse3 -fvisibility=hidden -fvisibility-inlines-hidden -O3 -DNDEBUG  -DNDEBUG -std=gnu++11 -fPIC  -mssse3 -msse4.1 -mpopcnt -msse4.2 -mf16c -mfma -mavx -mavx2 -MD -MT modules/imgproc/CMakeFiles/opencv_imgproc.dir/accum.avx2.cpp.o -MF modules/imgproc/CMakeFiles/opencv_imgproc.dir/accum.avx2.cpp.o.d -o modules/imgproc/CMakeFiles/opencv_imgproc.dir/accum.avx2.cpp.o -c /home/uilian/.conan2/p/b/openc0f1bf19f37050/b/build/Release/modules/imgproc/accum.avx2.cpp
[203/411] /usr/bin/g++-13 -DCVAPI_EXPORTS -D_USE_MATH_DEFINES -D__OPENCV_BUILD=1 -D__STDC_CONSTANT_MACROS -D__STDC_FORMAT_MACROS -D__STDC_LIMIT_MACROS -DCV_CPU_COMPILE_AVX2=1 -DCV_CPU_COMPILE_AVX=1 -DCV_CPU_COMPILE_FMA3=1 -DCV_CPU_COMPILE_FP16=1 -DCV_CPU_COMPILE_POPCNT=1 -DCV_CPU_COMPILE_SSE4_1=1 -DCV_CPU_COMPILE_SSE4_2=1 -DCV_CPU_COMPILE_SSSE3=1 -DCV_CPU_DISPATCH_MODE=AVX2 -I/home/uilian/.conan2/p/b/openc0f1bf19f37050/b/src/modules/imgproc/include -I/home/uilian/.conan2/p/b/openc0f1bf19f37050/b/build/Release/modules/imgproc -I/home/uilian/.conan2/p/b/openc0f1bf19f37050/b/src/modules/core/include -isystem /home/uilian/.conan2/p/b/openc0f1bf19f37050/b/build/Release -isystem /home/uilian/.conan2/p/eigen5481853932f72/p/include/eigen3 -m64   -fsigned-char -W -Wall -Wreturn-type -Wnon-virtual-dtor -Waddress -Wsequence-point -Wformat -Wformat-security -Wmissing-declarations -Wundef -Winit-self -Wpointer-arith -Wshadow -Wsign-promo -Wuninitialized -Wsuggest-override -Wno-delete-non-virtual-dtor -Wno-comment -Wimplicit-fallthrough=3 -Wno-strict-overflow -fdiagnostics-show-option -Wno-long-long -pthread -fomit-frame-pointer -ffunction-sections -fdata-sections  -msse -msse2 -msse3 -fvisibility=hidden -fvisibility-inlines-hidden -O3 -DNDEBUG  -DNDEBUG -std=gnu++11 -fPIC  -mssse3 -msse4.1 -mpopcnt -msse4.2 -mf16c -mfma -mavx -mavx2 -MD -MT modules/imgproc/CMakeFiles/opencv_imgproc.dir/color_hsv.avx2.cpp.o -MF modules/imgproc/CMakeFiles/opencv_imgproc.dir/color_hsv.avx2.cpp.o.d -o modules/imgproc/CMakeFiles/opencv_imgproc.dir/color_hsv.avx2.cpp.o -c /home/uilian/.conan2/p/b/openc0f1bf19f37050/b/build/Release/modules/imgproc/color_hsv.avx2.cpp
[204/411] : && /usr/bin/g++-13 -fPIC -m64   -fsigned-char -W -Wall -Wreturn-type -Wnon-virtual-dtor -Waddress -Wsequence-point -Wformat -Wformat-security -Wmissing-declarations -Wundef -Winit-self -Wpointer-arith -Wshadow -Wsign-promo -Wuninitialized -Wsuggest-override -Wno-delete-non-virtual-dtor -Wno-comment -Wimplicit-fallthrough=3 -Wno-strict-overflow -fdiagnostics-show-option -Wno-long-long -pthread -fomit-frame-pointer -ffunction-sections -fdata-sections  -msse -msse2 -msse3 -fvisibility=hidden -fvisibility-inlines-hidden -O3 -DNDEBUG  -DNDEBUG  -m64  -Wl,--gc-sections -Wl,--as-needed -Wl,--no-undefined -shared -Wl,-soname,libopencv_flann.so.3.4 -o lib/libopencv_flann.so.3.4.20 modules/flann/CMakeFiles/opencv_flann.dir/src/flann.cpp.o modules/flann/CMakeFiles/opencv_flann.dir/src/miniflann.cpp.o  -Wl,-rpath,/home/uilian/.conan2/p/b/openc0f1bf19f37050/b/build/Release/lib:  lib/libopencv_core.so.3.4.20  -ldl  -lm  -lpthread  -lrt  -lm && :
[205/411] /opt/pyenv/versions/3.12.4/lib/python3.12/site-packages/cmake/data/bin/cmake -E cmake_symlink_library lib/libopencv_flann.so.3.4.20  lib/libopencv_flann.so.3.4 lib/libopencv_flann.so && :
[206/411] /usr/bin/g++-13 -DCVAPI_EXPORTS -D_USE_MATH_DEFINES -D__OPENCV_BUILD=1 -D__STDC_CONSTANT_MACROS -D__STDC_FORMAT_MACROS -D__STDC_LIMIT_MACROS -DCV_CPU_COMPILE_AVX2=1 -DCV_CPU_COMPILE_AVX=1 -DCV_CPU_COMPILE_FMA3=1 -DCV_CPU_COMPILE_FP16=1 -DCV_CPU_COMPILE_POPCNT=1 -DCV_CPU_COMPILE_SSE4_1=1 -DCV_CPU_COMPILE_SSE4_2=1 -DCV_CPU_COMPILE_SSSE3=1 -DCV_CPU_DISPATCH_MODE=AVX2 -I/home/uilian/.conan2/p/b/openc0f1bf19f37050/b/src/modules/imgproc/include -I/home/uilian/.conan2/p/b/openc0f1bf19f37050/b/build/Release/modules/imgproc -I/home/uilian/.conan2/p/b/openc0f1bf19f37050/b/src/modules/core/include -isystem /home/uilian/.conan2/p/b/openc0f1bf19f37050/b/build/Release -isystem /home/uilian/.conan2/p/eigen5481853932f72/p/include/eigen3 -m64   -fsigned-char -W -Wall -Wreturn-type -Wnon-virtual-dtor -Waddress -Wsequence-point -Wformat -Wformat-security -Wmissing-declarations -Wundef -Winit-self -Wpointer-arith -Wshadow -Wsign-promo -Wuninitialized -Wsuggest-override -Wno-delete-non-virtual-dtor -Wno-comment -Wimplicit-fallthrough=3 -Wno-strict-overflow -fdiagnostics-show-option -Wno-long-long -pthread -fomit-frame-pointer -ffunction-sections -fdata-sections  -msse -msse2 -msse3 -fvisibility=hidden -fvisibility-inlines-hidden -O3 -DNDEBUG  -DNDEBUG -std=gnu++11 -fPIC  -mssse3 -msse4.1 -mpopcnt -msse4.2 -mf16c -mfma -mavx -mavx2 -MD -MT modules/imgproc/CMakeFiles/opencv_imgproc.dir/color_rgb.avx2.cpp.o -MF modules/imgproc/CMakeFiles/opencv_imgproc.dir/color_rgb.avx2.cpp.o.d -o modules/imgproc/CMakeFiles/opencv_imgproc.dir/color_rgb.avx2.cpp.o -c /home/uilian/.conan2/p/b/openc0f1bf19f37050/b/build/Release/modules/imgproc/color_rgb.avx2.cpp
[207/411] /usr/bin/g++-13 -DCVAPI_EXPORTS -D_USE_MATH_DEFINES -D__OPENCV_BUILD=1 -D__STDC_CONSTANT_MACROS -D__STDC_FORMAT_MACROS -D__STDC_LIMIT_MACROS -DCV_CPU_COMPILE_AVX2=1 -DCV_CPU_COMPILE_AVX=1 -DCV_CPU_COMPILE_FMA3=1 -DCV_CPU_COMPILE_FP16=1 -DCV_CPU_COMPILE_POPCNT=1 -DCV_CPU_COMPILE_SSE4_1=1 -DCV_CPU_COMPILE_SSE4_2=1 -DCV_CPU_COMPILE_SSSE3=1 -DCV_CPU_DISPATCH_MODE=AVX2 -I/home/uilian/.conan2/p/b/openc0f1bf19f37050/b/src/modules/imgproc/include -I/home/uilian/.conan2/p/b/openc0f1bf19f37050/b/build/Release/modules/imgproc -I/home/uilian/.conan2/p/b/openc0f1bf19f37050/b/src/modules/core/include -isystem /home/uilian/.conan2/p/b/openc0f1bf19f37050/b/build/Release -isystem /home/uilian/.conan2/p/eigen5481853932f72/p/include/eigen3 -m64   -fsigned-char -W -Wall -Wreturn-type -Wnon-virtual-dtor -Waddress -Wsequence-point -Wformat -Wformat-security -Wmissing-declarations -Wundef -Winit-self -Wpointer-arith -Wshadow -Wsign-promo -Wuninitialized -Wsuggest-override -Wno-delete-non-virtual-dtor -Wno-comment -Wimplicit-fallthrough=3 -Wno-strict-overflow -fdiagnostics-show-option -Wno-long-long -pthread -fomit-frame-pointer -ffunction-sections -fdata-sections  -msse -msse2 -msse3 -fvisibility=hidden -fvisibility-inlines-hidden -O3 -DNDEBUG  -DNDEBUG -std=gnu++11 -fPIC  -mssse3 -msse4.1 -mpopcnt -msse4.2 -mf16c -mfma -mavx -mavx2 -MD -MT modules/imgproc/CMakeFiles/opencv_imgproc.dir/box_filter.avx2.cpp.o -MF modules/imgproc/CMakeFiles/opencv_imgproc.dir/box_filter.avx2.cpp.o.d -o modules/imgproc/CMakeFiles/opencv_imgproc.dir/box_filter.avx2.cpp.o -c /home/uilian/.conan2/p/b/openc0f1bf19f37050/b/build/Release/modules/imgproc/box_filter.avx2.cpp
[208/411] /usr/bin/g++-13 -DCVAPI_EXPORTS -D_USE_MATH_DEFINES -D__OPENCV_BUILD=1 -D__STDC_CONSTANT_MACROS -D__STDC_FORMAT_MACROS -D__STDC_LIMIT_MACROS -DCV_CPU_COMPILE_AVX2=1 -DCV_CPU_COMPILE_AVX=1 -DCV_CPU_COMPILE_FMA3=1 -DCV_CPU_COMPILE_FP16=1 -DCV_CPU_COMPILE_POPCNT=1 -DCV_CPU_COMPILE_SSE4_1=1 -DCV_CPU_COMPILE_SSE4_2=1 -DCV_CPU_COMPILE_SSSE3=1 -DCV_CPU_DISPATCH_MODE=AVX2 -I/home/uilian/.conan2/p/b/openc0f1bf19f37050/b/src/modules/imgproc/include -I/home/uilian/.conan2/p/b/openc0f1bf19f37050/b/build/Release/modules/imgproc -I/home/uilian/.conan2/p/b/openc0f1bf19f37050/b/src/modules/core/include -isystem /home/uilian/.conan2/p/b/openc0f1bf19f37050/b/build/Release -isystem /home/uilian/.conan2/p/eigen5481853932f72/p/include/eigen3 -m64   -fsigned-char -W -Wall -Wreturn-type -Wnon-virtual-dtor -Waddress -Wsequence-point -Wformat -Wformat-security -Wmissing-declarations -Wundef -Winit-self -Wpointer-arith -Wshadow -Wsign-promo -Wuninitialized -Wsuggest-override -Wno-delete-non-virtual-dtor -Wno-comment -Wimplicit-fallthrough=3 -Wno-strict-overflow -fdiagnostics-show-option -Wno-long-long -pthread -fomit-frame-pointer -ffunction-sections -fdata-sections  -msse -msse2 -msse3 -fvisibility=hidden -fvisibility-inlines-hidden -O3 -DNDEBUG  -DNDEBUG -std=gnu++11 -fPIC  -mssse3 -msse4.1 -mpopcnt -msse4.2 -mf16c -mfma -mavx -mavx2 -MD -MT modules/imgproc/CMakeFiles/opencv_imgproc.dir/undistort.avx2.cpp.o -MF modules/imgproc/CMakeFiles/opencv_imgproc.dir/undistort.avx2.cpp.o.d -o modules/imgproc/CMakeFiles/opencv_imgproc.dir/undistort.avx2.cpp.o -c /home/uilian/.conan2/p/b/openc0f1bf19f37050/b/build/Release/modules/imgproc/undistort.avx2.cpp
[209/411] /usr/bin/g++-13 -DCVAPI_EXPORTS -DHAVE_WEBP -DOPENCV_IMGCODECS_USE_OPENEXR=1 -D_USE_MATH_DEFINES -D__OPENCV_BUILD=1 -D__STDC_CONSTANT_MACROS -D__STDC_FORMAT_MACROS -D__STDC_LIMIT_MACROS -I/home/uilian/.conan2/p/b/openc0f1bf19f37050/b/src/modules/imgcodecs/include -I/home/uilian/.conan2/p/b/openc0f1bf19f37050/b/build/Release/modules/imgcodecs -I/home/uilian/.conan2/p/b/openc0f1bf19f37050/b/src/modules/core/include -I/home/uilian/.conan2/p/b/openc0f1bf19f37050/b/src/modules/imgproc/include -isystem /home/uilian/.conan2/p/b/openc0f1bf19f37050/b/build/Release -isystem /home/uilian/.conan2/p/libjpb5908355e41b4/p/include -isystem /home/uilian/.conan2/p/libwe778f8edd7f804/p/include -isystem /home/uilian/.conan2/p/libpncab7454c8bbf2/p/include -isystem /home/uilian/.conan2/p/libti0bdd6311d1e48/p/include -isystem /home/uilian/.conan2/p/jaspe0369a423f6fd4/p/include -isystem /home/uilian/.conan2/p/zlib9e81e3baaa894/p/include -isystem /home/uilian/.conan2/p/eigen5481853932f72/p/include/eigen3 -isystem /home/uilian/.conan2/p/opene37f9e3c51d6af/p/include -isystem /home/uilian/.conan2/p/opene37f9e3c51d6af/p/include/OpenEXR -m64   -fsigned-char -W -Wall -Wreturn-type -Wnon-virtual-dtor -Waddress -Wsequence-point -Wformat -Wformat-security -Wmissing-declarations -Wundef -Winit-self -Wpointer-arith -Wshadow -Wsign-promo -Wuninitialized -Wsuggest-override -Wno-delete-non-virtual-dtor -Wno-comment -Wimplicit-fallthrough=3 -Wno-strict-overflow -fdiagnostics-show-option -Wno-long-long -pthread -fomit-frame-pointer -ffunction-sections -fdata-sections  -msse -msse2 -msse3 -fvisibility=hidden -fvisibility-inlines-hidden -Wno-deprecated-declarations -O3 -DNDEBUG  -DNDEBUG -std=gnu++11 -fPIC -MD -MT modules/imgcodecs/CMakeFiles/opencv_imgcodecs.dir/src/grfmt_base.cpp.o -MF modules/imgcodecs/CMakeFiles/opencv_imgcodecs.dir/src/grfmt_base.cpp.o.d -o modules/imgcodecs/CMakeFiles/opencv_imgcodecs.dir/src/grfmt_base.cpp.o -c /home/uilian/.conan2/p/b/openc0f1bf19f37050/b/src/modules/imgcodecs/src/grfmt_base.cpp
[210/411] /usr/bin/g++-13 -DCVAPI_EXPORTS -D_USE_MATH_DEFINES -D__OPENCV_BUILD=1 -D__STDC_CONSTANT_MACROS -D__STDC_FORMAT_MACROS -D__STDC_LIMIT_MACROS -DCV_CPU_COMPILE_AVX2=1 -DCV_CPU_COMPILE_AVX=1 -DCV_CPU_COMPILE_FMA3=1 -DCV_CPU_COMPILE_FP16=1 -DCV_CPU_COMPILE_POPCNT=1 -DCV_CPU_COMPILE_SSE4_1=1 -DCV_CPU_COMPILE_SSE4_2=1 -DCV_CPU_COMPILE_SSSE3=1 -DCV_CPU_DISPATCH_MODE=AVX2 -I/home/uilian/.conan2/p/b/openc0f1bf19f37050/b/src/modules/imgproc/include -I/home/uilian/.conan2/p/b/openc0f1bf19f37050/b/build/Release/modules/imgproc -I/home/uilian/.conan2/p/b/openc0f1bf19f37050/b/src/modules/core/include -isystem /home/uilian/.conan2/p/b/openc0f1bf19f37050/b/build/Release -isystem /home/uilian/.conan2/p/eigen5481853932f72/p/include/eigen3 -m64   -fsigned-char -W -Wall -Wreturn-type -Wnon-virtual-dtor -Waddress -Wsequence-point -Wformat -Wformat-security -Wmissing-declarations -Wundef -Winit-self -Wpointer-arith -Wshadow -Wsign-promo -Wuninitialized -Wsuggest-override -Wno-delete-non-virtual-dtor -Wno-comment -Wimplicit-fallthrough=3 -Wno-strict-overflow -fdiagnostics-show-option -Wno-long-long -pthread -fomit-frame-pointer -ffunction-sections -fdata-sections  -msse -msse2 -msse3 -fvisibility=hidden -fvisibility-inlines-hidden -O3 -DNDEBUG  -DNDEBUG -std=gnu++11 -fPIC  -mssse3 -msse4.1 -mpopcnt -msse4.2 -mf16c -mfma -mavx -mavx2 -MD -MT modules/imgproc/CMakeFiles/opencv_imgproc.dir/sumpixels.avx2.cpp.o -MF modules/imgproc/CMakeFiles/opencv_imgproc.dir/sumpixels.avx2.cpp.o.d -o modules/imgproc/CMakeFiles/opencv_imgproc.dir/sumpixels.avx2.cpp.o -c /home/uilian/.conan2/p/b/openc0f1bf19f37050/b/build/Release/modules/imgproc/sumpixels.avx2.cpp
[211/411] /usr/bin/g++-13 -DCVAPI_EXPORTS -DHAVE_WEBP -DOPENCV_IMGCODECS_USE_OPENEXR=1 -D_USE_MATH_DEFINES -D__OPENCV_BUILD=1 -D__STDC_CONSTANT_MACROS -D__STDC_FORMAT_MACROS -D__STDC_LIMIT_MACROS -I/home/uilian/.conan2/p/b/openc0f1bf19f37050/b/src/modules/imgcodecs/include -I/home/uilian/.conan2/p/b/openc0f1bf19f37050/b/build/Release/modules/imgcodecs -I/home/uilian/.conan2/p/b/openc0f1bf19f37050/b/src/modules/core/include -I/home/uilian/.conan2/p/b/openc0f1bf19f37050/b/src/modules/imgproc/include -isystem /home/uilian/.conan2/p/b/openc0f1bf19f37050/b/build/Release -isystem /home/uilian/.conan2/p/libjpb5908355e41b4/p/include -isystem /home/uilian/.conan2/p/libwe778f8edd7f804/p/include -isystem /home/uilian/.conan2/p/libpncab7454c8bbf2/p/include -isystem /home/uilian/.conan2/p/libti0bdd6311d1e48/p/include -isystem /home/uilian/.conan2/p/jaspe0369a423f6fd4/p/include -isystem /home/uilian/.conan2/p/zlib9e81e3baaa894/p/include -isystem /home/uilian/.conan2/p/eigen5481853932f72/p/include/eigen3 -isystem /home/uilian/.conan2/p/opene37f9e3c51d6af/p/include -isystem /home/uilian/.conan2/p/opene37f9e3c51d6af/p/include/OpenEXR -m64   -fsigned-char -W -Wall -Wreturn-type -Wnon-virtual-dtor -Waddress -Wsequence-point -Wformat -Wformat-security -Wmissing-declarations -Wundef -Winit-self -Wpointer-arith -Wshadow -Wsign-promo -Wuninitialized -Wsuggest-override -Wno-delete-non-virtual-dtor -Wno-comment -Wimplicit-fallthrough=3 -Wno-strict-overflow -fdiagnostics-show-option -Wno-long-long -pthread -fomit-frame-pointer -ffunction-sections -fdata-sections  -msse -msse2 -msse3 -fvisibility=hidden -fvisibility-inlines-hidden -Wno-deprecated-declarations -O3 -DNDEBUG  -DNDEBUG -std=gnu++11 -fPIC -MD -MT modules/imgcodecs/CMakeFiles/opencv_imgcodecs.dir/src/utils.cpp.o -MF modules/imgcodecs/CMakeFiles/opencv_imgcodecs.dir/src/utils.cpp.o.d -o modules/imgcodecs/CMakeFiles/opencv_imgcodecs.dir/src/utils.cpp.o -c /home/uilian/.conan2/p/b/openc0f1bf19f37050/b/src/modules/imgcodecs/src/utils.cpp
[212/411] /usr/bin/g++-13 -DCVAPI_EXPORTS -D_USE_MATH_DEFINES -D__OPENCV_BUILD=1 -D__STDC_CONSTANT_MACROS -D__STDC_FORMAT_MACROS -D__STDC_LIMIT_MACROS -DCV_CPU_COMPILE_AVX2=1 -DCV_CPU_COMPILE_AVX=1 -DCV_CPU_COMPILE_FMA3=1 -DCV_CPU_COMPILE_FP16=1 -DCV_CPU_COMPILE_POPCNT=1 -DCV_CPU_COMPILE_SSE4_1=1 -DCV_CPU_COMPILE_SSE4_2=1 -DCV_CPU_COMPILE_SSSE3=1 -DCV_CPU_DISPATCH_MODE=AVX2 -I/home/uilian/.conan2/p/b/openc0f1bf19f37050/b/src/modules/imgproc/include -I/home/uilian/.conan2/p/b/openc0f1bf19f37050/b/build/Release/modules/imgproc -I/home/uilian/.conan2/p/b/openc0f1bf19f37050/b/src/modules/core/include -isystem /home/uilian/.conan2/p/b/openc0f1bf19f37050/b/build/Release -isystem /home/uilian/.conan2/p/eigen5481853932f72/p/include/eigen3 -m64   -fsigned-char -W -Wall -Wreturn-type -Wnon-virtual-dtor -Waddress -Wsequence-point -Wformat -Wformat-security -Wmissing-declarations -Wundef -Winit-self -Wpointer-arith -Wshadow -Wsign-promo -Wuninitialized -Wsuggest-override -Wno-delete-non-virtual-dtor -Wno-comment -Wimplicit-fallthrough=3 -Wno-strict-overflow -fdiagnostics-show-option -Wno-long-long -pthread -fomit-frame-pointer -ffunction-sections -fdata-sections  -msse -msse2 -msse3 -fvisibility=hidden -fvisibility-inlines-hidden -O3 -DNDEBUG  -DNDEBUG -std=gnu++11 -fPIC  -mssse3 -msse4.1 -mpopcnt -msse4.2 -mf16c -mfma -mavx -mavx2 -MD -MT modules/imgproc/CMakeFiles/opencv_imgproc.dir/median_blur.avx2.cpp.o -MF modules/imgproc/CMakeFiles/opencv_imgproc.dir/median_blur.avx2.cpp.o.d -o modules/imgproc/CMakeFiles/opencv_imgproc.dir/median_blur.avx2.cpp.o -c /home/uilian/.conan2/p/b/openc0f1bf19f37050/b/build/Release/modules/imgproc/median_blur.avx2.cpp
[213/411] /usr/bin/g++-13 -DCVAPI_EXPORTS -DHAVE_WEBP -DOPENCV_IMGCODECS_USE_OPENEXR=1 -D_USE_MATH_DEFINES -D__OPENCV_BUILD=1 -D__STDC_CONSTANT_MACROS -D__STDC_FORMAT_MACROS -D__STDC_LIMIT_MACROS -I/home/uilian/.conan2/p/b/openc0f1bf19f37050/b/src/modules/imgcodecs/include -I/home/uilian/.conan2/p/b/openc0f1bf19f37050/b/build/Release/modules/imgcodecs -I/home/uilian/.conan2/p/b/openc0f1bf19f37050/b/src/modules/core/include -I/home/uilian/.conan2/p/b/openc0f1bf19f37050/b/src/modules/imgproc/include -isystem /home/uilian/.conan2/p/b/openc0f1bf19f37050/b/build/Release -isystem /home/uilian/.conan2/p/libjpb5908355e41b4/p/include -isystem /home/uilian/.conan2/p/libwe778f8edd7f804/p/include -isystem /home/uilian/.conan2/p/libpncab7454c8bbf2/p/include -isystem /home/uilian/.conan2/p/libti0bdd6311d1e48/p/include -isystem /home/uilian/.conan2/p/jaspe0369a423f6fd4/p/include -isystem /home/uilian/.conan2/p/zlib9e81e3baaa894/p/include -isystem /home/uilian/.conan2/p/eigen5481853932f72/p/include/eigen3 -isystem /home/uilian/.conan2/p/opene37f9e3c51d6af/p/include -isystem /home/uilian/.conan2/p/opene37f9e3c51d6af/p/include/OpenEXR -m64   -fsigned-char -W -Wall -Wreturn-type -Wnon-virtual-dtor -Waddress -Wsequence-point -Wformat -Wformat-security -Wmissing-declarations -Wundef -Winit-self -Wpointer-arith -Wshadow -Wsign-promo -Wuninitialized -Wsuggest-override -Wno-delete-non-virtual-dtor -Wno-comment -Wimplicit-fallthrough=3 -Wno-strict-overflow -fdiagnostics-show-option -Wno-long-long -pthread -fomit-frame-pointer -ffunction-sections -fdata-sections  -msse -msse2 -msse3 -fvisibility=hidden -fvisibility-inlines-hidden -Wno-deprecated-declarations -O3 -DNDEBUG  -DNDEBUG -std=gnu++11 -fPIC -MD -MT modules/imgcodecs/CMakeFiles/opencv_imgcodecs.dir/src/grfmt_bmp.cpp.o -MF modules/imgcodecs/CMakeFiles/opencv_imgcodecs.dir/src/grfmt_bmp.cpp.o.d -o modules/imgcodecs/CMakeFiles/opencv_imgcodecs.dir/src/grfmt_bmp.cpp.o -c /home/uilian/.conan2/p/b/openc0f1bf19f37050/b/src/modules/imgcodecs/src/grfmt_bmp.cpp
[214/411] /usr/bin/g++-13 -DCVAPI_EXPORTS -D_USE_MATH_DEFINES -D__OPENCV_BUILD=1 -D__STDC_CONSTANT_MACROS -D__STDC_FORMAT_MACROS -D__STDC_LIMIT_MACROS -DCV_CPU_COMPILE_AVX2=1 -DCV_CPU_COMPILE_AVX512_COMMON=1 -DCV_CPU_COMPILE_AVX512_SKX=1 -DCV_CPU_COMPILE_AVX=1 -DCV_CPU_COMPILE_AVX_512F=1 -DCV_CPU_COMPILE_FMA3=1 -DCV_CPU_COMPILE_FP16=1 -DCV_CPU_COMPILE_POPCNT=1 -DCV_CPU_COMPILE_SSE4_1=1 -DCV_CPU_COMPILE_SSE4_2=1 -DCV_CPU_COMPILE_SSSE3=1 -DCV_CPU_DISPATCH_MODE=AVX512_SKX -I/home/uilian/.conan2/p/b/openc0f1bf19f37050/b/src/modules/imgproc/include -I/home/uilian/.conan2/p/b/openc0f1bf19f37050/b/build/Release/modules/imgproc -I/home/uilian/.conan2/p/b/openc0f1bf19f37050/b/src/modules/core/include -isystem /home/uilian/.conan2/p/b/openc0f1bf19f37050/b/build/Release -isystem /home/uilian/.conan2/p/eigen5481853932f72/p/include/eigen3 -m64   -fsigned-char -W -Wall -Wreturn-type -Wnon-virtual-dtor -Waddress -Wsequence-point -Wformat -Wformat-security -Wmissing-declarations -Wundef -Winit-self -Wpointer-arith -Wshadow -Wsign-promo -Wuninitialized -Wsuggest-override -Wno-delete-non-virtual-dtor -Wno-comment -Wimplicit-fallthrough=3 -Wno-strict-overflow -fdiagnostics-show-option -Wno-long-long -pthread -fomit-frame-pointer -ffunction-sections -fdata-sections  -msse -msse2 -msse3 -fvisibility=hidden -fvisibility-inlines-hidden -O3 -DNDEBUG  -DNDEBUG -std=gnu++11 -fPIC  -mssse3 -msse4.1 -mpopcnt -msse4.2 -mf16c -mfma -mavx -mavx2 -mavx512f -mavx512f -mavx512cd -mavx512f -mavx512cd -mavx512vl -mavx512bw -mavx512dq -MD -MT modules/imgproc/CMakeFiles/opencv_imgproc.dir/sumpixels.avx512_skx.cpp.o -MF modules/imgproc/CMakeFiles/opencv_imgproc.dir/sumpixels.avx512_skx.cpp.o.d -o modules/imgproc/CMakeFiles/opencv_imgproc.dir/sumpixels.avx512_skx.cpp.o -c /home/uilian/.conan2/p/b/openc0f1bf19f37050/b/build/Release/modules/imgproc/sumpixels.avx512_skx.cpp
[215/411] /usr/bin/g++-13 -DCVAPI_EXPORTS -DHAVE_WEBP -DOPENCV_IMGCODECS_USE_OPENEXR=1 -D_USE_MATH_DEFINES -D__OPENCV_BUILD=1 -D__STDC_CONSTANT_MACROS -D__STDC_FORMAT_MACROS -D__STDC_LIMIT_MACROS -I/home/uilian/.conan2/p/b/openc0f1bf19f37050/b/src/modules/imgcodecs/include -I/home/uilian/.conan2/p/b/openc0f1bf19f37050/b/build/Release/modules/imgcodecs -I/home/uilian/.conan2/p/b/openc0f1bf19f37050/b/src/modules/core/include -I/home/uilian/.conan2/p/b/openc0f1bf19f37050/b/src/modules/imgproc/include -isystem /home/uilian/.conan2/p/b/openc0f1bf19f37050/b/build/Release -isystem /home/uilian/.conan2/p/libjpb5908355e41b4/p/include -isystem /home/uilian/.conan2/p/libwe778f8edd7f804/p/include -isystem /home/uilian/.conan2/p/libpncab7454c8bbf2/p/include -isystem /home/uilian/.conan2/p/libti0bdd6311d1e48/p/include -isystem /home/uilian/.conan2/p/jaspe0369a423f6fd4/p/include -isystem /home/uilian/.conan2/p/zlib9e81e3baaa894/p/include -isystem /home/uilian/.conan2/p/eigen5481853932f72/p/include/eigen3 -isystem /home/uilian/.conan2/p/opene37f9e3c51d6af/p/include -isystem /home/uilian/.conan2/p/opene37f9e3c51d6af/p/include/OpenEXR -m64   -fsigned-char -W -Wall -Wreturn-type -Wnon-virtual-dtor -Waddress -Wsequence-point -Wformat -Wformat-security -Wmissing-declarations -Wundef -Winit-self -Wpointer-arith -Wshadow -Wsign-promo -Wuninitialized -Wsuggest-override -Wno-delete-non-virtual-dtor -Wno-comment -Wimplicit-fallthrough=3 -Wno-strict-overflow -fdiagnostics-show-option -Wno-long-long -pthread -fomit-frame-pointer -ffunction-sections -fdata-sections  -msse -msse2 -msse3 -fvisibility=hidden -fvisibility-inlines-hidden -Wno-deprecated-declarations -O3 -DNDEBUG  -DNDEBUG -std=gnu++11 -fPIC -MD -MT modules/imgcodecs/CMakeFiles/opencv_imgcodecs.dir/src/loadsave.cpp.o -MF modules/imgcodecs/CMakeFiles/opencv_imgcodecs.dir/src/loadsave.cpp.o.d -o modules/imgcodecs/CMakeFiles/opencv_imgcodecs.dir/src/loadsave.cpp.o -c /home/uilian/.conan2/p/b/openc0f1bf19f37050/b/src/modules/imgcodecs/src/loadsave.cpp
[216/411] /usr/bin/g++-13 -DCVAPI_EXPORTS -D_USE_MATH_DEFINES -D__OPENCV_BUILD=1 -D__STDC_CONSTANT_MACROS -D__STDC_FORMAT_MACROS -D__STDC_LIMIT_MACROS -DCV_CPU_COMPILE_AVX2=1 -DCV_CPU_COMPILE_AVX=1 -DCV_CPU_COMPILE_FMA3=1 -DCV_CPU_COMPILE_FP16=1 -DCV_CPU_COMPILE_POPCNT=1 -DCV_CPU_COMPILE_SSE4_1=1 -DCV_CPU_COMPILE_SSE4_2=1 -DCV_CPU_COMPILE_SSSE3=1 -DCV_CPU_DISPATCH_MODE=AVX2 -I/home/uilian/.conan2/p/b/openc0f1bf19f37050/b/src/modules/imgproc/include -I/home/uilian/.conan2/p/b/openc0f1bf19f37050/b/build/Release/modules/imgproc -I/home/uilian/.conan2/p/b/openc0f1bf19f37050/b/src/modules/core/include -isystem /home/uilian/.conan2/p/b/openc0f1bf19f37050/b/build/Release -isystem /home/uilian/.conan2/p/eigen5481853932f72/p/include/eigen3 -m64   -fsigned-char -W -Wall -Wreturn-type -Wnon-virtual-dtor -Waddress -Wsequence-point -Wformat -Wformat-security -Wmissing-declarations -Wundef -Winit-self -Wpointer-arith -Wshadow -Wsign-promo -Wuninitialized -Wsuggest-override -Wno-delete-non-virtual-dtor -Wno-comment -Wimplicit-fallthrough=3 -Wno-strict-overflow -fdiagnostics-show-option -Wno-long-long -pthread -fomit-frame-pointer -ffunction-sections -fdata-sections  -msse -msse2 -msse3 -fvisibility=hidden -fvisibility-inlines-hidden -O3 -DNDEBUG  -DNDEBUG -std=gnu++11 -fPIC  -mssse3 -msse4.1 -mpopcnt -msse4.2 -mf16c -mfma -mavx -mavx2 -MD -MT modules/imgproc/CMakeFiles/opencv_imgproc.dir/color_yuv.avx2.cpp.o -MF modules/imgproc/CMakeFiles/opencv_imgproc.dir/color_yuv.avx2.cpp.o.d -o modules/imgproc/CMakeFiles/opencv_imgproc.dir/color_yuv.avx2.cpp.o -c /home/uilian/.conan2/p/b/openc0f1bf19f37050/b/build/Release/modules/imgproc/color_yuv.avx2.cpp
[217/411] /usr/bin/g++-13 -DCVAPI_EXPORTS -DHAVE_WEBP -DOPENCV_IMGCODECS_USE_OPENEXR=1 -D_USE_MATH_DEFINES -D__OPENCV_BUILD=1 -D__STDC_CONSTANT_MACROS -D__STDC_FORMAT_MACROS -D__STDC_LIMIT_MACROS -I/home/uilian/.conan2/p/b/openc0f1bf19f37050/b/src/modules/imgcodecs/include -I/home/uilian/.conan2/p/b/openc0f1bf19f37050/b/build/Release/modules/imgcodecs -I/home/uilian/.conan2/p/b/openc0f1bf19f37050/b/src/modules/core/include -I/home/uilian/.conan2/p/b/openc0f1bf19f37050/b/src/modules/imgproc/include -isystem /home/uilian/.conan2/p/b/openc0f1bf19f37050/b/build/Release -isystem /home/uilian/.conan2/p/libjpb5908355e41b4/p/include -isystem /home/uilian/.conan2/p/libwe778f8edd7f804/p/include -isystem /home/uilian/.conan2/p/libpncab7454c8bbf2/p/include -isystem /home/uilian/.conan2/p/libti0bdd6311d1e48/p/include -isystem /home/uilian/.conan2/p/jaspe0369a423f6fd4/p/include -isystem /home/uilian/.conan2/p/zlib9e81e3baaa894/p/include -isystem /home/uilian/.conan2/p/eigen5481853932f72/p/include/eigen3 -isystem /home/uilian/.conan2/p/opene37f9e3c51d6af/p/include -isystem /home/uilian/.conan2/p/opene37f9e3c51d6af/p/include/OpenEXR -m64   -fsigned-char -W -Wall -Wreturn-type -Wnon-virtual-dtor -Waddress -Wsequence-point -Wformat -Wformat-security -Wmissing-declarations -Wundef -Winit-self -Wpointer-arith -Wshadow -Wsign-promo -Wuninitialized -Wsuggest-override -Wno-delete-non-virtual-dtor -Wno-comment -Wimplicit-fallthrough=3 -Wno-strict-overflow -fdiagnostics-show-option -Wno-long-long -pthread -fomit-frame-pointer -ffunction-sections -fdata-sections  -msse -msse2 -msse3 -fvisibility=hidden -fvisibility-inlines-hidden -Wno-deprecated-declarations -O3 -DNDEBUG  -DNDEBUG -std=gnu++11 -fPIC -MD -MT modules/imgcodecs/CMakeFiles/opencv_imgcodecs.dir/src/grfmt_gdal.cpp.o -MF modules/imgcodecs/CMakeFiles/opencv_imgcodecs.dir/src/grfmt_gdal.cpp.o.d -o modules/imgcodecs/CMakeFiles/opencv_imgcodecs.dir/src/grfmt_gdal.cpp.o -c /home/uilian/.conan2/p/b/openc0f1bf19f37050/b/src/modules/imgcodecs/src/grfmt_gdal.cpp
[218/411] /usr/bin/g++-13 -DCVAPI_EXPORTS -DHAVE_WEBP -DOPENCV_IMGCODECS_USE_OPENEXR=1 -D_USE_MATH_DEFINES -D__OPENCV_BUILD=1 -D__STDC_CONSTANT_MACROS -D__STDC_FORMAT_MACROS -D__STDC_LIMIT_MACROS -I/home/uilian/.conan2/p/b/openc0f1bf19f37050/b/src/modules/imgcodecs/include -I/home/uilian/.conan2/p/b/openc0f1bf19f37050/b/build/Release/modules/imgcodecs -I/home/uilian/.conan2/p/b/openc0f1bf19f37050/b/src/modules/core/include -I/home/uilian/.conan2/p/b/openc0f1bf19f37050/b/src/modules/imgproc/include -isystem /home/uilian/.conan2/p/b/openc0f1bf19f37050/b/build/Release -isystem /home/uilian/.conan2/p/libjpb5908355e41b4/p/include -isystem /home/uilian/.conan2/p/libwe778f8edd7f804/p/include -isystem /home/uilian/.conan2/p/libpncab7454c8bbf2/p/include -isystem /home/uilian/.conan2/p/libti0bdd6311d1e48/p/include -isystem /home/uilian/.conan2/p/jaspe0369a423f6fd4/p/include -isystem /home/uilian/.conan2/p/zlib9e81e3baaa894/p/include -isystem /home/uilian/.conan2/p/eigen5481853932f72/p/include/eigen3 -isystem /home/uilian/.conan2/p/opene37f9e3c51d6af/p/include -isystem /home/uilian/.conan2/p/opene37f9e3c51d6af/p/include/OpenEXR -m64   -fsigned-char -W -Wall -Wreturn-type -Wnon-virtual-dtor -Waddress -Wsequence-point -Wformat -Wformat-security -Wmissing-declarations -Wundef -Winit-self -Wpointer-arith -Wshadow -Wsign-promo -Wuninitialized -Wsuggest-override -Wno-delete-non-virtual-dtor -Wno-comment -Wimplicit-fallthrough=3 -Wno-strict-overflow -fdiagnostics-show-option -Wno-long-long -pthread -fomit-frame-pointer -ffunction-sections -fdata-sections  -msse -msse2 -msse3 -fvisibility=hidden -fvisibility-inlines-hidden -Wno-deprecated-declarations -O3 -DNDEBUG  -DNDEBUG -std=gnu++11 -fPIC -MD -MT modules/imgcodecs/CMakeFiles/opencv_imgcodecs.dir/src/grfmt_gdcm.cpp.o -MF modules/imgcodecs/CMakeFiles/opencv_imgcodecs.dir/src/grfmt_gdcm.cpp.o.d -o modules/imgcodecs/CMakeFiles/opencv_imgcodecs.dir/src/grfmt_gdcm.cpp.o -c /home/uilian/.conan2/p/b/openc0f1bf19f37050/b/src/modules/imgcodecs/src/grfmt_gdcm.cpp
[219/411] /usr/bin/g++-13 -DCVAPI_EXPORTS -DHAVE_WEBP -DOPENCV_IMGCODECS_USE_OPENEXR=1 -D_USE_MATH_DEFINES -D__OPENCV_BUILD=1 -D__STDC_CONSTANT_MACROS -D__STDC_FORMAT_MACROS -D__STDC_LIMIT_MACROS -I/home/uilian/.conan2/p/b/openc0f1bf19f37050/b/src/modules/imgcodecs/include -I/home/uilian/.conan2/p/b/openc0f1bf19f37050/b/build/Release/modules/imgcodecs -I/home/uilian/.conan2/p/b/openc0f1bf19f37050/b/src/modules/core/include -I/home/uilian/.conan2/p/b/openc0f1bf19f37050/b/src/modules/imgproc/include -isystem /home/uilian/.conan2/p/b/openc0f1bf19f37050/b/build/Release -isystem /home/uilian/.conan2/p/libjpb5908355e41b4/p/include -isystem /home/uilian/.conan2/p/libwe778f8edd7f804/p/include -isystem /home/uilian/.conan2/p/libpncab7454c8bbf2/p/include -isystem /home/uilian/.conan2/p/libti0bdd6311d1e48/p/include -isystem /home/uilian/.conan2/p/jaspe0369a423f6fd4/p/include -isystem /home/uilian/.conan2/p/zlib9e81e3baaa894/p/include -isystem /home/uilian/.conan2/p/eigen5481853932f72/p/include/eigen3 -isystem /home/uilian/.conan2/p/opene37f9e3c51d6af/p/include -isystem /home/uilian/.conan2/p/opene37f9e3c51d6af/p/include/OpenEXR -m64   -fsigned-char -W -Wall -Wreturn-type -Wnon-virtual-dtor -Waddress -Wsequence-point -Wformat -Wformat-security -Wmissing-declarations -Wundef -Winit-self -Wpointer-arith -Wshadow -Wsign-promo -Wuninitialized -Wsuggest-override -Wno-delete-non-virtual-dtor -Wno-comment -Wimplicit-fallthrough=3 -Wno-strict-overflow -fdiagnostics-show-option -Wno-long-long -pthread -fomit-frame-pointer -ffunction-sections -fdata-sections  -msse -msse2 -msse3 -fvisibility=hidden -fvisibility-inlines-hidden -Wno-deprecated-declarations -O3 -DNDEBUG  -DNDEBUG -std=gnu++11 -fPIC -MD -MT modules/imgcodecs/CMakeFiles/opencv_imgcodecs.dir/src/grfmt_exr.cpp.o -MF modules/imgcodecs/CMakeFiles/opencv_imgcodecs.dir/src/grfmt_exr.cpp.o.d -o modules/imgcodecs/CMakeFiles/opencv_imgcodecs.dir/src/grfmt_exr.cpp.o -c /home/uilian/.conan2/p/b/openc0f1bf19f37050/b/src/modules/imgcodecs/src/grfmt_exr.cpp
[220/411] /usr/bin/g++-13 -DCVAPI_EXPORTS -DHAVE_WEBP -DOPENCV_IMGCODECS_USE_OPENEXR=1 -D_USE_MATH_DEFINES -D__OPENCV_BUILD=1 -D__STDC_CONSTANT_MACROS -D__STDC_FORMAT_MACROS -D__STDC_LIMIT_MACROS -I/home/uilian/.conan2/p/b/openc0f1bf19f37050/b/src/modules/imgcodecs/include -I/home/uilian/.conan2/p/b/openc0f1bf19f37050/b/build/Release/modules/imgcodecs -I/home/uilian/.conan2/p/b/openc0f1bf19f37050/b/src/modules/core/include -I/home/uilian/.conan2/p/b/openc0f1bf19f37050/b/src/modules/imgproc/include -isystem /home/uilian/.conan2/p/b/openc0f1bf19f37050/b/build/Release -isystem /home/uilian/.conan2/p/libjpb5908355e41b4/p/include -isystem /home/uilian/.conan2/p/libwe778f8edd7f804/p/include -isystem /home/uilian/.conan2/p/libpncab7454c8bbf2/p/include -isystem /home/uilian/.conan2/p/libti0bdd6311d1e48/p/include -isystem /home/uilian/.conan2/p/jaspe0369a423f6fd4/p/include -isystem /home/uilian/.conan2/p/zlib9e81e3baaa894/p/include -isystem /home/uilian/.conan2/p/eigen5481853932f72/p/include/eigen3 -isystem /home/uilian/.conan2/p/opene37f9e3c51d6af/p/include -isystem /home/uilian/.conan2/p/opene37f9e3c51d6af/p/include/OpenEXR -m64   -fsigned-char -W -Wall -Wreturn-type -Wnon-virtual-dtor -Waddress -Wsequence-point -Wformat -Wformat-security -Wmissing-declarations -Wundef -Winit-self -Wpointer-arith -Wshadow -Wsign-promo -Wuninitialized -Wsuggest-override -Wno-delete-non-virtual-dtor -Wno-comment -Wimplicit-fallthrough=3 -Wno-strict-overflow -fdiagnostics-show-option -Wno-long-long -pthread -fomit-frame-pointer -ffunction-sections -fdata-sections  -msse -msse2 -msse3 -fvisibility=hidden -fvisibility-inlines-hidden -Wno-deprecated-declarations -O3 -DNDEBUG  -DNDEBUG -std=gnu++11 -fPIC -MD -MT modules/imgcodecs/CMakeFiles/opencv_imgcodecs.dir/src/grfmt_hdr.cpp.o -MF modules/imgcodecs/CMakeFiles/opencv_imgcodecs.dir/src/grfmt_hdr.cpp.o.d -o modules/imgcodecs/CMakeFiles/opencv_imgcodecs.dir/src/grfmt_hdr.cpp.o -c /home/uilian/.conan2/p/b/openc0f1bf19f37050/b/src/modules/imgcodecs/src/grfmt_hdr.cpp
[221/411] /usr/bin/g++-13 -DCVAPI_EXPORTS -D_USE_MATH_DEFINES -D__OPENCV_BUILD=1 -D__STDC_CONSTANT_MACROS -D__STDC_FORMAT_MACROS -D__STDC_LIMIT_MACROS -DCV_CPU_COMPILE_AVX2=1 -DCV_CPU_COMPILE_AVX=1 -DCV_CPU_COMPILE_FMA3=1 -DCV_CPU_COMPILE_FP16=1 -DCV_CPU_COMPILE_POPCNT=1 -DCV_CPU_COMPILE_SSE4_1=1 -DCV_CPU_COMPILE_SSE4_2=1 -DCV_CPU_COMPILE_SSSE3=1 -DCV_CPU_DISPATCH_MODE=AVX2 -I/home/uilian/.conan2/p/b/openc0f1bf19f37050/b/src/modules/imgproc/include -I/home/uilian/.conan2/p/b/openc0f1bf19f37050/b/build/Release/modules/imgproc -I/home/uilian/.conan2/p/b/openc0f1bf19f37050/b/src/modules/core/include -isystem /home/uilian/.conan2/p/b/openc0f1bf19f37050/b/build/Release -isystem /home/uilian/.conan2/p/eigen5481853932f72/p/include/eigen3 -m64   -fsigned-char -W -Wall -Wreturn-type -Wnon-virtual-dtor -Waddress -Wsequence-point -Wformat -Wformat-security -Wmissing-declarations -Wundef -Winit-self -Wpointer-arith -Wshadow -Wsign-promo -Wuninitialized -Wsuggest-override -Wno-delete-non-virtual-dtor -Wno-comment -Wimplicit-fallthrough=3 -Wno-strict-overflow -fdiagnostics-show-option -Wno-long-long -pthread -fomit-frame-pointer -ffunction-sections -fdata-sections  -msse -msse2 -msse3 -fvisibility=hidden -fvisibility-inlines-hidden -O3 -DNDEBUG  -DNDEBUG -std=gnu++11 -fPIC  -mssse3 -msse4.1 -mpopcnt -msse4.2 -mf16c -mfma -mavx -mavx2 -MD -MT modules/imgproc/CMakeFiles/opencv_imgproc.dir/morph.avx2.cpp.o -MF modules/imgproc/CMakeFiles/opencv_imgproc.dir/morph.avx2.cpp.o.d -o modules/imgproc/CMakeFiles/opencv_imgproc.dir/morph.avx2.cpp.o -c /home/uilian/.conan2/p/b/openc0f1bf19f37050/b/build/Release/modules/imgproc/morph.avx2.cpp
[222/411] /usr/bin/g++-13 -DCVAPI_EXPORTS -DHAVE_WEBP -DOPENCV_IMGCODECS_USE_OPENEXR=1 -D_USE_MATH_DEFINES -D__OPENCV_BUILD=1 -D__STDC_CONSTANT_MACROS -D__STDC_FORMAT_MACROS -D__STDC_LIMIT_MACROS -I/home/uilian/.conan2/p/b/openc0f1bf19f37050/b/src/modules/imgcodecs/include -I/home/uilian/.conan2/p/b/openc0f1bf19f37050/b/build/Release/modules/imgcodecs -I/home/uilian/.conan2/p/b/openc0f1bf19f37050/b/src/modules/core/include -I/home/uilian/.conan2/p/b/openc0f1bf19f37050/b/src/modules/imgproc/include -isystem /home/uilian/.conan2/p/b/openc0f1bf19f37050/b/build/Release -isystem /home/uilian/.conan2/p/libjpb5908355e41b4/p/include -isystem /home/uilian/.conan2/p/libwe778f8edd7f804/p/include -isystem /home/uilian/.conan2/p/libpncab7454c8bbf2/p/include -isystem /home/uilian/.conan2/p/libti0bdd6311d1e48/p/include -isystem /home/uilian/.conan2/p/jaspe0369a423f6fd4/p/include -isystem /home/uilian/.conan2/p/zlib9e81e3baaa894/p/include -isystem /home/uilian/.conan2/p/eigen5481853932f72/p/include/eigen3 -isystem /home/uilian/.conan2/p/opene37f9e3c51d6af/p/include -isystem /home/uilian/.conan2/p/opene37f9e3c51d6af/p/include/OpenEXR -m64   -fsigned-char -W -Wall -Wreturn-type -Wnon-virtual-dtor -Waddress -Wsequence-point -Wformat -Wformat-security -Wmissing-declarations -Wundef -Winit-self -Wpointer-arith -Wshadow -Wsign-promo -Wuninitialized -Wsuggest-override -Wno-delete-non-virtual-dtor -Wno-comment -Wimplicit-fallthrough=3 -Wno-strict-overflow -fdiagnostics-show-option -Wno-long-long -pthread -fomit-frame-pointer -ffunction-sections -fdata-sections  -msse -msse2 -msse3 -fvisibility=hidden -fvisibility-inlines-hidden -Wno-deprecated-declarations -O3 -DNDEBUG  -DNDEBUG -std=gnu++11 -fPIC -MD -MT modules/imgcodecs/CMakeFiles/opencv_imgcodecs.dir/src/grfmt_jpeg.cpp.o -MF modules/imgcodecs/CMakeFiles/opencv_imgcodecs.dir/src/grfmt_jpeg.cpp.o.d -o modules/imgcodecs/CMakeFiles/opencv_imgcodecs.dir/src/grfmt_jpeg.cpp.o -c /home/uilian/.conan2/p/b/openc0f1bf19f37050/b/src/modules/imgcodecs/src/grfmt_jpeg.cpp
[223/411] /usr/bin/g++-13 -DCVAPI_EXPORTS -DHAVE_WEBP -DOPENCV_IMGCODECS_USE_OPENEXR=1 -D_USE_MATH_DEFINES -D__OPENCV_BUILD=1 -D__STDC_CONSTANT_MACROS -D__STDC_FORMAT_MACROS -D__STDC_LIMIT_MACROS -I/home/uilian/.conan2/p/b/openc0f1bf19f37050/b/src/modules/imgcodecs/include -I/home/uilian/.conan2/p/b/openc0f1bf19f37050/b/build/Release/modules/imgcodecs -I/home/uilian/.conan2/p/b/openc0f1bf19f37050/b/src/modules/core/include -I/home/uilian/.conan2/p/b/openc0f1bf19f37050/b/src/modules/imgproc/include -isystem /home/uilian/.conan2/p/b/openc0f1bf19f37050/b/build/Release -isystem /home/uilian/.conan2/p/libjpb5908355e41b4/p/include -isystem /home/uilian/.conan2/p/libwe778f8edd7f804/p/include -isystem /home/uilian/.conan2/p/libpncab7454c8bbf2/p/include -isystem /home/uilian/.conan2/p/libti0bdd6311d1e48/p/include -isystem /home/uilian/.conan2/p/jaspe0369a423f6fd4/p/include -isystem /home/uilian/.conan2/p/zlib9e81e3baaa894/p/include -isystem /home/uilian/.conan2/p/eigen5481853932f72/p/include/eigen3 -isystem /home/uilian/.conan2/p/opene37f9e3c51d6af/p/include -isystem /home/uilian/.conan2/p/opene37f9e3c51d6af/p/include/OpenEXR -m64   -fsigned-char -W -Wall -Wreturn-type -Wnon-virtual-dtor -Waddress -Wsequence-point -Wformat -Wformat-security -Wmissing-declarations -Wundef -Winit-self -Wpointer-arith -Wshadow -Wsign-promo -Wuninitialized -Wsuggest-override -Wno-delete-non-virtual-dtor -Wno-comment -Wimplicit-fallthrough=3 -Wno-strict-overflow -fdiagnostics-show-option -Wno-long-long -pthread -fomit-frame-pointer -ffunction-sections -fdata-sections  -msse -msse2 -msse3 -fvisibility=hidden -fvisibility-inlines-hidden -Wno-deprecated-declarations -O3 -DNDEBUG  -DNDEBUG -std=gnu++11 -fPIC -MD -MT modules/imgcodecs/CMakeFiles/opencv_imgcodecs.dir/src/grfmt_pam.cpp.o -MF modules/imgcodecs/CMakeFiles/opencv_imgcodecs.dir/src/grfmt_pam.cpp.o.d -o modules/imgcodecs/CMakeFiles/opencv_imgcodecs.dir/src/grfmt_pam.cpp.o -c /home/uilian/.conan2/p/b/openc0f1bf19f37050/b/src/modules/imgcodecs/src/grfmt_pam.cpp
[224/411] /usr/bin/g++-13 -DCVAPI_EXPORTS -DHAVE_WEBP -DOPENCV_IMGCODECS_USE_OPENEXR=1 -D_USE_MATH_DEFINES -D__OPENCV_BUILD=1 -D__STDC_CONSTANT_MACROS -D__STDC_FORMAT_MACROS -D__STDC_LIMIT_MACROS -I/home/uilian/.conan2/p/b/openc0f1bf19f37050/b/src/modules/imgcodecs/include -I/home/uilian/.conan2/p/b/openc0f1bf19f37050/b/build/Release/modules/imgcodecs -I/home/uilian/.conan2/p/b/openc0f1bf19f37050/b/src/modules/core/include -I/home/uilian/.conan2/p/b/openc0f1bf19f37050/b/src/modules/imgproc/include -isystem /home/uilian/.conan2/p/b/openc0f1bf19f37050/b/build/Release -isystem /home/uilian/.conan2/p/libjpb5908355e41b4/p/include -isystem /home/uilian/.conan2/p/libwe778f8edd7f804/p/include -isystem /home/uilian/.conan2/p/libpncab7454c8bbf2/p/include -isystem /home/uilian/.conan2/p/libti0bdd6311d1e48/p/include -isystem /home/uilian/.conan2/p/jaspe0369a423f6fd4/p/include -isystem /home/uilian/.conan2/p/zlib9e81e3baaa894/p/include -isystem /home/uilian/.conan2/p/eigen5481853932f72/p/include/eigen3 -isystem /home/uilian/.conan2/p/opene37f9e3c51d6af/p/include -isystem /home/uilian/.conan2/p/opene37f9e3c51d6af/p/include/OpenEXR -m64   -fsigned-char -W -Wall -Wreturn-type -Wnon-virtual-dtor -Waddress -Wsequence-point -Wformat -Wformat-security -Wmissing-declarations -Wundef -Winit-self -Wpointer-arith -Wshadow -Wsign-promo -Wuninitialized -Wsuggest-override -Wno-delete-non-virtual-dtor -Wno-comment -Wimplicit-fallthrough=3 -Wno-strict-overflow -fdiagnostics-show-option -Wno-long-long -pthread -fomit-frame-pointer -ffunction-sections -fdata-sections  -msse -msse2 -msse3 -fvisibility=hidden -fvisibility-inlines-hidden -Wno-deprecated-declarations -O3 -DNDEBUG  -DNDEBUG -std=gnu++11 -fPIC -MD -MT modules/imgcodecs/CMakeFiles/opencv_imgcodecs.dir/src/grfmt_pxm.cpp.o -MF modules/imgcodecs/CMakeFiles/opencv_imgcodecs.dir/src/grfmt_pxm.cpp.o.d -o modules/imgcodecs/CMakeFiles/opencv_imgcodecs.dir/src/grfmt_pxm.cpp.o -c /home/uilian/.conan2/p/b/openc0f1bf19f37050/b/src/modules/imgcodecs/src/grfmt_pxm.cpp
[225/411] /usr/bin/g++-13 -DCVAPI_EXPORTS -DHAVE_WEBP -DOPENCV_IMGCODECS_USE_OPENEXR=1 -D_USE_MATH_DEFINES -D__OPENCV_BUILD=1 -D__STDC_CONSTANT_MACROS -D__STDC_FORMAT_MACROS -D__STDC_LIMIT_MACROS -I/home/uilian/.conan2/p/b/openc0f1bf19f37050/b/src/modules/imgcodecs/include -I/home/uilian/.conan2/p/b/openc0f1bf19f37050/b/build/Release/modules/imgcodecs -I/home/uilian/.conan2/p/b/openc0f1bf19f37050/b/src/modules/core/include -I/home/uilian/.conan2/p/b/openc0f1bf19f37050/b/src/modules/imgproc/include -isystem /home/uilian/.conan2/p/b/openc0f1bf19f37050/b/build/Release -isystem /home/uilian/.conan2/p/libjpb5908355e41b4/p/include -isystem /home/uilian/.conan2/p/libwe778f8edd7f804/p/include -isystem /home/uilian/.conan2/p/libpncab7454c8bbf2/p/include -isystem /home/uilian/.conan2/p/libti0bdd6311d1e48/p/include -isystem /home/uilian/.conan2/p/jaspe0369a423f6fd4/p/include -isystem /home/uilian/.conan2/p/zlib9e81e3baaa894/p/include -isystem /home/uilian/.conan2/p/eigen5481853932f72/p/include/eigen3 -isystem /home/uilian/.conan2/p/opene37f9e3c51d6af/p/include -isystem /home/uilian/.conan2/p/opene37f9e3c51d6af/p/include/OpenEXR -m64   -fsigned-char -W -Wall -Wreturn-type -Wnon-virtual-dtor -Waddress -Wsequence-point -Wformat -Wformat-security -Wmissing-declarations -Wundef -Winit-self -Wpointer-arith -Wshadow -Wsign-promo -Wuninitialized -Wsuggest-override -Wno-delete-non-virtual-dtor -Wno-comment -Wimplicit-fallthrough=3 -Wno-strict-overflow -fdiagnostics-show-option -Wno-long-long -pthread -fomit-frame-pointer -ffunction-sections -fdata-sections  -msse -msse2 -msse3 -fvisibility=hidden -fvisibility-inlines-hidden -Wno-deprecated-declarations -O3 -DNDEBUG  -DNDEBUG -std=gnu++11 -fPIC -MD -MT modules/imgcodecs/CMakeFiles/opencv_imgcodecs.dir/src/grfmt_sunras.cpp.o -MF modules/imgcodecs/CMakeFiles/opencv_imgcodecs.dir/src/grfmt_sunras.cpp.o.d -o modules/imgcodecs/CMakeFiles/opencv_imgcodecs.dir/src/grfmt_sunras.cpp.o -c /home/uilian/.conan2/p/b/openc0f1bf19f37050/b/src/modules/imgcodecs/src/grfmt_sunras.cpp
[226/411] /usr/bin/g++-13 -DCVAPI_EXPORTS -DHAVE_WEBP -DOPENCV_IMGCODECS_USE_OPENEXR=1 -D_USE_MATH_DEFINES -D__OPENCV_BUILD=1 -D__STDC_CONSTANT_MACROS -D__STDC_FORMAT_MACROS -D__STDC_LIMIT_MACROS -I/home/uilian/.conan2/p/b/openc0f1bf19f37050/b/src/modules/imgcodecs/include -I/home/uilian/.conan2/p/b/openc0f1bf19f37050/b/build/Release/modules/imgcodecs -I/home/uilian/.conan2/p/b/openc0f1bf19f37050/b/src/modules/core/include -I/home/uilian/.conan2/p/b/openc0f1bf19f37050/b/src/modules/imgproc/include -isystem /home/uilian/.conan2/p/b/openc0f1bf19f37050/b/build/Release -isystem /home/uilian/.conan2/p/libjpb5908355e41b4/p/include -isystem /home/uilian/.conan2/p/libwe778f8edd7f804/p/include -isystem /home/uilian/.conan2/p/libpncab7454c8bbf2/p/include -isystem /home/uilian/.conan2/p/libti0bdd6311d1e48/p/include -isystem /home/uilian/.conan2/p/jaspe0369a423f6fd4/p/include -isystem /home/uilian/.conan2/p/zlib9e81e3baaa894/p/include -isystem /home/uilian/.conan2/p/eigen5481853932f72/p/include/eigen3 -isystem /home/uilian/.conan2/p/opene37f9e3c51d6af/p/include -isystem /home/uilian/.conan2/p/opene37f9e3c51d6af/p/include/OpenEXR -m64   -fsigned-char -W -Wall -Wreturn-type -Wnon-virtual-dtor -Waddress -Wsequence-point -Wformat -Wformat-security -Wmissing-declarations -Wundef -Winit-self -Wpointer-arith -Wshadow -Wsign-promo -Wuninitialized -Wsuggest-override -Wno-delete-non-virtual-dtor -Wno-comment -Wimplicit-fallthrough=3 -Wno-strict-overflow -fdiagnostics-show-option -Wno-long-long -pthread -fomit-frame-pointer -ffunction-sections -fdata-sections  -msse -msse2 -msse3 -fvisibility=hidden -fvisibility-inlines-hidden -Wno-deprecated-declarations -O3 -DNDEBUG  -DNDEBUG -std=gnu++11 -fPIC -MD -MT modules/imgcodecs/CMakeFiles/opencv_imgcodecs.dir/src/grfmt_png.cpp.o -MF modules/imgcodecs/CMakeFiles/opencv_imgcodecs.dir/src/grfmt_png.cpp.o.d -o modules/imgcodecs/CMakeFiles/opencv_imgcodecs.dir/src/grfmt_png.cpp.o -c /home/uilian/.conan2/p/b/openc0f1bf19f37050/b/src/modules/imgcodecs/src/grfmt_png.cpp
[227/411] /usr/bin/g++-13 -DCVAPI_EXPORTS -DHAVE_WEBP -DOPENCV_IMGCODECS_USE_OPENEXR=1 -D_USE_MATH_DEFINES -D__OPENCV_BUILD=1 -D__STDC_CONSTANT_MACROS -D__STDC_FORMAT_MACROS -D__STDC_LIMIT_MACROS -I/home/uilian/.conan2/p/b/openc0f1bf19f37050/b/src/modules/imgcodecs/include -I/home/uilian/.conan2/p/b/openc0f1bf19f37050/b/build/Release/modules/imgcodecs -I/home/uilian/.conan2/p/b/openc0f1bf19f37050/b/src/modules/core/include -I/home/uilian/.conan2/p/b/openc0f1bf19f37050/b/src/modules/imgproc/include -isystem /home/uilian/.conan2/p/b/openc0f1bf19f37050/b/build/Release -isystem /home/uilian/.conan2/p/libjpb5908355e41b4/p/include -isystem /home/uilian/.conan2/p/libwe778f8edd7f804/p/include -isystem /home/uilian/.conan2/p/libpncab7454c8bbf2/p/include -isystem /home/uilian/.conan2/p/libti0bdd6311d1e48/p/include -isystem /home/uilian/.conan2/p/jaspe0369a423f6fd4/p/include -isystem /home/uilian/.conan2/p/zlib9e81e3baaa894/p/include -isystem /home/uilian/.conan2/p/eigen5481853932f72/p/include/eigen3 -isystem /home/uilian/.conan2/p/opene37f9e3c51d6af/p/include -isystem /home/uilian/.conan2/p/opene37f9e3c51d6af/p/include/OpenEXR -m64   -fsigned-char -W -Wall -Wreturn-type -Wnon-virtual-dtor -Waddress -Wsequence-point -Wformat -Wformat-security -Wmissing-declarations -Wundef -Winit-self -Wpointer-arith -Wshadow -Wsign-promo -Wuninitialized -Wsuggest-override -Wno-delete-non-virtual-dtor -Wno-comment -Wimplicit-fallthrough=3 -Wno-strict-overflow -fdiagnostics-show-option -Wno-long-long -pthread -fomit-frame-pointer -ffunction-sections -fdata-sections  -msse -msse2 -msse3 -fvisibility=hidden -fvisibility-inlines-hidden -Wno-deprecated-declarations -O3 -DNDEBUG  -DNDEBUG -std=gnu++11 -fPIC -MD -MT modules/imgcodecs/CMakeFiles/opencv_imgcodecs.dir/src/grfmt_jpeg2000.cpp.o -MF modules/imgcodecs/CMakeFiles/opencv_imgcodecs.dir/src/grfmt_jpeg2000.cpp.o.d -o modules/imgcodecs/CMakeFiles/opencv_imgcodecs.dir/src/grfmt_jpeg2000.cpp.o -c /home/uilian/.conan2/p/b/openc0f1bf19f37050/b/src/modules/imgcodecs/src/grfmt_jpeg2000.cpp
In file included from /home/uilian/.conan2/p/jaspe0369a423f6fd4/p/include/jasper/jasper.h:73,
                 from /home/uilian/.conan2/p/b/openc0f1bf19f37050/b/src/modules/imgcodecs/src/grfmt_jpeg2000.cpp:62:
/home/uilian/.conan2/p/jaspe0369a423f6fd4/p/include/jasper/jas_config.h:117:2: warning: #warning "Your code is being built against an older version of the C standard than JasPer was.  Although this is supported, this may require some extra preprocessor defines when building." [-Wcpp]
  117 | #warning "Your code is being built against an older version of the C standard than JasPer was.  Although this is supported, this may require some extra preprocessor defines when building."
      |  ^~~~~~~
[228/411] /usr/bin/g++-13 -DCVAPI_EXPORTS -DHAVE_WEBP -DOPENCV_IMGCODECS_USE_OPENEXR=1 -D_USE_MATH_DEFINES -D__OPENCV_BUILD=1 -D__STDC_CONSTANT_MACROS -D__STDC_FORMAT_MACROS -D__STDC_LIMIT_MACROS -I/home/uilian/.conan2/p/b/openc0f1bf19f37050/b/src/modules/imgcodecs/include -I/home/uilian/.conan2/p/b/openc0f1bf19f37050/b/build/Release/modules/imgcodecs -I/home/uilian/.conan2/p/b/openc0f1bf19f37050/b/src/modules/core/include -I/home/uilian/.conan2/p/b/openc0f1bf19f37050/b/src/modules/imgproc/include -isystem /home/uilian/.conan2/p/b/openc0f1bf19f37050/b/build/Release -isystem /home/uilian/.conan2/p/libjpb5908355e41b4/p/include -isystem /home/uilian/.conan2/p/libwe778f8edd7f804/p/include -isystem /home/uilian/.conan2/p/libpncab7454c8bbf2/p/include -isystem /home/uilian/.conan2/p/libti0bdd6311d1e48/p/include -isystem /home/uilian/.conan2/p/jaspe0369a423f6fd4/p/include -isystem /home/uilian/.conan2/p/zlib9e81e3baaa894/p/include -isystem /home/uilian/.conan2/p/eigen5481853932f72/p/include/eigen3 -isystem /home/uilian/.conan2/p/opene37f9e3c51d6af/p/include -isystem /home/uilian/.conan2/p/opene37f9e3c51d6af/p/include/OpenEXR -m64   -fsigned-char -W -Wall -Wreturn-type -Wnon-virtual-dtor -Waddress -Wsequence-point -Wformat -Wformat-security -Wmissing-declarations -Wundef -Winit-self -Wpointer-arith -Wshadow -Wsign-promo -Wuninitialized -Wsuggest-override -Wno-delete-non-virtual-dtor -Wno-comment -Wimplicit-fallthrough=3 -Wno-strict-overflow -fdiagnostics-show-option -Wno-long-long -pthread -fomit-frame-pointer -ffunction-sections -fdata-sections  -msse -msse2 -msse3 -fvisibility=hidden -fvisibility-inlines-hidden -Wno-deprecated-declarations -O3 -DNDEBUG  -DNDEBUG -std=gnu++11 -fPIC -MD -MT modules/imgcodecs/CMakeFiles/opencv_imgcodecs.dir/src/rgbe.cpp.o -MF modules/imgcodecs/CMakeFiles/opencv_imgcodecs.dir/src/rgbe.cpp.o.d -o modules/imgcodecs/CMakeFiles/opencv_imgcodecs.dir/src/rgbe.cpp.o -c /home/uilian/.conan2/p/b/openc0f1bf19f37050/b/src/modules/imgcodecs/src/rgbe.cpp
[229/411] /usr/bin/g++-13 -DCVAPI_EXPORTS -DHAVE_WEBP -DOPENCV_IMGCODECS_USE_OPENEXR=1 -D_USE_MATH_DEFINES -D__OPENCV_BUILD=1 -D__STDC_CONSTANT_MACROS -D__STDC_FORMAT_MACROS -D__STDC_LIMIT_MACROS -I/home/uilian/.conan2/p/b/openc0f1bf19f37050/b/src/modules/imgcodecs/include -I/home/uilian/.conan2/p/b/openc0f1bf19f37050/b/build/Release/modules/imgcodecs -I/home/uilian/.conan2/p/b/openc0f1bf19f37050/b/src/modules/core/include -I/home/uilian/.conan2/p/b/openc0f1bf19f37050/b/src/modules/imgproc/include -isystem /home/uilian/.conan2/p/b/openc0f1bf19f37050/b/build/Release -isystem /home/uilian/.conan2/p/libjpb5908355e41b4/p/include -isystem /home/uilian/.conan2/p/libwe778f8edd7f804/p/include -isystem /home/uilian/.conan2/p/libpncab7454c8bbf2/p/include -isystem /home/uilian/.conan2/p/libti0bdd6311d1e48/p/include -isystem /home/uilian/.conan2/p/jaspe0369a423f6fd4/p/include -isystem /home/uilian/.conan2/p/zlib9e81e3baaa894/p/include -isystem /home/uilian/.conan2/p/eigen5481853932f72/p/include/eigen3 -isystem /home/uilian/.conan2/p/opene37f9e3c51d6af/p/include -isystem /home/uilian/.conan2/p/opene37f9e3c51d6af/p/include/OpenEXR -m64   -fsigned-char -W -Wall -Wreturn-type -Wnon-virtual-dtor -Waddress -Wsequence-point -Wformat -Wformat-security -Wmissing-declarations -Wundef -Winit-self -Wpointer-arith -Wshadow -Wsign-promo -Wuninitialized -Wsuggest-override -Wno-delete-non-virtual-dtor -Wno-comment -Wimplicit-fallthrough=3 -Wno-strict-overflow -fdiagnostics-show-option -Wno-long-long -pthread -fomit-frame-pointer -ffunction-sections -fdata-sections  -msse -msse2 -msse3 -fvisibility=hidden -fvisibility-inlines-hidden -Wno-deprecated-declarations -O3 -DNDEBUG  -DNDEBUG -std=gnu++11 -fPIC -MD -MT modules/imgcodecs/CMakeFiles/opencv_imgcodecs.dir/src/grfmt_webp.cpp.o -MF modules/imgcodecs/CMakeFiles/opencv_imgcodecs.dir/src/grfmt_webp.cpp.o.d -o modules/imgcodecs/CMakeFiles/opencv_imgcodecs.dir/src/grfmt_webp.cpp.o -c /home/uilian/.conan2/p/b/openc0f1bf19f37050/b/src/modules/imgcodecs/src/grfmt_webp.cpp
[230/411] /usr/bin/g++-13 -DCVAPI_EXPORTS -DHAVE_WEBP -DOPENCV_IMGCODECS_USE_OPENEXR=1 -D_USE_MATH_DEFINES -D__OPENCV_BUILD=1 -D__STDC_CONSTANT_MACROS -D__STDC_FORMAT_MACROS -D__STDC_LIMIT_MACROS -I/home/uilian/.conan2/p/b/openc0f1bf19f37050/b/src/modules/imgcodecs/include -I/home/uilian/.conan2/p/b/openc0f1bf19f37050/b/build/Release/modules/imgcodecs -I/home/uilian/.conan2/p/b/openc0f1bf19f37050/b/src/modules/core/include -I/home/uilian/.conan2/p/b/openc0f1bf19f37050/b/src/modules/imgproc/include -isystem /home/uilian/.conan2/p/b/openc0f1bf19f37050/b/build/Release -isystem /home/uilian/.conan2/p/libjpb5908355e41b4/p/include -isystem /home/uilian/.conan2/p/libwe778f8edd7f804/p/include -isystem /home/uilian/.conan2/p/libpncab7454c8bbf2/p/include -isystem /home/uilian/.conan2/p/libti0bdd6311d1e48/p/include -isystem /home/uilian/.conan2/p/jaspe0369a423f6fd4/p/include -isystem /home/uilian/.conan2/p/zlib9e81e3baaa894/p/include -isystem /home/uilian/.conan2/p/eigen5481853932f72/p/include/eigen3 -isystem /home/uilian/.conan2/p/opene37f9e3c51d6af/p/include -isystem /home/uilian/.conan2/p/opene37f9e3c51d6af/p/include/OpenEXR -m64   -fsigned-char -W -Wall -Wreturn-type -Wnon-virtual-dtor -Waddress -Wsequence-point -Wformat -Wformat-security -Wmissing-declarations -Wundef -Winit-self -Wpointer-arith -Wshadow -Wsign-promo -Wuninitialized -Wsuggest-override -Wno-delete-non-virtual-dtor -Wno-comment -Wimplicit-fallthrough=3 -Wno-strict-overflow -fdiagnostics-show-option -Wno-long-long -pthread -fomit-frame-pointer -ffunction-sections -fdata-sections  -msse -msse2 -msse3 -fvisibility=hidden -fvisibility-inlines-hidden -Wno-deprecated-declarations -O3 -DNDEBUG  -DNDEBUG -std=gnu++11 -fPIC -MD -MT modules/imgcodecs/CMakeFiles/opencv_imgcodecs.dir/src/bitstrm.cpp.o -MF modules/imgcodecs/CMakeFiles/opencv_imgcodecs.dir/src/bitstrm.cpp.o.d -o modules/imgcodecs/CMakeFiles/opencv_imgcodecs.dir/src/bitstrm.cpp.o -c /home/uilian/.conan2/p/b/openc0f1bf19f37050/b/src/modules/imgcodecs/src/bitstrm.cpp
[231/411] /usr/bin/g++-13 -DCVAPI_EXPORTS -D_USE_MATH_DEFINES -D__OPENCV_BUILD=1 -D__STDC_CONSTANT_MACROS -D__STDC_FORMAT_MACROS -D__STDC_LIMIT_MACROS -DCV_CPU_COMPILE_AVX2=1 -DCV_CPU_COMPILE_AVX=1 -DCV_CPU_COMPILE_FMA3=1 -DCV_CPU_COMPILE_FP16=1 -DCV_CPU_COMPILE_POPCNT=1 -DCV_CPU_COMPILE_SSE4_1=1 -DCV_CPU_COMPILE_SSE4_2=1 -DCV_CPU_COMPILE_SSSE3=1 -DCV_CPU_DISPATCH_MODE=AVX2 -I/home/uilian/.conan2/p/b/openc0f1bf19f37050/b/src/modules/imgproc/include -I/home/uilian/.conan2/p/b/openc0f1bf19f37050/b/build/Release/modules/imgproc -I/home/uilian/.conan2/p/b/openc0f1bf19f37050/b/src/modules/core/include -isystem /home/uilian/.conan2/p/b/openc0f1bf19f37050/b/build/Release -isystem /home/uilian/.conan2/p/eigen5481853932f72/p/include/eigen3 -m64   -fsigned-char -W -Wall -Wreturn-type -Wnon-virtual-dtor -Waddress -Wsequence-point -Wformat -Wformat-security -Wmissing-declarations -Wundef -Winit-self -Wpointer-arith -Wshadow -Wsign-promo -Wuninitialized -Wsuggest-override -Wno-delete-non-virtual-dtor -Wno-comment -Wimplicit-fallthrough=3 -Wno-strict-overflow -fdiagnostics-show-option -Wno-long-long -pthread -fomit-frame-pointer -ffunction-sections -fdata-sections  -msse -msse2 -msse3 -fvisibility=hidden -fvisibility-inlines-hidden -O3 -DNDEBUG  -DNDEBUG -std=gnu++11 -fPIC  -mssse3 -msse4.1 -mpopcnt -msse4.2 -mf16c -mfma -mavx -mavx2 -MD -MT modules/imgproc/CMakeFiles/opencv_imgproc.dir/filter.avx2.cpp.o -MF modules/imgproc/CMakeFiles/opencv_imgproc.dir/filter.avx2.cpp.o.d -o modules/imgproc/CMakeFiles/opencv_imgproc.dir/filter.avx2.cpp.o -c /home/uilian/.conan2/p/b/openc0f1bf19f37050/b/build/Release/modules/imgproc/filter.avx2.cpp
[232/411] /usr/bin/g++-13 -DCVAPI_EXPORTS -DHAVE_WEBP -DOPENCV_IMGCODECS_USE_OPENEXR=1 -D_USE_MATH_DEFINES -D__OPENCV_BUILD=1 -D__STDC_CONSTANT_MACROS -D__STDC_FORMAT_MACROS -D__STDC_LIMIT_MACROS -I/home/uilian/.conan2/p/b/openc0f1bf19f37050/b/src/modules/imgcodecs/include -I/home/uilian/.conan2/p/b/openc0f1bf19f37050/b/build/Release/modules/imgcodecs -I/home/uilian/.conan2/p/b/openc0f1bf19f37050/b/src/modules/core/include -I/home/uilian/.conan2/p/b/openc0f1bf19f37050/b/src/modules/imgproc/include -isystem /home/uilian/.conan2/p/b/openc0f1bf19f37050/b/build/Release -isystem /home/uilian/.conan2/p/libjpb5908355e41b4/p/include -isystem /home/uilian/.conan2/p/libwe778f8edd7f804/p/include -isystem /home/uilian/.conan2/p/libpncab7454c8bbf2/p/include -isystem /home/uilian/.conan2/p/libti0bdd6311d1e48/p/include -isystem /home/uilian/.conan2/p/jaspe0369a423f6fd4/p/include -isystem /home/uilian/.conan2/p/zlib9e81e3baaa894/p/include -isystem /home/uilian/.conan2/p/eigen5481853932f72/p/include/eigen3 -isystem /home/uilian/.conan2/p/opene37f9e3c51d6af/p/include -isystem /home/uilian/.conan2/p/opene37f9e3c51d6af/p/include/OpenEXR -m64   -fsigned-char -W -Wall -Wreturn-type -Wnon-virtual-dtor -Waddress -Wsequence-point -Wformat -Wformat-security -Wmissing-declarations -Wundef -Winit-self -Wpointer-arith -Wshadow -Wsign-promo -Wuninitialized -Wsuggest-override -Wno-delete-non-virtual-dtor -Wno-comment -Wimplicit-fallthrough=3 -Wno-strict-overflow -fdiagnostics-show-option -Wno-long-long -pthread -fomit-frame-pointer -ffunction-sections -fdata-sections  -msse -msse2 -msse3 -fvisibility=hidden -fvisibility-inlines-hidden -Wno-deprecated-declarations -O3 -DNDEBUG  -DNDEBUG -std=gnu++11 -fPIC -MD -MT modules/imgcodecs/CMakeFiles/opencv_imgcodecs.dir/src/exif.cpp.o -MF modules/imgcodecs/CMakeFiles/opencv_imgcodecs.dir/src/exif.cpp.o.d -o modules/imgcodecs/CMakeFiles/opencv_imgcodecs.dir/src/exif.cpp.o -c /home/uilian/.conan2/p/b/openc0f1bf19f37050/b/src/modules/imgcodecs/src/exif.cpp
[233/411] /usr/bin/g++-13 -DCVAPI_EXPORTS -D_USE_MATH_DEFINES -D__OPENCV_BUILD=1 -D__STDC_CONSTANT_MACROS -D__STDC_FORMAT_MACROS -D__STDC_LIMIT_MACROS -I/home/uilian/.conan2/p/b/openc0f1bf19f37050/b/src/modules/videoio/include -I/home/uilian/.conan2/p/b/openc0f1bf19f37050/b/build/Release/modules/videoio -I/home/uilian/.conan2/p/b/openc0f1bf19f37050/b/src/modules/core/include -I/home/uilian/.conan2/p/b/openc0f1bf19f37050/b/src/modules/imgproc/include -I/home/uilian/.conan2/p/b/openc0f1bf19f37050/b/src/modules/imgcodecs/include -isystem /home/uilian/.conan2/p/b/openc0f1bf19f37050/b/build/Release -isystem /home/uilian/.conan2/p/eigen5481853932f72/p/include/eigen3 -m64   -fsigned-char -W -Wall -Wreturn-type -Wnon-virtual-dtor -Waddress -Wsequence-point -Wformat -Wformat-security -Wmissing-declarations -Wundef -Winit-self -Wpointer-arith -Wshadow -Wsign-promo -Wuninitialized -Wsuggest-override -Wno-delete-non-virtual-dtor -Wno-comment -Wimplicit-fallthrough=3 -Wno-strict-overflow -fdiagnostics-show-option -Wno-long-long -pthread -fomit-frame-pointer -ffunction-sections -fdata-sections  -msse -msse2 -msse3 -fvisibility=hidden -fvisibility-inlines-hidden -Wno-deprecated-declarations -O3 -DNDEBUG  -DNDEBUG -std=gnu++11 -fPIC -MD -MT modules/videoio/CMakeFiles/opencv_videoio.dir/src/videoio_c.cpp.o -MF modules/videoio/CMakeFiles/opencv_videoio.dir/src/videoio_c.cpp.o.d -o modules/videoio/CMakeFiles/opencv_videoio.dir/src/videoio_c.cpp.o -c /home/uilian/.conan2/p/b/openc0f1bf19f37050/b/src/modules/videoio/src/videoio_c.cpp
[234/411] /usr/bin/g++-13 -DCVAPI_EXPORTS -D_USE_MATH_DEFINES -D__OPENCV_BUILD=1 -D__STDC_CONSTANT_MACROS -D__STDC_FORMAT_MACROS -D__STDC_LIMIT_MACROS -I/home/uilian/.conan2/p/b/openc0f1bf19f37050/b/src/modules/videoio/include -I/home/uilian/.conan2/p/b/openc0f1bf19f37050/b/build/Release/modules/videoio -I/home/uilian/.conan2/p/b/openc0f1bf19f37050/b/src/modules/core/include -I/home/uilian/.conan2/p/b/openc0f1bf19f37050/b/src/modules/imgproc/include -I/home/uilian/.conan2/p/b/openc0f1bf19f37050/b/src/modules/imgcodecs/include -isystem /home/uilian/.conan2/p/b/openc0f1bf19f37050/b/build/Release -isystem /home/uilian/.conan2/p/eigen5481853932f72/p/include/eigen3 -m64   -fsigned-char -W -Wall -Wreturn-type -Wnon-virtual-dtor -Waddress -Wsequence-point -Wformat -Wformat-security -Wmissing-declarations -Wundef -Winit-self -Wpointer-arith -Wshadow -Wsign-promo -Wuninitialized -Wsuggest-override -Wno-delete-non-virtual-dtor -Wno-comment -Wimplicit-fallthrough=3 -Wno-strict-overflow -fdiagnostics-show-option -Wno-long-long -pthread -fomit-frame-pointer -ffunction-sections -fdata-sections  -msse -msse2 -msse3 -fvisibility=hidden -fvisibility-inlines-hidden -Wno-deprecated-declarations -O3 -DNDEBUG  -DNDEBUG -std=gnu++11 -fPIC -MD -MT modules/videoio/CMakeFiles/opencv_videoio.dir/src/cap.cpp.o -MF modules/videoio/CMakeFiles/opencv_videoio.dir/src/cap.cpp.o.d -o modules/videoio/CMakeFiles/opencv_videoio.dir/src/cap.cpp.o -c /home/uilian/.conan2/p/b/openc0f1bf19f37050/b/src/modules/videoio/src/cap.cpp
[235/411] : && /usr/bin/g++-13 -fPIC -m64   -fsigned-char -W -Wall -Wreturn-type -Wnon-virtual-dtor -Waddress -Wsequence-point -Wformat -Wformat-security -Wmissing-declarations -Wundef -Winit-self -Wpointer-arith -Wshadow -Wsign-promo -Wuninitialized -Wsuggest-override -Wno-delete-non-virtual-dtor -Wno-comment -Wimplicit-fallthrough=3 -Wno-strict-overflow -fdiagnostics-show-option -Wno-long-long -pthread -fomit-frame-pointer -ffunction-sections -fdata-sections  -msse -msse2 -msse3 -fvisibility=hidden -fvisibility-inlines-hidden -O3 -DNDEBUG  -DNDEBUG  -m64  -Wl,--gc-sections -Wl,--as-needed -Wl,--no-undefined -shared -Wl,-soname,libopencv_ml.so.3.4 -o lib/libopencv_ml.so.3.4.20 modules/ml/CMakeFiles/opencv_ml.dir/src/ann_mlp.cpp.o modules/ml/CMakeFiles/opencv_ml.dir/src/boost.cpp.o modules/ml/CMakeFiles/opencv_ml.dir/src/data.cpp.o modules/ml/CMakeFiles/opencv_ml.dir/src/em.cpp.o modules/ml/CMakeFiles/opencv_ml.dir/src/gbt.cpp.o modules/ml/CMakeFiles/opencv_ml.dir/src/inner_functions.cpp.o modules/ml/CMakeFiles/opencv_ml.dir/src/kdtree.cpp.o modules/ml/CMakeFiles/opencv_ml.dir/src/knearest.cpp.o modules/ml/CMakeFiles/opencv_ml.dir/src/lr.cpp.o modules/ml/CMakeFiles/opencv_ml.dir/src/nbayes.cpp.o modules/ml/CMakeFiles/opencv_ml.dir/src/rtrees.cpp.o modules/ml/CMakeFiles/opencv_ml.dir/src/svm.cpp.o modules/ml/CMakeFiles/opencv_ml.dir/src/svmsgd.cpp.o modules/ml/CMakeFiles/opencv_ml.dir/src/testset.cpp.o modules/ml/CMakeFiles/opencv_ml.dir/src/tree.cpp.o  -Wl,-rpath,/home/uilian/.conan2/p/b/openc0f1bf19f37050/b/build/Release/lib:  lib/libopencv_core.so.3.4.20  -ldl  -lm  -lpthread  -lrt  -lm && :
[236/411] /opt/pyenv/versions/3.12.4/lib/python3.12/site-packages/cmake/data/bin/cmake -E cmake_symlink_library lib/libopencv_ml.so.3.4.20  lib/libopencv_ml.so.3.4 lib/libopencv_ml.so && :
[237/411] /usr/bin/g++-13 -DCVAPI_EXPORTS -D_USE_MATH_DEFINES -D__OPENCV_BUILD=1 -D__STDC_CONSTANT_MACROS -D__STDC_FORMAT_MACROS -D__STDC_LIMIT_MACROS -I/home/uilian/.conan2/p/b/openc0f1bf19f37050/b/src/modules/videoio/include -I/home/uilian/.conan2/p/b/openc0f1bf19f37050/b/build/Release/modules/videoio -I/home/uilian/.conan2/p/b/openc0f1bf19f37050/b/src/modules/core/include -I/home/uilian/.conan2/p/b/openc0f1bf19f37050/b/src/modules/imgproc/include -I/home/uilian/.conan2/p/b/openc0f1bf19f37050/b/src/modules/imgcodecs/include -isystem /home/uilian/.conan2/p/b/openc0f1bf19f37050/b/build/Release -isystem /home/uilian/.conan2/p/eigen5481853932f72/p/include/eigen3 -m64   -fsigned-char -W -Wall -Wreturn-type -Wnon-virtual-dtor -Waddress -Wsequence-point -Wformat -Wformat-security -Wmissing-declarations -Wundef -Winit-self -Wpointer-arith -Wshadow -Wsign-promo -Wuninitialized -Wsuggest-override -Wno-delete-non-virtual-dtor -Wno-comment -Wimplicit-fallthrough=3 -Wno-strict-overflow -fdiagnostics-show-option -Wno-long-long -pthread -fomit-frame-pointer -ffunction-sections -fdata-sections  -msse -msse2 -msse3 -fvisibility=hidden -fvisibility-inlines-hidden -Wno-deprecated-declarations -O3 -DNDEBUG  -DNDEBUG -std=gnu++11 -fPIC -MD -MT modules/videoio/CMakeFiles/opencv_videoio.dir/src/cap_images.cpp.o -MF modules/videoio/CMakeFiles/opencv_videoio.dir/src/cap_images.cpp.o.d -o modules/videoio/CMakeFiles/opencv_videoio.dir/src/cap_images.cpp.o -c /home/uilian/.conan2/p/b/openc0f1bf19f37050/b/src/modules/videoio/src/cap_images.cpp
[238/411] /usr/bin/g++-13 -DCVAPI_EXPORTS -D_USE_MATH_DEFINES -D__OPENCV_BUILD=1 -D__STDC_CONSTANT_MACROS -D__STDC_FORMAT_MACROS -D__STDC_LIMIT_MACROS -I/home/uilian/.conan2/p/b/openc0f1bf19f37050/b/src/modules/videoio/include -I/home/uilian/.conan2/p/b/openc0f1bf19f37050/b/build/Release/modules/videoio -I/home/uilian/.conan2/p/b/openc0f1bf19f37050/b/src/modules/core/include -I/home/uilian/.conan2/p/b/openc0f1bf19f37050/b/src/modules/imgproc/include -I/home/uilian/.conan2/p/b/openc0f1bf19f37050/b/src/modules/imgcodecs/include -isystem /home/uilian/.conan2/p/b/openc0f1bf19f37050/b/build/Release -isystem /home/uilian/.conan2/p/eigen5481853932f72/p/include/eigen3 -m64   -fsigned-char -W -Wall -Wreturn-type -Wnon-virtual-dtor -Waddress -Wsequence-point -Wformat -Wformat-security -Wmissing-declarations -Wundef -Winit-self -Wpointer-arith -Wshadow -Wsign-promo -Wuninitialized -Wsuggest-override -Wno-delete-non-virtual-dtor -Wno-comment -Wimplicit-fallthrough=3 -Wno-strict-overflow -fdiagnostics-show-option -Wno-long-long -pthread -fomit-frame-pointer -ffunction-sections -fdata-sections  -msse -msse2 -msse3 -fvisibility=hidden -fvisibility-inlines-hidden -Wno-deprecated-declarations -O3 -DNDEBUG  -DNDEBUG -std=gnu++11 -fPIC -MD -MT modules/videoio/CMakeFiles/opencv_videoio.dir/src/videoio_registry.cpp.o -MF modules/videoio/CMakeFiles/opencv_videoio.dir/src/videoio_registry.cpp.o.d -o modules/videoio/CMakeFiles/opencv_videoio.dir/src/videoio_registry.cpp.o -c /home/uilian/.conan2/p/b/openc0f1bf19f37050/b/src/modules/videoio/src/videoio_registry.cpp
[239/411] /usr/bin/g++-13 -DCVAPI_EXPORTS -D_USE_MATH_DEFINES -D__OPENCV_BUILD=1 -D__STDC_CONSTANT_MACROS -D__STDC_FORMAT_MACROS -D__STDC_LIMIT_MACROS -I/home/uilian/.conan2/p/b/openc0f1bf19f37050/b/src/modules/videoio/include -I/home/uilian/.conan2/p/b/openc0f1bf19f37050/b/build/Release/modules/videoio -I/home/uilian/.conan2/p/b/openc0f1bf19f37050/b/src/modules/core/include -I/home/uilian/.conan2/p/b/openc0f1bf19f37050/b/src/modules/imgproc/include -I/home/uilian/.conan2/p/b/openc0f1bf19f37050/b/src/modules/imgcodecs/include -isystem /home/uilian/.conan2/p/b/openc0f1bf19f37050/b/build/Release -isystem /home/uilian/.conan2/p/eigen5481853932f72/p/include/eigen3 -m64   -fsigned-char -W -Wall -Wreturn-type -Wnon-virtual-dtor -Waddress -Wsequence-point -Wformat -Wformat-security -Wmissing-declarations -Wundef -Winit-self -Wpointer-arith -Wshadow -Wsign-promo -Wuninitialized -Wsuggest-override -Wno-delete-non-virtual-dtor -Wno-comment -Wimplicit-fallthrough=3 -Wno-strict-overflow -fdiagnostics-show-option -Wno-long-long -pthread -fomit-frame-pointer -ffunction-sections -fdata-sections  -msse -msse2 -msse3 -fvisibility=hidden -fvisibility-inlines-hidden -Wno-deprecated-declarations -O3 -DNDEBUG  -DNDEBUG -std=gnu++11 -fPIC -MD -MT modules/videoio/CMakeFiles/opencv_videoio.dir/src/container_avi.cpp.o -MF modules/videoio/CMakeFiles/opencv_videoio.dir/src/container_avi.cpp.o.d -o modules/videoio/CMakeFiles/opencv_videoio.dir/src/container_avi.cpp.o -c /home/uilian/.conan2/p/b/openc0f1bf19f37050/b/src/modules/videoio/src/container_avi.cpp
[240/411] /usr/bin/g++-13 -DCVAPI_EXPORTS -DHAVE_WEBP -DOPENCV_IMGCODECS_USE_OPENEXR=1 -D_USE_MATH_DEFINES -D__OPENCV_BUILD=1 -D__STDC_CONSTANT_MACROS -D__STDC_FORMAT_MACROS -D__STDC_LIMIT_MACROS -I/home/uilian/.conan2/p/b/openc0f1bf19f37050/b/src/modules/imgcodecs/include -I/home/uilian/.conan2/p/b/openc0f1bf19f37050/b/build/Release/modules/imgcodecs -I/home/uilian/.conan2/p/b/openc0f1bf19f37050/b/src/modules/core/include -I/home/uilian/.conan2/p/b/openc0f1bf19f37050/b/src/modules/imgproc/include -isystem /home/uilian/.conan2/p/b/openc0f1bf19f37050/b/build/Release -isystem /home/uilian/.conan2/p/libjpb5908355e41b4/p/include -isystem /home/uilian/.conan2/p/libwe778f8edd7f804/p/include -isystem /home/uilian/.conan2/p/libpncab7454c8bbf2/p/include -isystem /home/uilian/.conan2/p/libti0bdd6311d1e48/p/include -isystem /home/uilian/.conan2/p/jaspe0369a423f6fd4/p/include -isystem /home/uilian/.conan2/p/zlib9e81e3baaa894/p/include -isystem /home/uilian/.conan2/p/eigen5481853932f72/p/include/eigen3 -isystem /home/uilian/.conan2/p/opene37f9e3c51d6af/p/include -isystem /home/uilian/.conan2/p/opene37f9e3c51d6af/p/include/OpenEXR -m64   -fsigned-char -W -Wall -Wreturn-type -Wnon-virtual-dtor -Waddress -Wsequence-point -Wformat -Wformat-security -Wmissing-declarations -Wundef -Winit-self -Wpointer-arith -Wshadow -Wsign-promo -Wuninitialized -Wsuggest-override -Wno-delete-non-virtual-dtor -Wno-comment -Wimplicit-fallthrough=3 -Wno-strict-overflow -fdiagnostics-show-option -Wno-long-long -pthread -fomit-frame-pointer -ffunction-sections -fdata-sections  -msse -msse2 -msse3 -fvisibility=hidden -fvisibility-inlines-hidden -Wno-deprecated-declarations -O3 -DNDEBUG  -DNDEBUG -std=gnu++11 -fPIC -MD -MT modules/imgcodecs/CMakeFiles/opencv_imgcodecs.dir/src/grfmt_tiff.cpp.o -MF modules/imgcodecs/CMakeFiles/opencv_imgcodecs.dir/src/grfmt_tiff.cpp.o.d -o modules/imgcodecs/CMakeFiles/opencv_imgcodecs.dir/src/grfmt_tiff.cpp.o -c /home/uilian/.conan2/p/b/openc0f1bf19f37050/b/src/modules/imgcodecs/src/grfmt_tiff.cpp
[241/411] /usr/bin/g++-13 -DCVAPI_EXPORTS -D_USE_MATH_DEFINES -D__OPENCV_BUILD=1 -D__STDC_CONSTANT_MACROS -D__STDC_FORMAT_MACROS -D__STDC_LIMIT_MACROS -I/home/uilian/.conan2/p/b/openc0f1bf19f37050/b/src/modules/videoio/include -I/home/uilian/.conan2/p/b/openc0f1bf19f37050/b/build/Release/modules/videoio -I/home/uilian/.conan2/p/b/openc0f1bf19f37050/b/src/modules/core/include -I/home/uilian/.conan2/p/b/openc0f1bf19f37050/b/src/modules/imgproc/include -I/home/uilian/.conan2/p/b/openc0f1bf19f37050/b/src/modules/imgcodecs/include -isystem /home/uilian/.conan2/p/b/openc0f1bf19f37050/b/build/Release -isystem /home/uilian/.conan2/p/eigen5481853932f72/p/include/eigen3 -m64   -fsigned-char -W -Wall -Wreturn-type -Wnon-virtual-dtor -Waddress -Wsequence-point -Wformat -Wformat-security -Wmissing-declarations -Wundef -Winit-self -Wpointer-arith -Wshadow -Wsign-promo -Wuninitialized -Wsuggest-override -Wno-delete-non-virtual-dtor -Wno-comment -Wimplicit-fallthrough=3 -Wno-strict-overflow -fdiagnostics-show-option -Wno-long-long -pthread -fomit-frame-pointer -ffunction-sections -fdata-sections  -msse -msse2 -msse3 -fvisibility=hidden -fvisibility-inlines-hidden -Wno-deprecated-declarations -O3 -DNDEBUG  -DNDEBUG -std=gnu++11 -fPIC -MD -MT modules/videoio/CMakeFiles/opencv_videoio.dir/src/cap_mjpeg_decoder.cpp.o -MF modules/videoio/CMakeFiles/opencv_videoio.dir/src/cap_mjpeg_decoder.cpp.o.d -o modules/videoio/CMakeFiles/opencv_videoio.dir/src/cap_mjpeg_decoder.cpp.o -c /home/uilian/.conan2/p/b/openc0f1bf19f37050/b/src/modules/videoio/src/cap_mjpeg_decoder.cpp
[242/411] /usr/bin/g++-13 -DCVAPI_EXPORTS -DHAVE_WEBP -D_USE_MATH_DEFINES -D__OPENCV_BUILD=1 -D__STDC_CONSTANT_MACROS -D__STDC_FORMAT_MACROS -D__STDC_LIMIT_MACROS -I/home/uilian/.conan2/p/b/openc0f1bf19f37050/b/src/modules/highgui/include -I/home/uilian/.conan2/p/b/openc0f1bf19f37050/b/build/Release/modules/highgui -I/home/uilian/.conan2/p/b/openc0f1bf19f37050/b/src/modules/core/include -I/home/uilian/.conan2/p/b/openc0f1bf19f37050/b/src/modules/imgproc/include -I/home/uilian/.conan2/p/b/openc0f1bf19f37050/b/src/modules/imgcodecs/include -I/home/uilian/.conan2/p/b/openc0f1bf19f37050/b/src/modules/videoio/include -isystem /home/uilian/.conan2/p/b/openc0f1bf19f37050/b/build/Release -isystem /home/uilian/.conan2/p/gtkc09b36a814080/p/include -isystem /home/uilian/.conan2/p/gtkc09b36a814080/p/include/gtk-3.0 -isystem /home/uilian/.conan2/p/pangocadd01961d6f8/p/include/pango-1.0 -isystem /home/uilian/.conan2/p/harfb366866eafc5c5/p/include -isystem /home/uilian/.conan2/p/harfb366866eafc5c5/p/include/harfbuzz -isystem /home/uilian/.conan2/p/libxf910e3a976c60f/p/include -isystem /home/uilian/.conan2/p/xorg-cf70c104cb418/p/include -isystem /home/uilian/.conan2/p/xorg-cf70c104cb418/p/include/X11 -isystem /home/uilian/.conan2/p/b/gdk-p2bd5b592f3c23/p/include/gdk-pixbuf-2.0 -isystem /home/uilian/.conan2/p/libti0bdd6311d1e48/p/include -isystem /home/uilian/.conan2/p/libjpb5908355e41b4/p/include -isystem /home/uilian/.conan2/p/cairoc30a702424225/p/include -isystem /home/uilian/.conan2/p/cairoc30a702424225/p/include/cairo -isystem /home/uilian/.conan2/p/lzo2bea6105b1d70/p/include -isystem /home/uilian/.conan2/p/lzo2bea6105b1d70/p/include/lzo -isystem /home/uilian/.conan2/p/fontc9bd5dee5fadc9/p/include -isystem /home/uilian/.conan2/p/freet1016e2088a12b/p/include -isystem /home/uilian/.conan2/p/freet1016e2088a12b/p/include/freetype2 -isystem /home/uilian/.conan2/p/brotl4f1743d324bc8/p/include -isystem /home/uilian/.conan2/p/libpncab7454c8bbf2/p/include -isystem /home/uilian/.conan2/p/pixma2d559370e5b62/p/include -isystem /home/uilian/.conan2/p/pixma2d559370e5b62/p/include/pixman-1 -isystem /home/uilian/.conan2/p/fribib5dd6a2de1b19/p/include -isystem /home/uilian/.conan2/p/fribib5dd6a2de1b19/p/include/fribidi -isystem /home/uilian/.conan2/p/libep3c753f2534568/p/include -isystem /home/uilian/.conan2/p/glibf5cc7ccee5cfd/p/include -isystem /home/uilian/.conan2/p/elfutab214d4443f10/p/include -isystem /home/uilian/.conan2/p/xz_ut04ba5b46149b8/p/include -isystem /home/uilian/.conan2/p/zstdfe637538bff92/p/include -isystem /home/uilian/.conan2/p/glibf5cc7ccee5cfd/p/include/gio-unix-2.0 -isystem /home/uilian/.conan2/p/libmo1a45c23bdde07/p/include -isystem /home/uilian/.conan2/p/libmo1a45c23bdde07/p/include/libmount -isystem /home/uilian/.conan2/p/libse3fdbfafa19363/p/include -isystem /home/uilian/.conan2/p/at-sp983b709a54b3e/p/include -isystem /home/uilian/.conan2/p/at-sp983b709a54b3e/p/include/at-spi2-atk/2.0 -isystem /home/uilian/.conan2/p/at-sp983b709a54b3e/p/include/at-spi-2.0 -isystem /home/uilian/.conan2/p/dbus889d1b8925a08/p/include -isystem /home/uilian/.conan2/p/dbus889d1b8925a08/p/include/dbus-1.0 -isystem /home/uilian/.conan2/p/dbus889d1b8925a08/p/lib/dbus-1.0/include -isystem /home/uilian/.conan2/p/expat0fea1434bc0f8/p/include -isystem /home/uilian/.conan2/p/at-sp983b709a54b3e/p/include/atk-1.0 -isystem /home/uilian/.conan2/p/libff8a671ff2f8cf6/p/include -isystem /home/uilian/.conan2/p/glibf5cc7ccee5cfd/p/include/glib-2.0 -isystem /home/uilian/.conan2/p/glibf5cc7ccee5cfd/p/lib/glib-2.0/include -isystem /home/uilian/.conan2/p/pcre256bb025014eef/p/include -isystem /home/uilian/.conan2/p/zlib9e81e3baaa894/p/include -isystem /home/uilian/.conan2/p/bzip2fb3260e7b2ab3/p/include -isystem /home/uilian/.conan2/p/eigen5481853932f72/p/include/eigen3 -m64   -fsigned-char -W -Wall -Wreturn-type -Wnon-virtual-dtor -Waddress -Wsequence-point -Wformat -Wformat-security -Wmissing-declarations -Wundef -Winit-self -Wpointer-arith -Wshadow -Wsign-promo -Wuninitialized -Wsuggest-override -Wno-delete-non-virtual-dtor -Wno-comment -Wimplicit-fallthrough=3 -Wno-strict-overflow -fdiagnostics-show-option -Wno-long-long -pthread -fomit-frame-pointer -ffunction-sections -fdata-sections  -msse -msse2 -msse3 -fvisibility=hidden -fvisibility-inlines-hidden -Wno-deprecated-declarations -O3 -DNDEBUG  -DNDEBUG -std=gnu++11 -fPIC -MD -MT modules/highgui/CMakeFiles/opencv_highgui.dir/src/window.cpp.o -MF modules/highgui/CMakeFiles/opencv_highgui.dir/src/window.cpp.o.d -o modules/highgui/CMakeFiles/opencv_highgui.dir/src/window.cpp.o -c /home/uilian/.conan2/p/b/openc0f1bf19f37050/b/src/modules/highgui/src/window.cpp
[243/411] /usr/bin/g++-13 -DCVAPI_EXPORTS -D_USE_MATH_DEFINES -D__OPENCV_BUILD=1 -D__STDC_CONSTANT_MACROS -D__STDC_FORMAT_MACROS -D__STDC_LIMIT_MACROS -I/home/uilian/.conan2/p/b/openc0f1bf19f37050/b/src/modules/videoio/include -I/home/uilian/.conan2/p/b/openc0f1bf19f37050/b/build/Release/modules/videoio -I/home/uilian/.conan2/p/b/openc0f1bf19f37050/b/src/modules/core/include -I/home/uilian/.conan2/p/b/openc0f1bf19f37050/b/src/modules/imgproc/include -I/home/uilian/.conan2/p/b/openc0f1bf19f37050/b/src/modules/imgcodecs/include -isystem /home/uilian/.conan2/p/b/openc0f1bf19f37050/b/build/Release -isystem /home/uilian/.conan2/p/eigen5481853932f72/p/include/eigen3 -m64   -fsigned-char -W -Wall -Wreturn-type -Wnon-virtual-dtor -Waddress -Wsequence-point -Wformat -Wformat-security -Wmissing-declarations -Wundef -Winit-self -Wpointer-arith -Wshadow -Wsign-promo -Wuninitialized -Wsuggest-override -Wno-delete-non-virtual-dtor -Wno-comment -Wimplicit-fallthrough=3 -Wno-strict-overflow -fdiagnostics-show-option -Wno-long-long -pthread -fomit-frame-pointer -ffunction-sections -fdata-sections  -msse -msse2 -msse3 -fvisibility=hidden -fvisibility-inlines-hidden -Wno-deprecated-declarations -O3 -DNDEBUG  -DNDEBUG -std=gnu++11 -fPIC -MD -MT modules/videoio/CMakeFiles/opencv_videoio.dir/src/cap_mjpeg_encoder.cpp.o -MF modules/videoio/CMakeFiles/opencv_videoio.dir/src/cap_mjpeg_encoder.cpp.o.d -o modules/videoio/CMakeFiles/opencv_videoio.dir/src/cap_mjpeg_encoder.cpp.o -c /home/uilian/.conan2/p/b/openc0f1bf19f37050/b/src/modules/videoio/src/cap_mjpeg_encoder.cpp
[244/411] /usr/bin/g++-13 -DCVAPI_EXPORTS -DHAVE_WEBP -D_USE_MATH_DEFINES -D__OPENCV_BUILD=1 -D__STDC_CONSTANT_MACROS -D__STDC_FORMAT_MACROS -D__STDC_LIMIT_MACROS -I/home/uilian/.conan2/p/b/openc0f1bf19f37050/b/src/modules/highgui/include -I/home/uilian/.conan2/p/b/openc0f1bf19f37050/b/build/Release/modules/highgui -I/home/uilian/.conan2/p/b/openc0f1bf19f37050/b/src/modules/core/include -I/home/uilian/.conan2/p/b/openc0f1bf19f37050/b/src/modules/imgproc/include -I/home/uilian/.conan2/p/b/openc0f1bf19f37050/b/src/modules/imgcodecs/include -I/home/uilian/.conan2/p/b/openc0f1bf19f37050/b/src/modules/videoio/include -isystem /home/uilian/.conan2/p/b/openc0f1bf19f37050/b/build/Release -isystem /home/uilian/.conan2/p/gtkc09b36a814080/p/include -isystem /home/uilian/.conan2/p/gtkc09b36a814080/p/include/gtk-3.0 -isystem /home/uilian/.conan2/p/pangocadd01961d6f8/p/include/pango-1.0 -isystem /home/uilian/.conan2/p/harfb366866eafc5c5/p/include -isystem /home/uilian/.conan2/p/harfb366866eafc5c5/p/include/harfbuzz -isystem /home/uilian/.conan2/p/libxf910e3a976c60f/p/include -isystem /home/uilian/.conan2/p/xorg-cf70c104cb418/p/include -isystem /home/uilian/.conan2/p/xorg-cf70c104cb418/p/include/X11 -isystem /home/uilian/.conan2/p/b/gdk-p2bd5b592f3c23/p/include/gdk-pixbuf-2.0 -isystem /home/uilian/.conan2/p/libti0bdd6311d1e48/p/include -isystem /home/uilian/.conan2/p/libjpb5908355e41b4/p/include -isystem /home/uilian/.conan2/p/cairoc30a702424225/p/include -isystem /home/uilian/.conan2/p/cairoc30a702424225/p/include/cairo -isystem /home/uilian/.conan2/p/lzo2bea6105b1d70/p/include -isystem /home/uilian/.conan2/p/lzo2bea6105b1d70/p/include/lzo -isystem /home/uilian/.conan2/p/fontc9bd5dee5fadc9/p/include -isystem /home/uilian/.conan2/p/freet1016e2088a12b/p/include -isystem /home/uilian/.conan2/p/freet1016e2088a12b/p/include/freetype2 -isystem /home/uilian/.conan2/p/brotl4f1743d324bc8/p/include -isystem /home/uilian/.conan2/p/libpncab7454c8bbf2/p/include -isystem /home/uilian/.conan2/p/pixma2d559370e5b62/p/include -isystem /home/uilian/.conan2/p/pixma2d559370e5b62/p/include/pixman-1 -isystem /home/uilian/.conan2/p/fribib5dd6a2de1b19/p/include -isystem /home/uilian/.conan2/p/fribib5dd6a2de1b19/p/include/fribidi -isystem /home/uilian/.conan2/p/libep3c753f2534568/p/include -isystem /home/uilian/.conan2/p/glibf5cc7ccee5cfd/p/include -isystem /home/uilian/.conan2/p/elfutab214d4443f10/p/include -isystem /home/uilian/.conan2/p/xz_ut04ba5b46149b8/p/include -isystem /home/uilian/.conan2/p/zstdfe637538bff92/p/include -isystem /home/uilian/.conan2/p/glibf5cc7ccee5cfd/p/include/gio-unix-2.0 -isystem /home/uilian/.conan2/p/libmo1a45c23bdde07/p/include -isystem /home/uilian/.conan2/p/libmo1a45c23bdde07/p/include/libmount -isystem /home/uilian/.conan2/p/libse3fdbfafa19363/p/include -isystem /home/uilian/.conan2/p/at-sp983b709a54b3e/p/include -isystem /home/uilian/.conan2/p/at-sp983b709a54b3e/p/include/at-spi2-atk/2.0 -isystem /home/uilian/.conan2/p/at-sp983b709a54b3e/p/include/at-spi-2.0 -isystem /home/uilian/.conan2/p/dbus889d1b8925a08/p/include -isystem /home/uilian/.conan2/p/dbus889d1b8925a08/p/include/dbus-1.0 -isystem /home/uilian/.conan2/p/dbus889d1b8925a08/p/lib/dbus-1.0/include -isystem /home/uilian/.conan2/p/expat0fea1434bc0f8/p/include -isystem /home/uilian/.conan2/p/at-sp983b709a54b3e/p/include/atk-1.0 -isystem /home/uilian/.conan2/p/libff8a671ff2f8cf6/p/include -isystem /home/uilian/.conan2/p/glibf5cc7ccee5cfd/p/include/glib-2.0 -isystem /home/uilian/.conan2/p/glibf5cc7ccee5cfd/p/lib/glib-2.0/include -isystem /home/uilian/.conan2/p/pcre256bb025014eef/p/include -isystem /home/uilian/.conan2/p/zlib9e81e3baaa894/p/include -isystem /home/uilian/.conan2/p/bzip2fb3260e7b2ab3/p/include -isystem /home/uilian/.conan2/p/eigen5481853932f72/p/include/eigen3 -m64   -fsigned-char -W -Wall -Wreturn-type -Wnon-virtual-dtor -Waddress -Wsequence-point -Wformat -Wformat-security -Wmissing-declarations -Wundef -Winit-self -Wpointer-arith -Wshadow -Wsign-promo -Wuninitialized -Wsuggest-override -Wno-delete-non-virtual-dtor -Wno-comment -Wimplicit-fallthrough=3 -Wno-strict-overflow -fdiagnostics-show-option -Wno-long-long -pthread -fomit-frame-pointer -ffunction-sections -fdata-sections  -msse -msse2 -msse3 -fvisibility=hidden -fvisibility-inlines-hidden -Wno-deprecated-declarations -O3 -DNDEBUG  -DNDEBUG -std=gnu++11 -fPIC -MD -MT modules/highgui/CMakeFiles/opencv_highgui.dir/src/roiSelector.cpp.o -MF modules/highgui/CMakeFiles/opencv_highgui.dir/src/roiSelector.cpp.o.d -o modules/highgui/CMakeFiles/opencv_highgui.dir/src/roiSelector.cpp.o -c /home/uilian/.conan2/p/b/openc0f1bf19f37050/b/src/modules/highgui/src/roiSelector.cpp
[245/411] /usr/bin/g++-13 -DCVAPI_EXPORTS -D_USE_MATH_DEFINES -D__OPENCV_BUILD=1 -D__STDC_CONSTANT_MACROS -D__STDC_FORMAT_MACROS -D__STDC_LIMIT_MACROS -DCV_CPU_COMPILE_AVX2=1 -DCV_CPU_COMPILE_AVX=1 -DCV_CPU_COMPILE_FMA3=1 -DCV_CPU_COMPILE_FP16=1 -DCV_CPU_COMPILE_POPCNT=1 -DCV_CPU_COMPILE_SSE4_1=1 -DCV_CPU_COMPILE_SSE4_2=1 -DCV_CPU_COMPILE_SSSE3=1 -DCV_CPU_DISPATCH_MODE=AVX2 -I/home/uilian/.conan2/p/b/openc0f1bf19f37050/b/src/modules/imgproc/include -I/home/uilian/.conan2/p/b/openc0f1bf19f37050/b/build/Release/modules/imgproc -I/home/uilian/.conan2/p/b/openc0f1bf19f37050/b/src/modules/core/include -isystem /home/uilian/.conan2/p/b/openc0f1bf19f37050/b/build/Release -isystem /home/uilian/.conan2/p/eigen5481853932f72/p/include/eigen3 -m64   -fsigned-char -W -Wall -Wreturn-type -Wnon-virtual-dtor -Waddress -Wsequence-point -Wformat -Wformat-security -Wmissing-declarations -Wundef -Winit-self -Wpointer-arith -Wshadow -Wsign-promo -Wuninitialized -Wsuggest-override -Wno-delete-non-virtual-dtor -Wno-comment -Wimplicit-fallthrough=3 -Wno-strict-overflow -fdiagnostics-show-option -Wno-long-long -pthread -fomit-frame-pointer -ffunction-sections -fdata-sections  -msse -msse2 -msse3 -fvisibility=hidden -fvisibility-inlines-hidden -O3 -DNDEBUG  -DNDEBUG -std=gnu++11 -fPIC  -mssse3 -msse4.1 -mpopcnt -msse4.2 -mf16c -mfma -mavx -mavx2 -MD -MT modules/imgproc/CMakeFiles/opencv_imgproc.dir/smooth.avx2.cpp.o -MF modules/imgproc/CMakeFiles/opencv_imgproc.dir/smooth.avx2.cpp.o.d -o modules/imgproc/CMakeFiles/opencv_imgproc.dir/smooth.avx2.cpp.o -c /home/uilian/.conan2/p/b/openc0f1bf19f37050/b/build/Release/modules/imgproc/smooth.avx2.cpp
[246/411] /usr/bin/g++-13 -DCVAPI_EXPORTS -DHAVE_WEBP -D_USE_MATH_DEFINES -D__OPENCV_BUILD=1 -D__STDC_CONSTANT_MACROS -D__STDC_FORMAT_MACROS -D__STDC_LIMIT_MACROS -I/home/uilian/.conan2/p/b/openc0f1bf19f37050/b/src/modules/highgui/include -I/home/uilian/.conan2/p/b/openc0f1bf19f37050/b/build/Release/modules/highgui -I/home/uilian/.conan2/p/b/openc0f1bf19f37050/b/src/modules/core/include -I/home/uilian/.conan2/p/b/openc0f1bf19f37050/b/src/modules/imgproc/include -I/home/uilian/.conan2/p/b/openc0f1bf19f37050/b/src/modules/imgcodecs/include -I/home/uilian/.conan2/p/b/openc0f1bf19f37050/b/src/modules/videoio/include -isystem /home/uilian/.conan2/p/b/openc0f1bf19f37050/b/build/Release -isystem /home/uilian/.conan2/p/gtkc09b36a814080/p/include -isystem /home/uilian/.conan2/p/gtkc09b36a814080/p/include/gtk-3.0 -isystem /home/uilian/.conan2/p/pangocadd01961d6f8/p/include/pango-1.0 -isystem /home/uilian/.conan2/p/harfb366866eafc5c5/p/include -isystem /home/uilian/.conan2/p/harfb366866eafc5c5/p/include/harfbuzz -isystem /home/uilian/.conan2/p/libxf910e3a976c60f/p/include -isystem /home/uilian/.conan2/p/xorg-cf70c104cb418/p/include -isystem /home/uilian/.conan2/p/xorg-cf70c104cb418/p/include/X11 -isystem /home/uilian/.conan2/p/b/gdk-p2bd5b592f3c23/p/include/gdk-pixbuf-2.0 -isystem /home/uilian/.conan2/p/libti0bdd6311d1e48/p/include -isystem /home/uilian/.conan2/p/libjpb5908355e41b4/p/include -isystem /home/uilian/.conan2/p/cairoc30a702424225/p/include -isystem /home/uilian/.conan2/p/cairoc30a702424225/p/include/cairo -isystem /home/uilian/.conan2/p/lzo2bea6105b1d70/p/include -isystem /home/uilian/.conan2/p/lzo2bea6105b1d70/p/include/lzo -isystem /home/uilian/.conan2/p/fontc9bd5dee5fadc9/p/include -isystem /home/uilian/.conan2/p/freet1016e2088a12b/p/include -isystem /home/uilian/.conan2/p/freet1016e2088a12b/p/include/freetype2 -isystem /home/uilian/.conan2/p/brotl4f1743d324bc8/p/include -isystem /home/uilian/.conan2/p/libpncab7454c8bbf2/p/include -isystem /home/uilian/.conan2/p/pixma2d559370e5b62/p/include -isystem /home/uilian/.conan2/p/pixma2d559370e5b62/p/include/pixman-1 -isystem /home/uilian/.conan2/p/fribib5dd6a2de1b19/p/include -isystem /home/uilian/.conan2/p/fribib5dd6a2de1b19/p/include/fribidi -isystem /home/uilian/.conan2/p/libep3c753f2534568/p/include -isystem /home/uilian/.conan2/p/glibf5cc7ccee5cfd/p/include -isystem /home/uilian/.conan2/p/elfutab214d4443f10/p/include -isystem /home/uilian/.conan2/p/xz_ut04ba5b46149b8/p/include -isystem /home/uilian/.conan2/p/zstdfe637538bff92/p/include -isystem /home/uilian/.conan2/p/glibf5cc7ccee5cfd/p/include/gio-unix-2.0 -isystem /home/uilian/.conan2/p/libmo1a45c23bdde07/p/include -isystem /home/uilian/.conan2/p/libmo1a45c23bdde07/p/include/libmount -isystem /home/uilian/.conan2/p/libse3fdbfafa19363/p/include -isystem /home/uilian/.conan2/p/at-sp983b709a54b3e/p/include -isystem /home/uilian/.conan2/p/at-sp983b709a54b3e/p/include/at-spi2-atk/2.0 -isystem /home/uilian/.conan2/p/at-sp983b709a54b3e/p/include/at-spi-2.0 -isystem /home/uilian/.conan2/p/dbus889d1b8925a08/p/include -isystem /home/uilian/.conan2/p/dbus889d1b8925a08/p/include/dbus-1.0 -isystem /home/uilian/.conan2/p/dbus889d1b8925a08/p/lib/dbus-1.0/include -isystem /home/uilian/.conan2/p/expat0fea1434bc0f8/p/include -isystem /home/uilian/.conan2/p/at-sp983b709a54b3e/p/include/atk-1.0 -isystem /home/uilian/.conan2/p/libff8a671ff2f8cf6/p/include -isystem /home/uilian/.conan2/p/glibf5cc7ccee5cfd/p/include/glib-2.0 -isystem /home/uilian/.conan2/p/glibf5cc7ccee5cfd/p/lib/glib-2.0/include -isystem /home/uilian/.conan2/p/pcre256bb025014eef/p/include -isystem /home/uilian/.conan2/p/zlib9e81e3baaa894/p/include -isystem /home/uilian/.conan2/p/bzip2fb3260e7b2ab3/p/include -isystem /home/uilian/.conan2/p/eigen5481853932f72/p/include/eigen3 -m64   -fsigned-char -W -Wall -Wreturn-type -Wnon-virtual-dtor -Waddress -Wsequence-point -Wformat -Wformat-security -Wmissing-declarations -Wundef -Winit-self -Wpointer-arith -Wshadow -Wsign-promo -Wuninitialized -Wsuggest-override -Wno-delete-non-virtual-dtor -Wno-comment -Wimplicit-fallthrough=3 -Wno-strict-overflow -fdiagnostics-show-option -Wno-long-long -pthread -fomit-frame-pointer -ffunction-sections -fdata-sections  -msse -msse2 -msse3 -fvisibility=hidden -fvisibility-inlines-hidden -Wno-deprecated-declarations -O3 -DNDEBUG  -DNDEBUG -std=gnu++11 -fPIC -MD -MT modules/highgui/CMakeFiles/opencv_highgui.dir/src/window_gtk.cpp.o -MF modules/highgui/CMakeFiles/opencv_highgui.dir/src/window_gtk.cpp.o.d -o modules/highgui/CMakeFiles/opencv_highgui.dir/src/window_gtk.cpp.o -c /home/uilian/.conan2/p/b/openc0f1bf19f37050/b/src/modules/highgui/src/window_gtk.cpp
[247/411] : && /usr/bin/g++-13 -fPIC -m64   -fsigned-char -W -Wall -Wreturn-type -Wnon-virtual-dtor -Waddress -Wsequence-point -Wformat -Wformat-security -Wmissing-declarations -Wundef -Winit-self -Wpointer-arith -Wshadow -Wsign-promo -Wuninitialized -Wsuggest-override -Wno-delete-non-virtual-dtor -Wno-comment -Wimplicit-fallthrough=3 -Wno-strict-overflow -fdiagnostics-show-option -Wno-long-long -pthread -fomit-frame-pointer -ffunction-sections -fdata-sections  -msse -msse2 -msse3 -fvisibility=hidden -fvisibility-inlines-hidden -O3 -DNDEBUG  -DNDEBUG  -m64  -Wl,--gc-sections -Wl,--as-needed -Wl,--no-undefined -shared -Wl,-soname,libopencv_imgproc.so.3.4 -o lib/libopencv_imgproc.so.3.4.20 modules/imgproc/CMakeFiles/opencv_imgproc.dir/src/accum.cpp.o modules/imgproc/CMakeFiles/opencv_imgproc.dir/src/accum.dispatch.cpp.o modules/imgproc/CMakeFiles/opencv_imgproc.dir/src/approx.cpp.o modules/imgproc/CMakeFiles/opencv_imgproc.dir/src/bilateral_filter.dispatch.cpp.o modules/imgproc/CMakeFiles/opencv_imgproc.dir/src/blend.cpp.o modules/imgproc/CMakeFiles/opencv_imgproc.dir/src/box_filter.dispatch.cpp.o modules/imgproc/CMakeFiles/opencv_imgproc.dir/src/canny.cpp.o modules/imgproc/CMakeFiles/opencv_imgproc.dir/src/clahe.cpp.o modules/imgproc/CMakeFiles/opencv_imgproc.dir/src/color.cpp.o modules/imgproc/CMakeFiles/opencv_imgproc.dir/src/color_hsv.dispatch.cpp.o modules/imgproc/CMakeFiles/opencv_imgproc.dir/src/color_lab.cpp.o modules/imgproc/CMakeFiles/opencv_imgproc.dir/src/color_rgb.dispatch.cpp.o modules/imgproc/CMakeFiles/opencv_imgproc.dir/src/color_yuv.dispatch.cpp.o modules/imgproc/CMakeFiles/opencv_imgproc.dir/src/colormap.cpp.o modules/imgproc/CMakeFiles/opencv_imgproc.dir/src/connectedcomponents.cpp.o modules/imgproc/CMakeFiles/opencv_imgproc.dir/src/contours.cpp.o modules/imgproc/CMakeFiles/opencv_imgproc.dir/src/convhull.cpp.o modules/imgproc/CMakeFiles/opencv_imgproc.dir/src/corner.cpp.o modules/imgproc/CMakeFiles/opencv_imgproc.dir/src/cornersubpix.cpp.o modules/imgproc/CMakeFiles/opencv_imgproc.dir/src/demosaicing.cpp.o modules/imgproc/CMakeFiles/opencv_imgproc.dir/src/deriv.cpp.o modules/imgproc/CMakeFiles/opencv_imgproc.dir/src/distransform.cpp.o modules/imgproc/CMakeFiles/opencv_imgproc.dir/src/drawing.cpp.o modules/imgproc/CMakeFiles/opencv_imgproc.dir/src/emd.cpp.o modules/imgproc/CMakeFiles/opencv_imgproc.dir/src/featureselect.cpp.o modules/imgproc/CMakeFiles/opencv_imgproc.dir/src/filter.dispatch.cpp.o modules/imgproc/CMakeFiles/opencv_imgproc.dir/src/floodfill.cpp.o modules/imgproc/CMakeFiles/opencv_imgproc.dir/src/gabor.cpp.o modules/imgproc/CMakeFiles/opencv_imgproc.dir/src/generalized_hough.cpp.o modules/imgproc/CMakeFiles/opencv_imgproc.dir/src/geometry.cpp.o modules/imgproc/CMakeFiles/opencv_imgproc.dir/src/grabcut.cpp.o modules/imgproc/CMakeFiles/opencv_imgproc.dir/src/hershey_fonts.cpp.o modules/imgproc/CMakeFiles/opencv_imgproc.dir/src/histogram.cpp.o modules/imgproc/CMakeFiles/opencv_imgproc.dir/src/hough.cpp.o modules/imgproc/CMakeFiles/opencv_imgproc.dir/src/imgwarp.cpp.o modules/imgproc/CMakeFiles/opencv_imgproc.dir/src/intersection.cpp.o modules/imgproc/CMakeFiles/opencv_imgproc.dir/src/linefit.cpp.o modules/imgproc/CMakeFiles/opencv_imgproc.dir/src/lsd.cpp.o modules/imgproc/CMakeFiles/opencv_imgproc.dir/src/main.cpp.o modules/imgproc/CMakeFiles/opencv_imgproc.dir/src/matchcontours.cpp.o modules/imgproc/CMakeFiles/opencv_imgproc.dir/src/median_blur.dispatch.cpp.o modules/imgproc/CMakeFiles/opencv_imgproc.dir/src/min_enclosing_triangle.cpp.o modules/imgproc/CMakeFiles/opencv_imgproc.dir/src/moments.cpp.o modules/imgproc/CMakeFiles/opencv_imgproc.dir/src/morph.dispatch.cpp.o modules/imgproc/CMakeFiles/opencv_imgproc.dir/src/phasecorr.cpp.o modules/imgproc/CMakeFiles/opencv_imgproc.dir/src/pyramids.cpp.o modules/imgproc/CMakeFiles/opencv_imgproc.dir/src/resize.cpp.o modules/imgproc/CMakeFiles/opencv_imgproc.dir/src/rotcalipers.cpp.o modules/imgproc/CMakeFiles/opencv_imgproc.dir/src/samplers.cpp.o modules/imgproc/CMakeFiles/opencv_imgproc.dir/src/segmentation.cpp.o modules/imgproc/CMakeFiles/opencv_imgproc.dir/src/shapedescr.cpp.o modules/imgproc/CMakeFiles/opencv_imgproc.dir/src/smooth.dispatch.cpp.o modules/imgproc/CMakeFiles/opencv_imgproc.dir/src/spatialgradient.cpp.o modules/imgproc/CMakeFiles/opencv_imgproc.dir/src/subdivision2d.cpp.o modules/imgproc/CMakeFiles/opencv_imgproc.dir/src/sumpixels.dispatch.cpp.o modules/imgproc/CMakeFiles/opencv_imgproc.dir/src/tables.cpp.o modules/imgproc/CMakeFiles/opencv_imgproc.dir/src/templmatch.cpp.o modules/imgproc/CMakeFiles/opencv_imgproc.dir/src/thresh.cpp.o modules/imgproc/CMakeFiles/opencv_imgproc.dir/src/undistort.dispatch.cpp.o modules/imgproc/CMakeFiles/opencv_imgproc.dir/src/utils.cpp.o modules/imgproc/CMakeFiles/opencv_imgproc.dir/opencl_kernels_imgproc.cpp.o modules/imgproc/CMakeFiles/opencv_imgproc.dir/src/imgwarp.sse4_1.cpp.o modules/imgproc/CMakeFiles/opencv_imgproc.dir/src/resize.sse4_1.cpp.o modules/imgproc/CMakeFiles/opencv_imgproc.dir/accum.sse4_1.cpp.o modules/imgproc/CMakeFiles/opencv_imgproc.dir/box_filter.sse4_1.cpp.o modules/imgproc/CMakeFiles/opencv_imgproc.dir/filter.sse4_1.cpp.o modules/imgproc/CMakeFiles/opencv_imgproc.dir/color_hsv.sse4_1.cpp.o modules/imgproc/CMakeFiles/opencv_imgproc.dir/color_rgb.sse4_1.cpp.o modules/imgproc/CMakeFiles/opencv_imgproc.dir/color_yuv.sse4_1.cpp.o modules/imgproc/CMakeFiles/opencv_imgproc.dir/median_blur.sse4_1.cpp.o modules/imgproc/CMakeFiles/opencv_imgproc.dir/morph.sse4_1.cpp.o modules/imgproc/CMakeFiles/opencv_imgproc.dir/smooth.sse4_1.cpp.o modules/imgproc/CMakeFiles/opencv_imgproc.dir/src/corner.avx.cpp.o modules/imgproc/CMakeFiles/opencv_imgproc.dir/accum.avx.cpp.o modules/imgproc/CMakeFiles/opencv_imgproc.dir/src/imgwarp.avx2.cpp.o modules/imgproc/CMakeFiles/opencv_imgproc.dir/src/resize.avx2.cpp.o modules/imgproc/CMakeFiles/opencv_imgproc.dir/accum.avx2.cpp.o modules/imgproc/CMakeFiles/opencv_imgproc.dir/bilateral_filter.avx2.cpp.o modules/imgproc/CMakeFiles/opencv_imgproc.dir/box_filter.avx2.cpp.o modules/imgproc/CMakeFiles/opencv_imgproc.dir/filter.avx2.cpp.o modules/imgproc/CMakeFiles/opencv_imgproc.dir/color_hsv.avx2.cpp.o modules/imgproc/CMakeFiles/opencv_imgproc.dir/color_rgb.avx2.cpp.o modules/imgproc/CMakeFiles/opencv_imgproc.dir/color_yuv.avx2.cpp.o modules/imgproc/CMakeFiles/opencv_imgproc.dir/median_blur.avx2.cpp.o modules/imgproc/CMakeFiles/opencv_imgproc.dir/morph.avx2.cpp.o modules/imgproc/CMakeFiles/opencv_imgproc.dir/smooth.avx2.cpp.o modules/imgproc/CMakeFiles/opencv_imgproc.dir/sumpixels.avx2.cpp.o modules/imgproc/CMakeFiles/opencv_imgproc.dir/undistort.avx2.cpp.o modules/imgproc/CMakeFiles/opencv_imgproc.dir/sumpixels.avx512_skx.cpp.o  -Wl,-rpath,/home/uilian/.conan2/p/b/openc0f1bf19f37050/b/build/Release/lib:  lib/libopencv_core.so.3.4.20  -ldl  -lm  -lpthread  -lrt  -lm && :
[248/411] /opt/pyenv/versions/3.12.4/lib/python3.12/site-packages/cmake/data/bin/cmake -E cmake_symlink_library lib/libopencv_imgproc.so.3.4.20  lib/libopencv_imgproc.so.3.4 lib/libopencv_imgproc.so && :
[249/411] cd /home/uilian/.conan2/p/b/openc0f1bf19f37050/b/build/Release/modules/photo && /opt/pyenv/versions/3.12.4/lib/python3.12/site-packages/cmake/data/bin/cmake -DMODULE_NAME=photo -DCL_DIR=/home/uilian/.conan2/p/b/openc0f1bf19f37050/b/src/modules/photo/src/opencl -DOUTPUT=/home/uilian/.conan2/p/b/openc0f1bf19f37050/b/build/Release/modules/photo/opencl_kernels_photo.cpp -P /home/uilian/.conan2/p/b/openc0f1bf19f37050/b/src/cmake/cl2cpp.cmake
[250/411] cd /home/uilian/.conan2/p/b/openc0f1bf19f37050/b/build/Release/modules/features2d && /opt/pyenv/versions/3.12.4/lib/python3.12/site-packages/cmake/data/bin/cmake -DMODULE_NAME=features2d -DCL_DIR=/home/uilian/.conan2/p/b/openc0f1bf19f37050/b/src/modules/features2d/src/opencl -DOUTPUT=/home/uilian/.conan2/p/b/openc0f1bf19f37050/b/build/Release/modules/features2d/opencl_kernels_features2d.cpp -P /home/uilian/.conan2/p/b/openc0f1bf19f37050/b/src/cmake/cl2cpp.cmake
[251/411] cd /home/uilian/.conan2/p/b/openc0f1bf19f37050/b/build/Release/modules/video && /opt/pyenv/versions/3.12.4/lib/python3.12/site-packages/cmake/data/bin/cmake -DMODULE_NAME=video -DCL_DIR=/home/uilian/.conan2/p/b/openc0f1bf19f37050/b/src/modules/video/src/opencl -DOUTPUT=/home/uilian/.conan2/p/b/openc0f1bf19f37050/b/build/Release/modules/video/opencl_kernels_video.cpp -P /home/uilian/.conan2/p/b/openc0f1bf19f37050/b/src/cmake/cl2cpp.cmake
[252/411] : && /usr/bin/g++-13 -fPIC -m64   -fsigned-char -W -Wall -Wreturn-type -Wnon-virtual-dtor -Waddress -Wsequence-point -Wformat -Wformat-security -Wmissing-declarations -Wundef -Winit-self -Wpointer-arith -Wshadow -Wsign-promo -Wuninitialized -Wsuggest-override -Wno-delete-non-virtual-dtor -Wno-comment -Wimplicit-fallthrough=3 -Wno-strict-overflow -fdiagnostics-show-option -Wno-long-long -pthread -fomit-frame-pointer -ffunction-sections -fdata-sections  -msse -msse2 -msse3 -fvisibility=hidden -fvisibility-inlines-hidden -Wno-deprecated-declarations -O3 -DNDEBUG  -DNDEBUG  -m64  -Wl,--gc-sections -Wl,--as-needed -Wl,--no-undefined -shared -Wl,-soname,libopencv_imgcodecs.so.3.4 -o lib/libopencv_imgcodecs.so.3.4.20 modules/imgcodecs/CMakeFiles/opencv_imgcodecs.dir/src/loadsave.cpp.o modules/imgcodecs/CMakeFiles/opencv_imgcodecs.dir/src/utils.cpp.o modules/imgcodecs/CMakeFiles/opencv_imgcodecs.dir/src/grfmt_base.cpp.o modules/imgcodecs/CMakeFiles/opencv_imgcodecs.dir/src/grfmt_bmp.cpp.o modules/imgcodecs/CMakeFiles/opencv_imgcodecs.dir/src/grfmt_exr.cpp.o modules/imgcodecs/CMakeFiles/opencv_imgcodecs.dir/src/grfmt_gdal.cpp.o modules/imgcodecs/CMakeFiles/opencv_imgcodecs.dir/src/grfmt_gdcm.cpp.o modules/imgcodecs/CMakeFiles/opencv_imgcodecs.dir/src/grfmt_hdr.cpp.o modules/imgcodecs/CMakeFiles/opencv_imgcodecs.dir/src/grfmt_jpeg.cpp.o modules/imgcodecs/CMakeFiles/opencv_imgcodecs.dir/src/grfmt_jpeg2000.cpp.o modules/imgcodecs/CMakeFiles/opencv_imgcodecs.dir/src/grfmt_pam.cpp.o modules/imgcodecs/CMakeFiles/opencv_imgcodecs.dir/src/grfmt_png.cpp.o modules/imgcodecs/CMakeFiles/opencv_imgcodecs.dir/src/grfmt_pxm.cpp.o modules/imgcodecs/CMakeFiles/opencv_imgcodecs.dir/src/grfmt_sunras.cpp.o modules/imgcodecs/CMakeFiles/opencv_imgcodecs.dir/src/grfmt_tiff.cpp.o modules/imgcodecs/CMakeFiles/opencv_imgcodecs.dir/src/grfmt_webp.cpp.o modules/imgcodecs/CMakeFiles/opencv_imgcodecs.dir/src/bitstrm.cpp.o modules/imgcodecs/CMakeFiles/opencv_imgcodecs.dir/src/rgbe.cpp.o modules/imgcodecs/CMakeFiles/opencv_imgcodecs.dir/src/exif.cpp.o -L/home/uilian/.conan2/p/libjpb5908355e41b4/p/lib   -L/home/uilian/.conan2/p/libpncab7454c8bbf2/p/lib   -L/home/uilian/.conan2/p/zlib9e81e3baaa894/p/lib   -L/home/uilian/.conan2/p/libti0bdd6311d1e48/p/lib   -L/home/uilian/.conan2/p/xz_ut04ba5b46149b8/p/lib   -L/home/uilian/.conan2/p/jaspe0369a423f6fd4/p/lib   -L/home/uilian/.conan2/p/opene37f9e3c51d6af/p/lib -Wl,-rpath,/home/uilian/.conan2/p/libjpb5908355e41b4/p/lib:/home/uilian/.conan2/p/libpncab7454c8bbf2/p/lib:/home/uilian/.conan2/p/zlib9e81e3baaa894/p/lib:/home/uilian/.conan2/p/libti0bdd6311d1e48/p/lib:/home/uilian/.conan2/p/xz_ut04ba5b46149b8/p/lib:/home/uilian/.conan2/p/jaspe0369a423f6fd4/p/lib:/home/uilian/.conan2/p/opene37f9e3c51d6af/p/lib:/home/uilian/.conan2/p/b/openc0f1bf19f37050/b/build/Release/lib:/home/uilian/.conan2/p/libwe778f8edd7f804/p/lib:  lib/libopencv_imgproc.so.3.4.20  -ldl  -lm  -lpthread  -lrt  /home/uilian/.conan2/p/libwe778f8edd7f804/p/lib/libwebp.so  lib/libopencv_core.so.3.4.20  /home/uilian/.conan2/p/libpncab7454c8bbf2/p/lib/libpng.so  /home/uilian/.conan2/p/libti0bdd6311d1e48/p/lib/libtiffxx.so  /home/uilian/.conan2/p/libti0bdd6311d1e48/p/lib/libtiff.so  /home/uilian/.conan2/p/jaspe0369a423f6fd4/p/lib/libjasper.so  -lm  /home/uilian/.conan2/p/libjpb5908355e41b4/p/lib/libjpeg.so  /home/uilian/.conan2/p/opene37f9e3c51d6af/p/lib/libIlmImfUtil.so  /home/uilian/.conan2/p/opene37f9e3c51d6af/p/lib/libIlmImf.so  /home/uilian/.conan2/p/zlib9e81e3baaa894/p/lib/libz.so  /home/uilian/.conan2/p/opene37f9e3c51d6af/p/lib/libImath.so  /home/uilian/.conan2/p/opene37f9e3c51d6af/p/lib/libIlmThread.so  -lpthread  /home/uilian/.conan2/p/opene37f9e3c51d6af/p/lib/libIexMath.so  /home/uilian/.conan2/p/opene37f9e3c51d6af/p/lib/libIex.so  /home/uilian/.conan2/p/opene37f9e3c51d6af/p/lib/libHalf.so && :
[253/411] /usr/bin/g++-13 -DCVAPI_EXPORTS -D_USE_MATH_DEFINES -D__OPENCV_BUILD=1 -D__STDC_CONSTANT_MACROS -D__STDC_FORMAT_MACROS -D__STDC_LIMIT_MACROS -I/home/uilian/.conan2/p/b/openc0f1bf19f37050/b/src/modules/photo/include -I/home/uilian/.conan2/p/b/openc0f1bf19f37050/b/build/Release/modules/photo -I/home/uilian/.conan2/p/b/openc0f1bf19f37050/b/src/modules/core/include -I/home/uilian/.conan2/p/b/openc0f1bf19f37050/b/src/modules/imgproc/include -isystem /home/uilian/.conan2/p/b/openc0f1bf19f37050/b/build/Release -isystem /home/uilian/.conan2/p/eigen5481853932f72/p/include/eigen3 -m64   -fsigned-char -W -Wall -Wreturn-type -Wnon-virtual-dtor -Waddress -Wsequence-point -Wformat -Wformat-security -Wmissing-declarations -Wundef -Winit-self -Wpointer-arith -Wshadow -Wsign-promo -Wuninitialized -Wsuggest-override -Wno-delete-non-virtual-dtor -Wno-comment -Wimplicit-fallthrough=3 -Wno-strict-overflow -fdiagnostics-show-option -Wno-long-long -pthread -fomit-frame-pointer -ffunction-sections -fdata-sections  -msse -msse2 -msse3 -fvisibility=hidden -fvisibility-inlines-hidden -O3 -DNDEBUG  -DNDEBUG -std=gnu++11 -fPIC -MD -MT modules/photo/CMakeFiles/opencv_photo.dir/src/denoising.cuda.cpp.o -MF modules/photo/CMakeFiles/opencv_photo.dir/src/denoising.cuda.cpp.o.d -o modules/photo/CMakeFiles/opencv_photo.dir/src/denoising.cuda.cpp.o -c /home/uilian/.conan2/p/b/openc0f1bf19f37050/b/src/modules/photo/src/denoising.cuda.cpp
[254/411] /usr/bin/g++-13 -DCVAPI_EXPORTS -D_USE_MATH_DEFINES -D__OPENCV_BUILD=1 -D__STDC_CONSTANT_MACROS -D__STDC_FORMAT_MACROS -D__STDC_LIMIT_MACROS -I/home/uilian/.conan2/p/b/openc0f1bf19f37050/b/src/modules/photo/include -I/home/uilian/.conan2/p/b/openc0f1bf19f37050/b/build/Release/modules/photo -I/home/uilian/.conan2/p/b/openc0f1bf19f37050/b/src/modules/core/include -I/home/uilian/.conan2/p/b/openc0f1bf19f37050/b/src/modules/imgproc/include -isystem /home/uilian/.conan2/p/b/openc0f1bf19f37050/b/build/Release -isystem /home/uilian/.conan2/p/eigen5481853932f72/p/include/eigen3 -m64   -fsigned-char -W -Wall -Wreturn-type -Wnon-virtual-dtor -Waddress -Wsequence-point -Wformat -Wformat-security -Wmissing-declarations -Wundef -Winit-self -Wpointer-arith -Wshadow -Wsign-promo -Wuninitialized -Wsuggest-override -Wno-delete-non-virtual-dtor -Wno-comment -Wimplicit-fallthrough=3 -Wno-strict-overflow -fdiagnostics-show-option -Wno-long-long -pthread -fomit-frame-pointer -ffunction-sections -fdata-sections  -msse -msse2 -msse3 -fvisibility=hidden -fvisibility-inlines-hidden -O3 -DNDEBUG  -DNDEBUG -std=gnu++11 -fPIC -MD -MT modules/photo/CMakeFiles/opencv_photo.dir/src/hdr_common.cpp.o -MF modules/photo/CMakeFiles/opencv_photo.dir/src/hdr_common.cpp.o.d -o modules/photo/CMakeFiles/opencv_photo.dir/src/hdr_common.cpp.o -c /home/uilian/.conan2/p/b/openc0f1bf19f37050/b/src/modules/photo/src/hdr_common.cpp
[255/411] /usr/bin/g++-13 -DCVAPI_EXPORTS -D_USE_MATH_DEFINES -D__OPENCV_BUILD=1 -D__STDC_CONSTANT_MACROS -D__STDC_FORMAT_MACROS -D__STDC_LIMIT_MACROS -I/home/uilian/.conan2/p/b/openc0f1bf19f37050/b/src/modules/photo/include -I/home/uilian/.conan2/p/b/openc0f1bf19f37050/b/build/Release/modules/photo -I/home/uilian/.conan2/p/b/openc0f1bf19f37050/b/src/modules/core/include -I/home/uilian/.conan2/p/b/openc0f1bf19f37050/b/src/modules/imgproc/include -isystem /home/uilian/.conan2/p/b/openc0f1bf19f37050/b/build/Release -isystem /home/uilian/.conan2/p/eigen5481853932f72/p/include/eigen3 -m64   -fsigned-char -W -Wall -Wreturn-type -Wnon-virtual-dtor -Waddress -Wsequence-point -Wformat -Wformat-security -Wmissing-declarations -Wundef -Winit-self -Wpointer-arith -Wshadow -Wsign-promo -Wuninitialized -Wsuggest-override -Wno-delete-non-virtual-dtor -Wno-comment -Wimplicit-fallthrough=3 -Wno-strict-overflow -fdiagnostics-show-option -Wno-long-long -pthread -fomit-frame-pointer -ffunction-sections -fdata-sections  -msse -msse2 -msse3 -fvisibility=hidden -fvisibility-inlines-hidden -O3 -DNDEBUG  -DNDEBUG -std=gnu++11 -fPIC -MD -MT modules/photo/CMakeFiles/opencv_photo.dir/src/denoise_tvl1.cpp.o -MF modules/photo/CMakeFiles/opencv_photo.dir/src/denoise_tvl1.cpp.o.d -o modules/photo/CMakeFiles/opencv_photo.dir/src/denoise_tvl1.cpp.o -c /home/uilian/.conan2/p/b/openc0f1bf19f37050/b/src/modules/photo/src/denoise_tvl1.cpp
[256/411] /usr/bin/g++-13 -DCVAPI_EXPORTS -D_USE_MATH_DEFINES -D__OPENCV_BUILD=1 -D__STDC_CONSTANT_MACROS -D__STDC_FORMAT_MACROS -D__STDC_LIMIT_MACROS -I/home/uilian/.conan2/p/b/openc0f1bf19f37050/b/src/modules/photo/include -I/home/uilian/.conan2/p/b/openc0f1bf19f37050/b/build/Release/modules/photo -I/home/uilian/.conan2/p/b/openc0f1bf19f37050/b/src/modules/core/include -I/home/uilian/.conan2/p/b/openc0f1bf19f37050/b/src/modules/imgproc/include -isystem /home/uilian/.conan2/p/b/openc0f1bf19f37050/b/build/Release -isystem /home/uilian/.conan2/p/eigen5481853932f72/p/include/eigen3 -m64   -fsigned-char -W -Wall -Wreturn-type -Wnon-virtual-dtor -Waddress -Wsequence-point -Wformat -Wformat-security -Wmissing-declarations -Wundef -Winit-self -Wpointer-arith -Wshadow -Wsign-promo -Wuninitialized -Wsuggest-override -Wno-delete-non-virtual-dtor -Wno-comment -Wimplicit-fallthrough=3 -Wno-strict-overflow -fdiagnostics-show-option -Wno-long-long -pthread -fomit-frame-pointer -ffunction-sections -fdata-sections  -msse -msse2 -msse3 -fvisibility=hidden -fvisibility-inlines-hidden -O3 -DNDEBUG  -DNDEBUG -std=gnu++11 -fPIC -MD -MT modules/photo/CMakeFiles/opencv_photo.dir/src/align.cpp.o -MF modules/photo/CMakeFiles/opencv_photo.dir/src/align.cpp.o.d -o modules/photo/CMakeFiles/opencv_photo.dir/src/align.cpp.o -c /home/uilian/.conan2/p/b/openc0f1bf19f37050/b/src/modules/photo/src/align.cpp
[257/411] /usr/bin/g++-13 -DCVAPI_EXPORTS -D_USE_MATH_DEFINES -D__OPENCV_BUILD=1 -D__STDC_CONSTANT_MACROS -D__STDC_FORMAT_MACROS -D__STDC_LIMIT_MACROS -I/home/uilian/.conan2/p/b/openc0f1bf19f37050/b/src/modules/photo/include -I/home/uilian/.conan2/p/b/openc0f1bf19f37050/b/build/Release/modules/photo -I/home/uilian/.conan2/p/b/openc0f1bf19f37050/b/src/modules/core/include -I/home/uilian/.conan2/p/b/openc0f1bf19f37050/b/src/modules/imgproc/include -isystem /home/uilian/.conan2/p/b/openc0f1bf19f37050/b/build/Release -isystem /home/uilian/.conan2/p/eigen5481853932f72/p/include/eigen3 -m64   -fsigned-char -W -Wall -Wreturn-type -Wnon-virtual-dtor -Waddress -Wsequence-point -Wformat -Wformat-security -Wmissing-declarations -Wundef -Winit-self -Wpointer-arith -Wshadow -Wsign-promo -Wuninitialized -Wsuggest-override -Wno-delete-non-virtual-dtor -Wno-comment -Wimplicit-fallthrough=3 -Wno-strict-overflow -fdiagnostics-show-option -Wno-long-long -pthread -fomit-frame-pointer -ffunction-sections -fdata-sections  -msse -msse2 -msse3 -fvisibility=hidden -fvisibility-inlines-hidden -O3 -DNDEBUG  -DNDEBUG -std=gnu++11 -fPIC -MD -MT modules/photo/CMakeFiles/opencv_photo.dir/src/calibrate.cpp.o -MF modules/photo/CMakeFiles/opencv_photo.dir/src/calibrate.cpp.o.d -o modules/photo/CMakeFiles/opencv_photo.dir/src/calibrate.cpp.o -c /home/uilian/.conan2/p/b/openc0f1bf19f37050/b/src/modules/photo/src/calibrate.cpp
[258/411] /usr/bin/g++-13 -DCVAPI_EXPORTS -D_USE_MATH_DEFINES -D__OPENCV_BUILD=1 -D__STDC_CONSTANT_MACROS -D__STDC_FORMAT_MACROS -D__STDC_LIMIT_MACROS -I/home/uilian/.conan2/p/b/openc0f1bf19f37050/b/src/modules/features2d/include -I/home/uilian/.conan2/p/b/openc0f1bf19f37050/b/build/Release/modules/features2d -I/home/uilian/.conan2/p/b/openc0f1bf19f37050/b/src/modules/core/include -I/home/uilian/.conan2/p/b/openc0f1bf19f37050/b/src/modules/flann/include -I/home/uilian/.conan2/p/b/openc0f1bf19f37050/b/src/modules/imgproc/include -isystem /home/uilian/.conan2/p/b/openc0f1bf19f37050/b/build/Release -isystem /home/uilian/.conan2/p/eigen5481853932f72/p/include/eigen3 -m64   -fsigned-char -W -Wall -Wreturn-type -Wnon-virtual-dtor -Waddress -Wsequence-point -Wformat -Wformat-security -Wmissing-declarations -Wundef -Winit-self -Wpointer-arith -Wshadow -Wsign-promo -Wuninitialized -Wsuggest-override -Wno-delete-non-virtual-dtor -Wno-comment -Wimplicit-fallthrough=3 -Wno-strict-overflow -fdiagnostics-show-option -Wno-long-long -pthread -fomit-frame-pointer -ffunction-sections -fdata-sections  -msse -msse2 -msse3 -fvisibility=hidden -fvisibility-inlines-hidden -O3 -DNDEBUG  -DNDEBUG -std=gnu++11 -fPIC -MD -MT modules/features2d/CMakeFiles/opencv_features2d.dir/src/affine_feature.cpp.o -MF modules/features2d/CMakeFiles/opencv_features2d.dir/src/affine_feature.cpp.o.d -o modules/features2d/CMakeFiles/opencv_features2d.dir/src/affine_feature.cpp.o -c /home/uilian/.conan2/p/b/openc0f1bf19f37050/b/src/modules/features2d/src/affine_feature.cpp
[259/411] /usr/bin/g++-13 -DCVAPI_EXPORTS -D_USE_MATH_DEFINES -D__OPENCV_BUILD=1 -D__STDC_CONSTANT_MACROS -D__STDC_FORMAT_MACROS -D__STDC_LIMIT_MACROS -I/home/uilian/.conan2/p/b/openc0f1bf19f37050/b/src/modules/photo/include -I/home/uilian/.conan2/p/b/openc0f1bf19f37050/b/build/Release/modules/photo -I/home/uilian/.conan2/p/b/openc0f1bf19f37050/b/src/modules/core/include -I/home/uilian/.conan2/p/b/openc0f1bf19f37050/b/src/modules/imgproc/include -isystem /home/uilian/.conan2/p/b/openc0f1bf19f37050/b/build/Release -isystem /home/uilian/.conan2/p/eigen5481853932f72/p/include/eigen3 -m64   -fsigned-char -W -Wall -Wreturn-type -Wnon-virtual-dtor -Waddress -Wsequence-point -Wformat -Wformat-security -Wmissing-declarations -Wundef -Winit-self -Wpointer-arith -Wshadow -Wsign-promo -Wuninitialized -Wsuggest-override -Wno-delete-non-virtual-dtor -Wno-comment -Wimplicit-fallthrough=3 -Wno-strict-overflow -fdiagnostics-show-option -Wno-long-long -pthread -fomit-frame-pointer -ffunction-sections -fdata-sections  -msse -msse2 -msse3 -fvisibility=hidden -fvisibility-inlines-hidden -O3 -DNDEBUG  -DNDEBUG -std=gnu++11 -fPIC -MD -MT modules/photo/CMakeFiles/opencv_photo.dir/src/merge.cpp.o -MF modules/photo/CMakeFiles/opencv_photo.dir/src/merge.cpp.o.d -o modules/photo/CMakeFiles/opencv_photo.dir/src/merge.cpp.o -c /home/uilian/.conan2/p/b/openc0f1bf19f37050/b/src/modules/photo/src/merge.cpp
[260/411] /usr/bin/g++-13 -DCVAPI_EXPORTS -D_USE_MATH_DEFINES -D__OPENCV_BUILD=1 -D__STDC_CONSTANT_MACROS -D__STDC_FORMAT_MACROS -D__STDC_LIMIT_MACROS -I/home/uilian/.conan2/p/b/openc0f1bf19f37050/b/src/modules/photo/include -I/home/uilian/.conan2/p/b/openc0f1bf19f37050/b/build/Release/modules/photo -I/home/uilian/.conan2/p/b/openc0f1bf19f37050/b/src/modules/core/include -I/home/uilian/.conan2/p/b/openc0f1bf19f37050/b/src/modules/imgproc/include -isystem /home/uilian/.conan2/p/b/openc0f1bf19f37050/b/build/Release -isystem /home/uilian/.conan2/p/eigen5481853932f72/p/include/eigen3 -m64   -fsigned-char -W -Wall -Wreturn-type -Wnon-virtual-dtor -Waddress -Wsequence-point -Wformat -Wformat-security -Wmissing-declarations -Wundef -Winit-self -Wpointer-arith -Wshadow -Wsign-promo -Wuninitialized -Wsuggest-override -Wno-delete-non-virtual-dtor -Wno-comment -Wimplicit-fallthrough=3 -Wno-strict-overflow -fdiagnostics-show-option -Wno-long-long -pthread -fomit-frame-pointer -ffunction-sections -fdata-sections  -msse -msse2 -msse3 -fvisibility=hidden -fvisibility-inlines-hidden -O3 -DNDEBUG  -DNDEBUG -std=gnu++11 -fPIC -MD -MT modules/photo/CMakeFiles/opencv_photo.dir/src/contrast_preserve.cpp.o -MF modules/photo/CMakeFiles/opencv_photo.dir/src/contrast_preserve.cpp.o.d -o modules/photo/CMakeFiles/opencv_photo.dir/src/contrast_preserve.cpp.o -c /home/uilian/.conan2/p/b/openc0f1bf19f37050/b/src/modules/photo/src/contrast_preserve.cpp
[261/411] /usr/bin/g++-13 -DCVAPI_EXPORTS -D_USE_MATH_DEFINES -D__OPENCV_BUILD=1 -D__STDC_CONSTANT_MACROS -D__STDC_FORMAT_MACROS -D__STDC_LIMIT_MACROS -I/home/uilian/.conan2/p/b/openc0f1bf19f37050/b/src/modules/features2d/include -I/home/uilian/.conan2/p/b/openc0f1bf19f37050/b/build/Release/modules/features2d -I/home/uilian/.conan2/p/b/openc0f1bf19f37050/b/src/modules/core/include -I/home/uilian/.conan2/p/b/openc0f1bf19f37050/b/src/modules/flann/include -I/home/uilian/.conan2/p/b/openc0f1bf19f37050/b/src/modules/imgproc/include -isystem /home/uilian/.conan2/p/b/openc0f1bf19f37050/b/build/Release -isystem /home/uilian/.conan2/p/eigen5481853932f72/p/include/eigen3 -m64   -fsigned-char -W -Wall -Wreturn-type -Wnon-virtual-dtor -Waddress -Wsequence-point -Wformat -Wformat-security -Wmissing-declarations -Wundef -Winit-self -Wpointer-arith -Wshadow -Wsign-promo -Wuninitialized -Wsuggest-override -Wno-delete-non-virtual-dtor -Wno-comment -Wimplicit-fallthrough=3 -Wno-strict-overflow -fdiagnostics-show-option -Wno-long-long -pthread -fomit-frame-pointer -ffunction-sections -fdata-sections  -msse -msse2 -msse3 -fvisibility=hidden -fvisibility-inlines-hidden -O3 -DNDEBUG  -DNDEBUG -std=gnu++11 -fPIC -MD -MT modules/features2d/CMakeFiles/opencv_features2d.dir/src/akaze.cpp.o -MF modules/features2d/CMakeFiles/opencv_features2d.dir/src/akaze.cpp.o.d -o modules/features2d/CMakeFiles/opencv_features2d.dir/src/akaze.cpp.o -c /home/uilian/.conan2/p/b/openc0f1bf19f37050/b/src/modules/features2d/src/akaze.cpp
[262/411] /usr/bin/g++-13 -DCVAPI_EXPORTS -D_USE_MATH_DEFINES -D__OPENCV_BUILD=1 -D__STDC_CONSTANT_MACROS -D__STDC_FORMAT_MACROS -D__STDC_LIMIT_MACROS -I/home/uilian/.conan2/p/b/openc0f1bf19f37050/b/src/modules/features2d/include -I/home/uilian/.conan2/p/b/openc0f1bf19f37050/b/build/Release/modules/features2d -I/home/uilian/.conan2/p/b/openc0f1bf19f37050/b/src/modules/core/include -I/home/uilian/.conan2/p/b/openc0f1bf19f37050/b/src/modules/flann/include -I/home/uilian/.conan2/p/b/openc0f1bf19f37050/b/src/modules/imgproc/include -isystem /home/uilian/.conan2/p/b/openc0f1bf19f37050/b/build/Release -isystem /home/uilian/.conan2/p/eigen5481853932f72/p/include/eigen3 -m64   -fsigned-char -W -Wall -Wreturn-type -Wnon-virtual-dtor -Waddress -Wsequence-point -Wformat -Wformat-security -Wmissing-declarations -Wundef -Winit-self -Wpointer-arith -Wshadow -Wsign-promo -Wuninitialized -Wsuggest-override -Wno-delete-non-virtual-dtor -Wno-comment -Wimplicit-fallthrough=3 -Wno-strict-overflow -fdiagnostics-show-option -Wno-long-long -pthread -fomit-frame-pointer -ffunction-sections -fdata-sections  -msse -msse2 -msse3 -fvisibility=hidden -fvisibility-inlines-hidden -O3 -DNDEBUG  -DNDEBUG -std=gnu++11 -fPIC -MD -MT modules/features2d/CMakeFiles/opencv_features2d.dir/src/bagofwords.cpp.o -MF modules/features2d/CMakeFiles/opencv_features2d.dir/src/bagofwords.cpp.o.d -o modules/features2d/CMakeFiles/opencv_features2d.dir/src/bagofwords.cpp.o -c /home/uilian/.conan2/p/b/openc0f1bf19f37050/b/src/modules/features2d/src/bagofwords.cpp
[263/411] /usr/bin/g++-13 -DCVAPI_EXPORTS -D_USE_MATH_DEFINES -D__OPENCV_BUILD=1 -D__STDC_CONSTANT_MACROS -D__STDC_FORMAT_MACROS -D__STDC_LIMIT_MACROS -I/home/uilian/.conan2/p/b/openc0f1bf19f37050/b/src/modules/features2d/include -I/home/uilian/.conan2/p/b/openc0f1bf19f37050/b/build/Release/modules/features2d -I/home/uilian/.conan2/p/b/openc0f1bf19f37050/b/src/modules/core/include -I/home/uilian/.conan2/p/b/openc0f1bf19f37050/b/src/modules/flann/include -I/home/uilian/.conan2/p/b/openc0f1bf19f37050/b/src/modules/imgproc/include -isystem /home/uilian/.conan2/p/b/openc0f1bf19f37050/b/build/Release -isystem /home/uilian/.conan2/p/eigen5481853932f72/p/include/eigen3 -m64   -fsigned-char -W -Wall -Wreturn-type -Wnon-virtual-dtor -Waddress -Wsequence-point -Wformat -Wformat-security -Wmissing-declarations -Wundef -Winit-self -Wpointer-arith -Wshadow -Wsign-promo -Wuninitialized -Wsuggest-override -Wno-delete-non-virtual-dtor -Wno-comment -Wimplicit-fallthrough=3 -Wno-strict-overflow -fdiagnostics-show-option -Wno-long-long -pthread -fomit-frame-pointer -ffunction-sections -fdata-sections  -msse -msse2 -msse3 -fvisibility=hidden -fvisibility-inlines-hidden -O3 -DNDEBUG  -DNDEBUG -std=gnu++11 -fPIC -MD -MT modules/features2d/CMakeFiles/opencv_features2d.dir/src/dynamic.cpp.o -MF modules/features2d/CMakeFiles/opencv_features2d.dir/src/dynamic.cpp.o.d -o modules/features2d/CMakeFiles/opencv_features2d.dir/src/dynamic.cpp.o -c /home/uilian/.conan2/p/b/openc0f1bf19f37050/b/src/modules/features2d/src/dynamic.cpp
[264/411] /usr/bin/g++-13 -DCVAPI_EXPORTS -D_USE_MATH_DEFINES -D__OPENCV_BUILD=1 -D__STDC_CONSTANT_MACROS -D__STDC_FORMAT_MACROS -D__STDC_LIMIT_MACROS -I/home/uilian/.conan2/p/b/openc0f1bf19f37050/b/src/modules/photo/include -I/home/uilian/.conan2/p/b/openc0f1bf19f37050/b/build/Release/modules/photo -I/home/uilian/.conan2/p/b/openc0f1bf19f37050/b/src/modules/core/include -I/home/uilian/.conan2/p/b/openc0f1bf19f37050/b/src/modules/imgproc/include -isystem /home/uilian/.conan2/p/b/openc0f1bf19f37050/b/build/Release -isystem /home/uilian/.conan2/p/eigen5481853932f72/p/include/eigen3 -m64   -fsigned-char -W -Wall -Wreturn-type -Wnon-virtual-dtor -Waddress -Wsequence-point -Wformat -Wformat-security -Wmissing-declarations -Wundef -Winit-self -Wpointer-arith -Wshadow -Wsign-promo -Wuninitialized -Wsuggest-override -Wno-delete-non-virtual-dtor -Wno-comment -Wimplicit-fallthrough=3 -Wno-strict-overflow -fdiagnostics-show-option -Wno-long-long -pthread -fomit-frame-pointer -ffunction-sections -fdata-sections  -msse -msse2 -msse3 -fvisibility=hidden -fvisibility-inlines-hidden -O3 -DNDEBUG  -DNDEBUG -std=gnu++11 -fPIC -MD -MT modules/photo/CMakeFiles/opencv_photo.dir/src/inpaint.cpp.o -MF modules/photo/CMakeFiles/opencv_photo.dir/src/inpaint.cpp.o.d -o modules/photo/CMakeFiles/opencv_photo.dir/src/inpaint.cpp.o -c /home/uilian/.conan2/p/b/openc0f1bf19f37050/b/src/modules/photo/src/inpaint.cpp
[265/411] /usr/bin/g++-13 -DCVAPI_EXPORTS -D_USE_MATH_DEFINES -D__OPENCV_BUILD=1 -D__STDC_CONSTANT_MACROS -D__STDC_FORMAT_MACROS -D__STDC_LIMIT_MACROS -I/home/uilian/.conan2/p/b/openc0f1bf19f37050/b/src/modules/features2d/include -I/home/uilian/.conan2/p/b/openc0f1bf19f37050/b/build/Release/modules/features2d -I/home/uilian/.conan2/p/b/openc0f1bf19f37050/b/src/modules/core/include -I/home/uilian/.conan2/p/b/openc0f1bf19f37050/b/src/modules/flann/include -I/home/uilian/.conan2/p/b/openc0f1bf19f37050/b/src/modules/imgproc/include -isystem /home/uilian/.conan2/p/b/openc0f1bf19f37050/b/build/Release -isystem /home/uilian/.conan2/p/eigen5481853932f72/p/include/eigen3 -m64   -fsigned-char -W -Wall -Wreturn-type -Wnon-virtual-dtor -Waddress -Wsequence-point -Wformat -Wformat-security -Wmissing-declarations -Wundef -Winit-self -Wpointer-arith -Wshadow -Wsign-promo -Wuninitialized -Wsuggest-override -Wno-delete-non-virtual-dtor -Wno-comment -Wimplicit-fallthrough=3 -Wno-strict-overflow -fdiagnostics-show-option -Wno-long-long -pthread -fomit-frame-pointer -ffunction-sections -fdata-sections  -msse -msse2 -msse3 -fvisibility=hidden -fvisibility-inlines-hidden -O3 -DNDEBUG  -DNDEBUG -std=gnu++11 -fPIC -MD -MT modules/features2d/CMakeFiles/opencv_features2d.dir/src/draw.cpp.o -MF modules/features2d/CMakeFiles/opencv_features2d.dir/src/draw.cpp.o.d -o modules/features2d/CMakeFiles/opencv_features2d.dir/src/draw.cpp.o -c /home/uilian/.conan2/p/b/openc0f1bf19f37050/b/src/modules/features2d/src/draw.cpp
[266/411] /usr/bin/g++-13 -DCVAPI_EXPORTS -D_USE_MATH_DEFINES -D__OPENCV_BUILD=1 -D__STDC_CONSTANT_MACROS -D__STDC_FORMAT_MACROS -D__STDC_LIMIT_MACROS -I/home/uilian/.conan2/p/b/openc0f1bf19f37050/b/src/modules/features2d/include -I/home/uilian/.conan2/p/b/openc0f1bf19f37050/b/build/Release/modules/features2d -I/home/uilian/.conan2/p/b/openc0f1bf19f37050/b/src/modules/core/include -I/home/uilian/.conan2/p/b/openc0f1bf19f37050/b/src/modules/flann/include -I/home/uilian/.conan2/p/b/openc0f1bf19f37050/b/src/modules/imgproc/include -isystem /home/uilian/.conan2/p/b/openc0f1bf19f37050/b/build/Release -isystem /home/uilian/.conan2/p/eigen5481853932f72/p/include/eigen3 -m64   -fsigned-char -W -Wall -Wreturn-type -Wnon-virtual-dtor -Waddress -Wsequence-point -Wformat -Wformat-security -Wmissing-declarations -Wundef -Winit-self -Wpointer-arith -Wshadow -Wsign-promo -Wuninitialized -Wsuggest-override -Wno-delete-non-virtual-dtor -Wno-comment -Wimplicit-fallthrough=3 -Wno-strict-overflow -fdiagnostics-show-option -Wno-long-long -pthread -fomit-frame-pointer -ffunction-sections -fdata-sections  -msse -msse2 -msse3 -fvisibility=hidden -fvisibility-inlines-hidden -O3 -DNDEBUG  -DNDEBUG -std=gnu++11 -fPIC -MD -MT modules/features2d/CMakeFiles/opencv_features2d.dir/src/blobdetector.cpp.o -MF modules/features2d/CMakeFiles/opencv_features2d.dir/src/blobdetector.cpp.o.d -o modules/features2d/CMakeFiles/opencv_features2d.dir/src/blobdetector.cpp.o -c /home/uilian/.conan2/p/b/openc0f1bf19f37050/b/src/modules/features2d/src/blobdetector.cpp
[267/411] /usr/bin/g++-13 -DCVAPI_EXPORTS -D_USE_MATH_DEFINES -D__OPENCV_BUILD=1 -D__STDC_CONSTANT_MACROS -D__STDC_FORMAT_MACROS -D__STDC_LIMIT_MACROS -I/home/uilian/.conan2/p/b/openc0f1bf19f37050/b/src/modules/features2d/include -I/home/uilian/.conan2/p/b/openc0f1bf19f37050/b/build/Release/modules/features2d -I/home/uilian/.conan2/p/b/openc0f1bf19f37050/b/src/modules/core/include -I/home/uilian/.conan2/p/b/openc0f1bf19f37050/b/src/modules/flann/include -I/home/uilian/.conan2/p/b/openc0f1bf19f37050/b/src/modules/imgproc/include -isystem /home/uilian/.conan2/p/b/openc0f1bf19f37050/b/build/Release -isystem /home/uilian/.conan2/p/eigen5481853932f72/p/include/eigen3 -m64   -fsigned-char -W -Wall -Wreturn-type -Wnon-virtual-dtor -Waddress -Wsequence-point -Wformat -Wformat-security -Wmissing-declarations -Wundef -Winit-self -Wpointer-arith -Wshadow -Wsign-promo -Wuninitialized -Wsuggest-override -Wno-delete-non-virtual-dtor -Wno-comment -Wimplicit-fallthrough=3 -Wno-strict-overflow -fdiagnostics-show-option -Wno-long-long -pthread -fomit-frame-pointer -ffunction-sections -fdata-sections  -msse -msse2 -msse3 -fvisibility=hidden -fvisibility-inlines-hidden -O3 -DNDEBUG  -DNDEBUG -std=gnu++11 -fPIC -MD -MT modules/features2d/CMakeFiles/opencv_features2d.dir/src/agast.cpp.o -MF modules/features2d/CMakeFiles/opencv_features2d.dir/src/agast.cpp.o.d -o modules/features2d/CMakeFiles/opencv_features2d.dir/src/agast.cpp.o -c /home/uilian/.conan2/p/b/openc0f1bf19f37050/b/src/modules/features2d/src/agast.cpp
[268/411] /usr/bin/g++-13 -DCVAPI_EXPORTS -D_USE_MATH_DEFINES -D__OPENCV_BUILD=1 -D__STDC_CONSTANT_MACROS -D__STDC_FORMAT_MACROS -D__STDC_LIMIT_MACROS -I/home/uilian/.conan2/p/b/openc0f1bf19f37050/b/src/modules/features2d/include -I/home/uilian/.conan2/p/b/openc0f1bf19f37050/b/build/Release/modules/features2d -I/home/uilian/.conan2/p/b/openc0f1bf19f37050/b/src/modules/core/include -I/home/uilian/.conan2/p/b/openc0f1bf19f37050/b/src/modules/flann/include -I/home/uilian/.conan2/p/b/openc0f1bf19f37050/b/src/modules/imgproc/include -isystem /home/uilian/.conan2/p/b/openc0f1bf19f37050/b/build/Release -isystem /home/uilian/.conan2/p/eigen5481853932f72/p/include/eigen3 -m64   -fsigned-char -W -Wall -Wreturn-type -Wnon-virtual-dtor -Waddress -Wsequence-point -Wformat -Wformat-security -Wmissing-declarations -Wundef -Winit-self -Wpointer-arith -Wshadow -Wsign-promo -Wuninitialized -Wsuggest-override -Wno-delete-non-virtual-dtor -Wno-comment -Wimplicit-fallthrough=3 -Wno-strict-overflow -fdiagnostics-show-option -Wno-long-long -pthread -fomit-frame-pointer -ffunction-sections -fdata-sections  -msse -msse2 -msse3 -fvisibility=hidden -fvisibility-inlines-hidden -O3 -DNDEBUG  -DNDEBUG -std=gnu++11 -fPIC -MD -MT modules/features2d/CMakeFiles/opencv_features2d.dir/src/evaluation.cpp.o -MF modules/features2d/CMakeFiles/opencv_features2d.dir/src/evaluation.cpp.o.d -o modules/features2d/CMakeFiles/opencv_features2d.dir/src/evaluation.cpp.o -c /home/uilian/.conan2/p/b/openc0f1bf19f37050/b/src/modules/features2d/src/evaluation.cpp
[269/411] /usr/bin/g++-13 -DCVAPI_EXPORTS -D_USE_MATH_DEFINES -D__OPENCV_BUILD=1 -D__STDC_CONSTANT_MACROS -D__STDC_FORMAT_MACROS -D__STDC_LIMIT_MACROS -I/home/uilian/.conan2/p/b/openc0f1bf19f37050/b/src/modules/features2d/include -I/home/uilian/.conan2/p/b/openc0f1bf19f37050/b/build/Release/modules/features2d -I/home/uilian/.conan2/p/b/openc0f1bf19f37050/b/src/modules/core/include -I/home/uilian/.conan2/p/b/openc0f1bf19f37050/b/src/modules/flann/include -I/home/uilian/.conan2/p/b/openc0f1bf19f37050/b/src/modules/imgproc/include -isystem /home/uilian/.conan2/p/b/openc0f1bf19f37050/b/build/Release -isystem /home/uilian/.conan2/p/eigen5481853932f72/p/include/eigen3 -m64   -fsigned-char -W -Wall -Wreturn-type -Wnon-virtual-dtor -Waddress -Wsequence-point -Wformat -Wformat-security -Wmissing-declarations -Wundef -Winit-self -Wpointer-arith -Wshadow -Wsign-promo -Wuninitialized -Wsuggest-override -Wno-delete-non-virtual-dtor -Wno-comment -Wimplicit-fallthrough=3 -Wno-strict-overflow -fdiagnostics-show-option -Wno-long-long -pthread -fomit-frame-pointer -ffunction-sections -fdata-sections  -msse -msse2 -msse3 -fvisibility=hidden -fvisibility-inlines-hidden -O3 -DNDEBUG  -DNDEBUG -std=gnu++11 -fPIC -MD -MT modules/features2d/CMakeFiles/opencv_features2d.dir/src/fast.cpp.o -MF modules/features2d/CMakeFiles/opencv_features2d.dir/src/fast.cpp.o.d -o modules/features2d/CMakeFiles/opencv_features2d.dir/src/fast.cpp.o -c /home/uilian/.conan2/p/b/openc0f1bf19f37050/b/src/modules/features2d/src/fast.cpp
[270/411] /usr/bin/g++-13 -DCVAPI_EXPORTS -D_USE_MATH_DEFINES -D__OPENCV_BUILD=1 -D__STDC_CONSTANT_MACROS -D__STDC_FORMAT_MACROS -D__STDC_LIMIT_MACROS -I/home/uilian/.conan2/p/b/openc0f1bf19f37050/b/src/modules/features2d/include -I/home/uilian/.conan2/p/b/openc0f1bf19f37050/b/build/Release/modules/features2d -I/home/uilian/.conan2/p/b/openc0f1bf19f37050/b/src/modules/core/include -I/home/uilian/.conan2/p/b/openc0f1bf19f37050/b/src/modules/flann/include -I/home/uilian/.conan2/p/b/openc0f1bf19f37050/b/src/modules/imgproc/include -isystem /home/uilian/.conan2/p/b/openc0f1bf19f37050/b/build/Release -isystem /home/uilian/.conan2/p/eigen5481853932f72/p/include/eigen3 -m64   -fsigned-char -W -Wall -Wreturn-type -Wnon-virtual-dtor -Waddress -Wsequence-point -Wformat -Wformat-security -Wmissing-declarations -Wundef -Winit-self -Wpointer-arith -Wshadow -Wsign-promo -Wuninitialized -Wsuggest-override -Wno-delete-non-virtual-dtor -Wno-comment -Wimplicit-fallthrough=3 -Wno-strict-overflow -fdiagnostics-show-option -Wno-long-long -pthread -fomit-frame-pointer -ffunction-sections -fdata-sections  -msse -msse2 -msse3 -fvisibility=hidden -fvisibility-inlines-hidden -O3 -DNDEBUG  -DNDEBUG -std=gnu++11 -fPIC -MD -MT modules/features2d/CMakeFiles/opencv_features2d.dir/src/fast_score.cpp.o -MF modules/features2d/CMakeFiles/opencv_features2d.dir/src/fast_score.cpp.o.d -o modules/features2d/CMakeFiles/opencv_features2d.dir/src/fast_score.cpp.o -c /home/uilian/.conan2/p/b/openc0f1bf19f37050/b/src/modules/features2d/src/fast_score.cpp
[271/411] /usr/bin/g++-13 -DCVAPI_EXPORTS -D_USE_MATH_DEFINES -D__OPENCV_BUILD=1 -D__STDC_CONSTANT_MACROS -D__STDC_FORMAT_MACROS -D__STDC_LIMIT_MACROS -I/home/uilian/.conan2/p/b/openc0f1bf19f37050/b/src/modules/features2d/include -I/home/uilian/.conan2/p/b/openc0f1bf19f37050/b/build/Release/modules/features2d -I/home/uilian/.conan2/p/b/openc0f1bf19f37050/b/src/modules/core/include -I/home/uilian/.conan2/p/b/openc0f1bf19f37050/b/src/modules/flann/include -I/home/uilian/.conan2/p/b/openc0f1bf19f37050/b/src/modules/imgproc/include -isystem /home/uilian/.conan2/p/b/openc0f1bf19f37050/b/build/Release -isystem /home/uilian/.conan2/p/eigen5481853932f72/p/include/eigen3 -m64   -fsigned-char -W -Wall -Wreturn-type -Wnon-virtual-dtor -Waddress -Wsequence-point -Wformat -Wformat-security -Wmissing-declarations -Wundef -Winit-self -Wpointer-arith -Wshadow -Wsign-promo -Wuninitialized -Wsuggest-override -Wno-delete-non-virtual-dtor -Wno-comment -Wimplicit-fallthrough=3 -Wno-strict-overflow -fdiagnostics-show-option -Wno-long-long -pthread -fomit-frame-pointer -ffunction-sections -fdata-sections  -msse -msse2 -msse3 -fvisibility=hidden -fvisibility-inlines-hidden -O3 -DNDEBUG  -DNDEBUG -std=gnu++11 -fPIC -MD -MT modules/features2d/CMakeFiles/opencv_features2d.dir/src/kaze.cpp.o -MF modules/features2d/CMakeFiles/opencv_features2d.dir/src/kaze.cpp.o.d -o modules/features2d/CMakeFiles/opencv_features2d.dir/src/kaze.cpp.o -c /home/uilian/.conan2/p/b/openc0f1bf19f37050/b/src/modules/features2d/src/kaze.cpp
[272/411] /usr/bin/g++-13 -DCVAPI_EXPORTS -D_USE_MATH_DEFINES -D__OPENCV_BUILD=1 -D__STDC_CONSTANT_MACROS -D__STDC_FORMAT_MACROS -D__STDC_LIMIT_MACROS -I/home/uilian/.conan2/p/b/openc0f1bf19f37050/b/src/modules/features2d/include -I/home/uilian/.conan2/p/b/openc0f1bf19f37050/b/build/Release/modules/features2d -I/home/uilian/.conan2/p/b/openc0f1bf19f37050/b/src/modules/core/include -I/home/uilian/.conan2/p/b/openc0f1bf19f37050/b/src/modules/flann/include -I/home/uilian/.conan2/p/b/openc0f1bf19f37050/b/src/modules/imgproc/include -isystem /home/uilian/.conan2/p/b/openc0f1bf19f37050/b/build/Release -isystem /home/uilian/.conan2/p/eigen5481853932f72/p/include/eigen3 -m64   -fsigned-char -W -Wall -Wreturn-type -Wnon-virtual-dtor -Waddress -Wsequence-point -Wformat -Wformat-security -Wmissing-declarations -Wundef -Winit-self -Wpointer-arith -Wshadow -Wsign-promo -Wuninitialized -Wsuggest-override -Wno-delete-non-virtual-dtor -Wno-comment -Wimplicit-fallthrough=3 -Wno-strict-overflow -fdiagnostics-show-option -Wno-long-long -pthread -fomit-frame-pointer -ffunction-sections -fdata-sections  -msse -msse2 -msse3 -fvisibility=hidden -fvisibility-inlines-hidden -O3 -DNDEBUG  -DNDEBUG -std=gnu++11 -fPIC -MD -MT modules/features2d/CMakeFiles/opencv_features2d.dir/src/feature2d.cpp.o -MF modules/features2d/CMakeFiles/opencv_features2d.dir/src/feature2d.cpp.o.d -o modules/features2d/CMakeFiles/opencv_features2d.dir/src/feature2d.cpp.o -c /home/uilian/.conan2/p/b/openc0f1bf19f37050/b/src/modules/features2d/src/feature2d.cpp
[273/411] /usr/bin/g++-13 -DCVAPI_EXPORTS -D_USE_MATH_DEFINES -D__OPENCV_BUILD=1 -D__STDC_CONSTANT_MACROS -D__STDC_FORMAT_MACROS -D__STDC_LIMIT_MACROS -I/home/uilian/.conan2/p/b/openc0f1bf19f37050/b/src/modules/features2d/include -I/home/uilian/.conan2/p/b/openc0f1bf19f37050/b/build/Release/modules/features2d -I/home/uilian/.conan2/p/b/openc0f1bf19f37050/b/src/modules/core/include -I/home/uilian/.conan2/p/b/openc0f1bf19f37050/b/src/modules/flann/include -I/home/uilian/.conan2/p/b/openc0f1bf19f37050/b/src/modules/imgproc/include -isystem /home/uilian/.conan2/p/b/openc0f1bf19f37050/b/build/Release -isystem /home/uilian/.conan2/p/eigen5481853932f72/p/include/eigen3 -m64   -fsigned-char -W -Wall -Wreturn-type -Wnon-virtual-dtor -Waddress -Wsequence-point -Wformat -Wformat-security -Wmissing-declarations -Wundef -Winit-self -Wpointer-arith -Wshadow -Wsign-promo -Wuninitialized -Wsuggest-override -Wno-delete-non-virtual-dtor -Wno-comment -Wimplicit-fallthrough=3 -Wno-strict-overflow -fdiagnostics-show-option -Wno-long-long -pthread -fomit-frame-pointer -ffunction-sections -fdata-sections  -msse -msse2 -msse3 -fvisibility=hidden -fvisibility-inlines-hidden -O3 -DNDEBUG  -DNDEBUG -std=gnu++11 -fPIC -MD -MT modules/features2d/CMakeFiles/opencv_features2d.dir/src/gftt.cpp.o -MF modules/features2d/CMakeFiles/opencv_features2d.dir/src/gftt.cpp.o.d -o modules/features2d/CMakeFiles/opencv_features2d.dir/src/gftt.cpp.o -c /home/uilian/.conan2/p/b/openc0f1bf19f37050/b/src/modules/features2d/src/gftt.cpp
[274/411] /usr/bin/g++-13 -DCVAPI_EXPORTS -D_USE_MATH_DEFINES -D__OPENCV_BUILD=1 -D__STDC_CONSTANT_MACROS -D__STDC_FORMAT_MACROS -D__STDC_LIMIT_MACROS -I/home/uilian/.conan2/p/b/openc0f1bf19f37050/b/src/modules/features2d/include -I/home/uilian/.conan2/p/b/openc0f1bf19f37050/b/build/Release/modules/features2d -I/home/uilian/.conan2/p/b/openc0f1bf19f37050/b/src/modules/core/include -I/home/uilian/.conan2/p/b/openc0f1bf19f37050/b/src/modules/flann/include -I/home/uilian/.conan2/p/b/openc0f1bf19f37050/b/src/modules/imgproc/include -isystem /home/uilian/.conan2/p/b/openc0f1bf19f37050/b/build/Release -isystem /home/uilian/.conan2/p/eigen5481853932f72/p/include/eigen3 -m64   -fsigned-char -W -Wall -Wreturn-type -Wnon-virtual-dtor -Waddress -Wsequence-point -Wformat -Wformat-security -Wmissing-declarations -Wundef -Winit-self -Wpointer-arith -Wshadow -Wsign-promo -Wuninitialized -Wsuggest-override -Wno-delete-non-virtual-dtor -Wno-comment -Wimplicit-fallthrough=3 -Wno-strict-overflow -fdiagnostics-show-option -Wno-long-long -pthread -fomit-frame-pointer -ffunction-sections -fdata-sections  -msse -msse2 -msse3 -fvisibility=hidden -fvisibility-inlines-hidden -O3 -DNDEBUG  -DNDEBUG -std=gnu++11 -fPIC -MD -MT modules/features2d/CMakeFiles/opencv_features2d.dir/src/brisk.cpp.o -MF modules/features2d/CMakeFiles/opencv_features2d.dir/src/brisk.cpp.o.d -o modules/features2d/CMakeFiles/opencv_features2d.dir/src/brisk.cpp.o -c /home/uilian/.conan2/p/b/openc0f1bf19f37050/b/src/modules/features2d/src/brisk.cpp
[275/411] /usr/bin/g++-13 -DCVAPI_EXPORTS -D_USE_MATH_DEFINES -D__OPENCV_BUILD=1 -D__STDC_CONSTANT_MACROS -D__STDC_FORMAT_MACROS -D__STDC_LIMIT_MACROS -I/home/uilian/.conan2/p/b/openc0f1bf19f37050/b/src/modules/features2d/include -I/home/uilian/.conan2/p/b/openc0f1bf19f37050/b/build/Release/modules/features2d -I/home/uilian/.conan2/p/b/openc0f1bf19f37050/b/src/modules/core/include -I/home/uilian/.conan2/p/b/openc0f1bf19f37050/b/src/modules/flann/include -I/home/uilian/.conan2/p/b/openc0f1bf19f37050/b/src/modules/imgproc/include -isystem /home/uilian/.conan2/p/b/openc0f1bf19f37050/b/build/Release -isystem /home/uilian/.conan2/p/eigen5481853932f72/p/include/eigen3 -m64   -fsigned-char -W -Wall -Wreturn-type -Wnon-virtual-dtor -Waddress -Wsequence-point -Wformat -Wformat-security -Wmissing-declarations -Wundef -Winit-self -Wpointer-arith -Wshadow -Wsign-promo -Wuninitialized -Wsuggest-override -Wno-delete-non-virtual-dtor -Wno-comment -Wimplicit-fallthrough=3 -Wno-strict-overflow -fdiagnostics-show-option -Wno-long-long -pthread -fomit-frame-pointer -ffunction-sections -fdata-sections  -msse -msse2 -msse3 -fvisibility=hidden -fvisibility-inlines-hidden -O3 -DNDEBUG  -DNDEBUG -std=gnu++11 -fPIC -MD -MT modules/features2d/CMakeFiles/opencv_features2d.dir/src/kaze/fed.cpp.o -MF modules/features2d/CMakeFiles/opencv_features2d.dir/src/kaze/fed.cpp.o.d -o modules/features2d/CMakeFiles/opencv_features2d.dir/src/kaze/fed.cpp.o -c /home/uilian/.conan2/p/b/openc0f1bf19f37050/b/src/modules/features2d/src/kaze/fed.cpp
[276/411] /usr/bin/g++-13 -DCVAPI_EXPORTS -D_USE_MATH_DEFINES -D__OPENCV_BUILD=1 -D__STDC_CONSTANT_MACROS -D__STDC_FORMAT_MACROS -D__STDC_LIMIT_MACROS -I/home/uilian/.conan2/p/b/openc0f1bf19f37050/b/src/modules/features2d/include -I/home/uilian/.conan2/p/b/openc0f1bf19f37050/b/build/Release/modules/features2d -I/home/uilian/.conan2/p/b/openc0f1bf19f37050/b/src/modules/core/include -I/home/uilian/.conan2/p/b/openc0f1bf19f37050/b/src/modules/flann/include -I/home/uilian/.conan2/p/b/openc0f1bf19f37050/b/src/modules/imgproc/include -isystem /home/uilian/.conan2/p/b/openc0f1bf19f37050/b/build/Release -isystem /home/uilian/.conan2/p/eigen5481853932f72/p/include/eigen3 -m64   -fsigned-char -W -Wall -Wreturn-type -Wnon-virtual-dtor -Waddress -Wsequence-point -Wformat -Wformat-security -Wmissing-declarations -Wundef -Winit-self -Wpointer-arith -Wshadow -Wsign-promo -Wuninitialized -Wsuggest-override -Wno-delete-non-virtual-dtor -Wno-comment -Wimplicit-fallthrough=3 -Wno-strict-overflow -fdiagnostics-show-option -Wno-long-long -pthread -fomit-frame-pointer -ffunction-sections -fdata-sections  -msse -msse2 -msse3 -fvisibility=hidden -fvisibility-inlines-hidden -O3 -DNDEBUG  -DNDEBUG -std=gnu++11 -fPIC -MD -MT modules/features2d/CMakeFiles/opencv_features2d.dir/opencl_kernels_features2d.cpp.o -MF modules/features2d/CMakeFiles/opencv_features2d.dir/opencl_kernels_features2d.cpp.o.d -o modules/features2d/CMakeFiles/opencv_features2d.dir/opencl_kernels_features2d.cpp.o -c /home/uilian/.conan2/p/b/openc0f1bf19f37050/b/build/Release/modules/features2d/opencl_kernels_features2d.cpp
[277/411] /usr/bin/g++-13 -DCVAPI_EXPORTS -D_USE_MATH_DEFINES -D__OPENCV_BUILD=1 -D__STDC_CONSTANT_MACROS -D__STDC_FORMAT_MACROS -D__STDC_LIMIT_MACROS -I/home/uilian/.conan2/p/b/openc0f1bf19f37050/b/src/modules/features2d/include -I/home/uilian/.conan2/p/b/openc0f1bf19f37050/b/build/Release/modules/features2d -I/home/uilian/.conan2/p/b/openc0f1bf19f37050/b/src/modules/core/include -I/home/uilian/.conan2/p/b/openc0f1bf19f37050/b/src/modules/flann/include -I/home/uilian/.conan2/p/b/openc0f1bf19f37050/b/src/modules/imgproc/include -isystem /home/uilian/.conan2/p/b/openc0f1bf19f37050/b/build/Release -isystem /home/uilian/.conan2/p/eigen5481853932f72/p/include/eigen3 -m64   -fsigned-char -W -Wall -Wreturn-type -Wnon-virtual-dtor -Waddress -Wsequence-point -Wformat -Wformat-security -Wmissing-declarations -Wundef -Winit-self -Wpointer-arith -Wshadow -Wsign-promo -Wuninitialized -Wsuggest-override -Wno-delete-non-virtual-dtor -Wno-comment -Wimplicit-fallthrough=3 -Wno-strict-overflow -fdiagnostics-show-option -Wno-long-long -pthread -fomit-frame-pointer -ffunction-sections -fdata-sections  -msse -msse2 -msse3 -fvisibility=hidden -fvisibility-inlines-hidden -O3 -DNDEBUG  -DNDEBUG -std=gnu++11 -fPIC -MD -MT modules/features2d/CMakeFiles/opencv_features2d.dir/src/kaze/KAZEFeatures.cpp.o -MF modules/features2d/CMakeFiles/opencv_features2d.dir/src/kaze/KAZEFeatures.cpp.o.d -o modules/features2d/CMakeFiles/opencv_features2d.dir/src/kaze/KAZEFeatures.cpp.o -c /home/uilian/.conan2/p/b/openc0f1bf19f37050/b/src/modules/features2d/src/kaze/KAZEFeatures.cpp
[278/411] /usr/bin/g++-13 -DCVAPI_EXPORTS -D_USE_MATH_DEFINES -D__OPENCV_BUILD=1 -D__STDC_CONSTANT_MACROS -D__STDC_FORMAT_MACROS -D__STDC_LIMIT_MACROS -I/home/uilian/.conan2/p/b/openc0f1bf19f37050/b/src/modules/features2d/include -I/home/uilian/.conan2/p/b/openc0f1bf19f37050/b/build/Release/modules/features2d -I/home/uilian/.conan2/p/b/openc0f1bf19f37050/b/src/modules/core/include -I/home/uilian/.conan2/p/b/openc0f1bf19f37050/b/src/modules/flann/include -I/home/uilian/.conan2/p/b/openc0f1bf19f37050/b/src/modules/imgproc/include -isystem /home/uilian/.conan2/p/b/openc0f1bf19f37050/b/build/Release -isystem /home/uilian/.conan2/p/eigen5481853932f72/p/include/eigen3 -m64   -fsigned-char -W -Wall -Wreturn-type -Wnon-virtual-dtor -Waddress -Wsequence-point -Wformat -Wformat-security -Wmissing-declarations -Wundef -Winit-self -Wpointer-arith -Wshadow -Wsign-promo -Wuninitialized -Wsuggest-override -Wno-delete-non-virtual-dtor -Wno-comment -Wimplicit-fallthrough=3 -Wno-strict-overflow -fdiagnostics-show-option -Wno-long-long -pthread -fomit-frame-pointer -ffunction-sections -fdata-sections  -msse -msse2 -msse3 -fvisibility=hidden -fvisibility-inlines-hidden -O3 -DNDEBUG  -DNDEBUG -std=gnu++11 -fPIC -MD -MT modules/features2d/CMakeFiles/opencv_features2d.dir/src/main.cpp.o -MF modules/features2d/CMakeFiles/opencv_features2d.dir/src/main.cpp.o.d -o modules/features2d/CMakeFiles/opencv_features2d.dir/src/main.cpp.o -c /home/uilian/.conan2/p/b/openc0f1bf19f37050/b/src/modules/features2d/src/main.cpp
[279/411] /usr/bin/g++-13 -DCVAPI_EXPORTS -D_USE_MATH_DEFINES -D__OPENCV_BUILD=1 -D__STDC_CONSTANT_MACROS -D__STDC_FORMAT_MACROS -D__STDC_LIMIT_MACROS -I/home/uilian/.conan2/p/b/openc0f1bf19f37050/b/src/modules/features2d/include -I/home/uilian/.conan2/p/b/openc0f1bf19f37050/b/build/Release/modules/features2d -I/home/uilian/.conan2/p/b/openc0f1bf19f37050/b/src/modules/core/include -I/home/uilian/.conan2/p/b/openc0f1bf19f37050/b/src/modules/flann/include -I/home/uilian/.conan2/p/b/openc0f1bf19f37050/b/src/modules/imgproc/include -isystem /home/uilian/.conan2/p/b/openc0f1bf19f37050/b/build/Release -isystem /home/uilian/.conan2/p/eigen5481853932f72/p/include/eigen3 -m64   -fsigned-char -W -Wall -Wreturn-type -Wnon-virtual-dtor -Waddress -Wsequence-point -Wformat -Wformat-security -Wmissing-declarations -Wundef -Winit-self -Wpointer-arith -Wshadow -Wsign-promo -Wuninitialized -Wsuggest-override -Wno-delete-non-virtual-dtor -Wno-comment -Wimplicit-fallthrough=3 -Wno-strict-overflow -fdiagnostics-show-option -Wno-long-long -pthread -fomit-frame-pointer -ffunction-sections -fdata-sections  -msse -msse2 -msse3 -fvisibility=hidden -fvisibility-inlines-hidden -O3 -DNDEBUG  -DNDEBUG -std=gnu++11 -fPIC -MD -MT modules/features2d/CMakeFiles/opencv_features2d.dir/src/kaze/nldiffusion_functions.cpp.o -MF modules/features2d/CMakeFiles/opencv_features2d.dir/src/kaze/nldiffusion_functions.cpp.o.d -o modules/features2d/CMakeFiles/opencv_features2d.dir/src/kaze/nldiffusion_functions.cpp.o -c /home/uilian/.conan2/p/b/openc0f1bf19f37050/b/src/modules/features2d/src/kaze/nldiffusion_functions.cpp
[280/411] /usr/bin/g++-13 -DCVAPI_EXPORTS -D_USE_MATH_DEFINES -D__OPENCV_BUILD=1 -D__STDC_CONSTANT_MACROS -D__STDC_FORMAT_MACROS -D__STDC_LIMIT_MACROS -I/home/uilian/.conan2/p/b/openc0f1bf19f37050/b/src/modules/features2d/include -I/home/uilian/.conan2/p/b/openc0f1bf19f37050/b/build/Release/modules/features2d -I/home/uilian/.conan2/p/b/openc0f1bf19f37050/b/src/modules/core/include -I/home/uilian/.conan2/p/b/openc0f1bf19f37050/b/src/modules/flann/include -I/home/uilian/.conan2/p/b/openc0f1bf19f37050/b/src/modules/imgproc/include -isystem /home/uilian/.conan2/p/b/openc0f1bf19f37050/b/build/Release -isystem /home/uilian/.conan2/p/eigen5481853932f72/p/include/eigen3 -m64   -fsigned-char -W -Wall -Wreturn-type -Wnon-virtual-dtor -Waddress -Wsequence-point -Wformat -Wformat-security -Wmissing-declarations -Wundef -Winit-self -Wpointer-arith -Wshadow -Wsign-promo -Wuninitialized -Wsuggest-override -Wno-delete-non-virtual-dtor -Wno-comment -Wimplicit-fallthrough=3 -Wno-strict-overflow -fdiagnostics-show-option -Wno-long-long -pthread -fomit-frame-pointer -ffunction-sections -fdata-sections  -msse -msse2 -msse3 -fvisibility=hidden -fvisibility-inlines-hidden -O3 -DNDEBUG  -DNDEBUG -std=gnu++11 -fPIC -MD -MT modules/features2d/CMakeFiles/opencv_features2d.dir/src/keypoint.cpp.o -MF modules/features2d/CMakeFiles/opencv_features2d.dir/src/keypoint.cpp.o.d -o modules/features2d/CMakeFiles/opencv_features2d.dir/src/keypoint.cpp.o -c /home/uilian/.conan2/p/b/openc0f1bf19f37050/b/src/modules/features2d/src/keypoint.cpp
[281/411] /usr/bin/g++-13 -DCVAPI_EXPORTS -D_USE_MATH_DEFINES -D__OPENCV_BUILD=1 -D__STDC_CONSTANT_MACROS -D__STDC_FORMAT_MACROS -D__STDC_LIMIT_MACROS -I/home/uilian/.conan2/p/b/openc0f1bf19f37050/b/src/modules/features2d/include -I/home/uilian/.conan2/p/b/openc0f1bf19f37050/b/build/Release/modules/features2d -I/home/uilian/.conan2/p/b/openc0f1bf19f37050/b/src/modules/core/include -I/home/uilian/.conan2/p/b/openc0f1bf19f37050/b/src/modules/flann/include -I/home/uilian/.conan2/p/b/openc0f1bf19f37050/b/src/modules/imgproc/include -isystem /home/uilian/.conan2/p/b/openc0f1bf19f37050/b/build/Release -isystem /home/uilian/.conan2/p/eigen5481853932f72/p/include/eigen3 -m64   -fsigned-char -W -Wall -Wreturn-type -Wnon-virtual-dtor -Waddress -Wsequence-point -Wformat -Wformat-security -Wmissing-declarations -Wundef -Winit-self -Wpointer-arith -Wshadow -Wsign-promo -Wuninitialized -Wsuggest-override -Wno-delete-non-virtual-dtor -Wno-comment -Wimplicit-fallthrough=3 -Wno-strict-overflow -fdiagnostics-show-option -Wno-long-long -pthread -fomit-frame-pointer -ffunction-sections -fdata-sections  -msse -msse2 -msse3 -fvisibility=hidden -fvisibility-inlines-hidden -O3 -DNDEBUG  -DNDEBUG -std=gnu++11 -fPIC -MD -MT modules/features2d/CMakeFiles/opencv_features2d.dir/src/kaze/AKAZEFeatures.cpp.o -MF modules/features2d/CMakeFiles/opencv_features2d.dir/src/kaze/AKAZEFeatures.cpp.o.d -o modules/features2d/CMakeFiles/opencv_features2d.dir/src/kaze/AKAZEFeatures.cpp.o -c /home/uilian/.conan2/p/b/openc0f1bf19f37050/b/src/modules/features2d/src/kaze/AKAZEFeatures.cpp
[282/411] /usr/bin/g++-13 -DCVAPI_EXPORTS -D_USE_MATH_DEFINES -D__OPENCV_BUILD=1 -D__STDC_CONSTANT_MACROS -D__STDC_FORMAT_MACROS -D__STDC_LIMIT_MACROS -I/home/uilian/.conan2/p/b/openc0f1bf19f37050/b/src/modules/features2d/include -I/home/uilian/.conan2/p/b/openc0f1bf19f37050/b/build/Release/modules/features2d -I/home/uilian/.conan2/p/b/openc0f1bf19f37050/b/src/modules/core/include -I/home/uilian/.conan2/p/b/openc0f1bf19f37050/b/src/modules/flann/include -I/home/uilian/.conan2/p/b/openc0f1bf19f37050/b/src/modules/imgproc/include -isystem /home/uilian/.conan2/p/b/openc0f1bf19f37050/b/build/Release -isystem /home/uilian/.conan2/p/eigen5481853932f72/p/include/eigen3 -m64   -fsigned-char -W -Wall -Wreturn-type -Wnon-virtual-dtor -Waddress -Wsequence-point -Wformat -Wformat-security -Wmissing-declarations -Wundef -Winit-self -Wpointer-arith -Wshadow -Wsign-promo -Wuninitialized -Wsuggest-override -Wno-delete-non-virtual-dtor -Wno-comment -Wimplicit-fallthrough=3 -Wno-strict-overflow -fdiagnostics-show-option -Wno-long-long -pthread -fomit-frame-pointer -ffunction-sections -fdata-sections  -msse -msse2 -msse3 -fvisibility=hidden -fvisibility-inlines-hidden -O3 -DNDEBUG  -DNDEBUG -std=gnu++11 -fPIC -MD -MT modules/features2d/CMakeFiles/opencv_features2d.dir/src/mser.cpp.o -MF modules/features2d/CMakeFiles/opencv_features2d.dir/src/mser.cpp.o.d -o modules/features2d/CMakeFiles/opencv_features2d.dir/src/mser.cpp.o -c /home/uilian/.conan2/p/b/openc0f1bf19f37050/b/src/modules/features2d/src/mser.cpp
[283/411] /usr/bin/g++-13 -DCVAPI_EXPORTS -D_USE_MATH_DEFINES -D__OPENCV_BUILD=1 -D__STDC_CONSTANT_MACROS -D__STDC_FORMAT_MACROS -D__STDC_LIMIT_MACROS -I/home/uilian/.conan2/p/b/openc0f1bf19f37050/b/src/modules/features2d/include -I/home/uilian/.conan2/p/b/openc0f1bf19f37050/b/build/Release/modules/features2d -I/home/uilian/.conan2/p/b/openc0f1bf19f37050/b/src/modules/core/include -I/home/uilian/.conan2/p/b/openc0f1bf19f37050/b/src/modules/flann/include -I/home/uilian/.conan2/p/b/openc0f1bf19f37050/b/src/modules/imgproc/include -isystem /home/uilian/.conan2/p/b/openc0f1bf19f37050/b/build/Release -isystem /home/uilian/.conan2/p/eigen5481853932f72/p/include/eigen3 -m64   -fsigned-char -W -Wall -Wreturn-type -Wnon-virtual-dtor -Waddress -Wsequence-point -Wformat -Wformat-security -Wmissing-declarations -Wundef -Winit-self -Wpointer-arith -Wshadow -Wsign-promo -Wuninitialized -Wsuggest-override -Wno-delete-non-virtual-dtor -Wno-comment -Wimplicit-fallthrough=3 -Wno-strict-overflow -fdiagnostics-show-option -Wno-long-long -pthread -fomit-frame-pointer -ffunction-sections -fdata-sections  -msse -msse2 -msse3 -fvisibility=hidden -fvisibility-inlines-hidden -O3 -DNDEBUG  -DNDEBUG -std=gnu++11 -fPIC -MD -MT modules/features2d/CMakeFiles/opencv_features2d.dir/src/orb.cpp.o -MF modules/features2d/CMakeFiles/opencv_features2d.dir/src/orb.cpp.o.d -o modules/features2d/CMakeFiles/opencv_features2d.dir/src/orb.cpp.o -c /home/uilian/.conan2/p/b/openc0f1bf19f37050/b/src/modules/features2d/src/orb.cpp
[284/411] /usr/bin/g++-13 -DCVAPI_EXPORTS -D_USE_MATH_DEFINES -D__OPENCV_BUILD=1 -D__STDC_CONSTANT_MACROS -D__STDC_FORMAT_MACROS -D__STDC_LIMIT_MACROS -I/home/uilian/.conan2/p/b/openc0f1bf19f37050/b/src/modules/features2d/include -I/home/uilian/.conan2/p/b/openc0f1bf19f37050/b/build/Release/modules/features2d -I/home/uilian/.conan2/p/b/openc0f1bf19f37050/b/src/modules/core/include -I/home/uilian/.conan2/p/b/openc0f1bf19f37050/b/src/modules/flann/include -I/home/uilian/.conan2/p/b/openc0f1bf19f37050/b/src/modules/imgproc/include -isystem /home/uilian/.conan2/p/b/openc0f1bf19f37050/b/build/Release -isystem /home/uilian/.conan2/p/eigen5481853932f72/p/include/eigen3 -m64   -fsigned-char -W -Wall -Wreturn-type -Wnon-virtual-dtor -Waddress -Wsequence-point -Wformat -Wformat-security -Wmissing-declarations -Wundef -Winit-self -Wpointer-arith -Wshadow -Wsign-promo -Wuninitialized -Wsuggest-override -Wno-delete-non-virtual-dtor -Wno-comment -Wimplicit-fallthrough=3 -Wno-strict-overflow -fdiagnostics-show-option -Wno-long-long -pthread -fomit-frame-pointer -ffunction-sections -fdata-sections  -msse -msse2 -msse3 -fvisibility=hidden -fvisibility-inlines-hidden -O3 -DNDEBUG  -DNDEBUG -std=gnu++11 -fPIC -MD -MT modules/features2d/CMakeFiles/opencv_features2d.dir/src/matchers.cpp.o -MF modules/features2d/CMakeFiles/opencv_features2d.dir/src/matchers.cpp.o.d -o modules/features2d/CMakeFiles/opencv_features2d.dir/src/matchers.cpp.o -c /home/uilian/.conan2/p/b/openc0f1bf19f37050/b/src/modules/features2d/src/matchers.cpp
[285/411] /usr/bin/g++-13 -DCVAPI_EXPORTS -D_USE_MATH_DEFINES -D__OPENCV_BUILD=1 -D__STDC_CONSTANT_MACROS -D__STDC_FORMAT_MACROS -D__STDC_LIMIT_MACROS -I/home/uilian/.conan2/p/b/openc0f1bf19f37050/b/src/modules/video/include -I/home/uilian/.conan2/p/b/openc0f1bf19f37050/b/build/Release/modules/video -I/home/uilian/.conan2/p/b/openc0f1bf19f37050/b/src/modules/core/include -I/home/uilian/.conan2/p/b/openc0f1bf19f37050/b/src/modules/imgproc/include -isystem /home/uilian/.conan2/p/b/openc0f1bf19f37050/b/build/Release -isystem /home/uilian/.conan2/p/eigen5481853932f72/p/include/eigen3 -m64   -fsigned-char -W -Wall -Wreturn-type -Wnon-virtual-dtor -Waddress -Wsequence-point -Wformat -Wformat-security -Wmissing-declarations -Wundef -Winit-self -Wpointer-arith -Wshadow -Wsign-promo -Wuninitialized -Wsuggest-override -Wno-delete-non-virtual-dtor -Wno-comment -Wimplicit-fallthrough=3 -Wno-strict-overflow -fdiagnostics-show-option -Wno-long-long -pthread -fomit-frame-pointer -ffunction-sections -fdata-sections  -msse -msse2 -msse3 -fvisibility=hidden -fvisibility-inlines-hidden -O3 -DNDEBUG  -DNDEBUG -std=gnu++11 -fPIC -MD -MT modules/video/CMakeFiles/opencv_video.dir/src/bgfg_KNN.cpp.o -MF modules/video/CMakeFiles/opencv_video.dir/src/bgfg_KNN.cpp.o.d -o modules/video/CMakeFiles/opencv_video.dir/src/bgfg_KNN.cpp.o -c /home/uilian/.conan2/p/b/openc0f1bf19f37050/b/src/modules/video/src/bgfg_KNN.cpp
[286/411] /usr/bin/g++-13 -DCVAPI_EXPORTS -D_USE_MATH_DEFINES -D__OPENCV_BUILD=1 -D__STDC_CONSTANT_MACROS -D__STDC_FORMAT_MACROS -D__STDC_LIMIT_MACROS -DCV_CPU_COMPILE_SSE4_1=1 -DCV_CPU_COMPILE_SSSE3=1 -DCV_CPU_DISPATCH_MODE=SSE4_1 -I/home/uilian/.conan2/p/b/openc0f1bf19f37050/b/src/modules/features2d/include -I/home/uilian/.conan2/p/b/openc0f1bf19f37050/b/build/Release/modules/features2d -I/home/uilian/.conan2/p/b/openc0f1bf19f37050/b/src/modules/core/include -I/home/uilian/.conan2/p/b/openc0f1bf19f37050/b/src/modules/flann/include -I/home/uilian/.conan2/p/b/openc0f1bf19f37050/b/src/modules/imgproc/include -isystem /home/uilian/.conan2/p/b/openc0f1bf19f37050/b/build/Release -isystem /home/uilian/.conan2/p/eigen5481853932f72/p/include/eigen3 -m64   -fsigned-char -W -Wall -Wreturn-type -Wnon-virtual-dtor -Waddress -Wsequence-point -Wformat -Wformat-security -Wmissing-declarations -Wundef -Winit-self -Wpointer-arith -Wshadow -Wsign-promo -Wuninitialized -Wsuggest-override -Wno-delete-non-virtual-dtor -Wno-comment -Wimplicit-fallthrough=3 -Wno-strict-overflow -fdiagnostics-show-option -Wno-long-long -pthread -fomit-frame-pointer -ffunction-sections -fdata-sections  -msse -msse2 -msse3 -fvisibility=hidden -fvisibility-inlines-hidden -O3 -DNDEBUG  -DNDEBUG -std=gnu++11 -fPIC  -mssse3 -msse4.1 -MD -MT modules/features2d/CMakeFiles/opencv_features2d.dir/sift.sse4_1.cpp.o -MF modules/features2d/CMakeFiles/opencv_features2d.dir/sift.sse4_1.cpp.o.d -o modules/features2d/CMakeFiles/opencv_features2d.dir/sift.sse4_1.cpp.o -c /home/uilian/.conan2/p/b/openc0f1bf19f37050/b/build/Release/modules/features2d/sift.sse4_1.cpp
[287/411] /usr/bin/g++-13 -DCVAPI_EXPORTS -D_USE_MATH_DEFINES -D__OPENCV_BUILD=1 -D__STDC_CONSTANT_MACROS -D__STDC_FORMAT_MACROS -D__STDC_LIMIT_MACROS -I/home/uilian/.conan2/p/b/openc0f1bf19f37050/b/src/modules/features2d/include -I/home/uilian/.conan2/p/b/openc0f1bf19f37050/b/build/Release/modules/features2d -I/home/uilian/.conan2/p/b/openc0f1bf19f37050/b/src/modules/core/include -I/home/uilian/.conan2/p/b/openc0f1bf19f37050/b/src/modules/flann/include -I/home/uilian/.conan2/p/b/openc0f1bf19f37050/b/src/modules/imgproc/include -isystem /home/uilian/.conan2/p/b/openc0f1bf19f37050/b/build/Release -isystem /home/uilian/.conan2/p/eigen5481853932f72/p/include/eigen3 -m64   -fsigned-char -W -Wall -Wreturn-type -Wnon-virtual-dtor -Waddress -Wsequence-point -Wformat -Wformat-security -Wmissing-declarations -Wundef -Winit-self -Wpointer-arith -Wshadow -Wsign-promo -Wuninitialized -Wsuggest-override -Wno-delete-non-virtual-dtor -Wno-comment -Wimplicit-fallthrough=3 -Wno-strict-overflow -fdiagnostics-show-option -Wno-long-long -pthread -fomit-frame-pointer -ffunction-sections -fdata-sections  -msse -msse2 -msse3 -fvisibility=hidden -fvisibility-inlines-hidden -O3 -DNDEBUG  -DNDEBUG -std=gnu++11 -fPIC -MD -MT modules/features2d/CMakeFiles/opencv_features2d.dir/src/sift.dispatch.cpp.o -MF modules/features2d/CMakeFiles/opencv_features2d.dir/src/sift.dispatch.cpp.o.d -o modules/features2d/CMakeFiles/opencv_features2d.dir/src/sift.dispatch.cpp.o -c /home/uilian/.conan2/p/b/openc0f1bf19f37050/b/src/modules/features2d/src/sift.dispatch.cpp
[288/411] /usr/bin/g++-13 -DCVAPI_EXPORTS -D_USE_MATH_DEFINES -D__OPENCV_BUILD=1 -D__STDC_CONSTANT_MACROS -D__STDC_FORMAT_MACROS -D__STDC_LIMIT_MACROS -DCV_CPU_COMPILE_AVX2=1 -DCV_CPU_COMPILE_AVX=1 -DCV_CPU_COMPILE_FMA3=1 -DCV_CPU_COMPILE_FP16=1 -DCV_CPU_COMPILE_POPCNT=1 -DCV_CPU_COMPILE_SSE4_1=1 -DCV_CPU_COMPILE_SSE4_2=1 -DCV_CPU_COMPILE_SSSE3=1 -DCV_CPU_DISPATCH_MODE=AVX2 -I/home/uilian/.conan2/p/b/openc0f1bf19f37050/b/src/modules/features2d/include -I/home/uilian/.conan2/p/b/openc0f1bf19f37050/b/build/Release/modules/features2d -I/home/uilian/.conan2/p/b/openc0f1bf19f37050/b/src/modules/core/include -I/home/uilian/.conan2/p/b/openc0f1bf19f37050/b/src/modules/flann/include -I/home/uilian/.conan2/p/b/openc0f1bf19f37050/b/src/modules/imgproc/include -isystem /home/uilian/.conan2/p/b/openc0f1bf19f37050/b/build/Release -isystem /home/uilian/.conan2/p/eigen5481853932f72/p/include/eigen3 -m64   -fsigned-char -W -Wall -Wreturn-type -Wnon-virtual-dtor -Waddress -Wsequence-point -Wformat -Wformat-security -Wmissing-declarations -Wundef -Winit-self -Wpointer-arith -Wshadow -Wsign-promo -Wuninitialized -Wsuggest-override -Wno-delete-non-virtual-dtor -Wno-comment -Wimplicit-fallthrough=3 -Wno-strict-overflow -fdiagnostics-show-option -Wno-long-long -pthread -fomit-frame-pointer -ffunction-sections -fdata-sections  -msse -msse2 -msse3 -fvisibility=hidden -fvisibility-inlines-hidden -O3 -DNDEBUG  -DNDEBUG -std=gnu++11 -fPIC  -mssse3 -msse4.1 -mpopcnt -msse4.2 -mf16c -mfma -mavx -mavx2 -MD -MT modules/features2d/CMakeFiles/opencv_features2d.dir/src/fast.avx2.cpp.o -MF modules/features2d/CMakeFiles/opencv_features2d.dir/src/fast.avx2.cpp.o.d -o modules/features2d/CMakeFiles/opencv_features2d.dir/src/fast.avx2.cpp.o -c /home/uilian/.conan2/p/b/openc0f1bf19f37050/b/src/modules/features2d/src/fast.avx2.cpp
[289/411] /usr/bin/g++-13 -DCVAPI_EXPORTS -D_USE_MATH_DEFINES -D__OPENCV_BUILD=1 -D__STDC_CONSTANT_MACROS -D__STDC_FORMAT_MACROS -D__STDC_LIMIT_MACROS -I/home/uilian/.conan2/p/b/openc0f1bf19f37050/b/src/modules/video/include -I/home/uilian/.conan2/p/b/openc0f1bf19f37050/b/build/Release/modules/video -I/home/uilian/.conan2/p/b/openc0f1bf19f37050/b/src/modules/core/include -I/home/uilian/.conan2/p/b/openc0f1bf19f37050/b/src/modules/imgproc/include -isystem /home/uilian/.conan2/p/b/openc0f1bf19f37050/b/build/Release -isystem /home/uilian/.conan2/p/eigen5481853932f72/p/include/eigen3 -m64   -fsigned-char -W -Wall -Wreturn-type -Wnon-virtual-dtor -Waddress -Wsequence-point -Wformat -Wformat-security -Wmissing-declarations -Wundef -Winit-self -Wpointer-arith -Wshadow -Wsign-promo -Wuninitialized -Wsuggest-override -Wno-delete-non-virtual-dtor -Wno-comment -Wimplicit-fallthrough=3 -Wno-strict-overflow -fdiagnostics-show-option -Wno-long-long -pthread -fomit-frame-pointer -ffunction-sections -fdata-sections  -msse -msse2 -msse3 -fvisibility=hidden -fvisibility-inlines-hidden -O3 -DNDEBUG  -DNDEBUG -std=gnu++11 -fPIC -MD -MT modules/video/CMakeFiles/opencv_video.dir/src/bgfg_gaussmix2.cpp.o -MF modules/video/CMakeFiles/opencv_video.dir/src/bgfg_gaussmix2.cpp.o.d -o modules/video/CMakeFiles/opencv_video.dir/src/bgfg_gaussmix2.cpp.o -c /home/uilian/.conan2/p/b/openc0f1bf19f37050/b/src/modules/video/src/bgfg_gaussmix2.cpp
[290/411] /usr/bin/g++-13 -DCVAPI_EXPORTS -D_USE_MATH_DEFINES -D__OPENCV_BUILD=1 -D__STDC_CONSTANT_MACROS -D__STDC_FORMAT_MACROS -D__STDC_LIMIT_MACROS -I/home/uilian/.conan2/p/b/openc0f1bf19f37050/b/src/modules/video/include -I/home/uilian/.conan2/p/b/openc0f1bf19f37050/b/build/Release/modules/video -I/home/uilian/.conan2/p/b/openc0f1bf19f37050/b/src/modules/core/include -I/home/uilian/.conan2/p/b/openc0f1bf19f37050/b/src/modules/imgproc/include -isystem /home/uilian/.conan2/p/b/openc0f1bf19f37050/b/build/Release -isystem /home/uilian/.conan2/p/eigen5481853932f72/p/include/eigen3 -m64   -fsigned-char -W -Wall -Wreturn-type -Wnon-virtual-dtor -Waddress -Wsequence-point -Wformat -Wformat-security -Wmissing-declarations -Wundef -Winit-self -Wpointer-arith -Wshadow -Wsign-promo -Wuninitialized -Wsuggest-override -Wno-delete-non-virtual-dtor -Wno-comment -Wimplicit-fallthrough=3 -Wno-strict-overflow -fdiagnostics-show-option -Wno-long-long -pthread -fomit-frame-pointer -ffunction-sections -fdata-sections  -msse -msse2 -msse3 -fvisibility=hidden -fvisibility-inlines-hidden -O3 -DNDEBUG  -DNDEBUG -std=gnu++11 -fPIC -MD -MT modules/video/CMakeFiles/opencv_video.dir/src/camshift.cpp.o -MF modules/video/CMakeFiles/opencv_video.dir/src/camshift.cpp.o.d -o modules/video/CMakeFiles/opencv_video.dir/src/camshift.cpp.o -c /home/uilian/.conan2/p/b/openc0f1bf19f37050/b/src/modules/video/src/camshift.cpp
[291/411] /opt/pyenv/versions/3.12.4/lib/python3.12/site-packages/cmake/data/bin/cmake -E cmake_symlink_library lib/libopencv_imgcodecs.so.3.4.20  lib/libopencv_imgcodecs.so.3.4 lib/libopencv_imgcodecs.so && :
[292/411] : && /usr/bin/g++-13 -fPIC -m64   -fsigned-char -W -Wall -Wreturn-type -Wnon-virtual-dtor -Waddress -Wsequence-point -Wformat -Wformat-security -Wmissing-declarations -Wundef -Winit-self -Wpointer-arith -Wshadow -Wsign-promo -Wuninitialized -Wsuggest-override -Wno-delete-non-virtual-dtor -Wno-comment -Wimplicit-fallthrough=3 -Wno-strict-overflow -fdiagnostics-show-option -Wno-long-long -pthread -fomit-frame-pointer -ffunction-sections -fdata-sections  -msse -msse2 -msse3 -fvisibility=hidden -fvisibility-inlines-hidden -Wno-deprecated-declarations -O3 -DNDEBUG  -DNDEBUG  -m64  -Wl,--gc-sections -Wl,--as-needed -Wl,--no-undefined -shared -Wl,-soname,libopencv_videoio.so.3.4 -o lib/libopencv_videoio.so.3.4.20 modules/videoio/CMakeFiles/opencv_videoio.dir/src/videoio_registry.cpp.o modules/videoio/CMakeFiles/opencv_videoio.dir/src/videoio_c.cpp.o modules/videoio/CMakeFiles/opencv_videoio.dir/src/cap.cpp.o modules/videoio/CMakeFiles/opencv_videoio.dir/src/cap_images.cpp.o modules/videoio/CMakeFiles/opencv_videoio.dir/src/cap_mjpeg_encoder.cpp.o modules/videoio/CMakeFiles/opencv_videoio.dir/src/cap_mjpeg_decoder.cpp.o modules/videoio/CMakeFiles/opencv_videoio.dir/src/container_avi.cpp.o  -Wl,-rpath,/home/uilian/.conan2/p/b/openc0f1bf19f37050/b/build/Release/lib:  lib/libopencv_imgcodecs.so.3.4.20  -ldl  -lm  -lpthread  -lrt  lib/libopencv_imgproc.so.3.4.20  lib/libopencv_core.so.3.4.20  -lm && :
[293/411] /usr/bin/g++-13 -DCVAPI_EXPORTS -D_USE_MATH_DEFINES -D__OPENCV_BUILD=1 -D__STDC_CONSTANT_MACROS -D__STDC_FORMAT_MACROS -D__STDC_LIMIT_MACROS -DCV_CPU_COMPILE_AVX2=1 -DCV_CPU_COMPILE_AVX=1 -DCV_CPU_COMPILE_FMA3=1 -DCV_CPU_COMPILE_FP16=1 -DCV_CPU_COMPILE_POPCNT=1 -DCV_CPU_COMPILE_SSE4_1=1 -DCV_CPU_COMPILE_SSE4_2=1 -DCV_CPU_COMPILE_SSSE3=1 -DCV_CPU_DISPATCH_MODE=AVX2 -I/home/uilian/.conan2/p/b/openc0f1bf19f37050/b/src/modules/features2d/include -I/home/uilian/.conan2/p/b/openc0f1bf19f37050/b/build/Release/modules/features2d -I/home/uilian/.conan2/p/b/openc0f1bf19f37050/b/src/modules/core/include -I/home/uilian/.conan2/p/b/openc0f1bf19f37050/b/src/modules/flann/include -I/home/uilian/.conan2/p/b/openc0f1bf19f37050/b/src/modules/imgproc/include -isystem /home/uilian/.conan2/p/b/openc0f1bf19f37050/b/build/Release -isystem /home/uilian/.conan2/p/eigen5481853932f72/p/include/eigen3 -m64   -fsigned-char -W -Wall -Wreturn-type -Wnon-virtual-dtor -Waddress -Wsequence-point -Wformat -Wformat-security -Wmissing-declarations -Wundef -Winit-self -Wpointer-arith -Wshadow -Wsign-promo -Wuninitialized -Wsuggest-override -Wno-delete-non-virtual-dtor -Wno-comment -Wimplicit-fallthrough=3 -Wno-strict-overflow -fdiagnostics-show-option -Wno-long-long -pthread -fomit-frame-pointer -ffunction-sections -fdata-sections  -msse -msse2 -msse3 -fvisibility=hidden -fvisibility-inlines-hidden -O3 -DNDEBUG  -DNDEBUG -std=gnu++11 -fPIC  -mssse3 -msse4.1 -mpopcnt -msse4.2 -mf16c -mfma -mavx -mavx2 -MD -MT modules/features2d/CMakeFiles/opencv_features2d.dir/sift.avx2.cpp.o -MF modules/features2d/CMakeFiles/opencv_features2d.dir/sift.avx2.cpp.o.d -o modules/features2d/CMakeFiles/opencv_features2d.dir/sift.avx2.cpp.o -c /home/uilian/.conan2/p/b/openc0f1bf19f37050/b/build/Release/modules/features2d/sift.avx2.cpp
[294/411] /usr/bin/g++-13 -DCVAPI_EXPORTS -D_USE_MATH_DEFINES -D__OPENCV_BUILD=1 -D__STDC_CONSTANT_MACROS -D__STDC_FORMAT_MACROS -D__STDC_LIMIT_MACROS -I/home/uilian/.conan2/p/b/openc0f1bf19f37050/b/src/modules/video/include -I/home/uilian/.conan2/p/b/openc0f1bf19f37050/b/build/Release/modules/video -I/home/uilian/.conan2/p/b/openc0f1bf19f37050/b/src/modules/core/include -I/home/uilian/.conan2/p/b/openc0f1bf19f37050/b/src/modules/imgproc/include -isystem /home/uilian/.conan2/p/b/openc0f1bf19f37050/b/build/Release -isystem /home/uilian/.conan2/p/eigen5481853932f72/p/include/eigen3 -m64   -fsigned-char -W -Wall -Wreturn-type -Wnon-virtual-dtor -Waddress -Wsequence-point -Wformat -Wformat-security -Wmissing-declarations -Wundef -Winit-self -Wpointer-arith -Wshadow -Wsign-promo -Wuninitialized -Wsuggest-override -Wno-delete-non-virtual-dtor -Wno-comment -Wimplicit-fallthrough=3 -Wno-strict-overflow -fdiagnostics-show-option -Wno-long-long -pthread -fomit-frame-pointer -ffunction-sections -fdata-sections  -msse -msse2 -msse3 -fvisibility=hidden -fvisibility-inlines-hidden -O3 -DNDEBUG  -DNDEBUG -std=gnu++11 -fPIC -MD -MT modules/video/CMakeFiles/opencv_video.dir/src/compat_video.cpp.o -MF modules/video/CMakeFiles/opencv_video.dir/src/compat_video.cpp.o.d -o modules/video/CMakeFiles/opencv_video.dir/src/compat_video.cpp.o -c /home/uilian/.conan2/p/b/openc0f1bf19f37050/b/src/modules/video/src/compat_video.cpp
[295/411] /usr/bin/g++-13 -DCVAPI_EXPORTS -D_USE_MATH_DEFINES -D__OPENCV_BUILD=1 -D__STDC_CONSTANT_MACROS -D__STDC_FORMAT_MACROS -D__STDC_LIMIT_MACROS -I/home/uilian/.conan2/p/b/openc0f1bf19f37050/b/src/modules/video/include -I/home/uilian/.conan2/p/b/openc0f1bf19f37050/b/build/Release/modules/video -I/home/uilian/.conan2/p/b/openc0f1bf19f37050/b/src/modules/core/include -I/home/uilian/.conan2/p/b/openc0f1bf19f37050/b/src/modules/imgproc/include -isystem /home/uilian/.conan2/p/b/openc0f1bf19f37050/b/build/Release -isystem /home/uilian/.conan2/p/eigen5481853932f72/p/include/eigen3 -m64   -fsigned-char -W -Wall -Wreturn-type -Wnon-virtual-dtor -Waddress -Wsequence-point -Wformat -Wformat-security -Wmissing-declarations -Wundef -Winit-self -Wpointer-arith -Wshadow -Wsign-promo -Wuninitialized -Wsuggest-override -Wno-delete-non-virtual-dtor -Wno-comment -Wimplicit-fallthrough=3 -Wno-strict-overflow -fdiagnostics-show-option -Wno-long-long -pthread -fomit-frame-pointer -ffunction-sections -fdata-sections  -msse -msse2 -msse3 -fvisibility=hidden -fvisibility-inlines-hidden -O3 -DNDEBUG  -DNDEBUG -std=gnu++11 -fPIC -MD -MT modules/video/CMakeFiles/opencv_video.dir/opencl_kernels_video.cpp.o -MF modules/video/CMakeFiles/opencv_video.dir/opencl_kernels_video.cpp.o.d -o modules/video/CMakeFiles/opencv_video.dir/opencl_kernels_video.cpp.o -c /home/uilian/.conan2/p/b/openc0f1bf19f37050/b/build/Release/modules/video/opencl_kernels_video.cpp
[296/411] /usr/bin/g++-13 -DCVAPI_EXPORTS -D_USE_MATH_DEFINES -D__OPENCV_BUILD=1 -D__STDC_CONSTANT_MACROS -D__STDC_FORMAT_MACROS -D__STDC_LIMIT_MACROS -DCV_CPU_COMPILE_AVX2=1 -DCV_CPU_COMPILE_AVX512_COMMON=1 -DCV_CPU_COMPILE_AVX512_SKX=1 -DCV_CPU_COMPILE_AVX=1 -DCV_CPU_COMPILE_AVX_512F=1 -DCV_CPU_COMPILE_FMA3=1 -DCV_CPU_COMPILE_FP16=1 -DCV_CPU_COMPILE_POPCNT=1 -DCV_CPU_COMPILE_SSE4_1=1 -DCV_CPU_COMPILE_SSE4_2=1 -DCV_CPU_COMPILE_SSSE3=1 -DCV_CPU_DISPATCH_MODE=AVX512_SKX -I/home/uilian/.conan2/p/b/openc0f1bf19f37050/b/src/modules/features2d/include -I/home/uilian/.conan2/p/b/openc0f1bf19f37050/b/build/Release/modules/features2d -I/home/uilian/.conan2/p/b/openc0f1bf19f37050/b/src/modules/core/include -I/home/uilian/.conan2/p/b/openc0f1bf19f37050/b/src/modules/flann/include -I/home/uilian/.conan2/p/b/openc0f1bf19f37050/b/src/modules/imgproc/include -isystem /home/uilian/.conan2/p/b/openc0f1bf19f37050/b/build/Release -isystem /home/uilian/.conan2/p/eigen5481853932f72/p/include/eigen3 -m64   -fsigned-char -W -Wall -Wreturn-type -Wnon-virtual-dtor -Waddress -Wsequence-point -Wformat -Wformat-security -Wmissing-declarations -Wundef -Winit-self -Wpointer-arith -Wshadow -Wsign-promo -Wuninitialized -Wsuggest-override -Wno-delete-non-virtual-dtor -Wno-comment -Wimplicit-fallthrough=3 -Wno-strict-overflow -fdiagnostics-show-option -Wno-long-long -pthread -fomit-frame-pointer -ffunction-sections -fdata-sections  -msse -msse2 -msse3 -fvisibility=hidden -fvisibility-inlines-hidden -O3 -DNDEBUG  -DNDEBUG -std=gnu++11 -fPIC  -mssse3 -msse4.1 -mpopcnt -msse4.2 -mf16c -mfma -mavx -mavx2 -mavx512f -mavx512f -mavx512cd -mavx512f -mavx512cd -mavx512vl -mavx512bw -mavx512dq -MD -MT modules/features2d/CMakeFiles/opencv_features2d.dir/sift.avx512_skx.cpp.o -MF modules/features2d/CMakeFiles/opencv_features2d.dir/sift.avx512_skx.cpp.o.d -o modules/features2d/CMakeFiles/opencv_features2d.dir/sift.avx512_skx.cpp.o -c /home/uilian/.conan2/p/b/openc0f1bf19f37050/b/build/Release/modules/features2d/sift.avx512_skx.cpp
[297/411] /usr/bin/g++-13 -DCVAPI_EXPORTS -D_USE_MATH_DEFINES -D__OPENCV_BUILD=1 -D__STDC_CONSTANT_MACROS -D__STDC_FORMAT_MACROS -D__STDC_LIMIT_MACROS -I/home/uilian/.conan2/p/b/openc0f1bf19f37050/b/src/modules/video/include -I/home/uilian/.conan2/p/b/openc0f1bf19f37050/b/build/Release/modules/video -I/home/uilian/.conan2/p/b/openc0f1bf19f37050/b/src/modules/core/include -I/home/uilian/.conan2/p/b/openc0f1bf19f37050/b/src/modules/imgproc/include -isystem /home/uilian/.conan2/p/b/openc0f1bf19f37050/b/build/Release -isystem /home/uilian/.conan2/p/eigen5481853932f72/p/include/eigen3 -m64   -fsigned-char -W -Wall -Wreturn-type -Wnon-virtual-dtor -Waddress -Wsequence-point -Wformat -Wformat-security -Wmissing-declarations -Wundef -Winit-self -Wpointer-arith -Wshadow -Wsign-promo -Wuninitialized -Wsuggest-override -Wno-delete-non-virtual-dtor -Wno-comment -Wimplicit-fallthrough=3 -Wno-strict-overflow -fdiagnostics-show-option -Wno-long-long -pthread -fomit-frame-pointer -ffunction-sections -fdata-sections  -msse -msse2 -msse3 -fvisibility=hidden -fvisibility-inlines-hidden -O3 -DNDEBUG  -DNDEBUG -std=gnu++11 -fPIC -MD -MT modules/video/CMakeFiles/opencv_video.dir/src/kalman.cpp.o -MF modules/video/CMakeFiles/opencv_video.dir/src/kalman.cpp.o.d -o modules/video/CMakeFiles/opencv_video.dir/src/kalman.cpp.o -c /home/uilian/.conan2/p/b/openc0f1bf19f37050/b/src/modules/video/src/kalman.cpp
[298/411] /opt/pyenv/versions/3.12.4/lib/python3.12/site-packages/cmake/data/bin/cmake -E cmake_symlink_library lib/libopencv_videoio.so.3.4.20  lib/libopencv_videoio.so.3.4 lib/libopencv_videoio.so && :
[299/411] /usr/bin/g++-13 -DCVAPI_EXPORTS -D_USE_MATH_DEFINES -D__OPENCV_BUILD=1 -D__STDC_CONSTANT_MACROS -D__STDC_FORMAT_MACROS -D__STDC_LIMIT_MACROS -I/home/uilian/.conan2/p/b/openc0f1bf19f37050/b/src/modules/photo/include -I/home/uilian/.conan2/p/b/openc0f1bf19f37050/b/build/Release/modules/photo -I/home/uilian/.conan2/p/b/openc0f1bf19f37050/b/src/modules/core/include -I/home/uilian/.conan2/p/b/openc0f1bf19f37050/b/src/modules/imgproc/include -isystem /home/uilian/.conan2/p/b/openc0f1bf19f37050/b/build/Release -isystem /home/uilian/.conan2/p/eigen5481853932f72/p/include/eigen3 -m64   -fsigned-char -W -Wall -Wreturn-type -Wnon-virtual-dtor -Waddress -Wsequence-point -Wformat -Wformat-security -Wmissing-declarations -Wundef -Winit-self -Wpointer-arith -Wshadow -Wsign-promo -Wuninitialized -Wsuggest-override -Wno-delete-non-virtual-dtor -Wno-comment -Wimplicit-fallthrough=3 -Wno-strict-overflow -fdiagnostics-show-option -Wno-long-long -pthread -fomit-frame-pointer -ffunction-sections -fdata-sections  -msse -msse2 -msse3 -fvisibility=hidden -fvisibility-inlines-hidden -O3 -DNDEBUG  -DNDEBUG -std=gnu++11 -fPIC -MD -MT modules/photo/CMakeFiles/opencv_photo.dir/opencl_kernels_photo.cpp.o -MF modules/photo/CMakeFiles/opencv_photo.dir/opencl_kernels_photo.cpp.o.d -o modules/photo/CMakeFiles/opencv_photo.dir/opencl_kernels_photo.cpp.o -c /home/uilian/.conan2/p/b/openc0f1bf19f37050/b/build/Release/modules/photo/opencl_kernels_photo.cpp
[300/411] /usr/bin/g++-13 -DCVAPI_EXPORTS -D_USE_MATH_DEFINES -D__OPENCV_BUILD=1 -D__STDC_CONSTANT_MACROS -D__STDC_FORMAT_MACROS -D__STDC_LIMIT_MACROS -I/home/uilian/.conan2/p/b/openc0f1bf19f37050/b/src/modules/video/include -I/home/uilian/.conan2/p/b/openc0f1bf19f37050/b/build/Release/modules/video -I/home/uilian/.conan2/p/b/openc0f1bf19f37050/b/src/modules/core/include -I/home/uilian/.conan2/p/b/openc0f1bf19f37050/b/src/modules/imgproc/include -isystem /home/uilian/.conan2/p/b/openc0f1bf19f37050/b/build/Release -isystem /home/uilian/.conan2/p/eigen5481853932f72/p/include/eigen3 -m64   -fsigned-char -W -Wall -Wreturn-type -Wnon-virtual-dtor -Waddress -Wsequence-point -Wformat -Wformat-security -Wmissing-declarations -Wundef -Winit-self -Wpointer-arith -Wshadow -Wsign-promo -Wuninitialized -Wsuggest-override -Wno-delete-non-virtual-dtor -Wno-comment -Wimplicit-fallthrough=3 -Wno-strict-overflow -fdiagnostics-show-option -Wno-long-long -pthread -fomit-frame-pointer -ffunction-sections -fdata-sections  -msse -msse2 -msse3 -fvisibility=hidden -fvisibility-inlines-hidden -O3 -DNDEBUG  -DNDEBUG -std=gnu++11 -fPIC -MD -MT modules/video/CMakeFiles/opencv_video.dir/src/ecc.cpp.o -MF modules/video/CMakeFiles/opencv_video.dir/src/ecc.cpp.o.d -o modules/video/CMakeFiles/opencv_video.dir/src/ecc.cpp.o -c /home/uilian/.conan2/p/b/openc0f1bf19f37050/b/src/modules/video/src/ecc.cpp
[301/411] /usr/bin/g++-13 -DCVAPI_EXPORTS -D_USE_MATH_DEFINES -D__OPENCV_BUILD=1 -D__STDC_CONSTANT_MACROS -D__STDC_FORMAT_MACROS -D__STDC_LIMIT_MACROS -I/home/uilian/.conan2/p/b/openc0f1bf19f37050/b/src/modules/video/include -I/home/uilian/.conan2/p/b/openc0f1bf19f37050/b/build/Release/modules/video -I/home/uilian/.conan2/p/b/openc0f1bf19f37050/b/src/modules/core/include -I/home/uilian/.conan2/p/b/openc0f1bf19f37050/b/src/modules/imgproc/include -isystem /home/uilian/.conan2/p/b/openc0f1bf19f37050/b/build/Release -isystem /home/uilian/.conan2/p/eigen5481853932f72/p/include/eigen3 -m64   -fsigned-char -W -Wall -Wreturn-type -Wnon-virtual-dtor -Waddress -Wsequence-point -Wformat -Wformat-security -Wmissing-declarations -Wundef -Winit-self -Wpointer-arith -Wshadow -Wsign-promo -Wuninitialized -Wsuggest-override -Wno-delete-non-virtual-dtor -Wno-comment -Wimplicit-fallthrough=3 -Wno-strict-overflow -fdiagnostics-show-option -Wno-long-long -pthread -fomit-frame-pointer -ffunction-sections -fdata-sections  -msse -msse2 -msse3 -fvisibility=hidden -fvisibility-inlines-hidden -O3 -DNDEBUG  -DNDEBUG -std=gnu++11 -fPIC -MD -MT modules/video/CMakeFiles/opencv_video.dir/src/optflowgf.cpp.o -MF modules/video/CMakeFiles/opencv_video.dir/src/optflowgf.cpp.o.d -o modules/video/CMakeFiles/opencv_video.dir/src/optflowgf.cpp.o -c /home/uilian/.conan2/p/b/openc0f1bf19f37050/b/src/modules/video/src/optflowgf.cpp
[302/411] /usr/bin/g++-13 -DCVAPI_EXPORTS -D_USE_MATH_DEFINES -D__OPENCV_BUILD=1 -D__STDC_CONSTANT_MACROS -D__STDC_FORMAT_MACROS -D__STDC_LIMIT_MACROS -I/home/uilian/.conan2/p/b/openc0f1bf19f37050/b/src/modules/photo/include -I/home/uilian/.conan2/p/b/openc0f1bf19f37050/b/build/Release/modules/photo -I/home/uilian/.conan2/p/b/openc0f1bf19f37050/b/src/modules/core/include -I/home/uilian/.conan2/p/b/openc0f1bf19f37050/b/src/modules/imgproc/include -isystem /home/uilian/.conan2/p/b/openc0f1bf19f37050/b/build/Release -isystem /home/uilian/.conan2/p/eigen5481853932f72/p/include/eigen3 -m64   -fsigned-char -W -Wall -Wreturn-type -Wnon-virtual-dtor -Waddress -Wsequence-point -Wformat -Wformat-security -Wmissing-declarations -Wundef -Winit-self -Wpointer-arith -Wshadow -Wsign-promo -Wuninitialized -Wsuggest-override -Wno-delete-non-virtual-dtor -Wno-comment -Wimplicit-fallthrough=3 -Wno-strict-overflow -fdiagnostics-show-option -Wno-long-long -pthread -fomit-frame-pointer -ffunction-sections -fdata-sections  -msse -msse2 -msse3 -fvisibility=hidden -fvisibility-inlines-hidden -O3 -DNDEBUG  -DNDEBUG -std=gnu++11 -fPIC -MD -MT modules/photo/CMakeFiles/opencv_photo.dir/src/seamless_cloning.cpp.o -MF modules/photo/CMakeFiles/opencv_photo.dir/src/seamless_cloning.cpp.o.d -o modules/photo/CMakeFiles/opencv_photo.dir/src/seamless_cloning.cpp.o -c /home/uilian/.conan2/p/b/openc0f1bf19f37050/b/src/modules/photo/src/seamless_cloning.cpp
[303/411] /usr/bin/g++-13 -DCVAPI_EXPORTS -D_USE_MATH_DEFINES -D__OPENCV_BUILD=1 -D__STDC_CONSTANT_MACROS -D__STDC_FORMAT_MACROS -D__STDC_LIMIT_MACROS -I/home/uilian/.conan2/p/b/openc0f1bf19f37050/b/src/modules/video/include -I/home/uilian/.conan2/p/b/openc0f1bf19f37050/b/build/Release/modules/video -I/home/uilian/.conan2/p/b/openc0f1bf19f37050/b/src/modules/core/include -I/home/uilian/.conan2/p/b/openc0f1bf19f37050/b/src/modules/imgproc/include -isystem /home/uilian/.conan2/p/b/openc0f1bf19f37050/b/build/Release -isystem /home/uilian/.conan2/p/eigen5481853932f72/p/include/eigen3 -m64   -fsigned-char -W -Wall -Wreturn-type -Wnon-virtual-dtor -Waddress -Wsequence-point -Wformat -Wformat-security -Wmissing-declarations -Wundef -Winit-self -Wpointer-arith -Wshadow -Wsign-promo -Wuninitialized -Wsuggest-override -Wno-delete-non-virtual-dtor -Wno-comment -Wimplicit-fallthrough=3 -Wno-strict-overflow -fdiagnostics-show-option -Wno-long-long -pthread -fomit-frame-pointer -ffunction-sections -fdata-sections  -msse -msse2 -msse3 -fvisibility=hidden -fvisibility-inlines-hidden -O3 -DNDEBUG  -DNDEBUG -std=gnu++11 -fPIC -MD -MT modules/video/CMakeFiles/opencv_video.dir/src/lkpyramid.cpp.o -MF modules/video/CMakeFiles/opencv_video.dir/src/lkpyramid.cpp.o.d -o modules/video/CMakeFiles/opencv_video.dir/src/lkpyramid.cpp.o -c /home/uilian/.conan2/p/b/openc0f1bf19f37050/b/src/modules/video/src/lkpyramid.cpp
[304/411] /usr/bin/g++-13 -DCVAPI_EXPORTS -D_USE_MATH_DEFINES -D__OPENCV_BUILD=1 -D__STDC_CONSTANT_MACROS -D__STDC_FORMAT_MACROS -D__STDC_LIMIT_MACROS -I/home/uilian/.conan2/p/b/openc0f1bf19f37050/b/src/modules/video/include -I/home/uilian/.conan2/p/b/openc0f1bf19f37050/b/build/Release/modules/video -I/home/uilian/.conan2/p/b/openc0f1bf19f37050/b/src/modules/core/include -I/home/uilian/.conan2/p/b/openc0f1bf19f37050/b/src/modules/imgproc/include -isystem /home/uilian/.conan2/p/b/openc0f1bf19f37050/b/build/Release -isystem /home/uilian/.conan2/p/eigen5481853932f72/p/include/eigen3 -m64   -fsigned-char -W -Wall -Wreturn-type -Wnon-virtual-dtor -Waddress -Wsequence-point -Wformat -Wformat-security -Wmissing-declarations -Wundef -Winit-self -Wpointer-arith -Wshadow -Wsign-promo -Wuninitialized -Wsuggest-override -Wno-delete-non-virtual-dtor -Wno-comment -Wimplicit-fallthrough=3 -Wno-strict-overflow -fdiagnostics-show-option -Wno-long-long -pthread -fomit-frame-pointer -ffunction-sections -fdata-sections  -msse -msse2 -msse3 -fvisibility=hidden -fvisibility-inlines-hidden -O3 -DNDEBUG  -DNDEBUG -std=gnu++11 -fPIC -MD -MT modules/video/CMakeFiles/opencv_video.dir/src/tvl1flow.cpp.o -MF modules/video/CMakeFiles/opencv_video.dir/src/tvl1flow.cpp.o.d -o modules/video/CMakeFiles/opencv_video.dir/src/tvl1flow.cpp.o -c /home/uilian/.conan2/p/b/openc0f1bf19f37050/b/src/modules/video/src/tvl1flow.cpp
[305/411] : && /usr/bin/g++-13 -fPIC -m64   -fsigned-char -W -Wall -Wreturn-type -Wnon-virtual-dtor -Waddress -Wsequence-point -Wformat -Wformat-security -Wmissing-declarations -Wundef -Winit-self -Wpointer-arith -Wshadow -Wsign-promo -Wuninitialized -Wsuggest-override -Wno-delete-non-virtual-dtor -Wno-comment -Wimplicit-fallthrough=3 -Wno-strict-overflow -fdiagnostics-show-option -Wno-long-long -pthread -fomit-frame-pointer -ffunction-sections -fdata-sections  -msse -msse2 -msse3 -fvisibility=hidden -fvisibility-inlines-hidden -O3 -DNDEBUG  -DNDEBUG  -m64  -Wl,--gc-sections -Wl,--as-needed -Wl,--no-undefined -shared -Wl,-soname,libopencv_video.so.3.4 -o lib/libopencv_video.so.3.4.20 modules/video/CMakeFiles/opencv_video.dir/src/bgfg_KNN.cpp.o modules/video/CMakeFiles/opencv_video.dir/src/bgfg_gaussmix2.cpp.o modules/video/CMakeFiles/opencv_video.dir/src/camshift.cpp.o modules/video/CMakeFiles/opencv_video.dir/src/compat_video.cpp.o modules/video/CMakeFiles/opencv_video.dir/src/ecc.cpp.o modules/video/CMakeFiles/opencv_video.dir/src/kalman.cpp.o modules/video/CMakeFiles/opencv_video.dir/src/lkpyramid.cpp.o modules/video/CMakeFiles/opencv_video.dir/src/optflowgf.cpp.o modules/video/CMakeFiles/opencv_video.dir/src/tvl1flow.cpp.o modules/video/CMakeFiles/opencv_video.dir/opencl_kernels_video.cpp.o  -Wl,-rpath,/home/uilian/.conan2/p/b/openc0f1bf19f37050/b/build/Release/lib:  lib/libopencv_imgproc.so.3.4.20  -ldl  -lm  -lpthread  -lrt  lib/libopencv_core.so.3.4.20  -lm && :
[306/411] /opt/pyenv/versions/3.12.4/lib/python3.12/site-packages/cmake/data/bin/cmake -E cmake_symlink_library lib/libopencv_video.so.3.4.20  lib/libopencv_video.so.3.4 lib/libopencv_video.so && :
[307/411] cd /home/uilian/.conan2/p/b/openc0f1bf19f37050/b/build/Release/modules/superres && /opt/pyenv/versions/3.12.4/lib/python3.12/site-packages/cmake/data/bin/cmake -DMODULE_NAME=superres -DCL_DIR=/home/uilian/.conan2/p/b/openc0f1bf19f37050/b/src/modules/superres/src/opencl -DOUTPUT=/home/uilian/.conan2/p/b/openc0f1bf19f37050/b/build/Release/modules/superres/opencl_kernels_superres.cpp -P /home/uilian/.conan2/p/b/openc0f1bf19f37050/b/src/cmake/cl2cpp.cmake
[308/411] /usr/bin/g++-13 -DCVAPI_EXPORTS -D_USE_MATH_DEFINES -D__OPENCV_BUILD=1 -D__STDC_CONSTANT_MACROS -D__STDC_FORMAT_MACROS -D__STDC_LIMIT_MACROS -I/home/uilian/.conan2/p/b/openc0f1bf19f37050/b/src/modules/photo/include -I/home/uilian/.conan2/p/b/openc0f1bf19f37050/b/build/Release/modules/photo -I/home/uilian/.conan2/p/b/openc0f1bf19f37050/b/src/modules/core/include -I/home/uilian/.conan2/p/b/openc0f1bf19f37050/b/src/modules/imgproc/include -isystem /home/uilian/.conan2/p/b/openc0f1bf19f37050/b/build/Release -isystem /home/uilian/.conan2/p/eigen5481853932f72/p/include/eigen3 -m64   -fsigned-char -W -Wall -Wreturn-type -Wnon-virtual-dtor -Waddress -Wsequence-point -Wformat -Wformat-security -Wmissing-declarations -Wundef -Winit-self -Wpointer-arith -Wshadow -Wsign-promo -Wuninitialized -Wsuggest-override -Wno-delete-non-virtual-dtor -Wno-comment -Wimplicit-fallthrough=3 -Wno-strict-overflow -fdiagnostics-show-option -Wno-long-long -pthread -fomit-frame-pointer -ffunction-sections -fdata-sections  -msse -msse2 -msse3 -fvisibility=hidden -fvisibility-inlines-hidden -O3 -DNDEBUG  -DNDEBUG -std=gnu++11 -fPIC -MD -MT modules/photo/CMakeFiles/opencv_photo.dir/src/seamless_cloning_impl.cpp.o -MF modules/photo/CMakeFiles/opencv_photo.dir/src/seamless_cloning_impl.cpp.o.d -o modules/photo/CMakeFiles/opencv_photo.dir/src/seamless_cloning_impl.cpp.o -c /home/uilian/.conan2/p/b/openc0f1bf19f37050/b/src/modules/photo/src/seamless_cloning_impl.cpp
[309/411] /usr/bin/g++-13 -DCVAPI_EXPORTS -D_USE_MATH_DEFINES -D__OPENCV_BUILD=1 -D__STDC_CONSTANT_MACROS -D__STDC_FORMAT_MACROS -D__STDC_LIMIT_MACROS -I/home/uilian/.conan2/p/b/openc0f1bf19f37050/b/src/modules/shape/include -I/home/uilian/.conan2/p/b/openc0f1bf19f37050/b/build/Release/modules/shape -I/home/uilian/.conan2/p/b/openc0f1bf19f37050/b/src/modules/core/include -I/home/uilian/.conan2/p/b/openc0f1bf19f37050/b/src/modules/imgproc/include -I/home/uilian/.conan2/p/b/openc0f1bf19f37050/b/src/modules/video/include -isystem /home/uilian/.conan2/p/b/openc0f1bf19f37050/b/build/Release -isystem /home/uilian/.conan2/p/eigen5481853932f72/p/include/eigen3 -m64   -fsigned-char -W -Wall -Wreturn-type -Wnon-virtual-dtor -Waddress -Wsequence-point -Wformat -Wformat-security -Wmissing-declarations -Wundef -Winit-self -Wpointer-arith -Wshadow -Wsign-promo -Wuninitialized -Wsuggest-override -Wno-delete-non-virtual-dtor -Wno-comment -Wimplicit-fallthrough=3 -Wno-strict-overflow -fdiagnostics-show-option -Wno-long-long -pthread -fomit-frame-pointer -ffunction-sections -fdata-sections  -msse -msse2 -msse3 -fvisibility=hidden -fvisibility-inlines-hidden -O3 -DNDEBUG  -DNDEBUG -std=gnu++11 -fPIC -MD -MT modules/shape/CMakeFiles/opencv_shape.dir/src/aff_trans.cpp.o -MF modules/shape/CMakeFiles/opencv_shape.dir/src/aff_trans.cpp.o.d -o modules/shape/CMakeFiles/opencv_shape.dir/src/aff_trans.cpp.o -c /home/uilian/.conan2/p/b/openc0f1bf19f37050/b/src/modules/shape/src/aff_trans.cpp
[310/411] /usr/bin/g++-13 -DCVAPI_EXPORTS -D_USE_MATH_DEFINES -D__OPENCV_BUILD=1 -D__STDC_CONSTANT_MACROS -D__STDC_FORMAT_MACROS -D__STDC_LIMIT_MACROS -I/home/uilian/.conan2/p/b/openc0f1bf19f37050/b/src/modules/photo/include -I/home/uilian/.conan2/p/b/openc0f1bf19f37050/b/build/Release/modules/photo -I/home/uilian/.conan2/p/b/openc0f1bf19f37050/b/src/modules/core/include -I/home/uilian/.conan2/p/b/openc0f1bf19f37050/b/src/modules/imgproc/include -isystem /home/uilian/.conan2/p/b/openc0f1bf19f37050/b/build/Release -isystem /home/uilian/.conan2/p/eigen5481853932f72/p/include/eigen3 -m64   -fsigned-char -W -Wall -Wreturn-type -Wnon-virtual-dtor -Waddress -Wsequence-point -Wformat -Wformat-security -Wmissing-declarations -Wundef -Winit-self -Wpointer-arith -Wshadow -Wsign-promo -Wuninitialized -Wsuggest-override -Wno-delete-non-virtual-dtor -Wno-comment -Wimplicit-fallthrough=3 -Wno-strict-overflow -fdiagnostics-show-option -Wno-long-long -pthread -fomit-frame-pointer -ffunction-sections -fdata-sections  -msse -msse2 -msse3 -fvisibility=hidden -fvisibility-inlines-hidden -O3 -DNDEBUG  -DNDEBUG -std=gnu++11 -fPIC -MD -MT modules/photo/CMakeFiles/opencv_photo.dir/src/npr.cpp.o -MF modules/photo/CMakeFiles/opencv_photo.dir/src/npr.cpp.o.d -o modules/photo/CMakeFiles/opencv_photo.dir/src/npr.cpp.o -c /home/uilian/.conan2/p/b/openc0f1bf19f37050/b/src/modules/photo/src/npr.cpp
[311/411] /usr/bin/g++-13 -DCVAPI_EXPORTS -D_USE_MATH_DEFINES -D__OPENCV_BUILD=1 -D__STDC_CONSTANT_MACROS -D__STDC_FORMAT_MACROS -D__STDC_LIMIT_MACROS -I/home/uilian/.conan2/p/b/openc0f1bf19f37050/b/src/modules/photo/include -I/home/uilian/.conan2/p/b/openc0f1bf19f37050/b/build/Release/modules/photo -I/home/uilian/.conan2/p/b/openc0f1bf19f37050/b/src/modules/core/include -I/home/uilian/.conan2/p/b/openc0f1bf19f37050/b/src/modules/imgproc/include -isystem /home/uilian/.conan2/p/b/openc0f1bf19f37050/b/build/Release -isystem /home/uilian/.conan2/p/eigen5481853932f72/p/include/eigen3 -m64   -fsigned-char -W -Wall -Wreturn-type -Wnon-virtual-dtor -Waddress -Wsequence-point -Wformat -Wformat-security -Wmissing-declarations -Wundef -Winit-self -Wpointer-arith -Wshadow -Wsign-promo -Wuninitialized -Wsuggest-override -Wno-delete-non-virtual-dtor -Wno-comment -Wimplicit-fallthrough=3 -Wno-strict-overflow -fdiagnostics-show-option -Wno-long-long -pthread -fomit-frame-pointer -ffunction-sections -fdata-sections  -msse -msse2 -msse3 -fvisibility=hidden -fvisibility-inlines-hidden -O3 -DNDEBUG  -DNDEBUG -std=gnu++11 -fPIC -MD -MT modules/photo/CMakeFiles/opencv_photo.dir/src/tonemap.cpp.o -MF modules/photo/CMakeFiles/opencv_photo.dir/src/tonemap.cpp.o.d -o modules/photo/CMakeFiles/opencv_photo.dir/src/tonemap.cpp.o -c /home/uilian/.conan2/p/b/openc0f1bf19f37050/b/src/modules/photo/src/tonemap.cpp
[312/411] /usr/bin/g++-13 -DCVAPI_EXPORTS -D_USE_MATH_DEFINES -D__OPENCV_BUILD=1 -D__STDC_CONSTANT_MACROS -D__STDC_FORMAT_MACROS -D__STDC_LIMIT_MACROS -I/home/uilian/.conan2/p/b/openc0f1bf19f37050/b/src/modules/shape/include -I/home/uilian/.conan2/p/b/openc0f1bf19f37050/b/build/Release/modules/shape -I/home/uilian/.conan2/p/b/openc0f1bf19f37050/b/src/modules/core/include -I/home/uilian/.conan2/p/b/openc0f1bf19f37050/b/src/modules/imgproc/include -I/home/uilian/.conan2/p/b/openc0f1bf19f37050/b/src/modules/video/include -isystem /home/uilian/.conan2/p/b/openc0f1bf19f37050/b/build/Release -isystem /home/uilian/.conan2/p/eigen5481853932f72/p/include/eigen3 -m64   -fsigned-char -W -Wall -Wreturn-type -Wnon-virtual-dtor -Waddress -Wsequence-point -Wformat -Wformat-security -Wmissing-declarations -Wundef -Winit-self -Wpointer-arith -Wshadow -Wsign-promo -Wuninitialized -Wsuggest-override -Wno-delete-non-virtual-dtor -Wno-comment -Wimplicit-fallthrough=3 -Wno-strict-overflow -fdiagnostics-show-option -Wno-long-long -pthread -fomit-frame-pointer -ffunction-sections -fdata-sections  -msse -msse2 -msse3 -fvisibility=hidden -fvisibility-inlines-hidden -O3 -DNDEBUG  -DNDEBUG -std=gnu++11 -fPIC -MD -MT modules/shape/CMakeFiles/opencv_shape.dir/src/haus_dis.cpp.o -MF modules/shape/CMakeFiles/opencv_shape.dir/src/haus_dis.cpp.o.d -o modules/shape/CMakeFiles/opencv_shape.dir/src/haus_dis.cpp.o -c /home/uilian/.conan2/p/b/openc0f1bf19f37050/b/src/modules/shape/src/haus_dis.cpp
[313/411] /usr/bin/g++-13 -DCVAPI_EXPORTS -D_USE_MATH_DEFINES -D__OPENCV_BUILD=1 -D__STDC_CONSTANT_MACROS -D__STDC_FORMAT_MACROS -D__STDC_LIMIT_MACROS -I/home/uilian/.conan2/p/b/openc0f1bf19f37050/b/src/modules/shape/include -I/home/uilian/.conan2/p/b/openc0f1bf19f37050/b/build/Release/modules/shape -I/home/uilian/.conan2/p/b/openc0f1bf19f37050/b/src/modules/core/include -I/home/uilian/.conan2/p/b/openc0f1bf19f37050/b/src/modules/imgproc/include -I/home/uilian/.conan2/p/b/openc0f1bf19f37050/b/src/modules/video/include -isystem /home/uilian/.conan2/p/b/openc0f1bf19f37050/b/build/Release -isystem /home/uilian/.conan2/p/eigen5481853932f72/p/include/eigen3 -m64   -fsigned-char -W -Wall -Wreturn-type -Wnon-virtual-dtor -Waddress -Wsequence-point -Wformat -Wformat-security -Wmissing-declarations -Wundef -Winit-self -Wpointer-arith -Wshadow -Wsign-promo -Wuninitialized -Wsuggest-override -Wno-delete-non-virtual-dtor -Wno-comment -Wimplicit-fallthrough=3 -Wno-strict-overflow -fdiagnostics-show-option -Wno-long-long -pthread -fomit-frame-pointer -ffunction-sections -fdata-sections  -msse -msse2 -msse3 -fvisibility=hidden -fvisibility-inlines-hidden -O3 -DNDEBUG  -DNDEBUG -std=gnu++11 -fPIC -MD -MT modules/shape/CMakeFiles/opencv_shape.dir/src/tps_trans.cpp.o -MF modules/shape/CMakeFiles/opencv_shape.dir/src/tps_trans.cpp.o.d -o modules/shape/CMakeFiles/opencv_shape.dir/src/tps_trans.cpp.o -c /home/uilian/.conan2/p/b/openc0f1bf19f37050/b/src/modules/shape/src/tps_trans.cpp
[314/411] /usr/bin/g++-13 -DCVAPI_EXPORTS -D_USE_MATH_DEFINES -D__OPENCV_BUILD=1 -D__STDC_CONSTANT_MACROS -D__STDC_FORMAT_MACROS -D__STDC_LIMIT_MACROS -I/home/uilian/.conan2/p/b/openc0f1bf19f37050/b/src/modules/shape/include -I/home/uilian/.conan2/p/b/openc0f1bf19f37050/b/build/Release/modules/shape -I/home/uilian/.conan2/p/b/openc0f1bf19f37050/b/src/modules/core/include -I/home/uilian/.conan2/p/b/openc0f1bf19f37050/b/src/modules/imgproc/include -I/home/uilian/.conan2/p/b/openc0f1bf19f37050/b/src/modules/video/include -isystem /home/uilian/.conan2/p/b/openc0f1bf19f37050/b/build/Release -isystem /home/uilian/.conan2/p/eigen5481853932f72/p/include/eigen3 -m64   -fsigned-char -W -Wall -Wreturn-type -Wnon-virtual-dtor -Waddress -Wsequence-point -Wformat -Wformat-security -Wmissing-declarations -Wundef -Winit-self -Wpointer-arith -Wshadow -Wsign-promo -Wuninitialized -Wsuggest-override -Wno-delete-non-virtual-dtor -Wno-comment -Wimplicit-fallthrough=3 -Wno-strict-overflow -fdiagnostics-show-option -Wno-long-long -pthread -fomit-frame-pointer -ffunction-sections -fdata-sections  -msse -msse2 -msse3 -fvisibility=hidden -fvisibility-inlines-hidden -O3 -DNDEBUG  -DNDEBUG -std=gnu++11 -fPIC -MD -MT modules/shape/CMakeFiles/opencv_shape.dir/src/hist_cost.cpp.o -MF modules/shape/CMakeFiles/opencv_shape.dir/src/hist_cost.cpp.o.d -o modules/shape/CMakeFiles/opencv_shape.dir/src/hist_cost.cpp.o -c /home/uilian/.conan2/p/b/openc0f1bf19f37050/b/src/modules/shape/src/hist_cost.cpp
[315/411] /usr/bin/g++-13 -DCVAPI_EXPORTS -D_USE_MATH_DEFINES -D__OPENCV_BUILD=1 -D__STDC_CONSTANT_MACROS -D__STDC_FORMAT_MACROS -D__STDC_LIMIT_MACROS -I/home/uilian/.conan2/p/b/openc0f1bf19f37050/b/src/modules/superres/include -I/home/uilian/.conan2/p/b/openc0f1bf19f37050/b/build/Release/modules/superres -I/home/uilian/.conan2/p/b/openc0f1bf19f37050/b/src/modules/core/include -I/home/uilian/.conan2/p/b/openc0f1bf19f37050/b/src/modules/imgproc/include -I/home/uilian/.conan2/p/b/openc0f1bf19f37050/b/src/modules/video/include -I/home/uilian/.conan2/p/b/openc0f1bf19f37050/b/src/modules/imgcodecs/include -I/home/uilian/.conan2/p/b/openc0f1bf19f37050/b/src/modules/videoio/include -isystem /home/uilian/.conan2/p/b/openc0f1bf19f37050/b/build/Release -isystem /home/uilian/.conan2/p/eigen5481853932f72/p/include/eigen3 -m64   -fsigned-char -W -Wall -Wreturn-type -Wnon-virtual-dtor -Waddress -Wsequence-point -Wformat -Wformat-security -Wmissing-declarations -Wundef -Winit-self -Wpointer-arith -Wshadow -Wsign-promo -Wuninitialized -Wsuggest-override -Wno-delete-non-virtual-dtor -Wno-comment -Wimplicit-fallthrough=3 -Wno-strict-overflow -fdiagnostics-show-option -Wno-long-long -pthread -fomit-frame-pointer -ffunction-sections -fdata-sections  -msse -msse2 -msse3 -fvisibility=hidden -fvisibility-inlines-hidden -O3 -DNDEBUG  -DNDEBUG -std=gnu++11 -fPIC -MD -MT modules/superres/CMakeFiles/opencv_superres.dir/src/btv_l1_cuda.cpp.o -MF modules/superres/CMakeFiles/opencv_superres.dir/src/btv_l1_cuda.cpp.o.d -o modules/superres/CMakeFiles/opencv_superres.dir/src/btv_l1_cuda.cpp.o -c /home/uilian/.conan2/p/b/openc0f1bf19f37050/b/src/modules/superres/src/btv_l1_cuda.cpp
[316/411] /usr/bin/g++-13 -DCVAPI_EXPORTS -D_USE_MATH_DEFINES -D__OPENCV_BUILD=1 -D__STDC_CONSTANT_MACROS -D__STDC_FORMAT_MACROS -D__STDC_LIMIT_MACROS -I/home/uilian/.conan2/p/b/openc0f1bf19f37050/b/src/modules/shape/include -I/home/uilian/.conan2/p/b/openc0f1bf19f37050/b/build/Release/modules/shape -I/home/uilian/.conan2/p/b/openc0f1bf19f37050/b/src/modules/core/include -I/home/uilian/.conan2/p/b/openc0f1bf19f37050/b/src/modules/imgproc/include -I/home/uilian/.conan2/p/b/openc0f1bf19f37050/b/src/modules/video/include -isystem /home/uilian/.conan2/p/b/openc0f1bf19f37050/b/build/Release -isystem /home/uilian/.conan2/p/eigen5481853932f72/p/include/eigen3 -m64   -fsigned-char -W -Wall -Wreturn-type -Wnon-virtual-dtor -Waddress -Wsequence-point -Wformat -Wformat-security -Wmissing-declarations -Wundef -Winit-self -Wpointer-arith -Wshadow -Wsign-promo -Wuninitialized -Wsuggest-override -Wno-delete-non-virtual-dtor -Wno-comment -Wimplicit-fallthrough=3 -Wno-strict-overflow -fdiagnostics-show-option -Wno-long-long -pthread -fomit-frame-pointer -ffunction-sections -fdata-sections  -msse -msse2 -msse3 -fvisibility=hidden -fvisibility-inlines-hidden -O3 -DNDEBUG  -DNDEBUG -std=gnu++11 -fPIC -MD -MT modules/shape/CMakeFiles/opencv_shape.dir/src/emdL1.cpp.o -MF modules/shape/CMakeFiles/opencv_shape.dir/src/emdL1.cpp.o.d -o modules/shape/CMakeFiles/opencv_shape.dir/src/emdL1.cpp.o -c /home/uilian/.conan2/p/b/openc0f1bf19f37050/b/src/modules/shape/src/emdL1.cpp
[317/411] : && /usr/bin/g++-13 -fPIC -m64   -fsigned-char -W -Wall -Wreturn-type -Wnon-virtual-dtor -Waddress -Wsequence-point -Wformat -Wformat-security -Wmissing-declarations -Wundef -Winit-self -Wpointer-arith -Wshadow -Wsign-promo -Wuninitialized -Wsuggest-override -Wno-delete-non-virtual-dtor -Wno-comment -Wimplicit-fallthrough=3 -Wno-strict-overflow -fdiagnostics-show-option -Wno-long-long -pthread -fomit-frame-pointer -ffunction-sections -fdata-sections  -msse -msse2 -msse3 -fvisibility=hidden -fvisibility-inlines-hidden -Wno-deprecated-declarations -O3 -DNDEBUG  -DNDEBUG  -m64  -Wl,--gc-sections -Wl,--as-needed -Wl,--no-undefined -shared -Wl,-soname,libopencv_highgui.so.3.4 -o lib/libopencv_highgui.so.3.4.20 modules/highgui/CMakeFiles/opencv_highgui.dir/src/window.cpp.o modules/highgui/CMakeFiles/opencv_highgui.dir/src/roiSelector.cpp.o modules/highgui/CMakeFiles/opencv_highgui.dir/src/window_gtk.cpp.o -L/home/uilian/.conan2/p/gtkc09b36a814080/p/lib   -L/home/uilian/.conan2/p/pangocadd01961d6f8/p/lib   -L/home/uilian/.conan2/p/harfb366866eafc5c5/p/lib   -L/home/uilian/.conan2/p/libxf910e3a976c60f/p/lib   -L/home/uilian/.conan2/p/xorg-cf70c104cb418/p/lib   -L/home/uilian/.conan2/p/b/gdk-p2bd5b592f3c23/p/lib   -L/home/uilian/.conan2/p/libti0bdd6311d1e48/p/lib   -L/home/uilian/.conan2/p/libjpb5908355e41b4/p/lib   -L/home/uilian/.conan2/p/cairoc30a702424225/p/lib   -L/home/uilian/.conan2/p/lzo2bea6105b1d70/p/lib   -L/home/uilian/.conan2/p/fontc9bd5dee5fadc9/p/lib   -L/home/uilian/.conan2/p/freet1016e2088a12b/p/lib   -L/home/uilian/.conan2/p/brotl4f1743d324bc8/p/lib   -L/home/uilian/.conan2/p/libpncab7454c8bbf2/p/lib   -L/home/uilian/.conan2/p/pixma2d559370e5b62/p/lib   -L/home/uilian/.conan2/p/fribib5dd6a2de1b19/p/lib   -L/home/uilian/.conan2/p/libep3c753f2534568/p/lib   -L/home/uilian/.conan2/p/glibf5cc7ccee5cfd/p/lib   -L/home/uilian/.conan2/p/elfutab214d4443f10/p/lib   -L/home/uilian/.conan2/p/xz_ut04ba5b46149b8/p/lib   -L/home/uilian/.conan2/p/zstdfe637538bff92/p/lib   -L/home/uilian/.conan2/p/libmo1a45c23bdde07/p/lib   -L/home/uilian/.conan2/p/libse3fdbfafa19363/p/lib   -L/home/uilian/.conan2/p/at-sp983b709a54b3e/p/lib   -L/home/uilian/.conan2/p/dbus889d1b8925a08/p/lib   -L/home/uilian/.conan2/p/expat0fea1434bc0f8/p/lib   -L/home/uilian/.conan2/p/libff8a671ff2f8cf6/p/lib   -L/home/uilian/.conan2/p/pcre256bb025014eef/p/lib   -L/home/uilian/.conan2/p/zlib9e81e3baaa894/p/lib   -L/home/uilian/.conan2/p/bzip2fb3260e7b2ab3/p/lib -Wl,-rpath,/home/uilian/.conan2/p/gtkc09b36a814080/p/lib:/home/uilian/.conan2/p/pangocadd01961d6f8/p/lib:/home/uilian/.conan2/p/harfb366866eafc5c5/p/lib:/home/uilian/.conan2/p/libxf910e3a976c60f/p/lib:/home/uilian/.conan2/p/xorg-cf70c104cb418/p/lib:/home/uilian/.conan2/p/b/gdk-p2bd5b592f3c23/p/lib:/home/uilian/.conan2/p/libti0bdd6311d1e48/p/lib:/home/uilian/.conan2/p/libjpb5908355e41b4/p/lib:/home/uilian/.conan2/p/cairoc30a702424225/p/lib:/home/uilian/.conan2/p/lzo2bea6105b1d70/p/lib:/home/uilian/.conan2/p/fontc9bd5dee5fadc9/p/lib:/home/uilian/.conan2/p/freet1016e2088a12b/p/lib:/home/uilian/.conan2/p/brotl4f1743d324bc8/p/lib:/home/uilian/.conan2/p/libpncab7454c8bbf2/p/lib:/home/uilian/.conan2/p/pixma2d559370e5b62/p/lib:/home/uilian/.conan2/p/fribib5dd6a2de1b19/p/lib:/home/uilian/.conan2/p/libep3c753f2534568/p/lib:/home/uilian/.conan2/p/glibf5cc7ccee5cfd/p/lib:/home/uilian/.conan2/p/elfutab214d4443f10/p/lib:/home/uilian/.conan2/p/xz_ut04ba5b46149b8/p/lib:/home/uilian/.conan2/p/zstdfe637538bff92/p/lib:/home/uilian/.conan2/p/libmo1a45c23bdde07/p/lib:/home/uilian/.conan2/p/libse3fdbfafa19363/p/lib:/home/uilian/.conan2/p/at-sp983b709a54b3e/p/lib:/home/uilian/.conan2/p/dbus889d1b8925a08/p/lib:/home/uilian/.conan2/p/expat0fea1434bc0f8/p/lib:/home/uilian/.conan2/p/libff8a671ff2f8cf6/p/lib:/home/uilian/.conan2/p/pcre256bb025014eef/p/lib:/home/uilian/.conan2/p/zlib9e81e3baaa894/p/lib:/home/uilian/.conan2/p/bzip2fb3260e7b2ab3/p/lib:/home/uilian/.conan2/p/b/openc0f1bf19f37050/b/build/Release/lib:  lib/libopencv_videoio.so.3.4.20  -ldl  -lm  -lpthread  -lrt  /home/uilian/.conan2/p/gtkc09b36a814080/p/lib/libgtk-3.so  /home/uilian/.conan2/p/gtkc09b36a814080/p/lib/libgdk-3.so  /home/uilian/.conan2/p/pangocadd01961d6f8/p/lib/libpango-1.0.so  -lm  /home/uilian/.conan2/p/harfb366866eafc5c5/p/lib/libharfbuzz-subset.so  /home/uilian/.conan2/p/harfb366866eafc5c5/p/lib/libharfbuzz-gobject.so  /home/uilian/.conan2/p/harfb366866eafc5c5/p/lib/libharfbuzz.so  /home/uilian/.conan2/p/libxf910e3a976c60f/p/lib/libXft.so  /home/uilian/.conan2/p/b/gdk-p2bd5b592f3c23/p/lib/libgdk_pixbuf-2.0.so  /home/uilian/.conan2/p/libti0bdd6311d1e48/p/lib/libtiffxx.so  /home/uilian/.conan2/p/libti0bdd6311d1e48/p/lib/libtiff.so  /home/uilian/.conan2/p/libjpb5908355e41b4/p/lib/libjpeg.so  /home/uilian/.conan2/p/cairoc30a702424225/p/lib/libcairo-script-interpreter.so  /home/uilian/.conan2/p/cairoc30a702424225/p/lib/libcairo-gobject.so  /home/uilian/.conan2/p/cairoc30a702424225/p/lib/libcairo.so  -Wl,-Bstatic  -ldl  -lpthread  -Wl,-Bdynamic  /home/uilian/.conan2/p/lzo2bea6105b1d70/p/lib/liblzo2.so  /home/uilian/.conan2/p/fontc9bd5dee5fadc9/p/lib/libfontconfig.so  /home/uilian/.conan2/p/freet1016e2088a12b/p/lib/libfreetype.so  /home/uilian/.conan2/p/brotl4f1743d324bc8/p/lib/libbrotlidec.so  /home/uilian/.conan2/p/brotl4f1743d324bc8/p/lib/libbrotlienc.so  /home/uilian/.conan2/p/brotl4f1743d324bc8/p/lib/libbrotlicommon.so  /home/uilian/.conan2/p/libpncab7454c8bbf2/p/lib/libpng.so  /home/uilian/.conan2/p/pixma2d559370e5b62/p/lib/libpixman-1.so  /home/uilian/.conan2/p/fribib5dd6a2de1b19/p/lib/libfribidi.so  /home/uilian/.conan2/p/libep3c753f2534568/p/lib/libepoxy.so  -lGL  -lEGL  -lX11-xcb  -lX11  -lxcb  -lfontenc  -lICE  -lXau  -lXaw7  -lXt  -lXcomposite  -lXcursor  -lXdamage  -lXfixes  -lXdmcp  -lXext  -lXinerama  -lxkbfile  -lXmu  -lXmuu  -lXpm  -lXrandr  -lXrender  -lXRes  -lXss  -lXv  -lXxf86vm  -lxcb-xkb  -lxcb-icccm  -lxcb-image  -lxcb-shm  -lxcb-keysyms  -lxcb-randr  -lxcb-render  -lxcb-render-util  -lxcb-shape  -lxcb-sync  -lxcb-xfixes  -lxcb-xinerama  -lxcb-util  -lxcb-dri3  -lxcb-cursor  -lxcb-dri2  -lxcb-glx  -lxcb-present  -lxcb-composite  -lxcb-ewmh  -lxcb-res  -lSM  -luuid  /home/uilian/.conan2/p/elfutab214d4443f10/p/lib/libelf.so  -llzma  /home/uilian/.conan2/p/zstdfe637538bff92/p/lib/libzstd.so  -lgthread-2.0  -lgio-2.0  -lresolv  -lmount  -Wl,-Bstatic  -lrt  -Wl,-Bdynamic  -lblkid  -lselinux  -lsepol  /home/uilian/.conan2/p/at-sp983b709a54b3e/p/lib/libatk-bridge-2.0.so  /home/uilian/.conan2/p/at-sp983b709a54b3e/p/lib/libatspi.so  /home/uilian/.conan2/p/dbus889d1b8925a08/p/lib/libdbus-1.so  -lexpat  -lXtst  -lXi  -latk-1.0  -lgobject-2.0  -lffi  -lgmodule-2.0  -lglib-2.0  -lpcre2-16  -lpcre2-32  -lpcre2-posix  -lpcre2-8  -lz  -lbz2  /home/uilian/.conan2/p/glibf5cc7ccee5cfd/p/lib/libgthread-2.0.so  /home/uilian/.conan2/p/glibf5cc7ccee5cfd/p/lib/libglib-2.0.so  /home/uilian/.conan2/p/pcre256bb025014eef/p/lib/libpcre2-16.so  /home/uilian/.conan2/p/pcre256bb025014eef/p/lib/libpcre2-32.so  /home/uilian/.conan2/p/pcre256bb025014eef/p/lib/libpcre2-posix.so  /home/uilian/.conan2/p/pcre256bb025014eef/p/lib/libpcre2-8.so  /home/uilian/.conan2/p/zlib9e81e3baaa894/p/lib/libz.so  /home/uilian/.conan2/p/bzip2fb3260e7b2ab3/p/lib/libbz2.so  lib/libopencv_imgcodecs.so.3.4.20  lib/libopencv_imgproc.so.3.4.20  lib/libopencv_core.so.3.4.20  -lm && :
[318/411] /opt/pyenv/versions/3.12.4/lib/python3.12/site-packages/cmake/data/bin/cmake -E cmake_symlink_library lib/libopencv_highgui.so.3.4.20  lib/libopencv_highgui.so.3.4 lib/libopencv_highgui.so && :
[319/411] /usr/bin/g++-13 -DCVAPI_EXPORTS -D_USE_MATH_DEFINES -D__OPENCV_BUILD=1 -D__STDC_CONSTANT_MACROS -D__STDC_FORMAT_MACROS -D__STDC_LIMIT_MACROS -I/home/uilian/.conan2/p/b/openc0f1bf19f37050/b/src/modules/superres/include -I/home/uilian/.conan2/p/b/openc0f1bf19f37050/b/build/Release/modules/superres -I/home/uilian/.conan2/p/b/openc0f1bf19f37050/b/src/modules/core/include -I/home/uilian/.conan2/p/b/openc0f1bf19f37050/b/src/modules/imgproc/include -I/home/uilian/.conan2/p/b/openc0f1bf19f37050/b/src/modules/video/include -I/home/uilian/.conan2/p/b/openc0f1bf19f37050/b/src/modules/imgcodecs/include -I/home/uilian/.conan2/p/b/openc0f1bf19f37050/b/src/modules/videoio/include -isystem /home/uilian/.conan2/p/b/openc0f1bf19f37050/b/build/Release -isystem /home/uilian/.conan2/p/eigen5481853932f72/p/include/eigen3 -m64   -fsigned-char -W -Wall -Wreturn-type -Wnon-virtual-dtor -Waddress -Wsequence-point -Wformat -Wformat-security -Wmissing-declarations -Wundef -Winit-self -Wpointer-arith -Wshadow -Wsign-promo -Wuninitialized -Wsuggest-override -Wno-delete-non-virtual-dtor -Wno-comment -Wimplicit-fallthrough=3 -Wno-strict-overflow -fdiagnostics-show-option -Wno-long-long -pthread -fomit-frame-pointer -ffunction-sections -fdata-sections  -msse -msse2 -msse3 -fvisibility=hidden -fvisibility-inlines-hidden -O3 -DNDEBUG  -DNDEBUG -std=gnu++11 -fPIC -MD -MT modules/superres/CMakeFiles/opencv_superres.dir/src/frame_source.cpp.o -MF modules/superres/CMakeFiles/opencv_superres.dir/src/frame_source.cpp.o.d -o modules/superres/CMakeFiles/opencv_superres.dir/src/frame_source.cpp.o -c /home/uilian/.conan2/p/b/openc0f1bf19f37050/b/src/modules/superres/src/frame_source.cpp
[320/411] /usr/bin/g++-13 -DCVAPI_EXPORTS -D_USE_MATH_DEFINES -D__OPENCV_BUILD=1 -D__STDC_CONSTANT_MACROS -D__STDC_FORMAT_MACROS -D__STDC_LIMIT_MACROS -I/home/uilian/.conan2/p/b/openc0f1bf19f37050/b/src/modules/superres/include -I/home/uilian/.conan2/p/b/openc0f1bf19f37050/b/build/Release/modules/superres -I/home/uilian/.conan2/p/b/openc0f1bf19f37050/b/src/modules/core/include -I/home/uilian/.conan2/p/b/openc0f1bf19f37050/b/src/modules/imgproc/include -I/home/uilian/.conan2/p/b/openc0f1bf19f37050/b/src/modules/video/include -I/home/uilian/.conan2/p/b/openc0f1bf19f37050/b/src/modules/imgcodecs/include -I/home/uilian/.conan2/p/b/openc0f1bf19f37050/b/src/modules/videoio/include -isystem /home/uilian/.conan2/p/b/openc0f1bf19f37050/b/build/Release -isystem /home/uilian/.conan2/p/eigen5481853932f72/p/include/eigen3 -m64   -fsigned-char -W -Wall -Wreturn-type -Wnon-virtual-dtor -Waddress -Wsequence-point -Wformat -Wformat-security -Wmissing-declarations -Wundef -Winit-self -Wpointer-arith -Wshadow -Wsign-promo -Wuninitialized -Wsuggest-override -Wno-delete-non-virtual-dtor -Wno-comment -Wimplicit-fallthrough=3 -Wno-strict-overflow -fdiagnostics-show-option -Wno-long-long -pthread -fomit-frame-pointer -ffunction-sections -fdata-sections  -msse -msse2 -msse3 -fvisibility=hidden -fvisibility-inlines-hidden -O3 -DNDEBUG  -DNDEBUG -std=gnu++11 -fPIC -MD -MT modules/superres/CMakeFiles/opencv_superres.dir/src/input_array_utility.cpp.o -MF modules/superres/CMakeFiles/opencv_superres.dir/src/input_array_utility.cpp.o.d -o modules/superres/CMakeFiles/opencv_superres.dir/src/input_array_utility.cpp.o -c /home/uilian/.conan2/p/b/openc0f1bf19f37050/b/src/modules/superres/src/input_array_utility.cpp
[321/411] /usr/bin/g++-13 -DCVAPI_EXPORTS -D_USE_MATH_DEFINES -D__OPENCV_BUILD=1 -D__STDC_CONSTANT_MACROS -D__STDC_FORMAT_MACROS -D__STDC_LIMIT_MACROS -I/home/uilian/.conan2/p/b/openc0f1bf19f37050/b/src/modules/superres/include -I/home/uilian/.conan2/p/b/openc0f1bf19f37050/b/build/Release/modules/superres -I/home/uilian/.conan2/p/b/openc0f1bf19f37050/b/src/modules/core/include -I/home/uilian/.conan2/p/b/openc0f1bf19f37050/b/src/modules/imgproc/include -I/home/uilian/.conan2/p/b/openc0f1bf19f37050/b/src/modules/video/include -I/home/uilian/.conan2/p/b/openc0f1bf19f37050/b/src/modules/imgcodecs/include -I/home/uilian/.conan2/p/b/openc0f1bf19f37050/b/src/modules/videoio/include -isystem /home/uilian/.conan2/p/b/openc0f1bf19f37050/b/build/Release -isystem /home/uilian/.conan2/p/eigen5481853932f72/p/include/eigen3 -m64   -fsigned-char -W -Wall -Wreturn-type -Wnon-virtual-dtor -Waddress -Wsequence-point -Wformat -Wformat-security -Wmissing-declarations -Wundef -Winit-self -Wpointer-arith -Wshadow -Wsign-promo -Wuninitialized -Wsuggest-override -Wno-delete-non-virtual-dtor -Wno-comment -Wimplicit-fallthrough=3 -Wno-strict-overflow -fdiagnostics-show-option -Wno-long-long -pthread -fomit-frame-pointer -ffunction-sections -fdata-sections  -msse -msse2 -msse3 -fvisibility=hidden -fvisibility-inlines-hidden -O3 -DNDEBUG  -DNDEBUG -std=gnu++11 -fPIC -MD -MT modules/superres/CMakeFiles/opencv_superres.dir/opencl_kernels_superres.cpp.o -MF modules/superres/CMakeFiles/opencv_superres.dir/opencl_kernels_superres.cpp.o.d -o modules/superres/CMakeFiles/opencv_superres.dir/opencl_kernels_superres.cpp.o -c /home/uilian/.conan2/p/b/openc0f1bf19f37050/b/build/Release/modules/superres/opencl_kernels_superres.cpp
[322/411] /usr/bin/g++-13 -DCVAPI_EXPORTS -D_USE_MATH_DEFINES -D__OPENCV_BUILD=1 -D__STDC_CONSTANT_MACROS -D__STDC_FORMAT_MACROS -D__STDC_LIMIT_MACROS -I/home/uilian/.conan2/p/b/openc0f1bf19f37050/b/src/modules/superres/include -I/home/uilian/.conan2/p/b/openc0f1bf19f37050/b/build/Release/modules/superres -I/home/uilian/.conan2/p/b/openc0f1bf19f37050/b/src/modules/core/include -I/home/uilian/.conan2/p/b/openc0f1bf19f37050/b/src/modules/imgproc/include -I/home/uilian/.conan2/p/b/openc0f1bf19f37050/b/src/modules/video/include -I/home/uilian/.conan2/p/b/openc0f1bf19f37050/b/src/modules/imgcodecs/include -I/home/uilian/.conan2/p/b/openc0f1bf19f37050/b/src/modules/videoio/include -isystem /home/uilian/.conan2/p/b/openc0f1bf19f37050/b/build/Release -isystem /home/uilian/.conan2/p/eigen5481853932f72/p/include/eigen3 -m64   -fsigned-char -W -Wall -Wreturn-type -Wnon-virtual-dtor -Waddress -Wsequence-point -Wformat -Wformat-security -Wmissing-declarations -Wundef -Winit-self -Wpointer-arith -Wshadow -Wsign-promo -Wuninitialized -Wsuggest-override -Wno-delete-non-virtual-dtor -Wno-comment -Wimplicit-fallthrough=3 -Wno-strict-overflow -fdiagnostics-show-option -Wno-long-long -pthread -fomit-frame-pointer -ffunction-sections -fdata-sections  -msse -msse2 -msse3 -fvisibility=hidden -fvisibility-inlines-hidden -O3 -DNDEBUG  -DNDEBUG -std=gnu++11 -fPIC -MD -MT modules/superres/CMakeFiles/opencv_superres.dir/src/super_resolution.cpp.o -MF modules/superres/CMakeFiles/opencv_superres.dir/src/super_resolution.cpp.o.d -o modules/superres/CMakeFiles/opencv_superres.dir/src/super_resolution.cpp.o -c /home/uilian/.conan2/p/b/openc0f1bf19f37050/b/src/modules/superres/src/super_resolution.cpp
[323/411] /usr/bin/g++-13 -DCVAPI_EXPORTS -D_USE_MATH_DEFINES -D__OPENCV_BUILD=1 -D__STDC_CONSTANT_MACROS -D__STDC_FORMAT_MACROS -D__STDC_LIMIT_MACROS -I/home/uilian/.conan2/p/b/openc0f1bf19f37050/b/src/modules/superres/include -I/home/uilian/.conan2/p/b/openc0f1bf19f37050/b/build/Release/modules/superres -I/home/uilian/.conan2/p/b/openc0f1bf19f37050/b/src/modules/core/include -I/home/uilian/.conan2/p/b/openc0f1bf19f37050/b/src/modules/imgproc/include -I/home/uilian/.conan2/p/b/openc0f1bf19f37050/b/src/modules/video/include -I/home/uilian/.conan2/p/b/openc0f1bf19f37050/b/src/modules/imgcodecs/include -I/home/uilian/.conan2/p/b/openc0f1bf19f37050/b/src/modules/videoio/include -isystem /home/uilian/.conan2/p/b/openc0f1bf19f37050/b/build/Release -isystem /home/uilian/.conan2/p/eigen5481853932f72/p/include/eigen3 -m64   -fsigned-char -W -Wall -Wreturn-type -Wnon-virtual-dtor -Waddress -Wsequence-point -Wformat -Wformat-security -Wmissing-declarations -Wundef -Winit-self -Wpointer-arith -Wshadow -Wsign-promo -Wuninitialized -Wsuggest-override -Wno-delete-non-virtual-dtor -Wno-comment -Wimplicit-fallthrough=3 -Wno-strict-overflow -fdiagnostics-show-option -Wno-long-long -pthread -fomit-frame-pointer -ffunction-sections -fdata-sections  -msse -msse2 -msse3 -fvisibility=hidden -fvisibility-inlines-hidden -O3 -DNDEBUG  -DNDEBUG -std=gnu++11 -fPIC -MD -MT modules/superres/CMakeFiles/opencv_superres.dir/src/optical_flow.cpp.o -MF modules/superres/CMakeFiles/opencv_superres.dir/src/optical_flow.cpp.o.d -o modules/superres/CMakeFiles/opencv_superres.dir/src/optical_flow.cpp.o -c /home/uilian/.conan2/p/b/openc0f1bf19f37050/b/src/modules/superres/src/optical_flow.cpp
[324/411] /usr/bin/g++-13 -DCVAPI_EXPORTS -D_USE_MATH_DEFINES -D__OPENCV_BUILD=1 -D__STDC_CONSTANT_MACROS -D__STDC_FORMAT_MACROS -D__STDC_LIMIT_MACROS -I/home/uilian/.conan2/p/b/openc0f1bf19f37050/b/src/modules/superres/include -I/home/uilian/.conan2/p/b/openc0f1bf19f37050/b/build/Release/modules/superres -I/home/uilian/.conan2/p/b/openc0f1bf19f37050/b/src/modules/core/include -I/home/uilian/.conan2/p/b/openc0f1bf19f37050/b/src/modules/imgproc/include -I/home/uilian/.conan2/p/b/openc0f1bf19f37050/b/src/modules/video/include -I/home/uilian/.conan2/p/b/openc0f1bf19f37050/b/src/modules/imgcodecs/include -I/home/uilian/.conan2/p/b/openc0f1bf19f37050/b/src/modules/videoio/include -isystem /home/uilian/.conan2/p/b/openc0f1bf19f37050/b/build/Release -isystem /home/uilian/.conan2/p/eigen5481853932f72/p/include/eigen3 -m64   -fsigned-char -W -Wall -Wreturn-type -Wnon-virtual-dtor -Waddress -Wsequence-point -Wformat -Wformat-security -Wmissing-declarations -Wundef -Winit-self -Wpointer-arith -Wshadow -Wsign-promo -Wuninitialized -Wsuggest-override -Wno-delete-non-virtual-dtor -Wno-comment -Wimplicit-fallthrough=3 -Wno-strict-overflow -fdiagnostics-show-option -Wno-long-long -pthread -fomit-frame-pointer -ffunction-sections -fdata-sections  -msse -msse2 -msse3 -fvisibility=hidden -fvisibility-inlines-hidden -O3 -DNDEBUG  -DNDEBUG -std=gnu++11 -fPIC -MD -MT modules/superres/CMakeFiles/opencv_superres.dir/src/btv_l1.cpp.o -MF modules/superres/CMakeFiles/opencv_superres.dir/src/btv_l1.cpp.o.d -o modules/superres/CMakeFiles/opencv_superres.dir/src/btv_l1.cpp.o -c /home/uilian/.conan2/p/b/openc0f1bf19f37050/b/src/modules/superres/src/btv_l1.cpp
[325/411] : && /usr/bin/g++-13 -fPIC -m64   -fsigned-char -W -Wall -Wreturn-type -Wnon-virtual-dtor -Waddress -Wsequence-point -Wformat -Wformat-security -Wmissing-declarations -Wundef -Winit-self -Wpointer-arith -Wshadow -Wsign-promo -Wuninitialized -Wsuggest-override -Wno-delete-non-virtual-dtor -Wno-comment -Wimplicit-fallthrough=3 -Wno-strict-overflow -fdiagnostics-show-option -Wno-long-long -pthread -fomit-frame-pointer -ffunction-sections -fdata-sections  -msse -msse2 -msse3 -fvisibility=hidden -fvisibility-inlines-hidden -O3 -DNDEBUG  -DNDEBUG  -m64  -Wl,--gc-sections -Wl,--as-needed -Wl,--no-undefined -shared -Wl,-soname,libopencv_superres.so.3.4 -o lib/libopencv_superres.so.3.4.20 modules/superres/CMakeFiles/opencv_superres.dir/src/btv_l1.cpp.o modules/superres/CMakeFiles/opencv_superres.dir/src/btv_l1_cuda.cpp.o modules/superres/CMakeFiles/opencv_superres.dir/src/frame_source.cpp.o modules/superres/CMakeFiles/opencv_superres.dir/src/input_array_utility.cpp.o modules/superres/CMakeFiles/opencv_superres.dir/src/optical_flow.cpp.o modules/superres/CMakeFiles/opencv_superres.dir/src/super_resolution.cpp.o modules/superres/CMakeFiles/opencv_superres.dir/opencl_kernels_superres.cpp.o  -Wl,-rpath,/home/uilian/.conan2/p/b/openc0f1bf19f37050/b/build/Release/lib:  lib/libopencv_video.so.3.4.20  lib/libopencv_videoio.so.3.4.20  -ldl  -lm  -lpthread  -lrt  lib/libopencv_imgcodecs.so.3.4.20  lib/libopencv_imgproc.so.3.4.20  lib/libopencv_core.so.3.4.20  -lm && :
[326/411] /opt/pyenv/versions/3.12.4/lib/python3.12/site-packages/cmake/data/bin/cmake -E cmake_symlink_library lib/libopencv_superres.so.3.4.20  lib/libopencv_superres.so.3.4 lib/libopencv_superres.so && :
[327/411] /usr/bin/g++-13 -DCVAPI_EXPORTS -D_USE_MATH_DEFINES -D__OPENCV_BUILD=1 -D__STDC_CONSTANT_MACROS -D__STDC_FORMAT_MACROS -D__STDC_LIMIT_MACROS -I/home/uilian/.conan2/p/b/openc0f1bf19f37050/b/src/modules/shape/include -I/home/uilian/.conan2/p/b/openc0f1bf19f37050/b/build/Release/modules/shape -I/home/uilian/.conan2/p/b/openc0f1bf19f37050/b/src/modules/core/include -I/home/uilian/.conan2/p/b/openc0f1bf19f37050/b/src/modules/imgproc/include -I/home/uilian/.conan2/p/b/openc0f1bf19f37050/b/src/modules/video/include -isystem /home/uilian/.conan2/p/b/openc0f1bf19f37050/b/build/Release -isystem /home/uilian/.conan2/p/eigen5481853932f72/p/include/eigen3 -m64   -fsigned-char -W -Wall -Wreturn-type -Wnon-virtual-dtor -Waddress -Wsequence-point -Wformat -Wformat-security -Wmissing-declarations -Wundef -Winit-self -Wpointer-arith -Wshadow -Wsign-promo -Wuninitialized -Wsuggest-override -Wno-delete-non-virtual-dtor -Wno-comment -Wimplicit-fallthrough=3 -Wno-strict-overflow -fdiagnostics-show-option -Wno-long-long -pthread -fomit-frame-pointer -ffunction-sections -fdata-sections  -msse -msse2 -msse3 -fvisibility=hidden -fvisibility-inlines-hidden -O3 -DNDEBUG  -DNDEBUG -std=gnu++11 -fPIC -MD -MT modules/shape/CMakeFiles/opencv_shape.dir/src/sc_dis.cpp.o -MF modules/shape/CMakeFiles/opencv_shape.dir/src/sc_dis.cpp.o.d -o modules/shape/CMakeFiles/opencv_shape.dir/src/sc_dis.cpp.o -c /home/uilian/.conan2/p/b/openc0f1bf19f37050/b/src/modules/shape/src/sc_dis.cpp
[328/411] : && /usr/bin/g++-13 -fPIC -m64   -fsigned-char -W -Wall -Wreturn-type -Wnon-virtual-dtor -Waddress -Wsequence-point -Wformat -Wformat-security -Wmissing-declarations -Wundef -Winit-self -Wpointer-arith -Wshadow -Wsign-promo -Wuninitialized -Wsuggest-override -Wno-delete-non-virtual-dtor -Wno-comment -Wimplicit-fallthrough=3 -Wno-strict-overflow -fdiagnostics-show-option -Wno-long-long -pthread -fomit-frame-pointer -ffunction-sections -fdata-sections  -msse -msse2 -msse3 -fvisibility=hidden -fvisibility-inlines-hidden -O3 -DNDEBUG  -DNDEBUG  -m64  -Wl,--gc-sections -Wl,--as-needed -Wl,--no-undefined -shared -Wl,-soname,libopencv_shape.so.3.4 -o lib/libopencv_shape.so.3.4.20 modules/shape/CMakeFiles/opencv_shape.dir/src/aff_trans.cpp.o modules/shape/CMakeFiles/opencv_shape.dir/src/emdL1.cpp.o modules/shape/CMakeFiles/opencv_shape.dir/src/haus_dis.cpp.o modules/shape/CMakeFiles/opencv_shape.dir/src/hist_cost.cpp.o modules/shape/CMakeFiles/opencv_shape.dir/src/sc_dis.cpp.o modules/shape/CMakeFiles/opencv_shape.dir/src/tps_trans.cpp.o  -Wl,-rpath,/home/uilian/.conan2/p/b/openc0f1bf19f37050/b/build/Release/lib:  lib/libopencv_video.so.3.4.20  -ldl  -lm  -lpthread  -lrt  lib/libopencv_imgproc.so.3.4.20  lib/libopencv_core.so.3.4.20  -lm && :
[329/411] /opt/pyenv/versions/3.12.4/lib/python3.12/site-packages/cmake/data/bin/cmake -E cmake_symlink_library lib/libopencv_shape.so.3.4.20  lib/libopencv_shape.so.3.4 lib/libopencv_shape.so && :
[330/411] /usr/bin/g++-13 -DCVAPI_EXPORTS -D_USE_MATH_DEFINES -D__OPENCV_BUILD=1 -D__STDC_CONSTANT_MACROS -D__STDC_FORMAT_MACROS -D__STDC_LIMIT_MACROS -I/home/uilian/.conan2/p/b/openc0f1bf19f37050/b/src/modules/photo/include -I/home/uilian/.conan2/p/b/openc0f1bf19f37050/b/build/Release/modules/photo -I/home/uilian/.conan2/p/b/openc0f1bf19f37050/b/src/modules/core/include -I/home/uilian/.conan2/p/b/openc0f1bf19f37050/b/src/modules/imgproc/include -isystem /home/uilian/.conan2/p/b/openc0f1bf19f37050/b/build/Release -isystem /home/uilian/.conan2/p/eigen5481853932f72/p/include/eigen3 -m64   -fsigned-char -W -Wall -Wreturn-type -Wnon-virtual-dtor -Waddress -Wsequence-point -Wformat -Wformat-security -Wmissing-declarations -Wundef -Winit-self -Wpointer-arith -Wshadow -Wsign-promo -Wuninitialized -Wsuggest-override -Wno-delete-non-virtual-dtor -Wno-comment -Wimplicit-fallthrough=3 -Wno-strict-overflow -fdiagnostics-show-option -Wno-long-long -pthread -fomit-frame-pointer -ffunction-sections -fdata-sections  -msse -msse2 -msse3 -fvisibility=hidden -fvisibility-inlines-hidden -O3 -DNDEBUG  -DNDEBUG -std=gnu++11 -fPIC -MD -MT modules/photo/CMakeFiles/opencv_photo.dir/src/denoising.cpp.o -MF modules/photo/CMakeFiles/opencv_photo.dir/src/denoising.cpp.o.d -o modules/photo/CMakeFiles/opencv_photo.dir/src/denoising.cpp.o -c /home/uilian/.conan2/p/b/openc0f1bf19f37050/b/src/modules/photo/src/denoising.cpp
[331/411] : && /usr/bin/g++-13 -fPIC -m64   -fsigned-char -W -Wall -Wreturn-type -Wnon-virtual-dtor -Waddress -Wsequence-point -Wformat -Wformat-security -Wmissing-declarations -Wundef -Winit-self -Wpointer-arith -Wshadow -Wsign-promo -Wuninitialized -Wsuggest-override -Wno-delete-non-virtual-dtor -Wno-comment -Wimplicit-fallthrough=3 -Wno-strict-overflow -fdiagnostics-show-option -Wno-long-long -pthread -fomit-frame-pointer -ffunction-sections -fdata-sections  -msse -msse2 -msse3 -fvisibility=hidden -fvisibility-inlines-hidden -O3 -DNDEBUG  -DNDEBUG  -m64  -Wl,--gc-sections -Wl,--as-needed -Wl,--no-undefined -shared -Wl,-soname,libopencv_photo.so.3.4 -o lib/libopencv_photo.so.3.4.20 modules/photo/CMakeFiles/opencv_photo.dir/src/align.cpp.o modules/photo/CMakeFiles/opencv_photo.dir/src/calibrate.cpp.o modules/photo/CMakeFiles/opencv_photo.dir/src/contrast_preserve.cpp.o modules/photo/CMakeFiles/opencv_photo.dir/src/denoise_tvl1.cpp.o modules/photo/CMakeFiles/opencv_photo.dir/src/denoising.cpp.o modules/photo/CMakeFiles/opencv_photo.dir/src/denoising.cuda.cpp.o modules/photo/CMakeFiles/opencv_photo.dir/src/hdr_common.cpp.o modules/photo/CMakeFiles/opencv_photo.dir/src/inpaint.cpp.o modules/photo/CMakeFiles/opencv_photo.dir/src/merge.cpp.o modules/photo/CMakeFiles/opencv_photo.dir/src/npr.cpp.o modules/photo/CMakeFiles/opencv_photo.dir/src/seamless_cloning.cpp.o modules/photo/CMakeFiles/opencv_photo.dir/src/seamless_cloning_impl.cpp.o modules/photo/CMakeFiles/opencv_photo.dir/src/tonemap.cpp.o modules/photo/CMakeFiles/opencv_photo.dir/opencl_kernels_photo.cpp.o  -Wl,-rpath,/home/uilian/.conan2/p/b/openc0f1bf19f37050/b/build/Release/lib:  lib/libopencv_imgproc.so.3.4.20  -ldl  -lm  -lpthread  -lrt  lib/libopencv_core.so.3.4.20  -lm && :
[332/411] /opt/pyenv/versions/3.12.4/lib/python3.12/site-packages/cmake/data/bin/cmake -E cmake_symlink_library lib/libopencv_photo.so.3.4.20  lib/libopencv_photo.so.3.4 lib/libopencv_photo.so && :
[333/411] /usr/bin/g++-13 -DCVAPI_EXPORTS -D_USE_MATH_DEFINES -D__OPENCV_BUILD=1 -D__STDC_CONSTANT_MACROS -D__STDC_FORMAT_MACROS -D__STDC_LIMIT_MACROS -I/home/uilian/.conan2/p/b/openc0f1bf19f37050/b/src/modules/features2d/include -I/home/uilian/.conan2/p/b/openc0f1bf19f37050/b/build/Release/modules/features2d -I/home/uilian/.conan2/p/b/openc0f1bf19f37050/b/src/modules/core/include -I/home/uilian/.conan2/p/b/openc0f1bf19f37050/b/src/modules/flann/include -I/home/uilian/.conan2/p/b/openc0f1bf19f37050/b/src/modules/imgproc/include -isystem /home/uilian/.conan2/p/b/openc0f1bf19f37050/b/build/Release -isystem /home/uilian/.conan2/p/eigen5481853932f72/p/include/eigen3 -m64   -fsigned-char -W -Wall -Wreturn-type -Wnon-virtual-dtor -Waddress -Wsequence-point -Wformat -Wformat-security -Wmissing-declarations -Wundef -Winit-self -Wpointer-arith -Wshadow -Wsign-promo -Wuninitialized -Wsuggest-override -Wno-delete-non-virtual-dtor -Wno-comment -Wimplicit-fallthrough=3 -Wno-strict-overflow -fdiagnostics-show-option -Wno-long-long -pthread -fomit-frame-pointer -ffunction-sections -fdata-sections  -msse -msse2 -msse3 -fvisibility=hidden -fvisibility-inlines-hidden -O3 -DNDEBUG  -DNDEBUG -std=gnu++11 -fPIC -MD -MT modules/features2d/CMakeFiles/opencv_features2d.dir/src/agast_score.cpp.o -MF modules/features2d/CMakeFiles/opencv_features2d.dir/src/agast_score.cpp.o.d -o modules/features2d/CMakeFiles/opencv_features2d.dir/src/agast_score.cpp.o -c /home/uilian/.conan2/p/b/openc0f1bf19f37050/b/src/modules/features2d/src/agast_score.cpp
[334/411] : && /usr/bin/g++-13 -fPIC -m64   -fsigned-char -W -Wall -Wreturn-type -Wnon-virtual-dtor -Waddress -Wsequence-point -Wformat -Wformat-security -Wmissing-declarations -Wundef -Winit-self -Wpointer-arith -Wshadow -Wsign-promo -Wuninitialized -Wsuggest-override -Wno-delete-non-virtual-dtor -Wno-comment -Wimplicit-fallthrough=3 -Wno-strict-overflow -fdiagnostics-show-option -Wno-long-long -pthread -fomit-frame-pointer -ffunction-sections -fdata-sections  -msse -msse2 -msse3 -fvisibility=hidden -fvisibility-inlines-hidden -O3 -DNDEBUG  -DNDEBUG  -m64  -Wl,--gc-sections -Wl,--as-needed -Wl,--no-undefined -shared -Wl,-soname,libopencv_features2d.so.3.4 -o lib/libopencv_features2d.so.3.4.20 modules/features2d/CMakeFiles/opencv_features2d.dir/src/affine_feature.cpp.o modules/features2d/CMakeFiles/opencv_features2d.dir/src/agast.cpp.o modules/features2d/CMakeFiles/opencv_features2d.dir/src/agast_score.cpp.o modules/features2d/CMakeFiles/opencv_features2d.dir/src/akaze.cpp.o modules/features2d/CMakeFiles/opencv_features2d.dir/src/bagofwords.cpp.o modules/features2d/CMakeFiles/opencv_features2d.dir/src/blobdetector.cpp.o modules/features2d/CMakeFiles/opencv_features2d.dir/src/brisk.cpp.o modules/features2d/CMakeFiles/opencv_features2d.dir/src/draw.cpp.o modules/features2d/CMakeFiles/opencv_features2d.dir/src/dynamic.cpp.o modules/features2d/CMakeFiles/opencv_features2d.dir/src/evaluation.cpp.o modules/features2d/CMakeFiles/opencv_features2d.dir/src/fast.cpp.o modules/features2d/CMakeFiles/opencv_features2d.dir/src/fast_score.cpp.o modules/features2d/CMakeFiles/opencv_features2d.dir/src/feature2d.cpp.o modules/features2d/CMakeFiles/opencv_features2d.dir/src/gftt.cpp.o modules/features2d/CMakeFiles/opencv_features2d.dir/src/kaze.cpp.o modules/features2d/CMakeFiles/opencv_features2d.dir/src/kaze/AKAZEFeatures.cpp.o modules/features2d/CMakeFiles/opencv_features2d.dir/src/kaze/KAZEFeatures.cpp.o modules/features2d/CMakeFiles/opencv_features2d.dir/src/kaze/fed.cpp.o modules/features2d/CMakeFiles/opencv_features2d.dir/src/kaze/nldiffusion_functions.cpp.o modules/features2d/CMakeFiles/opencv_features2d.dir/src/keypoint.cpp.o modules/features2d/CMakeFiles/opencv_features2d.dir/src/main.cpp.o modules/features2d/CMakeFiles/opencv_features2d.dir/src/matchers.cpp.o modules/features2d/CMakeFiles/opencv_features2d.dir/src/mser.cpp.o modules/features2d/CMakeFiles/opencv_features2d.dir/src/orb.cpp.o modules/features2d/CMakeFiles/opencv_features2d.dir/src/sift.dispatch.cpp.o modules/features2d/CMakeFiles/opencv_features2d.dir/opencl_kernels_features2d.cpp.o modules/features2d/CMakeFiles/opencv_features2d.dir/sift.sse4_1.cpp.o modules/features2d/CMakeFiles/opencv_features2d.dir/src/fast.avx2.cpp.o modules/features2d/CMakeFiles/opencv_features2d.dir/sift.avx2.cpp.o modules/features2d/CMakeFiles/opencv_features2d.dir/sift.avx512_skx.cpp.o  -Wl,-rpath,/home/uilian/.conan2/p/b/openc0f1bf19f37050/b/build/Release/lib:  lib/libopencv_flann.so.3.4.20  lib/libopencv_imgproc.so.3.4.20  -ldl  -lm  -lpthread  -lrt  lib/libopencv_core.so.3.4.20  -lm && :
[335/411] /opt/pyenv/versions/3.12.4/lib/python3.12/site-packages/cmake/data/bin/cmake -E cmake_symlink_library lib/libopencv_features2d.so.3.4.20  lib/libopencv_features2d.so.3.4 lib/libopencv_features2d.so && :
[336/411] cd /home/uilian/.conan2/p/b/openc0f1bf19f37050/b/build/Release/modules/calib3d && /opt/pyenv/versions/3.12.4/lib/python3.12/site-packages/cmake/data/bin/cmake -DMODULE_NAME=calib3d -DCL_DIR=/home/uilian/.conan2/p/b/openc0f1bf19f37050/b/src/modules/calib3d/src/opencl -DOUTPUT=/home/uilian/.conan2/p/b/openc0f1bf19f37050/b/build/Release/modules/calib3d/opencl_kernels_calib3d.cpp -P /home/uilian/.conan2/p/b/openc0f1bf19f37050/b/src/cmake/cl2cpp.cmake
[337/411] /usr/bin/g++-13 -DCVAPI_EXPORTS -D_USE_MATH_DEFINES -D__OPENCV_BUILD=1 -D__STDC_CONSTANT_MACROS -D__STDC_FORMAT_MACROS -D__STDC_LIMIT_MACROS -I/home/uilian/.conan2/p/b/openc0f1bf19f37050/b/src/modules/calib3d/include -I/home/uilian/.conan2/p/b/openc0f1bf19f37050/b/build/Release/modules/calib3d -I/home/uilian/.conan2/p/b/openc0f1bf19f37050/b/src/modules/core/include -I/home/uilian/.conan2/p/b/openc0f1bf19f37050/b/src/modules/flann/include -I/home/uilian/.conan2/p/b/openc0f1bf19f37050/b/src/modules/imgproc/include -I/home/uilian/.conan2/p/b/openc0f1bf19f37050/b/src/modules/features2d/include -isystem /home/uilian/.conan2/p/b/openc0f1bf19f37050/b/build/Release -isystem /home/uilian/.conan2/p/eigen5481853932f72/p/include/eigen3 -m64   -fsigned-char -W -Wall -Wreturn-type -Wnon-virtual-dtor -Waddress -Wsequence-point -Wformat -Wformat-security -Wmissing-declarations -Wundef -Winit-self -Wpointer-arith -Wshadow -Wsign-promo -Wuninitialized -Wsuggest-override -Wno-delete-non-virtual-dtor -Wno-comment -Wimplicit-fallthrough=3 -Wno-strict-overflow -fdiagnostics-show-option -Wno-long-long -pthread -fomit-frame-pointer -ffunction-sections -fdata-sections  -msse -msse2 -msse3 -fvisibility=hidden -fvisibility-inlines-hidden -O3 -DNDEBUG  -DNDEBUG -std=gnu++11 -fPIC -MD -MT modules/calib3d/CMakeFiles/opencv_calib3d.dir/src/calib3d_c_api.cpp.o -MF modules/calib3d/CMakeFiles/opencv_calib3d.dir/src/calib3d_c_api.cpp.o.d -o modules/calib3d/CMakeFiles/opencv_calib3d.dir/src/calib3d_c_api.cpp.o -c /home/uilian/.conan2/p/b/openc0f1bf19f37050/b/src/modules/calib3d/src/calib3d_c_api.cpp
[338/411] /usr/bin/g++-13 -DCVAPI_EXPORTS -D_USE_MATH_DEFINES -D__OPENCV_BUILD=1 -D__STDC_CONSTANT_MACROS -D__STDC_FORMAT_MACROS -D__STDC_LIMIT_MACROS -I/home/uilian/.conan2/p/b/openc0f1bf19f37050/b/src/modules/calib3d/include -I/home/uilian/.conan2/p/b/openc0f1bf19f37050/b/build/Release/modules/calib3d -I/home/uilian/.conan2/p/b/openc0f1bf19f37050/b/src/modules/core/include -I/home/uilian/.conan2/p/b/openc0f1bf19f37050/b/src/modules/flann/include -I/home/uilian/.conan2/p/b/openc0f1bf19f37050/b/src/modules/imgproc/include -I/home/uilian/.conan2/p/b/openc0f1bf19f37050/b/src/modules/features2d/include -isystem /home/uilian/.conan2/p/b/openc0f1bf19f37050/b/build/Release -isystem /home/uilian/.conan2/p/eigen5481853932f72/p/include/eigen3 -m64   -fsigned-char -W -Wall -Wreturn-type -Wnon-virtual-dtor -Waddress -Wsequence-point -Wformat -Wformat-security -Wmissing-declarations -Wundef -Winit-self -Wpointer-arith -Wshadow -Wsign-promo -Wuninitialized -Wsuggest-override -Wno-delete-non-virtual-dtor -Wno-comment -Wimplicit-fallthrough=3 -Wno-strict-overflow -fdiagnostics-show-option -Wno-long-long -pthread -fomit-frame-pointer -ffunction-sections -fdata-sections  -msse -msse2 -msse3 -fvisibility=hidden -fvisibility-inlines-hidden -O3 -DNDEBUG  -DNDEBUG -std=gnu++11 -fPIC -MD -MT modules/calib3d/CMakeFiles/opencv_calib3d.dir/src/compat_stereo.cpp.o -MF modules/calib3d/CMakeFiles/opencv_calib3d.dir/src/compat_stereo.cpp.o.d -o modules/calib3d/CMakeFiles/opencv_calib3d.dir/src/compat_stereo.cpp.o -c /home/uilian/.conan2/p/b/openc0f1bf19f37050/b/src/modules/calib3d/src/compat_stereo.cpp
[339/411] /usr/bin/g++-13 -DCVAPI_EXPORTS -D_USE_MATH_DEFINES -D__OPENCV_BUILD=1 -D__STDC_CONSTANT_MACROS -D__STDC_FORMAT_MACROS -D__STDC_LIMIT_MACROS -I/home/uilian/.conan2/p/b/openc0f1bf19f37050/b/src/modules/calib3d/include -I/home/uilian/.conan2/p/b/openc0f1bf19f37050/b/build/Release/modules/calib3d -I/home/uilian/.conan2/p/b/openc0f1bf19f37050/b/src/modules/core/include -I/home/uilian/.conan2/p/b/openc0f1bf19f37050/b/src/modules/flann/include -I/home/uilian/.conan2/p/b/openc0f1bf19f37050/b/src/modules/imgproc/include -I/home/uilian/.conan2/p/b/openc0f1bf19f37050/b/src/modules/features2d/include -isystem /home/uilian/.conan2/p/b/openc0f1bf19f37050/b/build/Release -isystem /home/uilian/.conan2/p/eigen5481853932f72/p/include/eigen3 -m64   -fsigned-char -W -Wall -Wreturn-type -Wnon-virtual-dtor -Waddress -Wsequence-point -Wformat -Wformat-security -Wmissing-declarations -Wundef -Winit-self -Wpointer-arith -Wshadow -Wsign-promo -Wuninitialized -Wsuggest-override -Wno-delete-non-virtual-dtor -Wno-comment -Wimplicit-fallthrough=3 -Wno-strict-overflow -fdiagnostics-show-option -Wno-long-long -pthread -fomit-frame-pointer -ffunction-sections -fdata-sections  -msse -msse2 -msse3 -fvisibility=hidden -fvisibility-inlines-hidden -O3 -DNDEBUG  -DNDEBUG -std=gnu++11 -fPIC -MD -MT modules/calib3d/CMakeFiles/opencv_calib3d.dir/src/checkchessboard.cpp.o -MF modules/calib3d/CMakeFiles/opencv_calib3d.dir/src/checkchessboard.cpp.o.d -o modules/calib3d/CMakeFiles/opencv_calib3d.dir/src/checkchessboard.cpp.o -c /home/uilian/.conan2/p/b/openc0f1bf19f37050/b/src/modules/calib3d/src/checkchessboard.cpp
[340/411] /usr/bin/g++-13 -DCVAPI_EXPORTS -D_USE_MATH_DEFINES -D__OPENCV_BUILD=1 -D__STDC_CONSTANT_MACROS -D__STDC_FORMAT_MACROS -D__STDC_LIMIT_MACROS -I/home/uilian/.conan2/p/b/openc0f1bf19f37050/b/src/modules/calib3d/include -I/home/uilian/.conan2/p/b/openc0f1bf19f37050/b/build/Release/modules/calib3d -I/home/uilian/.conan2/p/b/openc0f1bf19f37050/b/src/modules/core/include -I/home/uilian/.conan2/p/b/openc0f1bf19f37050/b/src/modules/flann/include -I/home/uilian/.conan2/p/b/openc0f1bf19f37050/b/src/modules/imgproc/include -I/home/uilian/.conan2/p/b/openc0f1bf19f37050/b/src/modules/features2d/include -isystem /home/uilian/.conan2/p/b/openc0f1bf19f37050/b/build/Release -isystem /home/uilian/.conan2/p/eigen5481853932f72/p/include/eigen3 -m64   -fsigned-char -W -Wall -Wreturn-type -Wnon-virtual-dtor -Waddress -Wsequence-point -Wformat -Wformat-security -Wmissing-declarations -Wundef -Winit-self -Wpointer-arith -Wshadow -Wsign-promo -Wuninitialized -Wsuggest-override -Wno-delete-non-virtual-dtor -Wno-comment -Wimplicit-fallthrough=3 -Wno-strict-overflow -fdiagnostics-show-option -Wno-long-long -pthread -fomit-frame-pointer -ffunction-sections -fdata-sections  -msse -msse2 -msse3 -fvisibility=hidden -fvisibility-inlines-hidden -O3 -DNDEBUG  -DNDEBUG -std=gnu++11 -fPIC -MD -MT modules/calib3d/CMakeFiles/opencv_calib3d.dir/src/compat_ptsetreg.cpp.o -MF modules/calib3d/CMakeFiles/opencv_calib3d.dir/src/compat_ptsetreg.cpp.o.d -o modules/calib3d/CMakeFiles/opencv_calib3d.dir/src/compat_ptsetreg.cpp.o -c /home/uilian/.conan2/p/b/openc0f1bf19f37050/b/src/modules/calib3d/src/compat_ptsetreg.cpp
[341/411] /usr/bin/g++-13 -DCVAPI_EXPORTS -D_USE_MATH_DEFINES -D__OPENCV_BUILD=1 -D__STDC_CONSTANT_MACROS -D__STDC_FORMAT_MACROS -D__STDC_LIMIT_MACROS -I/home/uilian/.conan2/p/b/openc0f1bf19f37050/b/src/modules/calib3d/include -I/home/uilian/.conan2/p/b/openc0f1bf19f37050/b/build/Release/modules/calib3d -I/home/uilian/.conan2/p/b/openc0f1bf19f37050/b/src/modules/core/include -I/home/uilian/.conan2/p/b/openc0f1bf19f37050/b/src/modules/flann/include -I/home/uilian/.conan2/p/b/openc0f1bf19f37050/b/src/modules/imgproc/include -I/home/uilian/.conan2/p/b/openc0f1bf19f37050/b/src/modules/features2d/include -isystem /home/uilian/.conan2/p/b/openc0f1bf19f37050/b/build/Release -isystem /home/uilian/.conan2/p/eigen5481853932f72/p/include/eigen3 -m64   -fsigned-char -W -Wall -Wreturn-type -Wnon-virtual-dtor -Waddress -Wsequence-point -Wformat -Wformat-security -Wmissing-declarations -Wundef -Winit-self -Wpointer-arith -Wshadow -Wsign-promo -Wuninitialized -Wsuggest-override -Wno-delete-non-virtual-dtor -Wno-comment -Wimplicit-fallthrough=3 -Wno-strict-overflow -fdiagnostics-show-option -Wno-long-long -pthread -fomit-frame-pointer -ffunction-sections -fdata-sections  -msse -msse2 -msse3 -fvisibility=hidden -fvisibility-inlines-hidden -O3 -DNDEBUG  -DNDEBUG -std=gnu++11 -fPIC -MD -MT modules/calib3d/CMakeFiles/opencv_calib3d.dir/src/ap3p.cpp.o -MF modules/calib3d/CMakeFiles/opencv_calib3d.dir/src/ap3p.cpp.o.d -o modules/calib3d/CMakeFiles/opencv_calib3d.dir/src/ap3p.cpp.o -c /home/uilian/.conan2/p/b/openc0f1bf19f37050/b/src/modules/calib3d/src/ap3p.cpp
[342/411] /usr/bin/g++-13 -DCVAPI_EXPORTS -D_USE_MATH_DEFINES -D__OPENCV_BUILD=1 -D__STDC_CONSTANT_MACROS -D__STDC_FORMAT_MACROS -D__STDC_LIMIT_MACROS -I/home/uilian/.conan2/p/b/openc0f1bf19f37050/b/src/modules/calib3d/include -I/home/uilian/.conan2/p/b/openc0f1bf19f37050/b/build/Release/modules/calib3d -I/home/uilian/.conan2/p/b/openc0f1bf19f37050/b/src/modules/core/include -I/home/uilian/.conan2/p/b/openc0f1bf19f37050/b/src/modules/flann/include -I/home/uilian/.conan2/p/b/openc0f1bf19f37050/b/src/modules/imgproc/include -I/home/uilian/.conan2/p/b/openc0f1bf19f37050/b/src/modules/features2d/include -isystem /home/uilian/.conan2/p/b/openc0f1bf19f37050/b/build/Release -isystem /home/uilian/.conan2/p/eigen5481853932f72/p/include/eigen3 -m64   -fsigned-char -W -Wall -Wreturn-type -Wnon-virtual-dtor -Waddress -Wsequence-point -Wformat -Wformat-security -Wmissing-declarations -Wundef -Winit-self -Wpointer-arith -Wshadow -Wsign-promo -Wuninitialized -Wsuggest-override -Wno-delete-non-virtual-dtor -Wno-comment -Wimplicit-fallthrough=3 -Wno-strict-overflow -fdiagnostics-show-option -Wno-long-long -pthread -fomit-frame-pointer -ffunction-sections -fdata-sections  -msse -msse2 -msse3 -fvisibility=hidden -fvisibility-inlines-hidden -O3 -DNDEBUG  -DNDEBUG -std=gnu++11 -fPIC -MD -MT modules/calib3d/CMakeFiles/opencv_calib3d.dir/src/epnp.cpp.o -MF modules/calib3d/CMakeFiles/opencv_calib3d.dir/src/epnp.cpp.o.d -o modules/calib3d/CMakeFiles/opencv_calib3d.dir/src/epnp.cpp.o -c /home/uilian/.conan2/p/b/openc0f1bf19f37050/b/src/modules/calib3d/src/epnp.cpp
[343/411] /usr/bin/g++-13 -DCVAPI_EXPORTS -D_USE_MATH_DEFINES -D__OPENCV_BUILD=1 -D__STDC_CONSTANT_MACROS -D__STDC_FORMAT_MACROS -D__STDC_LIMIT_MACROS -I/home/uilian/.conan2/p/b/openc0f1bf19f37050/b/src/modules/calib3d/include -I/home/uilian/.conan2/p/b/openc0f1bf19f37050/b/build/Release/modules/calib3d -I/home/uilian/.conan2/p/b/openc0f1bf19f37050/b/src/modules/core/include -I/home/uilian/.conan2/p/b/openc0f1bf19f37050/b/src/modules/flann/include -I/home/uilian/.conan2/p/b/openc0f1bf19f37050/b/src/modules/imgproc/include -I/home/uilian/.conan2/p/b/openc0f1bf19f37050/b/src/modules/features2d/include -isystem /home/uilian/.conan2/p/b/openc0f1bf19f37050/b/build/Release -isystem /home/uilian/.conan2/p/eigen5481853932f72/p/include/eigen3 -m64   -fsigned-char -W -Wall -Wreturn-type -Wnon-virtual-dtor -Waddress -Wsequence-point -Wformat -Wformat-security -Wmissing-declarations -Wundef -Winit-self -Wpointer-arith -Wshadow -Wsign-promo -Wuninitialized -Wsuggest-override -Wno-delete-non-virtual-dtor -Wno-comment -Wimplicit-fallthrough=3 -Wno-strict-overflow -fdiagnostics-show-option -Wno-long-long -pthread -fomit-frame-pointer -ffunction-sections -fdata-sections  -msse -msse2 -msse3 -fvisibility=hidden -fvisibility-inlines-hidden -O3 -DNDEBUG  -DNDEBUG -std=gnu++11 -fPIC -MD -MT modules/calib3d/CMakeFiles/opencv_calib3d.dir/src/calibration_handeye.cpp.o -MF modules/calib3d/CMakeFiles/opencv_calib3d.dir/src/calibration_handeye.cpp.o.d -o modules/calib3d/CMakeFiles/opencv_calib3d.dir/src/calibration_handeye.cpp.o -c /home/uilian/.conan2/p/b/openc0f1bf19f37050/b/src/modules/calib3d/src/calibration_handeye.cpp
[344/411] /usr/bin/g++-13 -DCVAPI_EXPORTS -D_USE_MATH_DEFINES -D__OPENCV_BUILD=1 -D__STDC_CONSTANT_MACROS -D__STDC_FORMAT_MACROS -D__STDC_LIMIT_MACROS -I/home/uilian/.conan2/p/b/openc0f1bf19f37050/b/src/modules/calib3d/include -I/home/uilian/.conan2/p/b/openc0f1bf19f37050/b/build/Release/modules/calib3d -I/home/uilian/.conan2/p/b/openc0f1bf19f37050/b/src/modules/core/include -I/home/uilian/.conan2/p/b/openc0f1bf19f37050/b/src/modules/flann/include -I/home/uilian/.conan2/p/b/openc0f1bf19f37050/b/src/modules/imgproc/include -I/home/uilian/.conan2/p/b/openc0f1bf19f37050/b/src/modules/features2d/include -isystem /home/uilian/.conan2/p/b/openc0f1bf19f37050/b/build/Release -isystem /home/uilian/.conan2/p/eigen5481853932f72/p/include/eigen3 -m64   -fsigned-char -W -Wall -Wreturn-type -Wnon-virtual-dtor -Waddress -Wsequence-point -Wformat -Wformat-security -Wmissing-declarations -Wundef -Winit-self -Wpointer-arith -Wshadow -Wsign-promo -Wuninitialized -Wsuggest-override -Wno-delete-non-virtual-dtor -Wno-comment -Wimplicit-fallthrough=3 -Wno-strict-overflow -fdiagnostics-show-option -Wno-long-long -pthread -fomit-frame-pointer -ffunction-sections -fdata-sections  -msse -msse2 -msse3 -fvisibility=hidden -fvisibility-inlines-hidden -O3 -DNDEBUG  -DNDEBUG -std=gnu++11 -fPIC -MD -MT modules/calib3d/CMakeFiles/opencv_calib3d.dir/src/calibinit.cpp.o -MF modules/calib3d/CMakeFiles/opencv_calib3d.dir/src/calibinit.cpp.o.d -o modules/calib3d/CMakeFiles/opencv_calib3d.dir/src/calibinit.cpp.o -c /home/uilian/.conan2/p/b/openc0f1bf19f37050/b/src/modules/calib3d/src/calibinit.cpp
[345/411] /usr/bin/g++-13 -DCVAPI_EXPORTS -D_USE_MATH_DEFINES -D__OPENCV_BUILD=1 -D__STDC_CONSTANT_MACROS -D__STDC_FORMAT_MACROS -D__STDC_LIMIT_MACROS -I/home/uilian/.conan2/p/b/openc0f1bf19f37050/b/src/modules/calib3d/include -I/home/uilian/.conan2/p/b/openc0f1bf19f37050/b/build/Release/modules/calib3d -I/home/uilian/.conan2/p/b/openc0f1bf19f37050/b/src/modules/core/include -I/home/uilian/.conan2/p/b/openc0f1bf19f37050/b/src/modules/flann/include -I/home/uilian/.conan2/p/b/openc0f1bf19f37050/b/src/modules/imgproc/include -I/home/uilian/.conan2/p/b/openc0f1bf19f37050/b/src/modules/features2d/include -isystem /home/uilian/.conan2/p/b/openc0f1bf19f37050/b/build/Release -isystem /home/uilian/.conan2/p/eigen5481853932f72/p/include/eigen3 -m64   -fsigned-char -W -Wall -Wreturn-type -Wnon-virtual-dtor -Waddress -Wsequence-point -Wformat -Wformat-security -Wmissing-declarations -Wundef -Winit-self -Wpointer-arith -Wshadow -Wsign-promo -Wuninitialized -Wsuggest-override -Wno-delete-non-virtual-dtor -Wno-comment -Wimplicit-fallthrough=3 -Wno-strict-overflow -fdiagnostics-show-option -Wno-long-long -pthread -fomit-frame-pointer -ffunction-sections -fdata-sections  -msse -msse2 -msse3 -fvisibility=hidden -fvisibility-inlines-hidden -O3 -DNDEBUG  -DNDEBUG -std=gnu++11 -fPIC -MD -MT modules/calib3d/CMakeFiles/opencv_calib3d.dir/src/homography_decomp.cpp.o -MF modules/calib3d/CMakeFiles/opencv_calib3d.dir/src/homography_decomp.cpp.o.d -o modules/calib3d/CMakeFiles/opencv_calib3d.dir/src/homography_decomp.cpp.o -c /home/uilian/.conan2/p/b/openc0f1bf19f37050/b/src/modules/calib3d/src/homography_decomp.cpp
[346/411] /usr/bin/g++-13 -DCVAPI_EXPORTS -D_USE_MATH_DEFINES -D__OPENCV_BUILD=1 -D__STDC_CONSTANT_MACROS -D__STDC_FORMAT_MACROS -D__STDC_LIMIT_MACROS -I/home/uilian/.conan2/p/b/openc0f1bf19f37050/b/src/modules/calib3d/include -I/home/uilian/.conan2/p/b/openc0f1bf19f37050/b/build/Release/modules/calib3d -I/home/uilian/.conan2/p/b/openc0f1bf19f37050/b/src/modules/core/include -I/home/uilian/.conan2/p/b/openc0f1bf19f37050/b/src/modules/flann/include -I/home/uilian/.conan2/p/b/openc0f1bf19f37050/b/src/modules/imgproc/include -I/home/uilian/.conan2/p/b/openc0f1bf19f37050/b/src/modules/features2d/include -isystem /home/uilian/.conan2/p/b/openc0f1bf19f37050/b/build/Release -isystem /home/uilian/.conan2/p/eigen5481853932f72/p/include/eigen3 -m64   -fsigned-char -W -Wall -Wreturn-type -Wnon-virtual-dtor -Waddress -Wsequence-point -Wformat -Wformat-security -Wmissing-declarations -Wundef -Winit-self -Wpointer-arith -Wshadow -Wsign-promo -Wuninitialized -Wsuggest-override -Wno-delete-non-virtual-dtor -Wno-comment -Wimplicit-fallthrough=3 -Wno-strict-overflow -fdiagnostics-show-option -Wno-long-long -pthread -fomit-frame-pointer -ffunction-sections -fdata-sections  -msse -msse2 -msse3 -fvisibility=hidden -fvisibility-inlines-hidden -O3 -DNDEBUG  -DNDEBUG -std=gnu++11 -fPIC -MD -MT modules/calib3d/CMakeFiles/opencv_calib3d.dir/src/main.cpp.o -MF modules/calib3d/CMakeFiles/opencv_calib3d.dir/src/main.cpp.o.d -o modules/calib3d/CMakeFiles/opencv_calib3d.dir/src/main.cpp.o -c /home/uilian/.conan2/p/b/openc0f1bf19f37050/b/src/modules/calib3d/src/main.cpp
[347/411] /usr/bin/g++-13 -DCVAPI_EXPORTS -D_USE_MATH_DEFINES -D__OPENCV_BUILD=1 -D__STDC_CONSTANT_MACROS -D__STDC_FORMAT_MACROS -D__STDC_LIMIT_MACROS -I/home/uilian/.conan2/p/b/openc0f1bf19f37050/b/src/modules/calib3d/include -I/home/uilian/.conan2/p/b/openc0f1bf19f37050/b/build/Release/modules/calib3d -I/home/uilian/.conan2/p/b/openc0f1bf19f37050/b/src/modules/core/include -I/home/uilian/.conan2/p/b/openc0f1bf19f37050/b/src/modules/flann/include -I/home/uilian/.conan2/p/b/openc0f1bf19f37050/b/src/modules/imgproc/include -I/home/uilian/.conan2/p/b/openc0f1bf19f37050/b/src/modules/features2d/include -isystem /home/uilian/.conan2/p/b/openc0f1bf19f37050/b/build/Release -isystem /home/uilian/.conan2/p/eigen5481853932f72/p/include/eigen3 -m64   -fsigned-char -W -Wall -Wreturn-type -Wnon-virtual-dtor -Waddress -Wsequence-point -Wformat -Wformat-security -Wmissing-declarations -Wundef -Winit-self -Wpointer-arith -Wshadow -Wsign-promo -Wuninitialized -Wsuggest-override -Wno-delete-non-virtual-dtor -Wno-comment -Wimplicit-fallthrough=3 -Wno-strict-overflow -fdiagnostics-show-option -Wno-long-long -pthread -fomit-frame-pointer -ffunction-sections -fdata-sections  -msse -msse2 -msse3 -fvisibility=hidden -fvisibility-inlines-hidden -O3 -DNDEBUG  -DNDEBUG -std=gnu++11 -fPIC -MD -MT modules/calib3d/CMakeFiles/opencv_calib3d.dir/src/levmarq.cpp.o -MF modules/calib3d/CMakeFiles/opencv_calib3d.dir/src/levmarq.cpp.o.d -o modules/calib3d/CMakeFiles/opencv_calib3d.dir/src/levmarq.cpp.o -c /home/uilian/.conan2/p/b/openc0f1bf19f37050/b/src/modules/calib3d/src/levmarq.cpp
[348/411] /usr/bin/g++-13 -DCVAPI_EXPORTS -D_USE_MATH_DEFINES -D__OPENCV_BUILD=1 -D__STDC_CONSTANT_MACROS -D__STDC_FORMAT_MACROS -D__STDC_LIMIT_MACROS -I/home/uilian/.conan2/p/b/openc0f1bf19f37050/b/src/modules/calib3d/include -I/home/uilian/.conan2/p/b/openc0f1bf19f37050/b/build/Release/modules/calib3d -I/home/uilian/.conan2/p/b/openc0f1bf19f37050/b/src/modules/core/include -I/home/uilian/.conan2/p/b/openc0f1bf19f37050/b/src/modules/flann/include -I/home/uilian/.conan2/p/b/openc0f1bf19f37050/b/src/modules/imgproc/include -I/home/uilian/.conan2/p/b/openc0f1bf19f37050/b/src/modules/features2d/include -isystem /home/uilian/.conan2/p/b/openc0f1bf19f37050/b/build/Release -isystem /home/uilian/.conan2/p/eigen5481853932f72/p/include/eigen3 -m64   -fsigned-char -W -Wall -Wreturn-type -Wnon-virtual-dtor -Waddress -Wsequence-point -Wformat -Wformat-security -Wmissing-declarations -Wundef -Winit-self -Wpointer-arith -Wshadow -Wsign-promo -Wuninitialized -Wsuggest-override -Wno-delete-non-virtual-dtor -Wno-comment -Wimplicit-fallthrough=3 -Wno-strict-overflow -fdiagnostics-show-option -Wno-long-long -pthread -fomit-frame-pointer -ffunction-sections -fdata-sections  -msse -msse2 -msse3 -fvisibility=hidden -fvisibility-inlines-hidden -O3 -DNDEBUG  -DNDEBUG -std=gnu++11 -fPIC -MD -MT modules/calib3d/CMakeFiles/opencv_calib3d.dir/src/circlesgrid.cpp.o -MF modules/calib3d/CMakeFiles/opencv_calib3d.dir/src/circlesgrid.cpp.o.d -o modules/calib3d/CMakeFiles/opencv_calib3d.dir/src/circlesgrid.cpp.o -c /home/uilian/.conan2/p/b/openc0f1bf19f37050/b/src/modules/calib3d/src/circlesgrid.cpp
[349/411] /usr/bin/g++-13 -DCVAPI_EXPORTS -D_USE_MATH_DEFINES -D__OPENCV_BUILD=1 -D__STDC_CONSTANT_MACROS -D__STDC_FORMAT_MACROS -D__STDC_LIMIT_MACROS -I/home/uilian/.conan2/p/b/openc0f1bf19f37050/b/src/modules/calib3d/include -I/home/uilian/.conan2/p/b/openc0f1bf19f37050/b/build/Release/modules/calib3d -I/home/uilian/.conan2/p/b/openc0f1bf19f37050/b/src/modules/core/include -I/home/uilian/.conan2/p/b/openc0f1bf19f37050/b/src/modules/flann/include -I/home/uilian/.conan2/p/b/openc0f1bf19f37050/b/src/modules/imgproc/include -I/home/uilian/.conan2/p/b/openc0f1bf19f37050/b/src/modules/features2d/include -isystem /home/uilian/.conan2/p/b/openc0f1bf19f37050/b/build/Release -isystem /home/uilian/.conan2/p/eigen5481853932f72/p/include/eigen3 -m64   -fsigned-char -W -Wall -Wreturn-type -Wnon-virtual-dtor -Waddress -Wsequence-point -Wformat -Wformat-security -Wmissing-declarations -Wundef -Winit-self -Wpointer-arith -Wshadow -Wsign-promo -Wuninitialized -Wsuggest-override -Wno-delete-non-virtual-dtor -Wno-comment -Wimplicit-fallthrough=3 -Wno-strict-overflow -fdiagnostics-show-option -Wno-long-long -pthread -fomit-frame-pointer -ffunction-sections -fdata-sections  -msse -msse2 -msse3 -fvisibility=hidden -fvisibility-inlines-hidden -O3 -DNDEBUG  -DNDEBUG -std=gnu++11 -fPIC -MD -MT modules/calib3d/CMakeFiles/opencv_calib3d.dir/src/fundam.cpp.o -MF modules/calib3d/CMakeFiles/opencv_calib3d.dir/src/fundam.cpp.o.d -o modules/calib3d/CMakeFiles/opencv_calib3d.dir/src/fundam.cpp.o -c /home/uilian/.conan2/p/b/openc0f1bf19f37050/b/src/modules/calib3d/src/fundam.cpp
[350/411] /usr/bin/g++-13 -DCVAPI_EXPORTS -D_USE_MATH_DEFINES -D__OPENCV_BUILD=1 -D__STDC_CONSTANT_MACROS -D__STDC_FORMAT_MACROS -D__STDC_LIMIT_MACROS -I/home/uilian/.conan2/p/b/openc0f1bf19f37050/b/src/modules/calib3d/include -I/home/uilian/.conan2/p/b/openc0f1bf19f37050/b/build/Release/modules/calib3d -I/home/uilian/.conan2/p/b/openc0f1bf19f37050/b/src/modules/core/include -I/home/uilian/.conan2/p/b/openc0f1bf19f37050/b/src/modules/flann/include -I/home/uilian/.conan2/p/b/openc0f1bf19f37050/b/src/modules/imgproc/include -I/home/uilian/.conan2/p/b/openc0f1bf19f37050/b/src/modules/features2d/include -isystem /home/uilian/.conan2/p/b/openc0f1bf19f37050/b/build/Release -isystem /home/uilian/.conan2/p/eigen5481853932f72/p/include/eigen3 -m64   -fsigned-char -W -Wall -Wreturn-type -Wnon-virtual-dtor -Waddress -Wsequence-point -Wformat -Wformat-security -Wmissing-declarations -Wundef -Winit-self -Wpointer-arith -Wshadow -Wsign-promo -Wuninitialized -Wsuggest-override -Wno-delete-non-virtual-dtor -Wno-comment -Wimplicit-fallthrough=3 -Wno-strict-overflow -fdiagnostics-show-option -Wno-long-long -pthread -fomit-frame-pointer -ffunction-sections -fdata-sections  -msse -msse2 -msse3 -fvisibility=hidden -fvisibility-inlines-hidden -O3 -DNDEBUG  -DNDEBUG -std=gnu++11 -fPIC -MD -MT modules/calib3d/CMakeFiles/opencv_calib3d.dir/src/ippe.cpp.o -MF modules/calib3d/CMakeFiles/opencv_calib3d.dir/src/ippe.cpp.o.d -o modules/calib3d/CMakeFiles/opencv_calib3d.dir/src/ippe.cpp.o -c /home/uilian/.conan2/p/b/openc0f1bf19f37050/b/src/modules/calib3d/src/ippe.cpp
[351/411] /usr/bin/g++-13 -DCVAPI_EXPORTS -D_USE_MATH_DEFINES -D__OPENCV_BUILD=1 -D__STDC_CONSTANT_MACROS -D__STDC_FORMAT_MACROS -D__STDC_LIMIT_MACROS -I/home/uilian/.conan2/p/b/openc0f1bf19f37050/b/src/modules/calib3d/include -I/home/uilian/.conan2/p/b/openc0f1bf19f37050/b/build/Release/modules/calib3d -I/home/uilian/.conan2/p/b/openc0f1bf19f37050/b/src/modules/core/include -I/home/uilian/.conan2/p/b/openc0f1bf19f37050/b/src/modules/flann/include -I/home/uilian/.conan2/p/b/openc0f1bf19f37050/b/src/modules/imgproc/include -I/home/uilian/.conan2/p/b/openc0f1bf19f37050/b/src/modules/features2d/include -isystem /home/uilian/.conan2/p/b/openc0f1bf19f37050/b/build/Release -isystem /home/uilian/.conan2/p/eigen5481853932f72/p/include/eigen3 -m64   -fsigned-char -W -Wall -Wreturn-type -Wnon-virtual-dtor -Waddress -Wsequence-point -Wformat -Wformat-security -Wmissing-declarations -Wundef -Winit-self -Wpointer-arith -Wshadow -Wsign-promo -Wuninitialized -Wsuggest-override -Wno-delete-non-virtual-dtor -Wno-comment -Wimplicit-fallthrough=3 -Wno-strict-overflow -fdiagnostics-show-option -Wno-long-long -pthread -fomit-frame-pointer -ffunction-sections -fdata-sections  -msse -msse2 -msse3 -fvisibility=hidden -fvisibility-inlines-hidden -O3 -DNDEBUG  -DNDEBUG -std=gnu++11 -fPIC -MD -MT modules/calib3d/CMakeFiles/opencv_calib3d.dir/src/polynom_solver.cpp.o -MF modules/calib3d/CMakeFiles/opencv_calib3d.dir/src/polynom_solver.cpp.o.d -o modules/calib3d/CMakeFiles/opencv_calib3d.dir/src/polynom_solver.cpp.o -c /home/uilian/.conan2/p/b/openc0f1bf19f37050/b/src/modules/calib3d/src/polynom_solver.cpp
[352/411] /usr/bin/g++-13 -DCVAPI_EXPORTS -D_USE_MATH_DEFINES -D__OPENCV_BUILD=1 -D__STDC_CONSTANT_MACROS -D__STDC_FORMAT_MACROS -D__STDC_LIMIT_MACROS -I/home/uilian/.conan2/p/b/openc0f1bf19f37050/b/src/modules/calib3d/include -I/home/uilian/.conan2/p/b/openc0f1bf19f37050/b/build/Release/modules/calib3d -I/home/uilian/.conan2/p/b/openc0f1bf19f37050/b/src/modules/core/include -I/home/uilian/.conan2/p/b/openc0f1bf19f37050/b/src/modules/flann/include -I/home/uilian/.conan2/p/b/openc0f1bf19f37050/b/src/modules/imgproc/include -I/home/uilian/.conan2/p/b/openc0f1bf19f37050/b/src/modules/features2d/include -isystem /home/uilian/.conan2/p/b/openc0f1bf19f37050/b/build/Release -isystem /home/uilian/.conan2/p/eigen5481853932f72/p/include/eigen3 -m64   -fsigned-char -W -Wall -Wreturn-type -Wnon-virtual-dtor -Waddress -Wsequence-point -Wformat -Wformat-security -Wmissing-declarations -Wundef -Winit-self -Wpointer-arith -Wshadow -Wsign-promo -Wuninitialized -Wsuggest-override -Wno-delete-non-virtual-dtor -Wno-comment -Wimplicit-fallthrough=3 -Wno-strict-overflow -fdiagnostics-show-option -Wno-long-long -pthread -fomit-frame-pointer -ffunction-sections -fdata-sections  -msse -msse2 -msse3 -fvisibility=hidden -fvisibility-inlines-hidden -O3 -DNDEBUG  -DNDEBUG -std=gnu++11 -fPIC -MD -MT modules/calib3d/CMakeFiles/opencv_calib3d.dir/src/p3p.cpp.o -MF modules/calib3d/CMakeFiles/opencv_calib3d.dir/src/p3p.cpp.o.d -o modules/calib3d/CMakeFiles/opencv_calib3d.dir/src/p3p.cpp.o -c /home/uilian/.conan2/p/b/openc0f1bf19f37050/b/src/modules/calib3d/src/p3p.cpp
[353/411] /usr/bin/g++-13 -DCVAPI_EXPORTS -D_USE_MATH_DEFINES -D__OPENCV_BUILD=1 -D__STDC_CONSTANT_MACROS -D__STDC_FORMAT_MACROS -D__STDC_LIMIT_MACROS -I/home/uilian/.conan2/p/b/openc0f1bf19f37050/b/src/modules/calib3d/include -I/home/uilian/.conan2/p/b/openc0f1bf19f37050/b/build/Release/modules/calib3d -I/home/uilian/.conan2/p/b/openc0f1bf19f37050/b/src/modules/core/include -I/home/uilian/.conan2/p/b/openc0f1bf19f37050/b/src/modules/flann/include -I/home/uilian/.conan2/p/b/openc0f1bf19f37050/b/src/modules/imgproc/include -I/home/uilian/.conan2/p/b/openc0f1bf19f37050/b/src/modules/features2d/include -isystem /home/uilian/.conan2/p/b/openc0f1bf19f37050/b/build/Release -isystem /home/uilian/.conan2/p/eigen5481853932f72/p/include/eigen3 -m64   -fsigned-char -W -Wall -Wreturn-type -Wnon-virtual-dtor -Waddress -Wsequence-point -Wformat -Wformat-security -Wmissing-declarations -Wundef -Winit-self -Wpointer-arith -Wshadow -Wsign-promo -Wuninitialized -Wsuggest-override -Wno-delete-non-virtual-dtor -Wno-comment -Wimplicit-fallthrough=3 -Wno-strict-overflow -fdiagnostics-show-option -Wno-long-long -pthread -fomit-frame-pointer -ffunction-sections -fdata-sections  -msse -msse2 -msse3 -fvisibility=hidden -fvisibility-inlines-hidden -O3 -DNDEBUG  -DNDEBUG -std=gnu++11 -fPIC -MD -MT modules/calib3d/CMakeFiles/opencv_calib3d.dir/src/fisheye.cpp.o -MF modules/calib3d/CMakeFiles/opencv_calib3d.dir/src/fisheye.cpp.o.d -o modules/calib3d/CMakeFiles/opencv_calib3d.dir/src/fisheye.cpp.o -c /home/uilian/.conan2/p/b/openc0f1bf19f37050/b/src/modules/calib3d/src/fisheye.cpp
[354/411] /usr/bin/g++-13 -DCVAPI_EXPORTS -D_USE_MATH_DEFINES -D__OPENCV_BUILD=1 -D__STDC_CONSTANT_MACROS -D__STDC_FORMAT_MACROS -D__STDC_LIMIT_MACROS -I/home/uilian/.conan2/p/b/openc0f1bf19f37050/b/src/modules/calib3d/include -I/home/uilian/.conan2/p/b/openc0f1bf19f37050/b/build/Release/modules/calib3d -I/home/uilian/.conan2/p/b/openc0f1bf19f37050/b/src/modules/core/include -I/home/uilian/.conan2/p/b/openc0f1bf19f37050/b/src/modules/flann/include -I/home/uilian/.conan2/p/b/openc0f1bf19f37050/b/src/modules/imgproc/include -I/home/uilian/.conan2/p/b/openc0f1bf19f37050/b/src/modules/features2d/include -isystem /home/uilian/.conan2/p/b/openc0f1bf19f37050/b/build/Release -isystem /home/uilian/.conan2/p/eigen5481853932f72/p/include/eigen3 -m64   -fsigned-char -W -Wall -Wreturn-type -Wnon-virtual-dtor -Waddress -Wsequence-point -Wformat -Wformat-security -Wmissing-declarations -Wundef -Winit-self -Wpointer-arith -Wshadow -Wsign-promo -Wuninitialized -Wsuggest-override -Wno-delete-non-virtual-dtor -Wno-comment -Wimplicit-fallthrough=3 -Wno-strict-overflow -fdiagnostics-show-option -Wno-long-long -pthread -fomit-frame-pointer -ffunction-sections -fdata-sections  -msse -msse2 -msse3 -fvisibility=hidden -fvisibility-inlines-hidden -O3 -DNDEBUG  -DNDEBUG -std=gnu++11 -fPIC -MD -MT modules/calib3d/CMakeFiles/opencv_calib3d.dir/src/calibration.cpp.o -MF modules/calib3d/CMakeFiles/opencv_calib3d.dir/src/calibration.cpp.o.d -o modules/calib3d/CMakeFiles/opencv_calib3d.dir/src/calibration.cpp.o -c /home/uilian/.conan2/p/b/openc0f1bf19f37050/b/src/modules/calib3d/src/calibration.cpp
[355/411] /usr/bin/g++-13 -DCVAPI_EXPORTS -D_USE_MATH_DEFINES -D__OPENCV_BUILD=1 -D__STDC_CONSTANT_MACROS -D__STDC_FORMAT_MACROS -D__STDC_LIMIT_MACROS -I/home/uilian/.conan2/p/b/openc0f1bf19f37050/b/src/modules/calib3d/include -I/home/uilian/.conan2/p/b/openc0f1bf19f37050/b/build/Release/modules/calib3d -I/home/uilian/.conan2/p/b/openc0f1bf19f37050/b/src/modules/core/include -I/home/uilian/.conan2/p/b/openc0f1bf19f37050/b/src/modules/flann/include -I/home/uilian/.conan2/p/b/openc0f1bf19f37050/b/src/modules/imgproc/include -I/home/uilian/.conan2/p/b/openc0f1bf19f37050/b/src/modules/features2d/include -isystem /home/uilian/.conan2/p/b/openc0f1bf19f37050/b/build/Release -isystem /home/uilian/.conan2/p/eigen5481853932f72/p/include/eigen3 -m64   -fsigned-char -W -Wall -Wreturn-type -Wnon-virtual-dtor -Waddress -Wsequence-point -Wformat -Wformat-security -Wmissing-declarations -Wundef -Winit-self -Wpointer-arith -Wshadow -Wsign-promo -Wuninitialized -Wsuggest-override -Wno-delete-non-virtual-dtor -Wno-comment -Wimplicit-fallthrough=3 -Wno-strict-overflow -fdiagnostics-show-option -Wno-long-long -pthread -fomit-frame-pointer -ffunction-sections -fdata-sections  -msse -msse2 -msse3 -fvisibility=hidden -fvisibility-inlines-hidden -O3 -DNDEBUG  -DNDEBUG -std=gnu++11 -fPIC -MD -MT modules/calib3d/CMakeFiles/opencv_calib3d.dir/src/posit.cpp.o -MF modules/calib3d/CMakeFiles/opencv_calib3d.dir/src/posit.cpp.o.d -o modules/calib3d/CMakeFiles/opencv_calib3d.dir/src/posit.cpp.o -c /home/uilian/.conan2/p/b/openc0f1bf19f37050/b/src/modules/calib3d/src/posit.cpp
[356/411] /usr/bin/g++-13 -DCVAPI_EXPORTS -D_USE_MATH_DEFINES -D__OPENCV_BUILD=1 -D__STDC_CONSTANT_MACROS -D__STDC_FORMAT_MACROS -D__STDC_LIMIT_MACROS -I/home/uilian/.conan2/p/b/openc0f1bf19f37050/b/src/modules/calib3d/include -I/home/uilian/.conan2/p/b/openc0f1bf19f37050/b/build/Release/modules/calib3d -I/home/uilian/.conan2/p/b/openc0f1bf19f37050/b/src/modules/core/include -I/home/uilian/.conan2/p/b/openc0f1bf19f37050/b/src/modules/flann/include -I/home/uilian/.conan2/p/b/openc0f1bf19f37050/b/src/modules/imgproc/include -I/home/uilian/.conan2/p/b/openc0f1bf19f37050/b/src/modules/features2d/include -isystem /home/uilian/.conan2/p/b/openc0f1bf19f37050/b/build/Release -isystem /home/uilian/.conan2/p/eigen5481853932f72/p/include/eigen3 -m64   -fsigned-char -W -Wall -Wreturn-type -Wnon-virtual-dtor -Waddress -Wsequence-point -Wformat -Wformat-security -Wmissing-declarations -Wundef -Winit-self -Wpointer-arith -Wshadow -Wsign-promo -Wuninitialized -Wsuggest-override -Wno-delete-non-virtual-dtor -Wno-comment -Wimplicit-fallthrough=3 -Wno-strict-overflow -fdiagnostics-show-option -Wno-long-long -pthread -fomit-frame-pointer -ffunction-sections -fdata-sections  -msse -msse2 -msse3 -fvisibility=hidden -fvisibility-inlines-hidden -O3 -DNDEBUG  -DNDEBUG -std=gnu++11 -fPIC -MD -MT modules/calib3d/CMakeFiles/opencv_calib3d.dir/src/quadsubpix.cpp.o -MF modules/calib3d/CMakeFiles/opencv_calib3d.dir/src/quadsubpix.cpp.o.d -o modules/calib3d/CMakeFiles/opencv_calib3d.dir/src/quadsubpix.cpp.o -c /home/uilian/.conan2/p/b/openc0f1bf19f37050/b/src/modules/calib3d/src/quadsubpix.cpp
[357/411] /usr/bin/g++-13 -DCVAPI_EXPORTS -D_USE_MATH_DEFINES -D__OPENCV_BUILD=1 -D__STDC_CONSTANT_MACROS -D__STDC_FORMAT_MACROS -D__STDC_LIMIT_MACROS -I/home/uilian/.conan2/p/b/openc0f1bf19f37050/b/src/modules/calib3d/include -I/home/uilian/.conan2/p/b/openc0f1bf19f37050/b/build/Release/modules/calib3d -I/home/uilian/.conan2/p/b/openc0f1bf19f37050/b/src/modules/core/include -I/home/uilian/.conan2/p/b/openc0f1bf19f37050/b/src/modules/flann/include -I/home/uilian/.conan2/p/b/openc0f1bf19f37050/b/src/modules/imgproc/include -I/home/uilian/.conan2/p/b/openc0f1bf19f37050/b/src/modules/features2d/include -isystem /home/uilian/.conan2/p/b/openc0f1bf19f37050/b/build/Release -isystem /home/uilian/.conan2/p/eigen5481853932f72/p/include/eigen3 -m64   -fsigned-char -W -Wall -Wreturn-type -Wnon-virtual-dtor -Waddress -Wsequence-point -Wformat -Wformat-security -Wmissing-declarations -Wundef -Winit-self -Wpointer-arith -Wshadow -Wsign-promo -Wuninitialized -Wsuggest-override -Wno-delete-non-virtual-dtor -Wno-comment -Wimplicit-fallthrough=3 -Wno-strict-overflow -fdiagnostics-show-option -Wno-long-long -pthread -fomit-frame-pointer -ffunction-sections -fdata-sections  -msse -msse2 -msse3 -fvisibility=hidden -fvisibility-inlines-hidden -O3 -DNDEBUG  -DNDEBUG -std=gnu++11 -fPIC -MD -MT modules/calib3d/CMakeFiles/opencv_calib3d.dir/opencl_kernels_calib3d.cpp.o -MF modules/calib3d/CMakeFiles/opencv_calib3d.dir/opencl_kernels_calib3d.cpp.o.d -o modules/calib3d/CMakeFiles/opencv_calib3d.dir/opencl_kernels_calib3d.cpp.o -c /home/uilian/.conan2/p/b/openc0f1bf19f37050/b/build/Release/modules/calib3d/opencl_kernels_calib3d.cpp
[358/411] /usr/bin/g++-13 -DCVAPI_EXPORTS -D_USE_MATH_DEFINES -D__OPENCV_BUILD=1 -D__STDC_CONSTANT_MACROS -D__STDC_FORMAT_MACROS -D__STDC_LIMIT_MACROS -I/home/uilian/.conan2/p/b/openc0f1bf19f37050/b/src/modules/calib3d/include -I/home/uilian/.conan2/p/b/openc0f1bf19f37050/b/build/Release/modules/calib3d -I/home/uilian/.conan2/p/b/openc0f1bf19f37050/b/src/modules/core/include -I/home/uilian/.conan2/p/b/openc0f1bf19f37050/b/src/modules/flann/include -I/home/uilian/.conan2/p/b/openc0f1bf19f37050/b/src/modules/imgproc/include -I/home/uilian/.conan2/p/b/openc0f1bf19f37050/b/src/modules/features2d/include -isystem /home/uilian/.conan2/p/b/openc0f1bf19f37050/b/build/Release -isystem /home/uilian/.conan2/p/eigen5481853932f72/p/include/eigen3 -m64   -fsigned-char -W -Wall -Wreturn-type -Wnon-virtual-dtor -Waddress -Wsequence-point -Wformat -Wformat-security -Wmissing-declarations -Wundef -Winit-self -Wpointer-arith -Wshadow -Wsign-promo -Wuninitialized -Wsuggest-override -Wno-delete-non-virtual-dtor -Wno-comment -Wimplicit-fallthrough=3 -Wno-strict-overflow -fdiagnostics-show-option -Wno-long-long -pthread -fomit-frame-pointer -ffunction-sections -fdata-sections  -msse -msse2 -msse3 -fvisibility=hidden -fvisibility-inlines-hidden -O3 -DNDEBUG  -DNDEBUG -std=gnu++11 -fPIC -MD -MT modules/calib3d/CMakeFiles/opencv_calib3d.dir/src/rho.cpp.o -MF modules/calib3d/CMakeFiles/opencv_calib3d.dir/src/rho.cpp.o.d -o modules/calib3d/CMakeFiles/opencv_calib3d.dir/src/rho.cpp.o -c /home/uilian/.conan2/p/b/openc0f1bf19f37050/b/src/modules/calib3d/src/rho.cpp
[359/411] /usr/bin/g++-13 -DCVAPI_EXPORTS -D_USE_MATH_DEFINES -D__OPENCV_BUILD=1 -D__STDC_CONSTANT_MACROS -D__STDC_FORMAT_MACROS -D__STDC_LIMIT_MACROS -I/home/uilian/.conan2/p/b/openc0f1bf19f37050/b/src/modules/calib3d/include -I/home/uilian/.conan2/p/b/openc0f1bf19f37050/b/build/Release/modules/calib3d -I/home/uilian/.conan2/p/b/openc0f1bf19f37050/b/src/modules/core/include -I/home/uilian/.conan2/p/b/openc0f1bf19f37050/b/src/modules/flann/include -I/home/uilian/.conan2/p/b/openc0f1bf19f37050/b/src/modules/imgproc/include -I/home/uilian/.conan2/p/b/openc0f1bf19f37050/b/src/modules/features2d/include -isystem /home/uilian/.conan2/p/b/openc0f1bf19f37050/b/build/Release -isystem /home/uilian/.conan2/p/eigen5481853932f72/p/include/eigen3 -m64   -fsigned-char -W -Wall -Wreturn-type -Wnon-virtual-dtor -Waddress -Wsequence-point -Wformat -Wformat-security -Wmissing-declarations -Wundef -Winit-self -Wpointer-arith -Wshadow -Wsign-promo -Wuninitialized -Wsuggest-override -Wno-delete-non-virtual-dtor -Wno-comment -Wimplicit-fallthrough=3 -Wno-strict-overflow -fdiagnostics-show-option -Wno-long-long -pthread -fomit-frame-pointer -ffunction-sections -fdata-sections  -msse -msse2 -msse3 -fvisibility=hidden -fvisibility-inlines-hidden -O3 -DNDEBUG  -DNDEBUG -std=gnu++11 -fPIC -MD -MT modules/calib3d/CMakeFiles/opencv_calib3d.dir/src/ptsetreg.cpp.o -MF modules/calib3d/CMakeFiles/opencv_calib3d.dir/src/ptsetreg.cpp.o.d -o modules/calib3d/CMakeFiles/opencv_calib3d.dir/src/ptsetreg.cpp.o -c /home/uilian/.conan2/p/b/openc0f1bf19f37050/b/src/modules/calib3d/src/ptsetreg.cpp
[360/411] /usr/bin/g++-13 -DCVAPI_EXPORTS -D_USE_MATH_DEFINES -D__OPENCV_BUILD=1 -D__STDC_CONSTANT_MACROS -D__STDC_FORMAT_MACROS -D__STDC_LIMIT_MACROS -I/home/uilian/.conan2/p/b/openc0f1bf19f37050/b/src/modules/calib3d/include -I/home/uilian/.conan2/p/b/openc0f1bf19f37050/b/build/Release/modules/calib3d -I/home/uilian/.conan2/p/b/openc0f1bf19f37050/b/src/modules/core/include -I/home/uilian/.conan2/p/b/openc0f1bf19f37050/b/src/modules/flann/include -I/home/uilian/.conan2/p/b/openc0f1bf19f37050/b/src/modules/imgproc/include -I/home/uilian/.conan2/p/b/openc0f1bf19f37050/b/src/modules/features2d/include -isystem /home/uilian/.conan2/p/b/openc0f1bf19f37050/b/build/Release -isystem /home/uilian/.conan2/p/eigen5481853932f72/p/include/eigen3 -m64   -fsigned-char -W -Wall -Wreturn-type -Wnon-virtual-dtor -Waddress -Wsequence-point -Wformat -Wformat-security -Wmissing-declarations -Wundef -Winit-self -Wpointer-arith -Wshadow -Wsign-promo -Wuninitialized -Wsuggest-override -Wno-delete-non-virtual-dtor -Wno-comment -Wimplicit-fallthrough=3 -Wno-strict-overflow -fdiagnostics-show-option -Wno-long-long -pthread -fomit-frame-pointer -ffunction-sections -fdata-sections  -msse -msse2 -msse3 -fvisibility=hidden -fvisibility-inlines-hidden -O3 -DNDEBUG  -DNDEBUG -std=gnu++11 -fPIC -MD -MT modules/calib3d/CMakeFiles/opencv_calib3d.dir/src/sqpnp.cpp.o -MF modules/calib3d/CMakeFiles/opencv_calib3d.dir/src/sqpnp.cpp.o.d -o modules/calib3d/CMakeFiles/opencv_calib3d.dir/src/sqpnp.cpp.o -c /home/uilian/.conan2/p/b/openc0f1bf19f37050/b/src/modules/calib3d/src/sqpnp.cpp
[361/411] /usr/bin/g++-13 -DCVAPI_EXPORTS -D_USE_MATH_DEFINES -D__OPENCV_BUILD=1 -D__STDC_CONSTANT_MACROS -D__STDC_FORMAT_MACROS -D__STDC_LIMIT_MACROS -I/home/uilian/.conan2/p/b/openc0f1bf19f37050/b/src/modules/calib3d/include -I/home/uilian/.conan2/p/b/openc0f1bf19f37050/b/build/Release/modules/calib3d -I/home/uilian/.conan2/p/b/openc0f1bf19f37050/b/src/modules/core/include -I/home/uilian/.conan2/p/b/openc0f1bf19f37050/b/src/modules/flann/include -I/home/uilian/.conan2/p/b/openc0f1bf19f37050/b/src/modules/imgproc/include -I/home/uilian/.conan2/p/b/openc0f1bf19f37050/b/src/modules/features2d/include -isystem /home/uilian/.conan2/p/b/openc0f1bf19f37050/b/build/Release -isystem /home/uilian/.conan2/p/eigen5481853932f72/p/include/eigen3 -m64   -fsigned-char -W -Wall -Wreturn-type -Wnon-virtual-dtor -Waddress -Wsequence-point -Wformat -Wformat-security -Wmissing-declarations -Wundef -Winit-self -Wpointer-arith -Wshadow -Wsign-promo -Wuninitialized -Wsuggest-override -Wno-delete-non-virtual-dtor -Wno-comment -Wimplicit-fallthrough=3 -Wno-strict-overflow -fdiagnostics-show-option -Wno-long-long -pthread -fomit-frame-pointer -ffunction-sections -fdata-sections  -msse -msse2 -msse3 -fvisibility=hidden -fvisibility-inlines-hidden -O3 -DNDEBUG  -DNDEBUG -std=gnu++11 -fPIC -MD -MT modules/calib3d/CMakeFiles/opencv_calib3d.dir/src/triangulate.cpp.o -MF modules/calib3d/CMakeFiles/opencv_calib3d.dir/src/triangulate.cpp.o.d -o modules/calib3d/CMakeFiles/opencv_calib3d.dir/src/triangulate.cpp.o -c /home/uilian/.conan2/p/b/openc0f1bf19f37050/b/src/modules/calib3d/src/triangulate.cpp
[362/411] /usr/bin/g++-13 -DCVAPI_EXPORTS -D_USE_MATH_DEFINES -D__OPENCV_BUILD=1 -D__STDC_CONSTANT_MACROS -D__STDC_FORMAT_MACROS -D__STDC_LIMIT_MACROS -I/home/uilian/.conan2/p/b/openc0f1bf19f37050/b/src/modules/calib3d/include -I/home/uilian/.conan2/p/b/openc0f1bf19f37050/b/build/Release/modules/calib3d -I/home/uilian/.conan2/p/b/openc0f1bf19f37050/b/src/modules/core/include -I/home/uilian/.conan2/p/b/openc0f1bf19f37050/b/src/modules/flann/include -I/home/uilian/.conan2/p/b/openc0f1bf19f37050/b/src/modules/imgproc/include -I/home/uilian/.conan2/p/b/openc0f1bf19f37050/b/src/modules/features2d/include -isystem /home/uilian/.conan2/p/b/openc0f1bf19f37050/b/build/Release -isystem /home/uilian/.conan2/p/eigen5481853932f72/p/include/eigen3 -m64   -fsigned-char -W -Wall -Wreturn-type -Wnon-virtual-dtor -Waddress -Wsequence-point -Wformat -Wformat-security -Wmissing-declarations -Wundef -Winit-self -Wpointer-arith -Wshadow -Wsign-promo -Wuninitialized -Wsuggest-override -Wno-delete-non-virtual-dtor -Wno-comment -Wimplicit-fallthrough=3 -Wno-strict-overflow -fdiagnostics-show-option -Wno-long-long -pthread -fomit-frame-pointer -ffunction-sections -fdata-sections  -msse -msse2 -msse3 -fvisibility=hidden -fvisibility-inlines-hidden -O3 -DNDEBUG  -DNDEBUG -std=gnu++11 -fPIC -MD -MT modules/calib3d/CMakeFiles/opencv_calib3d.dir/src/upnp.cpp.o -MF modules/calib3d/CMakeFiles/opencv_calib3d.dir/src/upnp.cpp.o.d -o modules/calib3d/CMakeFiles/opencv_calib3d.dir/src/upnp.cpp.o -c /home/uilian/.conan2/p/b/openc0f1bf19f37050/b/src/modules/calib3d/src/upnp.cpp
[363/411] /usr/bin/g++-13 -DCVAPI_EXPORTS -D_USE_MATH_DEFINES -D__OPENCV_BUILD=1 -D__STDC_CONSTANT_MACROS -D__STDC_FORMAT_MACROS -D__STDC_LIMIT_MACROS -I/home/uilian/.conan2/p/b/openc0f1bf19f37050/b/src/modules/calib3d/include -I/home/uilian/.conan2/p/b/openc0f1bf19f37050/b/build/Release/modules/calib3d -I/home/uilian/.conan2/p/b/openc0f1bf19f37050/b/src/modules/core/include -I/home/uilian/.conan2/p/b/openc0f1bf19f37050/b/src/modules/flann/include -I/home/uilian/.conan2/p/b/openc0f1bf19f37050/b/src/modules/imgproc/include -I/home/uilian/.conan2/p/b/openc0f1bf19f37050/b/src/modules/features2d/include -isystem /home/uilian/.conan2/p/b/openc0f1bf19f37050/b/build/Release -isystem /home/uilian/.conan2/p/eigen5481853932f72/p/include/eigen3 -m64   -fsigned-char -W -Wall -Wreturn-type -Wnon-virtual-dtor -Waddress -Wsequence-point -Wformat -Wformat-security -Wmissing-declarations -Wundef -Winit-self -Wpointer-arith -Wshadow -Wsign-promo -Wuninitialized -Wsuggest-override -Wno-delete-non-virtual-dtor -Wno-comment -Wimplicit-fallthrough=3 -Wno-strict-overflow -fdiagnostics-show-option -Wno-long-long -pthread -fomit-frame-pointer -ffunction-sections -fdata-sections  -msse -msse2 -msse3 -fvisibility=hidden -fvisibility-inlines-hidden -O3 -DNDEBUG  -DNDEBUG -std=gnu++11 -fPIC -MD -MT modules/calib3d/CMakeFiles/opencv_calib3d.dir/src/five-point.cpp.o -MF modules/calib3d/CMakeFiles/opencv_calib3d.dir/src/five-point.cpp.o.d -o modules/calib3d/CMakeFiles/opencv_calib3d.dir/src/five-point.cpp.o -c /home/uilian/.conan2/p/b/openc0f1bf19f37050/b/src/modules/calib3d/src/five-point.cpp
[364/411] /usr/bin/g++-13 -DCVAPI_EXPORTS -D_USE_MATH_DEFINES -D__OPENCV_BUILD=1 -D__STDC_CONSTANT_MACROS -D__STDC_FORMAT_MACROS -D__STDC_LIMIT_MACROS -I/home/uilian/.conan2/p/b/openc0f1bf19f37050/b/src/modules/videostab/include -I/home/uilian/.conan2/p/b/openc0f1bf19f37050/b/build/Release/modules/videostab -I/home/uilian/.conan2/p/b/openc0f1bf19f37050/b/src/modules/core/include -I/home/uilian/.conan2/p/b/openc0f1bf19f37050/b/src/modules/flann/include -I/home/uilian/.conan2/p/b/openc0f1bf19f37050/b/src/modules/imgproc/include -I/home/uilian/.conan2/p/b/openc0f1bf19f37050/b/src/modules/photo/include -I/home/uilian/.conan2/p/b/openc0f1bf19f37050/b/src/modules/video/include -I/home/uilian/.conan2/p/b/openc0f1bf19f37050/b/src/modules/features2d/include -I/home/uilian/.conan2/p/b/openc0f1bf19f37050/b/src/modules/imgcodecs/include -I/home/uilian/.conan2/p/b/openc0f1bf19f37050/b/src/modules/videoio/include -I/home/uilian/.conan2/p/b/openc0f1bf19f37050/b/src/modules/calib3d/include -isystem /home/uilian/.conan2/p/b/openc0f1bf19f37050/b/build/Release -isystem /home/uilian/.conan2/p/eigen5481853932f72/p/include/eigen3 -m64   -fsigned-char -W -Wall -Wreturn-type -Wnon-virtual-dtor -Waddress -Wsequence-point -Wformat -Wformat-security -Wmissing-declarations -Wundef -Winit-self -Wpointer-arith -Wshadow -Wsign-promo -Wuninitialized -Wsuggest-override -Wno-delete-non-virtual-dtor -Wno-comment -Wimplicit-fallthrough=3 -Wno-strict-overflow -fdiagnostics-show-option -Wno-long-long -pthread -fomit-frame-pointer -ffunction-sections -fdata-sections  -msse -msse2 -msse3 -fvisibility=hidden -fvisibility-inlines-hidden -O3 -DNDEBUG  -DNDEBUG -std=gnu++11 -fPIC -MD -MT modules/videostab/CMakeFiles/opencv_videostab.dir/src/deblurring.cpp.o -MF modules/videostab/CMakeFiles/opencv_videostab.dir/src/deblurring.cpp.o.d -o modules/videostab/CMakeFiles/opencv_videostab.dir/src/deblurring.cpp.o -c /home/uilian/.conan2/p/b/openc0f1bf19f37050/b/src/modules/videostab/src/deblurring.cpp
[365/411] /usr/bin/g++-13 -DCVAPI_EXPORTS -D_USE_MATH_DEFINES -D__OPENCV_BUILD=1 -D__STDC_CONSTANT_MACROS -D__STDC_FORMAT_MACROS -D__STDC_LIMIT_MACROS -I/home/uilian/.conan2/p/b/openc0f1bf19f37050/b/src/modules/calib3d/include -I/home/uilian/.conan2/p/b/openc0f1bf19f37050/b/build/Release/modules/calib3d -I/home/uilian/.conan2/p/b/openc0f1bf19f37050/b/src/modules/core/include -I/home/uilian/.conan2/p/b/openc0f1bf19f37050/b/src/modules/flann/include -I/home/uilian/.conan2/p/b/openc0f1bf19f37050/b/src/modules/imgproc/include -I/home/uilian/.conan2/p/b/openc0f1bf19f37050/b/src/modules/features2d/include -isystem /home/uilian/.conan2/p/b/openc0f1bf19f37050/b/build/Release -isystem /home/uilian/.conan2/p/eigen5481853932f72/p/include/eigen3 -m64   -fsigned-char -W -Wall -Wreturn-type -Wnon-virtual-dtor -Waddress -Wsequence-point -Wformat -Wformat-security -Wmissing-declarations -Wundef -Winit-self -Wpointer-arith -Wshadow -Wsign-promo -Wuninitialized -Wsuggest-override -Wno-delete-non-virtual-dtor -Wno-comment -Wimplicit-fallthrough=3 -Wno-strict-overflow -fdiagnostics-show-option -Wno-long-long -pthread -fomit-frame-pointer -ffunction-sections -fdata-sections  -msse -msse2 -msse3 -fvisibility=hidden -fvisibility-inlines-hidden -O3 -DNDEBUG  -DNDEBUG -std=gnu++11 -fPIC -MD -MT modules/calib3d/CMakeFiles/opencv_calib3d.dir/src/solvepnp.cpp.o -MF modules/calib3d/CMakeFiles/opencv_calib3d.dir/src/solvepnp.cpp.o.d -o modules/calib3d/CMakeFiles/opencv_calib3d.dir/src/solvepnp.cpp.o -c /home/uilian/.conan2/p/b/openc0f1bf19f37050/b/src/modules/calib3d/src/solvepnp.cpp
[366/411] /usr/bin/g++-13 -DCVAPI_EXPORTS -D_USE_MATH_DEFINES -D__OPENCV_BUILD=1 -D__STDC_CONSTANT_MACROS -D__STDC_FORMAT_MACROS -D__STDC_LIMIT_MACROS -I/home/uilian/.conan2/p/b/openc0f1bf19f37050/b/src/modules/videostab/include -I/home/uilian/.conan2/p/b/openc0f1bf19f37050/b/build/Release/modules/videostab -I/home/uilian/.conan2/p/b/openc0f1bf19f37050/b/src/modules/core/include -I/home/uilian/.conan2/p/b/openc0f1bf19f37050/b/src/modules/flann/include -I/home/uilian/.conan2/p/b/openc0f1bf19f37050/b/src/modules/imgproc/include -I/home/uilian/.conan2/p/b/openc0f1bf19f37050/b/src/modules/photo/include -I/home/uilian/.conan2/p/b/openc0f1bf19f37050/b/src/modules/video/include -I/home/uilian/.conan2/p/b/openc0f1bf19f37050/b/src/modules/features2d/include -I/home/uilian/.conan2/p/b/openc0f1bf19f37050/b/src/modules/imgcodecs/include -I/home/uilian/.conan2/p/b/openc0f1bf19f37050/b/src/modules/videoio/include -I/home/uilian/.conan2/p/b/openc0f1bf19f37050/b/src/modules/calib3d/include -isystem /home/uilian/.conan2/p/b/openc0f1bf19f37050/b/build/Release -isystem /home/uilian/.conan2/p/eigen5481853932f72/p/include/eigen3 -m64   -fsigned-char -W -Wall -Wreturn-type -Wnon-virtual-dtor -Waddress -Wsequence-point -Wformat -Wformat-security -Wmissing-declarations -Wundef -Winit-self -Wpointer-arith -Wshadow -Wsign-promo -Wuninitialized -Wsuggest-override -Wno-delete-non-virtual-dtor -Wno-comment -Wimplicit-fallthrough=3 -Wno-strict-overflow -fdiagnostics-show-option -Wno-long-long -pthread -fomit-frame-pointer -ffunction-sections -fdata-sections  -msse -msse2 -msse3 -fvisibility=hidden -fvisibility-inlines-hidden -O3 -DNDEBUG  -DNDEBUG -std=gnu++11 -fPIC -MD -MT modules/videostab/CMakeFiles/opencv_videostab.dir/src/fast_marching.cpp.o -MF modules/videostab/CMakeFiles/opencv_videostab.dir/src/fast_marching.cpp.o.d -o modules/videostab/CMakeFiles/opencv_videostab.dir/src/fast_marching.cpp.o -c /home/uilian/.conan2/p/b/openc0f1bf19f37050/b/src/modules/videostab/src/fast_marching.cpp
[367/411] /usr/bin/g++-13 -DCVAPI_EXPORTS -D_USE_MATH_DEFINES -D__OPENCV_BUILD=1 -D__STDC_CONSTANT_MACROS -D__STDC_FORMAT_MACROS -D__STDC_LIMIT_MACROS -I/home/uilian/.conan2/p/b/openc0f1bf19f37050/b/src/modules/videostab/include -I/home/uilian/.conan2/p/b/openc0f1bf19f37050/b/build/Release/modules/videostab -I/home/uilian/.conan2/p/b/openc0f1bf19f37050/b/src/modules/core/include -I/home/uilian/.conan2/p/b/openc0f1bf19f37050/b/src/modules/flann/include -I/home/uilian/.conan2/p/b/openc0f1bf19f37050/b/src/modules/imgproc/include -I/home/uilian/.conan2/p/b/openc0f1bf19f37050/b/src/modules/photo/include -I/home/uilian/.conan2/p/b/openc0f1bf19f37050/b/src/modules/video/include -I/home/uilian/.conan2/p/b/openc0f1bf19f37050/b/src/modules/features2d/include -I/home/uilian/.conan2/p/b/openc0f1bf19f37050/b/src/modules/imgcodecs/include -I/home/uilian/.conan2/p/b/openc0f1bf19f37050/b/src/modules/videoio/include -I/home/uilian/.conan2/p/b/openc0f1bf19f37050/b/src/modules/calib3d/include -isystem /home/uilian/.conan2/p/b/openc0f1bf19f37050/b/build/Release -isystem /home/uilian/.conan2/p/eigen5481853932f72/p/include/eigen3 -m64   -fsigned-char -W -Wall -Wreturn-type -Wnon-virtual-dtor -Waddress -Wsequence-point -Wformat -Wformat-security -Wmissing-declarations -Wundef -Winit-self -Wpointer-arith -Wshadow -Wsign-promo -Wuninitialized -Wsuggest-override -Wno-delete-non-virtual-dtor -Wno-comment -Wimplicit-fallthrough=3 -Wno-strict-overflow -fdiagnostics-show-option -Wno-long-long -pthread -fomit-frame-pointer -ffunction-sections -fdata-sections  -msse -msse2 -msse3 -fvisibility=hidden -fvisibility-inlines-hidden -O3 -DNDEBUG  -DNDEBUG -std=gnu++11 -fPIC -MD -MT modules/videostab/CMakeFiles/opencv_videostab.dir/src/frame_source.cpp.o -MF modules/videostab/CMakeFiles/opencv_videostab.dir/src/frame_source.cpp.o.d -o modules/videostab/CMakeFiles/opencv_videostab.dir/src/frame_source.cpp.o -c /home/uilian/.conan2/p/b/openc0f1bf19f37050/b/src/modules/videostab/src/frame_source.cpp
[368/411] /usr/bin/g++-13 -DCVAPI_EXPORTS -D_USE_MATH_DEFINES -D__OPENCV_BUILD=1 -D__STDC_CONSTANT_MACROS -D__STDC_FORMAT_MACROS -D__STDC_LIMIT_MACROS -I/home/uilian/.conan2/p/b/openc0f1bf19f37050/b/src/modules/videostab/include -I/home/uilian/.conan2/p/b/openc0f1bf19f37050/b/build/Release/modules/videostab -I/home/uilian/.conan2/p/b/openc0f1bf19f37050/b/src/modules/core/include -I/home/uilian/.conan2/p/b/openc0f1bf19f37050/b/src/modules/flann/include -I/home/uilian/.conan2/p/b/openc0f1bf19f37050/b/src/modules/imgproc/include -I/home/uilian/.conan2/p/b/openc0f1bf19f37050/b/src/modules/photo/include -I/home/uilian/.conan2/p/b/openc0f1bf19f37050/b/src/modules/video/include -I/home/uilian/.conan2/p/b/openc0f1bf19f37050/b/src/modules/features2d/include -I/home/uilian/.conan2/p/b/openc0f1bf19f37050/b/src/modules/imgcodecs/include -I/home/uilian/.conan2/p/b/openc0f1bf19f37050/b/src/modules/videoio/include -I/home/uilian/.conan2/p/b/openc0f1bf19f37050/b/src/modules/calib3d/include -isystem /home/uilian/.conan2/p/b/openc0f1bf19f37050/b/build/Release -isystem /home/uilian/.conan2/p/eigen5481853932f72/p/include/eigen3 -m64   -fsigned-char -W -Wall -Wreturn-type -Wnon-virtual-dtor -Waddress -Wsequence-point -Wformat -Wformat-security -Wmissing-declarations -Wundef -Winit-self -Wpointer-arith -Wshadow -Wsign-promo -Wuninitialized -Wsuggest-override -Wno-delete-non-virtual-dtor -Wno-comment -Wimplicit-fallthrough=3 -Wno-strict-overflow -fdiagnostics-show-option -Wno-long-long -pthread -fomit-frame-pointer -ffunction-sections -fdata-sections  -msse -msse2 -msse3 -fvisibility=hidden -fvisibility-inlines-hidden -O3 -DNDEBUG  -DNDEBUG -std=gnu++11 -fPIC -MD -MT modules/videostab/CMakeFiles/opencv_videostab.dir/src/log.cpp.o -MF modules/videostab/CMakeFiles/opencv_videostab.dir/src/log.cpp.o.d -o modules/videostab/CMakeFiles/opencv_videostab.dir/src/log.cpp.o -c /home/uilian/.conan2/p/b/openc0f1bf19f37050/b/src/modules/videostab/src/log.cpp
[369/411] /usr/bin/g++-13 -DCVAPI_EXPORTS -D_USE_MATH_DEFINES -D__OPENCV_BUILD=1 -D__STDC_CONSTANT_MACROS -D__STDC_FORMAT_MACROS -D__STDC_LIMIT_MACROS -I/home/uilian/.conan2/p/b/openc0f1bf19f37050/b/src/modules/calib3d/include -I/home/uilian/.conan2/p/b/openc0f1bf19f37050/b/build/Release/modules/calib3d -I/home/uilian/.conan2/p/b/openc0f1bf19f37050/b/src/modules/core/include -I/home/uilian/.conan2/p/b/openc0f1bf19f37050/b/src/modules/flann/include -I/home/uilian/.conan2/p/b/openc0f1bf19f37050/b/src/modules/imgproc/include -I/home/uilian/.conan2/p/b/openc0f1bf19f37050/b/src/modules/features2d/include -isystem /home/uilian/.conan2/p/b/openc0f1bf19f37050/b/build/Release -isystem /home/uilian/.conan2/p/eigen5481853932f72/p/include/eigen3 -m64   -fsigned-char -W -Wall -Wreturn-type -Wnon-virtual-dtor -Waddress -Wsequence-point -Wformat -Wformat-security -Wmissing-declarations -Wundef -Winit-self -Wpointer-arith -Wshadow -Wsign-promo -Wuninitialized -Wsuggest-override -Wno-delete-non-virtual-dtor -Wno-comment -Wimplicit-fallthrough=3 -Wno-strict-overflow -fdiagnostics-show-option -Wno-long-long -pthread -fomit-frame-pointer -ffunction-sections -fdata-sections  -msse -msse2 -msse3 -fvisibility=hidden -fvisibility-inlines-hidden -O3 -DNDEBUG  -DNDEBUG -std=gnu++11 -fPIC -MD -MT modules/calib3d/CMakeFiles/opencv_calib3d.dir/src/stereosgbm.cpp.o -MF modules/calib3d/CMakeFiles/opencv_calib3d.dir/src/stereosgbm.cpp.o.d -o modules/calib3d/CMakeFiles/opencv_calib3d.dir/src/stereosgbm.cpp.o -c /home/uilian/.conan2/p/b/openc0f1bf19f37050/b/src/modules/calib3d/src/stereosgbm.cpp
[370/411] /usr/bin/g++-13 -DCVAPI_EXPORTS -D_USE_MATH_DEFINES -D__OPENCV_BUILD=1 -D__STDC_CONSTANT_MACROS -D__STDC_FORMAT_MACROS -D__STDC_LIMIT_MACROS -I/home/uilian/.conan2/p/b/openc0f1bf19f37050/b/src/modules/videostab/include -I/home/uilian/.conan2/p/b/openc0f1bf19f37050/b/build/Release/modules/videostab -I/home/uilian/.conan2/p/b/openc0f1bf19f37050/b/src/modules/core/include -I/home/uilian/.conan2/p/b/openc0f1bf19f37050/b/src/modules/flann/include -I/home/uilian/.conan2/p/b/openc0f1bf19f37050/b/src/modules/imgproc/include -I/home/uilian/.conan2/p/b/openc0f1bf19f37050/b/src/modules/photo/include -I/home/uilian/.conan2/p/b/openc0f1bf19f37050/b/src/modules/video/include -I/home/uilian/.conan2/p/b/openc0f1bf19f37050/b/src/modules/features2d/include -I/home/uilian/.conan2/p/b/openc0f1bf19f37050/b/src/modules/imgcodecs/include -I/home/uilian/.conan2/p/b/openc0f1bf19f37050/b/src/modules/videoio/include -I/home/uilian/.conan2/p/b/openc0f1bf19f37050/b/src/modules/calib3d/include -isystem /home/uilian/.conan2/p/b/openc0f1bf19f37050/b/build/Release -isystem /home/uilian/.conan2/p/eigen5481853932f72/p/include/eigen3 -m64   -fsigned-char -W -Wall -Wreturn-type -Wnon-virtual-dtor -Waddress -Wsequence-point -Wformat -Wformat-security -Wmissing-declarations -Wundef -Winit-self -Wpointer-arith -Wshadow -Wsign-promo -Wuninitialized -Wsuggest-override -Wno-delete-non-virtual-dtor -Wno-comment -Wimplicit-fallthrough=3 -Wno-strict-overflow -fdiagnostics-show-option -Wno-long-long -pthread -fomit-frame-pointer -ffunction-sections -fdata-sections  -msse -msse2 -msse3 -fvisibility=hidden -fvisibility-inlines-hidden -O3 -DNDEBUG  -DNDEBUG -std=gnu++11 -fPIC -MD -MT modules/videostab/CMakeFiles/opencv_videostab.dir/src/optical_flow.cpp.o -MF modules/videostab/CMakeFiles/opencv_videostab.dir/src/optical_flow.cpp.o.d -o modules/videostab/CMakeFiles/opencv_videostab.dir/src/optical_flow.cpp.o -c /home/uilian/.conan2/p/b/openc0f1bf19f37050/b/src/modules/videostab/src/optical_flow.cpp
[371/411] /usr/bin/g++-13 -DCVAPI_EXPORTS -D_USE_MATH_DEFINES -D__OPENCV_BUILD=1 -D__STDC_CONSTANT_MACROS -D__STDC_FORMAT_MACROS -D__STDC_LIMIT_MACROS -I/home/uilian/.conan2/p/b/openc0f1bf19f37050/b/src/modules/calib3d/include -I/home/uilian/.conan2/p/b/openc0f1bf19f37050/b/build/Release/modules/calib3d -I/home/uilian/.conan2/p/b/openc0f1bf19f37050/b/src/modules/core/include -I/home/uilian/.conan2/p/b/openc0f1bf19f37050/b/src/modules/flann/include -I/home/uilian/.conan2/p/b/openc0f1bf19f37050/b/src/modules/imgproc/include -I/home/uilian/.conan2/p/b/openc0f1bf19f37050/b/src/modules/features2d/include -isystem /home/uilian/.conan2/p/b/openc0f1bf19f37050/b/build/Release -isystem /home/uilian/.conan2/p/eigen5481853932f72/p/include/eigen3 -m64   -fsigned-char -W -Wall -Wreturn-type -Wnon-virtual-dtor -Waddress -Wsequence-point -Wformat -Wformat-security -Wmissing-declarations -Wundef -Winit-self -Wpointer-arith -Wshadow -Wsign-promo -Wuninitialized -Wsuggest-override -Wno-delete-non-virtual-dtor -Wno-comment -Wimplicit-fallthrough=3 -Wno-strict-overflow -fdiagnostics-show-option -Wno-long-long -pthread -fomit-frame-pointer -ffunction-sections -fdata-sections  -msse -msse2 -msse3 -fvisibility=hidden -fvisibility-inlines-hidden -O3 -DNDEBUG  -DNDEBUG -std=gnu++11 -fPIC -MD -MT modules/calib3d/CMakeFiles/opencv_calib3d.dir/src/stereobm.cpp.o -MF modules/calib3d/CMakeFiles/opencv_calib3d.dir/src/stereobm.cpp.o.d -o modules/calib3d/CMakeFiles/opencv_calib3d.dir/src/stereobm.cpp.o -c /home/uilian/.conan2/p/b/openc0f1bf19f37050/b/src/modules/calib3d/src/stereobm.cpp
[372/411] /usr/bin/g++-13 -DCVAPI_EXPORTS -D_USE_MATH_DEFINES -D__OPENCV_BUILD=1 -D__STDC_CONSTANT_MACROS -D__STDC_FORMAT_MACROS -D__STDC_LIMIT_MACROS -I/home/uilian/.conan2/p/b/openc0f1bf19f37050/b/src/modules/videostab/include -I/home/uilian/.conan2/p/b/openc0f1bf19f37050/b/build/Release/modules/videostab -I/home/uilian/.conan2/p/b/openc0f1bf19f37050/b/src/modules/core/include -I/home/uilian/.conan2/p/b/openc0f1bf19f37050/b/src/modules/flann/include -I/home/uilian/.conan2/p/b/openc0f1bf19f37050/b/src/modules/imgproc/include -I/home/uilian/.conan2/p/b/openc0f1bf19f37050/b/src/modules/photo/include -I/home/uilian/.conan2/p/b/openc0f1bf19f37050/b/src/modules/video/include -I/home/uilian/.conan2/p/b/openc0f1bf19f37050/b/src/modules/features2d/include -I/home/uilian/.conan2/p/b/openc0f1bf19f37050/b/src/modules/imgcodecs/include -I/home/uilian/.conan2/p/b/openc0f1bf19f37050/b/src/modules/videoio/include -I/home/uilian/.conan2/p/b/openc0f1bf19f37050/b/src/modules/calib3d/include -isystem /home/uilian/.conan2/p/b/openc0f1bf19f37050/b/build/Release -isystem /home/uilian/.conan2/p/eigen5481853932f72/p/include/eigen3 -m64   -fsigned-char -W -Wall -Wreturn-type -Wnon-virtual-dtor -Waddress -Wsequence-point -Wformat -Wformat-security -Wmissing-declarations -Wundef -Winit-self -Wpointer-arith -Wshadow -Wsign-promo -Wuninitialized -Wsuggest-override -Wno-delete-non-virtual-dtor -Wno-comment -Wimplicit-fallthrough=3 -Wno-strict-overflow -fdiagnostics-show-option -Wno-long-long -pthread -fomit-frame-pointer -ffunction-sections -fdata-sections  -msse -msse2 -msse3 -fvisibility=hidden -fvisibility-inlines-hidden -O3 -DNDEBUG  -DNDEBUG -std=gnu++11 -fPIC -MD -MT modules/videostab/CMakeFiles/opencv_videostab.dir/src/outlier_rejection.cpp.o -MF modules/videostab/CMakeFiles/opencv_videostab.dir/src/outlier_rejection.cpp.o.d -o modules/videostab/CMakeFiles/opencv_videostab.dir/src/outlier_rejection.cpp.o -c /home/uilian/.conan2/p/b/openc0f1bf19f37050/b/src/modules/videostab/src/outlier_rejection.cpp
[373/411] /usr/bin/g++-13 -DCVAPI_EXPORTS -D_USE_MATH_DEFINES -D__OPENCV_BUILD=1 -D__STDC_CONSTANT_MACROS -D__STDC_FORMAT_MACROS -D__STDC_LIMIT_MACROS -I/home/uilian/.conan2/p/b/openc0f1bf19f37050/b/src/modules/videostab/include -I/home/uilian/.conan2/p/b/openc0f1bf19f37050/b/build/Release/modules/videostab -I/home/uilian/.conan2/p/b/openc0f1bf19f37050/b/src/modules/core/include -I/home/uilian/.conan2/p/b/openc0f1bf19f37050/b/src/modules/flann/include -I/home/uilian/.conan2/p/b/openc0f1bf19f37050/b/src/modules/imgproc/include -I/home/uilian/.conan2/p/b/openc0f1bf19f37050/b/src/modules/photo/include -I/home/uilian/.conan2/p/b/openc0f1bf19f37050/b/src/modules/video/include -I/home/uilian/.conan2/p/b/openc0f1bf19f37050/b/src/modules/features2d/include -I/home/uilian/.conan2/p/b/openc0f1bf19f37050/b/src/modules/imgcodecs/include -I/home/uilian/.conan2/p/b/openc0f1bf19f37050/b/src/modules/videoio/include -I/home/uilian/.conan2/p/b/openc0f1bf19f37050/b/src/modules/calib3d/include -isystem /home/uilian/.conan2/p/b/openc0f1bf19f37050/b/build/Release -isystem /home/uilian/.conan2/p/eigen5481853932f72/p/include/eigen3 -m64   -fsigned-char -W -Wall -Wreturn-type -Wnon-virtual-dtor -Waddress -Wsequence-point -Wformat -Wformat-security -Wmissing-declarations -Wundef -Winit-self -Wpointer-arith -Wshadow -Wsign-promo -Wuninitialized -Wsuggest-override -Wno-delete-non-virtual-dtor -Wno-comment -Wimplicit-fallthrough=3 -Wno-strict-overflow -fdiagnostics-show-option -Wno-long-long -pthread -fomit-frame-pointer -ffunction-sections -fdata-sections  -msse -msse2 -msse3 -fvisibility=hidden -fvisibility-inlines-hidden -O3 -DNDEBUG  -DNDEBUG -std=gnu++11 -fPIC -MD -MT modules/videostab/CMakeFiles/opencv_videostab.dir/src/motion_stabilizing.cpp.o -MF modules/videostab/CMakeFiles/opencv_videostab.dir/src/motion_stabilizing.cpp.o.d -o modules/videostab/CMakeFiles/opencv_videostab.dir/src/motion_stabilizing.cpp.o -c /home/uilian/.conan2/p/b/openc0f1bf19f37050/b/src/modules/videostab/src/motion_stabilizing.cpp
[374/411] /usr/bin/g++-13 -DCVAPI_EXPORTS -D_USE_MATH_DEFINES -D__OPENCV_BUILD=1 -D__STDC_CONSTANT_MACROS -D__STDC_FORMAT_MACROS -D__STDC_LIMIT_MACROS -I/home/uilian/.conan2/p/b/openc0f1bf19f37050/b/src/modules/videostab/include -I/home/uilian/.conan2/p/b/openc0f1bf19f37050/b/build/Release/modules/videostab -I/home/uilian/.conan2/p/b/openc0f1bf19f37050/b/src/modules/core/include -I/home/uilian/.conan2/p/b/openc0f1bf19f37050/b/src/modules/flann/include -I/home/uilian/.conan2/p/b/openc0f1bf19f37050/b/src/modules/imgproc/include -I/home/uilian/.conan2/p/b/openc0f1bf19f37050/b/src/modules/photo/include -I/home/uilian/.conan2/p/b/openc0f1bf19f37050/b/src/modules/video/include -I/home/uilian/.conan2/p/b/openc0f1bf19f37050/b/src/modules/features2d/include -I/home/uilian/.conan2/p/b/openc0f1bf19f37050/b/src/modules/imgcodecs/include -I/home/uilian/.conan2/p/b/openc0f1bf19f37050/b/src/modules/videoio/include -I/home/uilian/.conan2/p/b/openc0f1bf19f37050/b/src/modules/calib3d/include -isystem /home/uilian/.conan2/p/b/openc0f1bf19f37050/b/build/Release -isystem /home/uilian/.conan2/p/eigen5481853932f72/p/include/eigen3 -m64   -fsigned-char -W -Wall -Wreturn-type -Wnon-virtual-dtor -Waddress -Wsequence-point -Wformat -Wformat-security -Wmissing-declarations -Wundef -Winit-self -Wpointer-arith -Wshadow -Wsign-promo -Wuninitialized -Wsuggest-override -Wno-delete-non-virtual-dtor -Wno-comment -Wimplicit-fallthrough=3 -Wno-strict-overflow -fdiagnostics-show-option -Wno-long-long -pthread -fomit-frame-pointer -ffunction-sections -fdata-sections  -msse -msse2 -msse3 -fvisibility=hidden -fvisibility-inlines-hidden -O3 -DNDEBUG  -DNDEBUG -std=gnu++11 -fPIC -MD -MT modules/videostab/CMakeFiles/opencv_videostab.dir/src/wobble_suppression.cpp.o -MF modules/videostab/CMakeFiles/opencv_videostab.dir/src/wobble_suppression.cpp.o.d -o modules/videostab/CMakeFiles/opencv_videostab.dir/src/wobble_suppression.cpp.o -c /home/uilian/.conan2/p/b/openc0f1bf19f37050/b/src/modules/videostab/src/wobble_suppression.cpp
[375/411] /usr/bin/g++-13 -DCVAPI_EXPORTS -D_USE_MATH_DEFINES -D__OPENCV_BUILD=1 -D__STDC_CONSTANT_MACROS -D__STDC_FORMAT_MACROS -D__STDC_LIMIT_MACROS -I/home/uilian/.conan2/p/b/openc0f1bf19f37050/b/src/modules/videostab/include -I/home/uilian/.conan2/p/b/openc0f1bf19f37050/b/build/Release/modules/videostab -I/home/uilian/.conan2/p/b/openc0f1bf19f37050/b/src/modules/core/include -I/home/uilian/.conan2/p/b/openc0f1bf19f37050/b/src/modules/flann/include -I/home/uilian/.conan2/p/b/openc0f1bf19f37050/b/src/modules/imgproc/include -I/home/uilian/.conan2/p/b/openc0f1bf19f37050/b/src/modules/photo/include -I/home/uilian/.conan2/p/b/openc0f1bf19f37050/b/src/modules/video/include -I/home/uilian/.conan2/p/b/openc0f1bf19f37050/b/src/modules/features2d/include -I/home/uilian/.conan2/p/b/openc0f1bf19f37050/b/src/modules/imgcodecs/include -I/home/uilian/.conan2/p/b/openc0f1bf19f37050/b/src/modules/videoio/include -I/home/uilian/.conan2/p/b/openc0f1bf19f37050/b/src/modules/calib3d/include -isystem /home/uilian/.conan2/p/b/openc0f1bf19f37050/b/build/Release -isystem /home/uilian/.conan2/p/eigen5481853932f72/p/include/eigen3 -m64   -fsigned-char -W -Wall -Wreturn-type -Wnon-virtual-dtor -Waddress -Wsequence-point -Wformat -Wformat-security -Wmissing-declarations -Wundef -Winit-self -Wpointer-arith -Wshadow -Wsign-promo -Wuninitialized -Wsuggest-override -Wno-delete-non-virtual-dtor -Wno-comment -Wimplicit-fallthrough=3 -Wno-strict-overflow -fdiagnostics-show-option -Wno-long-long -pthread -fomit-frame-pointer -ffunction-sections -fdata-sections  -msse -msse2 -msse3 -fvisibility=hidden -fvisibility-inlines-hidden -O3 -DNDEBUG  -DNDEBUG -std=gnu++11 -fPIC -MD -MT modules/videostab/CMakeFiles/opencv_videostab.dir/src/inpainting.cpp.o -MF modules/videostab/CMakeFiles/opencv_videostab.dir/src/inpainting.cpp.o.d -o modules/videostab/CMakeFiles/opencv_videostab.dir/src/inpainting.cpp.o -c /home/uilian/.conan2/p/b/openc0f1bf19f37050/b/src/modules/videostab/src/inpainting.cpp
[376/411] /usr/bin/g++-13 -DCVAPI_EXPORTS -D_USE_MATH_DEFINES -D__OPENCV_BUILD=1 -D__STDC_CONSTANT_MACROS -D__STDC_FORMAT_MACROS -D__STDC_LIMIT_MACROS -I/home/uilian/.conan2/p/b/openc0f1bf19f37050/b/src/modules/videostab/include -I/home/uilian/.conan2/p/b/openc0f1bf19f37050/b/build/Release/modules/videostab -I/home/uilian/.conan2/p/b/openc0f1bf19f37050/b/src/modules/core/include -I/home/uilian/.conan2/p/b/openc0f1bf19f37050/b/src/modules/flann/include -I/home/uilian/.conan2/p/b/openc0f1bf19f37050/b/src/modules/imgproc/include -I/home/uilian/.conan2/p/b/openc0f1bf19f37050/b/src/modules/photo/include -I/home/uilian/.conan2/p/b/openc0f1bf19f37050/b/src/modules/video/include -I/home/uilian/.conan2/p/b/openc0f1bf19f37050/b/src/modules/features2d/include -I/home/uilian/.conan2/p/b/openc0f1bf19f37050/b/src/modules/imgcodecs/include -I/home/uilian/.conan2/p/b/openc0f1bf19f37050/b/src/modules/videoio/include -I/home/uilian/.conan2/p/b/openc0f1bf19f37050/b/src/modules/calib3d/include -isystem /home/uilian/.conan2/p/b/openc0f1bf19f37050/b/build/Release -isystem /home/uilian/.conan2/p/eigen5481853932f72/p/include/eigen3 -m64   -fsigned-char -W -Wall -Wreturn-type -Wnon-virtual-dtor -Waddress -Wsequence-point -Wformat -Wformat-security -Wmissing-declarations -Wundef -Winit-self -Wpointer-arith -Wshadow -Wsign-promo -Wuninitialized -Wsuggest-override -Wno-delete-non-virtual-dtor -Wno-comment -Wimplicit-fallthrough=3 -Wno-strict-overflow -fdiagnostics-show-option -Wno-long-long -pthread -fomit-frame-pointer -ffunction-sections -fdata-sections  -msse -msse2 -msse3 -fvisibility=hidden -fvisibility-inlines-hidden -O3 -DNDEBUG  -DNDEBUG -std=gnu++11 -fPIC -MD -MT modules/videostab/CMakeFiles/opencv_videostab.dir/src/global_motion.cpp.o -MF modules/videostab/CMakeFiles/opencv_videostab.dir/src/global_motion.cpp.o.d -o modules/videostab/CMakeFiles/opencv_videostab.dir/src/global_motion.cpp.o -c /home/uilian/.conan2/p/b/openc0f1bf19f37050/b/src/modules/videostab/src/global_motion.cpp
In file included from /home/uilian/.conan2/p/b/openc0f1bf19f37050/b/src/modules/core/include/opencv2/core.hpp:52,
                 from /home/uilian/.conan2/p/b/openc0f1bf19f37050/b/src/modules/videostab/src/precomp.hpp:50,
                 from /home/uilian/.conan2/p/b/openc0f1bf19f37050/b/src/modules/videostab/src/global_motion.cpp:43:
/home/uilian/.conan2/p/b/openc0f1bf19f37050/b/src/modules/videostab/src/global_motion.cpp: In function ‘cv::Mat cv::videostab::normalizePoints(int, cv::Point2f*)’:
/home/uilian/.conan2/p/b/openc0f1bf19f37050/b/src/modules/core/include/opencv2/core/cvdef.h:667:33: warning: redundant move in return statement [-Wredundant-move]
  667 | #define CV_CXX_MOVE(x) std::move(x)
      |                        ~~~~~~~~~^~~
/home/uilian/.conan2/p/b/openc0f1bf19f37050/b/src/modules/videostab/src/global_motion.cpp:116:12: note: in expansion of macro ‘CV_CXX_MOVE’
  116 |     return CV_CXX_MOVE(T);
      |            ^~~~~~~~~~~
/home/uilian/.conan2/p/b/openc0f1bf19f37050/b/src/modules/core/include/opencv2/core/cvdef.h:667:33: note: remove ‘std::move’ call
  667 | #define CV_CXX_MOVE(x) std::move(x)
      |                        ~~~~~~~~~^~~
/home/uilian/.conan2/p/b/openc0f1bf19f37050/b/src/modules/videostab/src/global_motion.cpp:116:12: note: in expansion of macro ‘CV_CXX_MOVE’
  116 |     return CV_CXX_MOVE(T);
      |            ^~~~~~~~~~~
/home/uilian/.conan2/p/b/openc0f1bf19f37050/b/src/modules/videostab/src/global_motion.cpp: In function ‘cv::Mat cv::videostab::estimateGlobMotionLeastSquaresTranslation(int, cv::Point2f*, cv::Point2f*, float*)’:
/home/uilian/.conan2/p/b/openc0f1bf19f37050/b/src/modules/core/include/opencv2/core/cvdef.h:667:33: warning: redundant move in return statement [-Wredundant-move]
  667 | #define CV_CXX_MOVE(x) std::move(x)
      |                        ~~~~~~~~~^~~
/home/uilian/.conan2/p/b/openc0f1bf19f37050/b/src/modules/videostab/src/global_motion.cpp:141:12: note: in expansion of macro ‘CV_CXX_MOVE’
  141 |     return CV_CXX_MOVE(M);
      |            ^~~~~~~~~~~
/home/uilian/.conan2/p/b/openc0f1bf19f37050/b/src/modules/core/include/opencv2/core/cvdef.h:667:33: note: remove ‘std::move’ call
  667 | #define CV_CXX_MOVE(x) std::move(x)
      |                        ~~~~~~~~~^~~
/home/uilian/.conan2/p/b/openc0f1bf19f37050/b/src/modules/videostab/src/global_motion.cpp:141:12: note: in expansion of macro ‘CV_CXX_MOVE’
  141 |     return CV_CXX_MOVE(M);
      |            ^~~~~~~~~~~
/home/uilian/.conan2/p/b/openc0f1bf19f37050/b/src/modules/videostab/src/global_motion.cpp: In function ‘cv::Mat cv::videostab::estimateGlobMotionLeastSquaresRotation(int, cv::Point2f*, cv::Point2f*, float*)’:
/home/uilian/.conan2/p/b/openc0f1bf19f37050/b/src/modules/core/include/opencv2/core/cvdef.h:667:33: warning: redundant move in return statement [-Wredundant-move]
  667 | #define CV_CXX_MOVE(x) std::move(x)
      |                        ~~~~~~~~~^~~
/home/uilian/.conan2/p/b/openc0f1bf19f37050/b/src/modules/videostab/src/global_motion.cpp:222:12: note: in expansion of macro ‘CV_CXX_MOVE’
  222 |     return CV_CXX_MOVE(M);
      |            ^~~~~~~~~~~
/home/uilian/.conan2/p/b/openc0f1bf19f37050/b/src/modules/core/include/opencv2/core/cvdef.h:667:33: note: remove ‘std::move’ call
  667 | #define CV_CXX_MOVE(x) std::move(x)
      |                        ~~~~~~~~~^~~
/home/uilian/.conan2/p/b/openc0f1bf19f37050/b/src/modules/videostab/src/global_motion.cpp:222:12: note: in expansion of macro ‘CV_CXX_MOVE’
  222 |     return CV_CXX_MOVE(M);
      |            ^~~~~~~~~~~
/home/uilian/.conan2/p/b/openc0f1bf19f37050/b/src/modules/videostab/src/global_motion.cpp: In function ‘cv::Mat cv::videostab::estimateGlobMotionLeastSquaresRigid(int, cv::Point2f*, cv::Point2f*, float*)’:
/home/uilian/.conan2/p/b/openc0f1bf19f37050/b/src/modules/core/include/opencv2/core/cvdef.h:667:33: warning: redundant move in return statement [-Wredundant-move]
  667 | #define CV_CXX_MOVE(x) std::move(x)
      |                        ~~~~~~~~~^~~
/home/uilian/.conan2/p/b/openc0f1bf19f37050/b/src/modules/videostab/src/global_motion.cpp:276:12: note: in expansion of macro ‘CV_CXX_MOVE’
  276 |     return CV_CXX_MOVE(M);
      |            ^~~~~~~~~~~
/home/uilian/.conan2/p/b/openc0f1bf19f37050/b/src/modules/core/include/opencv2/core/cvdef.h:667:33: note: remove ‘std::move’ call
  667 | #define CV_CXX_MOVE(x) std::move(x)
      |                        ~~~~~~~~~^~~
/home/uilian/.conan2/p/b/openc0f1bf19f37050/b/src/modules/videostab/src/global_motion.cpp:276:12: note: in expansion of macro ‘CV_CXX_MOVE’
  276 |     return CV_CXX_MOVE(M);
      |            ^~~~~~~~~~~
/home/uilian/.conan2/p/b/openc0f1bf19f37050/b/src/modules/videostab/src/global_motion.cpp: In function ‘cv::Mat cv::videostab::estimateGlobalMotionRansac(cv::InputArray, cv::InputArray, int, const RansacParams&, float*, int*)’:
/home/uilian/.conan2/p/b/openc0f1bf19f37050/b/src/modules/core/include/opencv2/core/cvdef.h:667:33: warning: redundant move in return statement [-Wredundant-move]
  667 | #define CV_CXX_MOVE(x) std::move(x)
      |                        ~~~~~~~~~^~~
/home/uilian/.conan2/p/b/openc0f1bf19f37050/b/src/modules/videostab/src/global_motion.cpp:487:12: note: in expansion of macro ‘CV_CXX_MOVE’
  487 |     return CV_CXX_MOVE(bestM);
      |            ^~~~~~~~~~~
/home/uilian/.conan2/p/b/openc0f1bf19f37050/b/src/modules/core/include/opencv2/core/cvdef.h:667:33: note: remove ‘std::move’ call
  667 | #define CV_CXX_MOVE(x) std::move(x)
      |                        ~~~~~~~~~^~~
/home/uilian/.conan2/p/b/openc0f1bf19f37050/b/src/modules/videostab/src/global_motion.cpp:487:12: note: in expansion of macro ‘CV_CXX_MOVE’
  487 |     return CV_CXX_MOVE(bestM);
      |            ^~~~~~~~~~~
/home/uilian/.conan2/p/b/openc0f1bf19f37050/b/src/modules/videostab/src/global_motion.cpp: In member function ‘virtual cv::Mat cv::videostab::MotionEstimatorRansacL2::estimate(cv::InputArray, cv::InputArray, bool*)’:
/home/uilian/.conan2/p/b/openc0f1bf19f37050/b/src/modules/core/include/opencv2/core/cvdef.h:667:33: warning: redundant move in return statement [-Wredundant-move]
  667 | #define CV_CXX_MOVE(x) std::move(x)
      |                        ~~~~~~~~~^~~
/home/uilian/.conan2/p/b/openc0f1bf19f37050/b/src/modules/videostab/src/global_motion.cpp:530:12: note: in expansion of macro ‘CV_CXX_MOVE’
  530 |     return CV_CXX_MOVE(M);
      |            ^~~~~~~~~~~
/home/uilian/.conan2/p/b/openc0f1bf19f37050/b/src/modules/core/include/opencv2/core/cvdef.h:667:33: note: remove ‘std::move’ call
  667 | #define CV_CXX_MOVE(x) std::move(x)
      |                        ~~~~~~~~~^~~
/home/uilian/.conan2/p/b/openc0f1bf19f37050/b/src/modules/videostab/src/global_motion.cpp:530:12: note: in expansion of macro ‘CV_CXX_MOVE’
  530 |     return CV_CXX_MOVE(M);
      |            ^~~~~~~~~~~
/home/uilian/.conan2/p/b/openc0f1bf19f37050/b/src/modules/videostab/src/global_motion.cpp: In member function ‘virtual cv::Mat cv::videostab::FromFileMotionReader::estimate(const cv::Mat&, const cv::Mat&, bool*)’:
/home/uilian/.conan2/p/b/openc0f1bf19f37050/b/src/modules/core/include/opencv2/core/cvdef.h:667:33: warning: redundant move in return statement [-Wredundant-move]
  667 | #define CV_CXX_MOVE(x) std::move(x)
      |                        ~~~~~~~~~^~~
/home/uilian/.conan2/p/b/openc0f1bf19f37050/b/src/modules/videostab/src/global_motion.cpp:684:12: note: in expansion of macro ‘CV_CXX_MOVE’
  684 |     return CV_CXX_MOVE(M);
      |            ^~~~~~~~~~~
/home/uilian/.conan2/p/b/openc0f1bf19f37050/b/src/modules/core/include/opencv2/core/cvdef.h:667:33: note: remove ‘std::move’ call
  667 | #define CV_CXX_MOVE(x) std::move(x)
      |                        ~~~~~~~~~^~~
/home/uilian/.conan2/p/b/openc0f1bf19f37050/b/src/modules/videostab/src/global_motion.cpp:684:12: note: in expansion of macro ‘CV_CXX_MOVE’
  684 |     return CV_CXX_MOVE(M);
      |            ^~~~~~~~~~~
/home/uilian/.conan2/p/b/openc0f1bf19f37050/b/src/modules/videostab/src/global_motion.cpp: In member function ‘virtual cv::Mat cv::videostab::ToFileMotionWriter::estimate(const cv::Mat&, const cv::Mat&, bool*)’:
/home/uilian/.conan2/p/b/openc0f1bf19f37050/b/src/modules/core/include/opencv2/core/cvdef.h:667:33: warning: redundant move in return statement [-Wredundant-move]
  667 | #define CV_CXX_MOVE(x) std::move(x)
      |                        ~~~~~~~~~^~~
/home/uilian/.conan2/p/b/openc0f1bf19f37050/b/src/modules/videostab/src/global_motion.cpp:704:12: note: in expansion of macro ‘CV_CXX_MOVE’
  704 |     return CV_CXX_MOVE(M);
      |            ^~~~~~~~~~~
/home/uilian/.conan2/p/b/openc0f1bf19f37050/b/src/modules/core/include/opencv2/core/cvdef.h:667:33: note: remove ‘std::move’ call
  667 | #define CV_CXX_MOVE(x) std::move(x)
      |                        ~~~~~~~~~^~~
/home/uilian/.conan2/p/b/openc0f1bf19f37050/b/src/modules/videostab/src/global_motion.cpp:704:12: note: in expansion of macro ‘CV_CXX_MOVE’
  704 |     return CV_CXX_MOVE(M);
      |            ^~~~~~~~~~~
[377/411] /usr/bin/g++-13 -DCVAPI_EXPORTS -D_USE_MATH_DEFINES -D__OPENCV_BUILD=1 -D__STDC_CONSTANT_MACROS -D__STDC_FORMAT_MACROS -D__STDC_LIMIT_MACROS -I/home/uilian/.conan2/p/b/openc0f1bf19f37050/b/src/modules/videostab/include -I/home/uilian/.conan2/p/b/openc0f1bf19f37050/b/build/Release/modules/videostab -I/home/uilian/.conan2/p/b/openc0f1bf19f37050/b/src/modules/core/include -I/home/uilian/.conan2/p/b/openc0f1bf19f37050/b/src/modules/flann/include -I/home/uilian/.conan2/p/b/openc0f1bf19f37050/b/src/modules/imgproc/include -I/home/uilian/.conan2/p/b/openc0f1bf19f37050/b/src/modules/photo/include -I/home/uilian/.conan2/p/b/openc0f1bf19f37050/b/src/modules/video/include -I/home/uilian/.conan2/p/b/openc0f1bf19f37050/b/src/modules/features2d/include -I/home/uilian/.conan2/p/b/openc0f1bf19f37050/b/src/modules/imgcodecs/include -I/home/uilian/.conan2/p/b/openc0f1bf19f37050/b/src/modules/videoio/include -I/home/uilian/.conan2/p/b/openc0f1bf19f37050/b/src/modules/calib3d/include -isystem /home/uilian/.conan2/p/b/openc0f1bf19f37050/b/build/Release -isystem /home/uilian/.conan2/p/eigen5481853932f72/p/include/eigen3 -m64   -fsigned-char -W -Wall -Wreturn-type -Wnon-virtual-dtor -Waddress -Wsequence-point -Wformat -Wformat-security -Wmissing-declarations -Wundef -Winit-self -Wpointer-arith -Wshadow -Wsign-promo -Wuninitialized -Wsuggest-override -Wno-delete-non-virtual-dtor -Wno-comment -Wimplicit-fallthrough=3 -Wno-strict-overflow -fdiagnostics-show-option -Wno-long-long -pthread -fomit-frame-pointer -ffunction-sections -fdata-sections  -msse -msse2 -msse3 -fvisibility=hidden -fvisibility-inlines-hidden -O3 -DNDEBUG  -DNDEBUG -std=gnu++11 -fPIC -MD -MT modules/videostab/CMakeFiles/opencv_videostab.dir/src/stabilizer.cpp.o -MF modules/videostab/CMakeFiles/opencv_videostab.dir/src/stabilizer.cpp.o.d -o modules/videostab/CMakeFiles/opencv_videostab.dir/src/stabilizer.cpp.o -c /home/uilian/.conan2/p/b/openc0f1bf19f37050/b/src/modules/videostab/src/stabilizer.cpp
[378/411] /usr/bin/g++-13 -DCVAPI_EXPORTS -D_USE_MATH_DEFINES -D__OPENCV_BUILD=1 -D__STDC_CONSTANT_MACROS -D__STDC_FORMAT_MACROS -D__STDC_LIMIT_MACROS -I/home/uilian/.conan2/p/b/openc0f1bf19f37050/b/src/modules/calib3d/include -I/home/uilian/.conan2/p/b/openc0f1bf19f37050/b/build/Release/modules/calib3d -I/home/uilian/.conan2/p/b/openc0f1bf19f37050/b/src/modules/core/include -I/home/uilian/.conan2/p/b/openc0f1bf19f37050/b/src/modules/flann/include -I/home/uilian/.conan2/p/b/openc0f1bf19f37050/b/src/modules/imgproc/include -I/home/uilian/.conan2/p/b/openc0f1bf19f37050/b/src/modules/features2d/include -isystem /home/uilian/.conan2/p/b/openc0f1bf19f37050/b/build/Release -isystem /home/uilian/.conan2/p/eigen5481853932f72/p/include/eigen3 -m64   -fsigned-char -W -Wall -Wreturn-type -Wnon-virtual-dtor -Waddress -Wsequence-point -Wformat -Wformat-security -Wmissing-declarations -Wundef -Winit-self -Wpointer-arith -Wshadow -Wsign-promo -Wuninitialized -Wsuggest-override -Wno-delete-non-virtual-dtor -Wno-comment -Wimplicit-fallthrough=3 -Wno-strict-overflow -fdiagnostics-show-option -Wno-long-long -pthread -fomit-frame-pointer -ffunction-sections -fdata-sections  -msse -msse2 -msse3 -fvisibility=hidden -fvisibility-inlines-hidden -O3 -DNDEBUG  -DNDEBUG -std=gnu++11 -fPIC -MD -MT modules/calib3d/CMakeFiles/opencv_calib3d.dir/src/dls.cpp.o -MF modules/calib3d/CMakeFiles/opencv_calib3d.dir/src/dls.cpp.o.d -o modules/calib3d/CMakeFiles/opencv_calib3d.dir/src/dls.cpp.o -c /home/uilian/.conan2/p/b/openc0f1bf19f37050/b/src/modules/calib3d/src/dls.cpp
[379/411] : && /usr/bin/g++-13 -fPIC -m64   -fsigned-char -W -Wall -Wreturn-type -Wnon-virtual-dtor -Waddress -Wsequence-point -Wformat -Wformat-security -Wmissing-declarations -Wundef -Winit-self -Wpointer-arith -Wshadow -Wsign-promo -Wuninitialized -Wsuggest-override -Wno-delete-non-virtual-dtor -Wno-comment -Wimplicit-fallthrough=3 -Wno-strict-overflow -fdiagnostics-show-option -Wno-long-long -pthread -fomit-frame-pointer -ffunction-sections -fdata-sections  -msse -msse2 -msse3 -fvisibility=hidden -fvisibility-inlines-hidden -O3 -DNDEBUG  -DNDEBUG  -m64  -Wl,--gc-sections -Wl,--as-needed -Wl,--no-undefined -shared -Wl,-soname,libopencv_calib3d.so.3.4 -o lib/libopencv_calib3d.so.3.4.20 modules/calib3d/CMakeFiles/opencv_calib3d.dir/src/ap3p.cpp.o modules/calib3d/CMakeFiles/opencv_calib3d.dir/src/calib3d_c_api.cpp.o modules/calib3d/CMakeFiles/opencv_calib3d.dir/src/calibinit.cpp.o modules/calib3d/CMakeFiles/opencv_calib3d.dir/src/calibration.cpp.o modules/calib3d/CMakeFiles/opencv_calib3d.dir/src/calibration_handeye.cpp.o modules/calib3d/CMakeFiles/opencv_calib3d.dir/src/checkchessboard.cpp.o modules/calib3d/CMakeFiles/opencv_calib3d.dir/src/circlesgrid.cpp.o modules/calib3d/CMakeFiles/opencv_calib3d.dir/src/compat_ptsetreg.cpp.o modules/calib3d/CMakeFiles/opencv_calib3d.dir/src/compat_stereo.cpp.o modules/calib3d/CMakeFiles/opencv_calib3d.dir/src/dls.cpp.o modules/calib3d/CMakeFiles/opencv_calib3d.dir/src/epnp.cpp.o modules/calib3d/CMakeFiles/opencv_calib3d.dir/src/fisheye.cpp.o modules/calib3d/CMakeFiles/opencv_calib3d.dir/src/five-point.cpp.o modules/calib3d/CMakeFiles/opencv_calib3d.dir/src/fundam.cpp.o modules/calib3d/CMakeFiles/opencv_calib3d.dir/src/homography_decomp.cpp.o modules/calib3d/CMakeFiles/opencv_calib3d.dir/src/ippe.cpp.o modules/calib3d/CMakeFiles/opencv_calib3d.dir/src/levmarq.cpp.o modules/calib3d/CMakeFiles/opencv_calib3d.dir/src/main.cpp.o modules/calib3d/CMakeFiles/opencv_calib3d.dir/src/p3p.cpp.o modules/calib3d/CMakeFiles/opencv_calib3d.dir/src/polynom_solver.cpp.o modules/calib3d/CMakeFiles/opencv_calib3d.dir/src/posit.cpp.o modules/calib3d/CMakeFiles/opencv_calib3d.dir/src/ptsetreg.cpp.o modules/calib3d/CMakeFiles/opencv_calib3d.dir/src/quadsubpix.cpp.o modules/calib3d/CMakeFiles/opencv_calib3d.dir/src/rho.cpp.o modules/calib3d/CMakeFiles/opencv_calib3d.dir/src/solvepnp.cpp.o modules/calib3d/CMakeFiles/opencv_calib3d.dir/src/sqpnp.cpp.o modules/calib3d/CMakeFiles/opencv_calib3d.dir/src/stereobm.cpp.o modules/calib3d/CMakeFiles/opencv_calib3d.dir/src/stereosgbm.cpp.o modules/calib3d/CMakeFiles/opencv_calib3d.dir/src/triangulate.cpp.o modules/calib3d/CMakeFiles/opencv_calib3d.dir/src/upnp.cpp.o modules/calib3d/CMakeFiles/opencv_calib3d.dir/opencl_kernels_calib3d.cpp.o  -Wl,-rpath,/home/uilian/.conan2/p/b/openc0f1bf19f37050/b/build/Release/lib:  lib/libopencv_features2d.so.3.4.20  -ldl  -lm  -lpthread  -lrt  lib/libopencv_flann.so.3.4.20  lib/libopencv_imgproc.so.3.4.20  lib/libopencv_core.so.3.4.20  -lm && :
[380/411] /opt/pyenv/versions/3.12.4/lib/python3.12/site-packages/cmake/data/bin/cmake -E cmake_symlink_library lib/libopencv_calib3d.so.3.4.20  lib/libopencv_calib3d.so.3.4 lib/libopencv_calib3d.so && :
[381/411] cd /home/uilian/.conan2/p/b/openc0f1bf19f37050/b/build/Release/modules/stitching && /opt/pyenv/versions/3.12.4/lib/python3.12/site-packages/cmake/data/bin/cmake -DMODULE_NAME=stitching -DCL_DIR=/home/uilian/.conan2/p/b/openc0f1bf19f37050/b/src/modules/stitching/src/opencl -DOUTPUT=/home/uilian/.conan2/p/b/openc0f1bf19f37050/b/build/Release/modules/stitching/opencl_kernels_stitching.cpp -P /home/uilian/.conan2/p/b/openc0f1bf19f37050/b/src/cmake/cl2cpp.cmake
[382/411] cd /home/uilian/.conan2/p/b/openc0f1bf19f37050/b/build/Release/modules/objdetect && /opt/pyenv/versions/3.12.4/lib/python3.12/site-packages/cmake/data/bin/cmake -DMODULE_NAME=objdetect -DCL_DIR=/home/uilian/.conan2/p/b/openc0f1bf19f37050/b/src/modules/objdetect/src/opencl -DOUTPUT=/home/uilian/.conan2/p/b/openc0f1bf19f37050/b/build/Release/modules/objdetect/opencl_kernels_objdetect.cpp -P /home/uilian/.conan2/p/b/openc0f1bf19f37050/b/src/cmake/cl2cpp.cmake
[383/411] : && /usr/bin/g++-13 -fPIC -m64   -fsigned-char -W -Wall -Wreturn-type -Wnon-virtual-dtor -Waddress -Wsequence-point -Wformat -Wformat-security -Wmissing-declarations -Wundef -Winit-self -Wpointer-arith -Wshadow -Wsign-promo -Wuninitialized -Wsuggest-override -Wno-delete-non-virtual-dtor -Wno-comment -Wimplicit-fallthrough=3 -Wno-strict-overflow -fdiagnostics-show-option -Wno-long-long -pthread -fomit-frame-pointer -ffunction-sections -fdata-sections  -msse -msse2 -msse3 -fvisibility=hidden -fvisibility-inlines-hidden -O3 -DNDEBUG  -DNDEBUG  -m64  -Wl,--gc-sections -Wl,--as-needed -Wl,--no-undefined -shared -Wl,-soname,libopencv_videostab.so.3.4 -o lib/libopencv_videostab.so.3.4.20 modules/videostab/CMakeFiles/opencv_videostab.dir/src/deblurring.cpp.o modules/videostab/CMakeFiles/opencv_videostab.dir/src/fast_marching.cpp.o modules/videostab/CMakeFiles/opencv_videostab.dir/src/frame_source.cpp.o modules/videostab/CMakeFiles/opencv_videostab.dir/src/global_motion.cpp.o modules/videostab/CMakeFiles/opencv_videostab.dir/src/inpainting.cpp.o modules/videostab/CMakeFiles/opencv_videostab.dir/src/log.cpp.o modules/videostab/CMakeFiles/opencv_videostab.dir/src/motion_stabilizing.cpp.o modules/videostab/CMakeFiles/opencv_videostab.dir/src/optical_flow.cpp.o modules/videostab/CMakeFiles/opencv_videostab.dir/src/outlier_rejection.cpp.o modules/videostab/CMakeFiles/opencv_videostab.dir/src/stabilizer.cpp.o modules/videostab/CMakeFiles/opencv_videostab.dir/src/wobble_suppression.cpp.o  -Wl,-rpath,/home/uilian/.conan2/p/b/openc0f1bf19f37050/b/build/Release/lib:  lib/libopencv_photo.so.3.4.20  lib/libopencv_video.so.3.4.20  lib/libopencv_videoio.so.3.4.20  lib/libopencv_calib3d.so.3.4.20  -ldl  -lm  -lpthread  -lrt  lib/libopencv_imgcodecs.so.3.4.20  lib/libopencv_features2d.so.3.4.20  lib/libopencv_flann.so.3.4.20  lib/libopencv_imgproc.so.3.4.20  lib/libopencv_core.so.3.4.20  -lm && :
[384/411] /usr/bin/g++-13 -DCVAPI_EXPORTS -D_USE_MATH_DEFINES -D__OPENCV_BUILD=1 -D__STDC_CONSTANT_MACROS -D__STDC_FORMAT_MACROS -D__STDC_LIMIT_MACROS -I/home/uilian/.conan2/p/b/openc0f1bf19f37050/b/src/modules/stitching/include -I/home/uilian/.conan2/p/b/openc0f1bf19f37050/b/build/Release/modules/stitching -I/home/uilian/.conan2/p/b/openc0f1bf19f37050/b/src/modules/core/include -I/home/uilian/.conan2/p/b/openc0f1bf19f37050/b/src/modules/flann/include -I/home/uilian/.conan2/p/b/openc0f1bf19f37050/b/src/modules/imgproc/include -I/home/uilian/.conan2/p/b/openc0f1bf19f37050/b/src/modules/features2d/include -I/home/uilian/.conan2/p/b/openc0f1bf19f37050/b/src/modules/calib3d/include -isystem /home/uilian/.conan2/p/b/openc0f1bf19f37050/b/build/Release -isystem /home/uilian/.conan2/p/eigen5481853932f72/p/include/eigen3 -m64   -fsigned-char -W -Wall -Wreturn-type -Wnon-virtual-dtor -Waddress -Wsequence-point -Wformat -Wformat-security -Wmissing-declarations -Wundef -Winit-self -Wpointer-arith -Wshadow -Wsign-promo -Wuninitialized -Wsuggest-override -Wno-delete-non-virtual-dtor -Wno-comment -Wimplicit-fallthrough=3 -Wno-strict-overflow -fdiagnostics-show-option -Wno-long-long -pthread -fomit-frame-pointer -ffunction-sections -fdata-sections  -msse -msse2 -msse3 -fvisibility=hidden -fvisibility-inlines-hidden -O3 -DNDEBUG  -DNDEBUG -std=gnu++11 -fPIC -MD -MT modules/stitching/CMakeFiles/opencv_stitching.dir/src/timelapsers.cpp.o -MF modules/stitching/CMakeFiles/opencv_stitching.dir/src/timelapsers.cpp.o.d -o modules/stitching/CMakeFiles/opencv_stitching.dir/src/timelapsers.cpp.o -c /home/uilian/.conan2/p/b/openc0f1bf19f37050/b/src/modules/stitching/src/timelapsers.cpp
[385/411] /usr/bin/g++-13 -DCVAPI_EXPORTS -D_USE_MATH_DEFINES -D__OPENCV_BUILD=1 -D__STDC_CONSTANT_MACROS -D__STDC_FORMAT_MACROS -D__STDC_LIMIT_MACROS -I/home/uilian/.conan2/p/b/openc0f1bf19f37050/b/src/modules/stitching/include -I/home/uilian/.conan2/p/b/openc0f1bf19f37050/b/build/Release/modules/stitching -I/home/uilian/.conan2/p/b/openc0f1bf19f37050/b/src/modules/core/include -I/home/uilian/.conan2/p/b/openc0f1bf19f37050/b/src/modules/flann/include -I/home/uilian/.conan2/p/b/openc0f1bf19f37050/b/src/modules/imgproc/include -I/home/uilian/.conan2/p/b/openc0f1bf19f37050/b/src/modules/features2d/include -I/home/uilian/.conan2/p/b/openc0f1bf19f37050/b/src/modules/calib3d/include -isystem /home/uilian/.conan2/p/b/openc0f1bf19f37050/b/build/Release -isystem /home/uilian/.conan2/p/eigen5481853932f72/p/include/eigen3 -m64   -fsigned-char -W -Wall -Wreturn-type -Wnon-virtual-dtor -Waddress -Wsequence-point -Wformat -Wformat-security -Wmissing-declarations -Wundef -Winit-self -Wpointer-arith -Wshadow -Wsign-promo -Wuninitialized -Wsuggest-override -Wno-delete-non-virtual-dtor -Wno-comment -Wimplicit-fallthrough=3 -Wno-strict-overflow -fdiagnostics-show-option -Wno-long-long -pthread -fomit-frame-pointer -ffunction-sections -fdata-sections  -msse -msse2 -msse3 -fvisibility=hidden -fvisibility-inlines-hidden -O3 -DNDEBUG  -DNDEBUG -std=gnu++11 -fPIC -MD -MT modules/stitching/CMakeFiles/opencv_stitching.dir/src/camera.cpp.o -MF modules/stitching/CMakeFiles/opencv_stitching.dir/src/camera.cpp.o.d -o modules/stitching/CMakeFiles/opencv_stitching.dir/src/camera.cpp.o -c /home/uilian/.conan2/p/b/openc0f1bf19f37050/b/src/modules/stitching/src/camera.cpp
In file included from /home/uilian/.conan2/p/b/openc0f1bf19f37050/b/src/modules/core/include/opencv2/core.hpp:52,
                 from /home/uilian/.conan2/p/b/openc0f1bf19f37050/b/src/modules/stitching/src/precomp.hpp:56,
                 from /home/uilian/.conan2/p/b/openc0f1bf19f37050/b/src/modules/stitching/src/camera.cpp:43:
/home/uilian/.conan2/p/b/openc0f1bf19f37050/b/src/modules/stitching/src/camera.cpp: In member function ‘cv::Mat cv::detail::CameraParams::K() const’:
/home/uilian/.conan2/p/b/openc0f1bf19f37050/b/src/modules/core/include/opencv2/core/cvdef.h:667:33: warning: redundant move in return statement [-Wredundant-move]
  667 | #define CV_CXX_MOVE(x) std::move(x)
      |                        ~~~~~~~~~^~~
/home/uilian/.conan2/p/b/openc0f1bf19f37050/b/src/modules/stitching/src/camera.cpp:69:12: note: in expansion of macro ‘CV_CXX_MOVE’
   69 |     return CV_CXX_MOVE(k);
      |            ^~~~~~~~~~~
/home/uilian/.conan2/p/b/openc0f1bf19f37050/b/src/modules/core/include/opencv2/core/cvdef.h:667:33: note: remove ‘std::move’ call
  667 | #define CV_CXX_MOVE(x) std::move(x)
      |                        ~~~~~~~~~^~~
/home/uilian/.conan2/p/b/openc0f1bf19f37050/b/src/modules/stitching/src/camera.cpp:69:12: note: in expansion of macro ‘CV_CXX_MOVE’
   69 |     return CV_CXX_MOVE(k);
      |            ^~~~~~~~~~~
[386/411] /usr/bin/g++-13 -DCVAPI_EXPORTS -D_USE_MATH_DEFINES -D__OPENCV_BUILD=1 -D__STDC_CONSTANT_MACROS -D__STDC_FORMAT_MACROS -D__STDC_LIMIT_MACROS -I/home/uilian/.conan2/p/b/openc0f1bf19f37050/b/src/modules/stitching/include -I/home/uilian/.conan2/p/b/openc0f1bf19f37050/b/build/Release/modules/stitching -I/home/uilian/.conan2/p/b/openc0f1bf19f37050/b/src/modules/core/include -I/home/uilian/.conan2/p/b/openc0f1bf19f37050/b/src/modules/flann/include -I/home/uilian/.conan2/p/b/openc0f1bf19f37050/b/src/modules/imgproc/include -I/home/uilian/.conan2/p/b/openc0f1bf19f37050/b/src/modules/features2d/include -I/home/uilian/.conan2/p/b/openc0f1bf19f37050/b/src/modules/calib3d/include -isystem /home/uilian/.conan2/p/b/openc0f1bf19f37050/b/build/Release -isystem /home/uilian/.conan2/p/eigen5481853932f72/p/include/eigen3 -m64   -fsigned-char -W -Wall -Wreturn-type -Wnon-virtual-dtor -Waddress -Wsequence-point -Wformat -Wformat-security -Wmissing-declarations -Wundef -Winit-self -Wpointer-arith -Wshadow -Wsign-promo -Wuninitialized -Wsuggest-override -Wno-delete-non-virtual-dtor -Wno-comment -Wimplicit-fallthrough=3 -Wno-strict-overflow -fdiagnostics-show-option -Wno-long-long -pthread -fomit-frame-pointer -ffunction-sections -fdata-sections  -msse -msse2 -msse3 -fvisibility=hidden -fvisibility-inlines-hidden -O3 -DNDEBUG  -DNDEBUG -std=gnu++11 -fPIC -MD -MT modules/stitching/CMakeFiles/opencv_stitching.dir/src/util.cpp.o -MF modules/stitching/CMakeFiles/opencv_stitching.dir/src/util.cpp.o.d -o modules/stitching/CMakeFiles/opencv_stitching.dir/src/util.cpp.o -c /home/uilian/.conan2/p/b/openc0f1bf19f37050/b/src/modules/stitching/src/util.cpp
[387/411] /usr/bin/g++-13 -DCVAPI_EXPORTS -D_USE_MATH_DEFINES -D__OPENCV_BUILD=1 -D__STDC_CONSTANT_MACROS -D__STDC_FORMAT_MACROS -D__STDC_LIMIT_MACROS -I/home/uilian/.conan2/p/b/openc0f1bf19f37050/b/src/modules/objdetect/include -I/home/uilian/.conan2/p/b/openc0f1bf19f37050/b/build/Release/modules/objdetect -I/home/uilian/.conan2/p/b/openc0f1bf19f37050/b/src/modules/core/include -I/home/uilian/.conan2/p/b/openc0f1bf19f37050/b/src/modules/flann/include -I/home/uilian/.conan2/p/b/openc0f1bf19f37050/b/src/modules/imgproc/include -I/home/uilian/.conan2/p/b/openc0f1bf19f37050/b/src/modules/features2d/include -I/home/uilian/.conan2/p/b/openc0f1bf19f37050/b/src/modules/calib3d/include -isystem /home/uilian/.conan2/p/b/openc0f1bf19f37050/b/build/Release -isystem /home/uilian/.conan2/p/eigen5481853932f72/p/include/eigen3 -m64   -fsigned-char -W -Wall -Wreturn-type -Wnon-virtual-dtor -Waddress -Wsequence-point -Wformat -Wformat-security -Wmissing-declarations -Wundef -Winit-self -Wpointer-arith -Wshadow -Wsign-promo -Wuninitialized -Wsuggest-override -Wno-delete-non-virtual-dtor -Wno-comment -Wimplicit-fallthrough=3 -Wno-strict-overflow -fdiagnostics-show-option -Wno-long-long -pthread -fomit-frame-pointer -ffunction-sections -fdata-sections  -msse -msse2 -msse3 -fvisibility=hidden -fvisibility-inlines-hidden -O3 -DNDEBUG  -DNDEBUG -std=gnu++11 -fPIC -MD -MT modules/objdetect/CMakeFiles/opencv_objdetect.dir/src/cascadedetect_convert.cpp.o -MF modules/objdetect/CMakeFiles/opencv_objdetect.dir/src/cascadedetect_convert.cpp.o.d -o modules/objdetect/CMakeFiles/opencv_objdetect.dir/src/cascadedetect_convert.cpp.o -c /home/uilian/.conan2/p/b/openc0f1bf19f37050/b/src/modules/objdetect/src/cascadedetect_convert.cpp
[388/411] /usr/bin/g++-13 -DCVAPI_EXPORTS -D_USE_MATH_DEFINES -D__OPENCV_BUILD=1 -D__STDC_CONSTANT_MACROS -D__STDC_FORMAT_MACROS -D__STDC_LIMIT_MACROS -I/home/uilian/.conan2/p/b/openc0f1bf19f37050/b/src/modules/stitching/include -I/home/uilian/.conan2/p/b/openc0f1bf19f37050/b/build/Release/modules/stitching -I/home/uilian/.conan2/p/b/openc0f1bf19f37050/b/src/modules/core/include -I/home/uilian/.conan2/p/b/openc0f1bf19f37050/b/src/modules/flann/include -I/home/uilian/.conan2/p/b/openc0f1bf19f37050/b/src/modules/imgproc/include -I/home/uilian/.conan2/p/b/openc0f1bf19f37050/b/src/modules/features2d/include -I/home/uilian/.conan2/p/b/openc0f1bf19f37050/b/src/modules/calib3d/include -isystem /home/uilian/.conan2/p/b/openc0f1bf19f37050/b/build/Release -isystem /home/uilian/.conan2/p/eigen5481853932f72/p/include/eigen3 -m64   -fsigned-char -W -Wall -Wreturn-type -Wnon-virtual-dtor -Waddress -Wsequence-point -Wformat -Wformat-security -Wmissing-declarations -Wundef -Winit-self -Wpointer-arith -Wshadow -Wsign-promo -Wuninitialized -Wsuggest-override -Wno-delete-non-virtual-dtor -Wno-comment -Wimplicit-fallthrough=3 -Wno-strict-overflow -fdiagnostics-show-option -Wno-long-long -pthread -fomit-frame-pointer -ffunction-sections -fdata-sections  -msse -msse2 -msse3 -fvisibility=hidden -fvisibility-inlines-hidden -O3 -DNDEBUG  -DNDEBUG -std=gnu++11 -fPIC -MD -MT modules/stitching/CMakeFiles/opencv_stitching.dir/src/autocalib.cpp.o -MF modules/stitching/CMakeFiles/opencv_stitching.dir/src/autocalib.cpp.o.d -o modules/stitching/CMakeFiles/opencv_stitching.dir/src/autocalib.cpp.o -c /home/uilian/.conan2/p/b/openc0f1bf19f37050/b/src/modules/stitching/src/autocalib.cpp
[389/411] /usr/bin/g++-13 -DCVAPI_EXPORTS -D_USE_MATH_DEFINES -D__OPENCV_BUILD=1 -D__STDC_CONSTANT_MACROS -D__STDC_FORMAT_MACROS -D__STDC_LIMIT_MACROS -I/home/uilian/.conan2/p/b/openc0f1bf19f37050/b/src/modules/stitching/include -I/home/uilian/.conan2/p/b/openc0f1bf19f37050/b/build/Release/modules/stitching -I/home/uilian/.conan2/p/b/openc0f1bf19f37050/b/src/modules/core/include -I/home/uilian/.conan2/p/b/openc0f1bf19f37050/b/src/modules/flann/include -I/home/uilian/.conan2/p/b/openc0f1bf19f37050/b/src/modules/imgproc/include -I/home/uilian/.conan2/p/b/openc0f1bf19f37050/b/src/modules/features2d/include -I/home/uilian/.conan2/p/b/openc0f1bf19f37050/b/src/modules/calib3d/include -isystem /home/uilian/.conan2/p/b/openc0f1bf19f37050/b/build/Release -isystem /home/uilian/.conan2/p/eigen5481853932f72/p/include/eigen3 -m64   -fsigned-char -W -Wall -Wreturn-type -Wnon-virtual-dtor -Waddress -Wsequence-point -Wformat -Wformat-security -Wmissing-declarations -Wundef -Winit-self -Wpointer-arith -Wshadow -Wsign-promo -Wuninitialized -Wsuggest-override -Wno-delete-non-virtual-dtor -Wno-comment -Wimplicit-fallthrough=3 -Wno-strict-overflow -fdiagnostics-show-option -Wno-long-long -pthread -fomit-frame-pointer -ffunction-sections -fdata-sections  -msse -msse2 -msse3 -fvisibility=hidden -fvisibility-inlines-hidden -O3 -DNDEBUG  -DNDEBUG -std=gnu++11 -fPIC -MD -MT modules/stitching/CMakeFiles/opencv_stitching.dir/src/blenders.cpp.o -MF modules/stitching/CMakeFiles/opencv_stitching.dir/src/blenders.cpp.o.d -o modules/stitching/CMakeFiles/opencv_stitching.dir/src/blenders.cpp.o -c /home/uilian/.conan2/p/b/openc0f1bf19f37050/b/src/modules/stitching/src/blenders.cpp
[390/411] /usr/bin/g++-13 -DCVAPI_EXPORTS -D_USE_MATH_DEFINES -D__OPENCV_BUILD=1 -D__STDC_CONSTANT_MACROS -D__STDC_FORMAT_MACROS -D__STDC_LIMIT_MACROS -I/home/uilian/.conan2/p/b/openc0f1bf19f37050/b/src/modules/stitching/include -I/home/uilian/.conan2/p/b/openc0f1bf19f37050/b/build/Release/modules/stitching -I/home/uilian/.conan2/p/b/openc0f1bf19f37050/b/src/modules/core/include -I/home/uilian/.conan2/p/b/openc0f1bf19f37050/b/src/modules/flann/include -I/home/uilian/.conan2/p/b/openc0f1bf19f37050/b/src/modules/imgproc/include -I/home/uilian/.conan2/p/b/openc0f1bf19f37050/b/src/modules/features2d/include -I/home/uilian/.conan2/p/b/openc0f1bf19f37050/b/src/modules/calib3d/include -isystem /home/uilian/.conan2/p/b/openc0f1bf19f37050/b/build/Release -isystem /home/uilian/.conan2/p/eigen5481853932f72/p/include/eigen3 -m64   -fsigned-char -W -Wall -Wreturn-type -Wnon-virtual-dtor -Waddress -Wsequence-point -Wformat -Wformat-security -Wmissing-declarations -Wundef -Winit-self -Wpointer-arith -Wshadow -Wsign-promo -Wuninitialized -Wsuggest-override -Wno-delete-non-virtual-dtor -Wno-comment -Wimplicit-fallthrough=3 -Wno-strict-overflow -fdiagnostics-show-option -Wno-long-long -pthread -fomit-frame-pointer -ffunction-sections -fdata-sections  -msse -msse2 -msse3 -fvisibility=hidden -fvisibility-inlines-hidden -O3 -DNDEBUG  -DNDEBUG -std=gnu++11 -fPIC -MD -MT modules/stitching/CMakeFiles/opencv_stitching.dir/src/matchers.cpp.o -MF modules/stitching/CMakeFiles/opencv_stitching.dir/src/matchers.cpp.o.d -o modules/stitching/CMakeFiles/opencv_stitching.dir/src/matchers.cpp.o -c /home/uilian/.conan2/p/b/openc0f1bf19f37050/b/src/modules/stitching/src/matchers.cpp
[391/411] /usr/bin/g++-13 -DCVAPI_EXPORTS -D_USE_MATH_DEFINES -D__OPENCV_BUILD=1 -D__STDC_CONSTANT_MACROS -D__STDC_FORMAT_MACROS -D__STDC_LIMIT_MACROS -I/home/uilian/.conan2/p/b/openc0f1bf19f37050/b/src/modules/objdetect/include -I/home/uilian/.conan2/p/b/openc0f1bf19f37050/b/build/Release/modules/objdetect -I/home/uilian/.conan2/p/b/openc0f1bf19f37050/b/src/modules/core/include -I/home/uilian/.conan2/p/b/openc0f1bf19f37050/b/src/modules/flann/include -I/home/uilian/.conan2/p/b/openc0f1bf19f37050/b/src/modules/imgproc/include -I/home/uilian/.conan2/p/b/openc0f1bf19f37050/b/src/modules/features2d/include -I/home/uilian/.conan2/p/b/openc0f1bf19f37050/b/src/modules/calib3d/include -isystem /home/uilian/.conan2/p/b/openc0f1bf19f37050/b/build/Release -isystem /home/uilian/.conan2/p/eigen5481853932f72/p/include/eigen3 -m64   -fsigned-char -W -Wall -Wreturn-type -Wnon-virtual-dtor -Waddress -Wsequence-point -Wformat -Wformat-security -Wmissing-declarations -Wundef -Winit-self -Wpointer-arith -Wshadow -Wsign-promo -Wuninitialized -Wsuggest-override -Wno-delete-non-virtual-dtor -Wno-comment -Wimplicit-fallthrough=3 -Wno-strict-overflow -fdiagnostics-show-option -Wno-long-long -pthread -fomit-frame-pointer -ffunction-sections -fdata-sections  -msse -msse2 -msse3 -fvisibility=hidden -fvisibility-inlines-hidden -O3 -DNDEBUG  -DNDEBUG -std=gnu++11 -fPIC -MD -MT modules/objdetect/CMakeFiles/opencv_objdetect.dir/src/main.cpp.o -MF modules/objdetect/CMakeFiles/opencv_objdetect.dir/src/main.cpp.o.d -o modules/objdetect/CMakeFiles/opencv_objdetect.dir/src/main.cpp.o -c /home/uilian/.conan2/p/b/openc0f1bf19f37050/b/src/modules/objdetect/src/main.cpp
[392/411] /usr/bin/g++-13 -DCVAPI_EXPORTS -D_USE_MATH_DEFINES -D__OPENCV_BUILD=1 -D__STDC_CONSTANT_MACROS -D__STDC_FORMAT_MACROS -D__STDC_LIMIT_MACROS -I/home/uilian/.conan2/p/b/openc0f1bf19f37050/b/src/modules/objdetect/include -I/home/uilian/.conan2/p/b/openc0f1bf19f37050/b/build/Release/modules/objdetect -I/home/uilian/.conan2/p/b/openc0f1bf19f37050/b/src/modules/core/include -I/home/uilian/.conan2/p/b/openc0f1bf19f37050/b/src/modules/flann/include -I/home/uilian/.conan2/p/b/openc0f1bf19f37050/b/src/modules/imgproc/include -I/home/uilian/.conan2/p/b/openc0f1bf19f37050/b/src/modules/features2d/include -I/home/uilian/.conan2/p/b/openc0f1bf19f37050/b/src/modules/calib3d/include -isystem /home/uilian/.conan2/p/b/openc0f1bf19f37050/b/build/Release -isystem /home/uilian/.conan2/p/eigen5481853932f72/p/include/eigen3 -m64   -fsigned-char -W -Wall -Wreturn-type -Wnon-virtual-dtor -Waddress -Wsequence-point -Wformat -Wformat-security -Wmissing-declarations -Wundef -Winit-self -Wpointer-arith -Wshadow -Wsign-promo -Wuninitialized -Wsuggest-override -Wno-delete-non-virtual-dtor -Wno-comment -Wimplicit-fallthrough=3 -Wno-strict-overflow -fdiagnostics-show-option -Wno-long-long -pthread -fomit-frame-pointer -ffunction-sections -fdata-sections  -msse -msse2 -msse3 -fvisibility=hidden -fvisibility-inlines-hidden -O3 -DNDEBUG  -DNDEBUG -std=gnu++11 -fPIC -MD -MT modules/objdetect/CMakeFiles/opencv_objdetect.dir/opencl_kernels_objdetect.cpp.o -MF modules/objdetect/CMakeFiles/opencv_objdetect.dir/opencl_kernels_objdetect.cpp.o.d -o modules/objdetect/CMakeFiles/opencv_objdetect.dir/opencl_kernels_objdetect.cpp.o -c /home/uilian/.conan2/p/b/openc0f1bf19f37050/b/build/Release/modules/objdetect/opencl_kernels_objdetect.cpp
[393/411] /usr/bin/g++-13 -DCVAPI_EXPORTS -D_USE_MATH_DEFINES -D__OPENCV_BUILD=1 -D__STDC_CONSTANT_MACROS -D__STDC_FORMAT_MACROS -D__STDC_LIMIT_MACROS -I/home/uilian/.conan2/p/b/openc0f1bf19f37050/b/src/modules/stitching/include -I/home/uilian/.conan2/p/b/openc0f1bf19f37050/b/build/Release/modules/stitching -I/home/uilian/.conan2/p/b/openc0f1bf19f37050/b/src/modules/core/include -I/home/uilian/.conan2/p/b/openc0f1bf19f37050/b/src/modules/flann/include -I/home/uilian/.conan2/p/b/openc0f1bf19f37050/b/src/modules/imgproc/include -I/home/uilian/.conan2/p/b/openc0f1bf19f37050/b/src/modules/features2d/include -I/home/uilian/.conan2/p/b/openc0f1bf19f37050/b/src/modules/calib3d/include -isystem /home/uilian/.conan2/p/b/openc0f1bf19f37050/b/build/Release -isystem /home/uilian/.conan2/p/eigen5481853932f72/p/include/eigen3 -m64   -fsigned-char -W -Wall -Wreturn-type -Wnon-virtual-dtor -Waddress -Wsequence-point -Wformat -Wformat-security -Wmissing-declarations -Wundef -Winit-self -Wpointer-arith -Wshadow -Wsign-promo -Wuninitialized -Wsuggest-override -Wno-delete-non-virtual-dtor -Wno-comment -Wimplicit-fallthrough=3 -Wno-strict-overflow -fdiagnostics-show-option -Wno-long-long -pthread -fomit-frame-pointer -ffunction-sections -fdata-sections  -msse -msse2 -msse3 -fvisibility=hidden -fvisibility-inlines-hidden -O3 -DNDEBUG  -DNDEBUG -std=gnu++11 -fPIC -MD -MT modules/stitching/CMakeFiles/opencv_stitching.dir/src/stitcher.cpp.o -MF modules/stitching/CMakeFiles/opencv_stitching.dir/src/stitcher.cpp.o.d -o modules/stitching/CMakeFiles/opencv_stitching.dir/src/stitcher.cpp.o -c /home/uilian/.conan2/p/b/openc0f1bf19f37050/b/src/modules/stitching/src/stitcher.cpp
[394/411] /usr/bin/g++-13 -DCVAPI_EXPORTS -D_USE_MATH_DEFINES -D__OPENCV_BUILD=1 -D__STDC_CONSTANT_MACROS -D__STDC_FORMAT_MACROS -D__STDC_LIMIT_MACROS -I/home/uilian/.conan2/p/b/openc0f1bf19f37050/b/src/modules/stitching/include -I/home/uilian/.conan2/p/b/openc0f1bf19f37050/b/build/Release/modules/stitching -I/home/uilian/.conan2/p/b/openc0f1bf19f37050/b/src/modules/core/include -I/home/uilian/.conan2/p/b/openc0f1bf19f37050/b/src/modules/flann/include -I/home/uilian/.conan2/p/b/openc0f1bf19f37050/b/src/modules/imgproc/include -I/home/uilian/.conan2/p/b/openc0f1bf19f37050/b/src/modules/features2d/include -I/home/uilian/.conan2/p/b/openc0f1bf19f37050/b/src/modules/calib3d/include -isystem /home/uilian/.conan2/p/b/openc0f1bf19f37050/b/build/Release -isystem /home/uilian/.conan2/p/eigen5481853932f72/p/include/eigen3 -m64   -fsigned-char -W -Wall -Wreturn-type -Wnon-virtual-dtor -Waddress -Wsequence-point -Wformat -Wformat-security -Wmissing-declarations -Wundef -Winit-self -Wpointer-arith -Wshadow -Wsign-promo -Wuninitialized -Wsuggest-override -Wno-delete-non-virtual-dtor -Wno-comment -Wimplicit-fallthrough=3 -Wno-strict-overflow -fdiagnostics-show-option -Wno-long-long -pthread -fomit-frame-pointer -ffunction-sections -fdata-sections  -msse -msse2 -msse3 -fvisibility=hidden -fvisibility-inlines-hidden -O3 -DNDEBUG  -DNDEBUG -std=gnu++11 -fPIC -MD -MT modules/stitching/CMakeFiles/opencv_stitching.dir/src/motion_estimators.cpp.o -MF modules/stitching/CMakeFiles/opencv_stitching.dir/src/motion_estimators.cpp.o.d -o modules/stitching/CMakeFiles/opencv_stitching.dir/src/motion_estimators.cpp.o -c /home/uilian/.conan2/p/b/openc0f1bf19f37050/b/src/modules/stitching/src/motion_estimators.cpp
[395/411] /usr/bin/g++-13 -DCVAPI_EXPORTS -D_USE_MATH_DEFINES -D__OPENCV_BUILD=1 -D__STDC_CONSTANT_MACROS -D__STDC_FORMAT_MACROS -D__STDC_LIMIT_MACROS -I/home/uilian/.conan2/p/b/openc0f1bf19f37050/b/src/modules/objdetect/include -I/home/uilian/.conan2/p/b/openc0f1bf19f37050/b/build/Release/modules/objdetect -I/home/uilian/.conan2/p/b/openc0f1bf19f37050/b/src/modules/core/include -I/home/uilian/.conan2/p/b/openc0f1bf19f37050/b/src/modules/flann/include -I/home/uilian/.conan2/p/b/openc0f1bf19f37050/b/src/modules/imgproc/include -I/home/uilian/.conan2/p/b/openc0f1bf19f37050/b/src/modules/features2d/include -I/home/uilian/.conan2/p/b/openc0f1bf19f37050/b/src/modules/calib3d/include -isystem /home/uilian/.conan2/p/b/openc0f1bf19f37050/b/build/Release -isystem /home/uilian/.conan2/p/eigen5481853932f72/p/include/eigen3 -m64   -fsigned-char -W -Wall -Wreturn-type -Wnon-virtual-dtor -Waddress -Wsequence-point -Wformat -Wformat-security -Wmissing-declarations -Wundef -Winit-self -Wpointer-arith -Wshadow -Wsign-promo -Wuninitialized -Wsuggest-override -Wno-delete-non-virtual-dtor -Wno-comment -Wimplicit-fallthrough=3 -Wno-strict-overflow -fdiagnostics-show-option -Wno-long-long -pthread -fomit-frame-pointer -ffunction-sections -fdata-sections  -msse -msse2 -msse3 -fvisibility=hidden -fvisibility-inlines-hidden -O3 -DNDEBUG  -DNDEBUG -std=gnu++11 -fPIC -MD -MT modules/objdetect/CMakeFiles/opencv_objdetect.dir/src/detection_based_tracker.cpp.o -MF modules/objdetect/CMakeFiles/opencv_objdetect.dir/src/detection_based_tracker.cpp.o.d -o modules/objdetect/CMakeFiles/opencv_objdetect.dir/src/detection_based_tracker.cpp.o -c /home/uilian/.conan2/p/b/openc0f1bf19f37050/b/src/modules/objdetect/src/detection_based_tracker.cpp
[396/411] /opt/pyenv/versions/3.12.4/lib/python3.12/site-packages/cmake/data/bin/cmake -E cmake_symlink_library lib/libopencv_videostab.so.3.4.20  lib/libopencv_videostab.so.3.4 lib/libopencv_videostab.so && :
[397/411] /usr/bin/g++-13 -DCVAPI_EXPORTS -D_USE_MATH_DEFINES -D__OPENCV_BUILD=1 -D__STDC_CONSTANT_MACROS -D__STDC_FORMAT_MACROS -D__STDC_LIMIT_MACROS -I/home/uilian/.conan2/p/b/openc0f1bf19f37050/b/src/modules/objdetect/include -I/home/uilian/.conan2/p/b/openc0f1bf19f37050/b/build/Release/modules/objdetect -I/home/uilian/.conan2/p/b/openc0f1bf19f37050/b/src/modules/core/include -I/home/uilian/.conan2/p/b/openc0f1bf19f37050/b/src/modules/flann/include -I/home/uilian/.conan2/p/b/openc0f1bf19f37050/b/src/modules/imgproc/include -I/home/uilian/.conan2/p/b/openc0f1bf19f37050/b/src/modules/features2d/include -I/home/uilian/.conan2/p/b/openc0f1bf19f37050/b/src/modules/calib3d/include -isystem /home/uilian/.conan2/p/b/openc0f1bf19f37050/b/build/Release -isystem /home/uilian/.conan2/p/eigen5481853932f72/p/include/eigen3 -m64   -fsigned-char -W -Wall -Wreturn-type -Wnon-virtual-dtor -Waddress -Wsequence-point -Wformat -Wformat-security -Wmissing-declarations -Wundef -Winit-self -Wpointer-arith -Wshadow -Wsign-promo -Wuninitialized -Wsuggest-override -Wno-delete-non-virtual-dtor -Wno-comment -Wimplicit-fallthrough=3 -Wno-strict-overflow -fdiagnostics-show-option -Wno-long-long -pthread -fomit-frame-pointer -ffunction-sections -fdata-sections  -msse -msse2 -msse3 -fvisibility=hidden -fvisibility-inlines-hidden -O3 -DNDEBUG  -DNDEBUG -std=gnu++11 -fPIC -MD -MT modules/objdetect/CMakeFiles/opencv_objdetect.dir/src/cascadedetect.cpp.o -MF modules/objdetect/CMakeFiles/opencv_objdetect.dir/src/cascadedetect.cpp.o.d -o modules/objdetect/CMakeFiles/opencv_objdetect.dir/src/cascadedetect.cpp.o -c /home/uilian/.conan2/p/b/openc0f1bf19f37050/b/src/modules/objdetect/src/cascadedetect.cpp
[398/411] /usr/bin/g++-13 -DCVAPI_EXPORTS -D_USE_MATH_DEFINES -D__OPENCV_BUILD=1 -D__STDC_CONSTANT_MACROS -D__STDC_FORMAT_MACROS -D__STDC_LIMIT_MACROS -I/home/uilian/.conan2/p/b/openc0f1bf19f37050/b/src/modules/stitching/include -I/home/uilian/.conan2/p/b/openc0f1bf19f37050/b/build/Release/modules/stitching -I/home/uilian/.conan2/p/b/openc0f1bf19f37050/b/src/modules/core/include -I/home/uilian/.conan2/p/b/openc0f1bf19f37050/b/src/modules/flann/include -I/home/uilian/.conan2/p/b/openc0f1bf19f37050/b/src/modules/imgproc/include -I/home/uilian/.conan2/p/b/openc0f1bf19f37050/b/src/modules/features2d/include -I/home/uilian/.conan2/p/b/openc0f1bf19f37050/b/src/modules/calib3d/include -isystem /home/uilian/.conan2/p/b/openc0f1bf19f37050/b/build/Release -isystem /home/uilian/.conan2/p/eigen5481853932f72/p/include/eigen3 -m64   -fsigned-char -W -Wall -Wreturn-type -Wnon-virtual-dtor -Waddress -Wsequence-point -Wformat -Wformat-security -Wmissing-declarations -Wundef -Winit-self -Wpointer-arith -Wshadow -Wsign-promo -Wuninitialized -Wsuggest-override -Wno-delete-non-virtual-dtor -Wno-comment -Wimplicit-fallthrough=3 -Wno-strict-overflow -fdiagnostics-show-option -Wno-long-long -pthread -fomit-frame-pointer -ffunction-sections -fdata-sections  -msse -msse2 -msse3 -fvisibility=hidden -fvisibility-inlines-hidden -O3 -DNDEBUG  -DNDEBUG -std=gnu++11 -fPIC -MD -MT modules/stitching/CMakeFiles/opencv_stitching.dir/opencl_kernels_stitching.cpp.o -MF modules/stitching/CMakeFiles/opencv_stitching.dir/opencl_kernels_stitching.cpp.o.d -o modules/stitching/CMakeFiles/opencv_stitching.dir/opencl_kernels_stitching.cpp.o -c /home/uilian/.conan2/p/b/openc0f1bf19f37050/b/build/Release/modules/stitching/opencl_kernels_stitching.cpp
[399/411] /usr/bin/g++-13 -DCVAPI_EXPORTS -D_USE_MATH_DEFINES -D__OPENCV_BUILD=1 -D__STDC_CONSTANT_MACROS -D__STDC_FORMAT_MACROS -D__STDC_LIMIT_MACROS -I/home/uilian/.conan2/p/b/openc0f1bf19f37050/b/src/modules/objdetect/include -I/home/uilian/.conan2/p/b/openc0f1bf19f37050/b/build/Release/modules/objdetect -I/home/uilian/.conan2/p/b/openc0f1bf19f37050/b/src/modules/core/include -I/home/uilian/.conan2/p/b/openc0f1bf19f37050/b/src/modules/flann/include -I/home/uilian/.conan2/p/b/openc0f1bf19f37050/b/src/modules/imgproc/include -I/home/uilian/.conan2/p/b/openc0f1bf19f37050/b/src/modules/features2d/include -I/home/uilian/.conan2/p/b/openc0f1bf19f37050/b/src/modules/calib3d/include -isystem /home/uilian/.conan2/p/b/openc0f1bf19f37050/b/build/Release -isystem /home/uilian/.conan2/p/eigen5481853932f72/p/include/eigen3 -m64   -fsigned-char -W -Wall -Wreturn-type -Wnon-virtual-dtor -Waddress -Wsequence-point -Wformat -Wformat-security -Wmissing-declarations -Wundef -Winit-self -Wpointer-arith -Wshadow -Wsign-promo -Wuninitialized -Wsuggest-override -Wno-delete-non-virtual-dtor -Wno-comment -Wimplicit-fallthrough=3 -Wno-strict-overflow -fdiagnostics-show-option -Wno-long-long -pthread -fomit-frame-pointer -ffunction-sections -fdata-sections  -msse -msse2 -msse3 -fvisibility=hidden -fvisibility-inlines-hidden -O3 -DNDEBUG  -DNDEBUG -std=gnu++11 -fPIC -MD -MT modules/objdetect/CMakeFiles/opencv_objdetect.dir/src/haar.cpp.o -MF modules/objdetect/CMakeFiles/opencv_objdetect.dir/src/haar.cpp.o.d -o modules/objdetect/CMakeFiles/opencv_objdetect.dir/src/haar.cpp.o -c /home/uilian/.conan2/p/b/openc0f1bf19f37050/b/src/modules/objdetect/src/haar.cpp
[400/411] /usr/bin/g++-13 -DCVAPI_EXPORTS -D_USE_MATH_DEFINES -D__OPENCV_BUILD=1 -D__STDC_CONSTANT_MACROS -D__STDC_FORMAT_MACROS -D__STDC_LIMIT_MACROS -I/home/uilian/.conan2/p/b/openc0f1bf19f37050/b/src/modules/stitching/include -I/home/uilian/.conan2/p/b/openc0f1bf19f37050/b/build/Release/modules/stitching -I/home/uilian/.conan2/p/b/openc0f1bf19f37050/b/src/modules/core/include -I/home/uilian/.conan2/p/b/openc0f1bf19f37050/b/src/modules/flann/include -I/home/uilian/.conan2/p/b/openc0f1bf19f37050/b/src/modules/imgproc/include -I/home/uilian/.conan2/p/b/openc0f1bf19f37050/b/src/modules/features2d/include -I/home/uilian/.conan2/p/b/openc0f1bf19f37050/b/src/modules/calib3d/include -isystem /home/uilian/.conan2/p/b/openc0f1bf19f37050/b/build/Release -isystem /home/uilian/.conan2/p/eigen5481853932f72/p/include/eigen3 -m64   -fsigned-char -W -Wall -Wreturn-type -Wnon-virtual-dtor -Waddress -Wsequence-point -Wformat -Wformat-security -Wmissing-declarations -Wundef -Winit-self -Wpointer-arith -Wshadow -Wsign-promo -Wuninitialized -Wsuggest-override -Wno-delete-non-virtual-dtor -Wno-comment -Wimplicit-fallthrough=3 -Wno-strict-overflow -fdiagnostics-show-option -Wno-long-long -pthread -fomit-frame-pointer -ffunction-sections -fdata-sections  -msse -msse2 -msse3 -fvisibility=hidden -fvisibility-inlines-hidden -O3 -DNDEBUG  -DNDEBUG -std=gnu++11 -fPIC -MD -MT modules/stitching/CMakeFiles/opencv_stitching.dir/src/seam_finders.cpp.o -MF modules/stitching/CMakeFiles/opencv_stitching.dir/src/seam_finders.cpp.o.d -o modules/stitching/CMakeFiles/opencv_stitching.dir/src/seam_finders.cpp.o -c /home/uilian/.conan2/p/b/openc0f1bf19f37050/b/src/modules/stitching/src/seam_finders.cpp
[401/411] /usr/bin/g++-13 -DCVAPI_EXPORTS -D_USE_MATH_DEFINES -D__OPENCV_BUILD=1 -D__STDC_CONSTANT_MACROS -D__STDC_FORMAT_MACROS -D__STDC_LIMIT_MACROS -I/home/uilian/.conan2/p/b/openc0f1bf19f37050/b/src/modules/objdetect/include -I/home/uilian/.conan2/p/b/openc0f1bf19f37050/b/build/Release/modules/objdetect -I/home/uilian/.conan2/p/b/openc0f1bf19f37050/b/src/modules/core/include -I/home/uilian/.conan2/p/b/openc0f1bf19f37050/b/src/modules/flann/include -I/home/uilian/.conan2/p/b/openc0f1bf19f37050/b/src/modules/imgproc/include -I/home/uilian/.conan2/p/b/openc0f1bf19f37050/b/src/modules/features2d/include -I/home/uilian/.conan2/p/b/openc0f1bf19f37050/b/src/modules/calib3d/include -isystem /home/uilian/.conan2/p/b/openc0f1bf19f37050/b/build/Release -isystem /home/uilian/.conan2/p/eigen5481853932f72/p/include/eigen3 -m64   -fsigned-char -W -Wall -Wreturn-type -Wnon-virtual-dtor -Waddress -Wsequence-point -Wformat -Wformat-security -Wmissing-declarations -Wundef -Winit-self -Wpointer-arith -Wshadow -Wsign-promo -Wuninitialized -Wsuggest-override -Wno-delete-non-virtual-dtor -Wno-comment -Wimplicit-fallthrough=3 -Wno-strict-overflow -fdiagnostics-show-option -Wno-long-long -pthread -fomit-frame-pointer -ffunction-sections -fdata-sections  -msse -msse2 -msse3 -fvisibility=hidden -fvisibility-inlines-hidden -O3 -DNDEBUG  -DNDEBUG -std=gnu++11 -fPIC -MD -MT modules/objdetect/CMakeFiles/opencv_objdetect.dir/src/qrcode_encoder.cpp.o -MF modules/objdetect/CMakeFiles/opencv_objdetect.dir/src/qrcode_encoder.cpp.o.d -o modules/objdetect/CMakeFiles/opencv_objdetect.dir/src/qrcode_encoder.cpp.o -c /home/uilian/.conan2/p/b/openc0f1bf19f37050/b/src/modules/objdetect/src/qrcode_encoder.cpp
[402/411] /usr/bin/g++-13 -DCVAPI_EXPORTS -D_USE_MATH_DEFINES -D__OPENCV_BUILD=1 -D__STDC_CONSTANT_MACROS -D__STDC_FORMAT_MACROS -D__STDC_LIMIT_MACROS -I/home/uilian/.conan2/p/b/openc0f1bf19f37050/b/src/modules/stitching/include -I/home/uilian/.conan2/p/b/openc0f1bf19f37050/b/build/Release/modules/stitching -I/home/uilian/.conan2/p/b/openc0f1bf19f37050/b/src/modules/core/include -I/home/uilian/.conan2/p/b/openc0f1bf19f37050/b/src/modules/flann/include -I/home/uilian/.conan2/p/b/openc0f1bf19f37050/b/src/modules/imgproc/include -I/home/uilian/.conan2/p/b/openc0f1bf19f37050/b/src/modules/features2d/include -I/home/uilian/.conan2/p/b/openc0f1bf19f37050/b/src/modules/calib3d/include -isystem /home/uilian/.conan2/p/b/openc0f1bf19f37050/b/build/Release -isystem /home/uilian/.conan2/p/eigen5481853932f72/p/include/eigen3 -m64   -fsigned-char -W -Wall -Wreturn-type -Wnon-virtual-dtor -Waddress -Wsequence-point -Wformat -Wformat-security -Wmissing-declarations -Wundef -Winit-self -Wpointer-arith -Wshadow -Wsign-promo -Wuninitialized -Wsuggest-override -Wno-delete-non-virtual-dtor -Wno-comment -Wimplicit-fallthrough=3 -Wno-strict-overflow -fdiagnostics-show-option -Wno-long-long -pthread -fomit-frame-pointer -ffunction-sections -fdata-sections  -msse -msse2 -msse3 -fvisibility=hidden -fvisibility-inlines-hidden -O3 -DNDEBUG  -DNDEBUG -std=gnu++11 -fPIC -MD -MT modules/stitching/CMakeFiles/opencv_stitching.dir/src/exposure_compensate.cpp.o -MF modules/stitching/CMakeFiles/opencv_stitching.dir/src/exposure_compensate.cpp.o.d -o modules/stitching/CMakeFiles/opencv_stitching.dir/src/exposure_compensate.cpp.o -c /home/uilian/.conan2/p/b/openc0f1bf19f37050/b/src/modules/stitching/src/exposure_compensate.cpp
[403/411] /usr/bin/g++-13 -DCVAPI_EXPORTS -D_USE_MATH_DEFINES -D__OPENCV_BUILD=1 -D__STDC_CONSTANT_MACROS -D__STDC_FORMAT_MACROS -D__STDC_LIMIT_MACROS -I/home/uilian/.conan2/p/b/openc0f1bf19f37050/b/src/modules/stitching/include -I/home/uilian/.conan2/p/b/openc0f1bf19f37050/b/build/Release/modules/stitching -I/home/uilian/.conan2/p/b/openc0f1bf19f37050/b/src/modules/core/include -I/home/uilian/.conan2/p/b/openc0f1bf19f37050/b/src/modules/flann/include -I/home/uilian/.conan2/p/b/openc0f1bf19f37050/b/src/modules/imgproc/include -I/home/uilian/.conan2/p/b/openc0f1bf19f37050/b/src/modules/features2d/include -I/home/uilian/.conan2/p/b/openc0f1bf19f37050/b/src/modules/calib3d/include -isystem /home/uilian/.conan2/p/b/openc0f1bf19f37050/b/build/Release -isystem /home/uilian/.conan2/p/eigen5481853932f72/p/include/eigen3 -m64   -fsigned-char -W -Wall -Wreturn-type -Wnon-virtual-dtor -Waddress -Wsequence-point -Wformat -Wformat-security -Wmissing-declarations -Wundef -Winit-self -Wpointer-arith -Wshadow -Wsign-promo -Wuninitialized -Wsuggest-override -Wno-delete-non-virtual-dtor -Wno-comment -Wimplicit-fallthrough=3 -Wno-strict-overflow -fdiagnostics-show-option -Wno-long-long -pthread -fomit-frame-pointer -ffunction-sections -fdata-sections  -msse -msse2 -msse3 -fvisibility=hidden -fvisibility-inlines-hidden -O3 -DNDEBUG  -DNDEBUG -std=gnu++11 -fPIC -MD -MT modules/stitching/CMakeFiles/opencv_stitching.dir/src/warpers_cuda.cpp.o -MF modules/stitching/CMakeFiles/opencv_stitching.dir/src/warpers_cuda.cpp.o.d -o modules/stitching/CMakeFiles/opencv_stitching.dir/src/warpers_cuda.cpp.o -c /home/uilian/.conan2/p/b/openc0f1bf19f37050/b/src/modules/stitching/src/warpers_cuda.cpp
[404/411] /usr/bin/g++-13 -DCVAPI_EXPORTS -D_USE_MATH_DEFINES -D__OPENCV_BUILD=1 -D__STDC_CONSTANT_MACROS -D__STDC_FORMAT_MACROS -D__STDC_LIMIT_MACROS -I/home/uilian/.conan2/p/b/openc0f1bf19f37050/b/src/modules/objdetect/include -I/home/uilian/.conan2/p/b/openc0f1bf19f37050/b/build/Release/modules/objdetect -I/home/uilian/.conan2/p/b/openc0f1bf19f37050/b/src/modules/core/include -I/home/uilian/.conan2/p/b/openc0f1bf19f37050/b/src/modules/flann/include -I/home/uilian/.conan2/p/b/openc0f1bf19f37050/b/src/modules/imgproc/include -I/home/uilian/.conan2/p/b/openc0f1bf19f37050/b/src/modules/features2d/include -I/home/uilian/.conan2/p/b/openc0f1bf19f37050/b/src/modules/calib3d/include -isystem /home/uilian/.conan2/p/b/openc0f1bf19f37050/b/build/Release -isystem /home/uilian/.conan2/p/eigen5481853932f72/p/include/eigen3 -m64   -fsigned-char -W -Wall -Wreturn-type -Wnon-virtual-dtor -Waddress -Wsequence-point -Wformat -Wformat-security -Wmissing-declarations -Wundef -Winit-self -Wpointer-arith -Wshadow -Wsign-promo -Wuninitialized -Wsuggest-override -Wno-delete-non-virtual-dtor -Wno-comment -Wimplicit-fallthrough=3 -Wno-strict-overflow -fdiagnostics-show-option -Wno-long-long -pthread -fomit-frame-pointer -ffunction-sections -fdata-sections  -msse -msse2 -msse3 -fvisibility=hidden -fvisibility-inlines-hidden -O3 -DNDEBUG  -DNDEBUG -std=gnu++11 -fPIC -MD -MT modules/objdetect/CMakeFiles/opencv_objdetect.dir/src/hog.cpp.o -MF modules/objdetect/CMakeFiles/opencv_objdetect.dir/src/hog.cpp.o.d -o modules/objdetect/CMakeFiles/opencv_objdetect.dir/src/hog.cpp.o -c /home/uilian/.conan2/p/b/openc0f1bf19f37050/b/src/modules/objdetect/src/hog.cpp
[405/411] /usr/bin/g++-13 -DCVAPI_EXPORTS -D_USE_MATH_DEFINES -D__OPENCV_BUILD=1 -D__STDC_CONSTANT_MACROS -D__STDC_FORMAT_MACROS -D__STDC_LIMIT_MACROS -DCV_CPU_COMPILE_AVX=1 -DCV_CPU_COMPILE_POPCNT=1 -DCV_CPU_COMPILE_SSE4_1=1 -DCV_CPU_COMPILE_SSE4_2=1 -DCV_CPU_COMPILE_SSSE3=1 -DCV_CPU_DISPATCH_MODE=AVX -I/home/uilian/.conan2/p/b/openc0f1bf19f37050/b/src/modules/objdetect/include -I/home/uilian/.conan2/p/b/openc0f1bf19f37050/b/build/Release/modules/objdetect -I/home/uilian/.conan2/p/b/openc0f1bf19f37050/b/src/modules/core/include -I/home/uilian/.conan2/p/b/openc0f1bf19f37050/b/src/modules/flann/include -I/home/uilian/.conan2/p/b/openc0f1bf19f37050/b/src/modules/imgproc/include -I/home/uilian/.conan2/p/b/openc0f1bf19f37050/b/src/modules/features2d/include -I/home/uilian/.conan2/p/b/openc0f1bf19f37050/b/src/modules/calib3d/include -isystem /home/uilian/.conan2/p/b/openc0f1bf19f37050/b/build/Release -isystem /home/uilian/.conan2/p/eigen5481853932f72/p/include/eigen3 -m64   -fsigned-char -W -Wall -Wreturn-type -Wnon-virtual-dtor -Waddress -Wsequence-point -Wformat -Wformat-security -Wmissing-declarations -Wundef -Winit-self -Wpointer-arith -Wshadow -Wsign-promo -Wuninitialized -Wsuggest-override -Wno-delete-non-virtual-dtor -Wno-comment -Wimplicit-fallthrough=3 -Wno-strict-overflow -fdiagnostics-show-option -Wno-long-long -pthread -fomit-frame-pointer -ffunction-sections -fdata-sections  -msse -msse2 -msse3 -fvisibility=hidden -fvisibility-inlines-hidden -O3 -DNDEBUG  -DNDEBUG -std=gnu++11 -fPIC  -mssse3 -msse4.1 -mpopcnt -msse4.2 -mavx -MD -MT modules/objdetect/CMakeFiles/opencv_objdetect.dir/src/haar.avx.cpp.o -MF modules/objdetect/CMakeFiles/opencv_objdetect.dir/src/haar.avx.cpp.o.d -o modules/objdetect/CMakeFiles/opencv_objdetect.dir/src/haar.avx.cpp.o -c /home/uilian/.conan2/p/b/openc0f1bf19f37050/b/src/modules/objdetect/src/haar.avx.cpp
[406/411] /usr/bin/g++-13 -DCVAPI_EXPORTS -D_USE_MATH_DEFINES -D__OPENCV_BUILD=1 -D__STDC_CONSTANT_MACROS -D__STDC_FORMAT_MACROS -D__STDC_LIMIT_MACROS -I/home/uilian/.conan2/p/b/openc0f1bf19f37050/b/src/modules/stitching/include -I/home/uilian/.conan2/p/b/openc0f1bf19f37050/b/build/Release/modules/stitching -I/home/uilian/.conan2/p/b/openc0f1bf19f37050/b/src/modules/core/include -I/home/uilian/.conan2/p/b/openc0f1bf19f37050/b/src/modules/flann/include -I/home/uilian/.conan2/p/b/openc0f1bf19f37050/b/src/modules/imgproc/include -I/home/uilian/.conan2/p/b/openc0f1bf19f37050/b/src/modules/features2d/include -I/home/uilian/.conan2/p/b/openc0f1bf19f37050/b/src/modules/calib3d/include -isystem /home/uilian/.conan2/p/b/openc0f1bf19f37050/b/build/Release -isystem /home/uilian/.conan2/p/eigen5481853932f72/p/include/eigen3 -m64   -fsigned-char -W -Wall -Wreturn-type -Wnon-virtual-dtor -Waddress -Wsequence-point -Wformat -Wformat-security -Wmissing-declarations -Wundef -Winit-self -Wpointer-arith -Wshadow -Wsign-promo -Wuninitialized -Wsuggest-override -Wno-delete-non-virtual-dtor -Wno-comment -Wimplicit-fallthrough=3 -Wno-strict-overflow -fdiagnostics-show-option -Wno-long-long -pthread -fomit-frame-pointer -ffunction-sections -fdata-sections  -msse -msse2 -msse3 -fvisibility=hidden -fvisibility-inlines-hidden -O3 -DNDEBUG  -DNDEBUG -std=gnu++11 -fPIC -MD -MT modules/stitching/CMakeFiles/opencv_stitching.dir/src/warpers.cpp.o -MF modules/stitching/CMakeFiles/opencv_stitching.dir/src/warpers.cpp.o.d -o modules/stitching/CMakeFiles/opencv_stitching.dir/src/warpers.cpp.o -c /home/uilian/.conan2/p/b/openc0f1bf19f37050/b/src/modules/stitching/src/warpers.cpp
[407/411] : && /usr/bin/g++-13 -fPIC -m64   -fsigned-char -W -Wall -Wreturn-type -Wnon-virtual-dtor -Waddress -Wsequence-point -Wformat -Wformat-security -Wmissing-declarations -Wundef -Winit-self -Wpointer-arith -Wshadow -Wsign-promo -Wuninitialized -Wsuggest-override -Wno-delete-non-virtual-dtor -Wno-comment -Wimplicit-fallthrough=3 -Wno-strict-overflow -fdiagnostics-show-option -Wno-long-long -pthread -fomit-frame-pointer -ffunction-sections -fdata-sections  -msse -msse2 -msse3 -fvisibility=hidden -fvisibility-inlines-hidden -O3 -DNDEBUG  -DNDEBUG  -m64  -Wl,--gc-sections -Wl,--as-needed -Wl,--no-undefined -shared -Wl,-soname,libopencv_stitching.so.3.4 -o lib/libopencv_stitching.so.3.4.20 modules/stitching/CMakeFiles/opencv_stitching.dir/src/autocalib.cpp.o modules/stitching/CMakeFiles/opencv_stitching.dir/src/blenders.cpp.o modules/stitching/CMakeFiles/opencv_stitching.dir/src/camera.cpp.o modules/stitching/CMakeFiles/opencv_stitching.dir/src/exposure_compensate.cpp.o modules/stitching/CMakeFiles/opencv_stitching.dir/src/matchers.cpp.o modules/stitching/CMakeFiles/opencv_stitching.dir/src/motion_estimators.cpp.o modules/stitching/CMakeFiles/opencv_stitching.dir/src/seam_finders.cpp.o modules/stitching/CMakeFiles/opencv_stitching.dir/src/stitcher.cpp.o modules/stitching/CMakeFiles/opencv_stitching.dir/src/timelapsers.cpp.o modules/stitching/CMakeFiles/opencv_stitching.dir/src/util.cpp.o modules/stitching/CMakeFiles/opencv_stitching.dir/src/warpers.cpp.o modules/stitching/CMakeFiles/opencv_stitching.dir/src/warpers_cuda.cpp.o modules/stitching/CMakeFiles/opencv_stitching.dir/opencl_kernels_stitching.cpp.o  -Wl,-rpath,/home/uilian/.conan2/p/b/openc0f1bf19f37050/b/build/Release/lib:  lib/libopencv_calib3d.so.3.4.20  -ldl  -lm  -lpthread  -lrt  lib/libopencv_features2d.so.3.4.20  lib/libopencv_flann.so.3.4.20  lib/libopencv_imgproc.so.3.4.20  lib/libopencv_core.so.3.4.20  -lm && :
[408/411] /opt/pyenv/versions/3.12.4/lib/python3.12/site-packages/cmake/data/bin/cmake -E cmake_symlink_library lib/libopencv_stitching.so.3.4.20  lib/libopencv_stitching.so.3.4 lib/libopencv_stitching.so && :
[409/411] /usr/bin/g++-13 -DCVAPI_EXPORTS -D_USE_MATH_DEFINES -D__OPENCV_BUILD=1 -D__STDC_CONSTANT_MACROS -D__STDC_FORMAT_MACROS -D__STDC_LIMIT_MACROS -I/home/uilian/.conan2/p/b/openc0f1bf19f37050/b/src/modules/objdetect/include -I/home/uilian/.conan2/p/b/openc0f1bf19f37050/b/build/Release/modules/objdetect -I/home/uilian/.conan2/p/b/openc0f1bf19f37050/b/src/modules/core/include -I/home/uilian/.conan2/p/b/openc0f1bf19f37050/b/src/modules/flann/include -I/home/uilian/.conan2/p/b/openc0f1bf19f37050/b/src/modules/imgproc/include -I/home/uilian/.conan2/p/b/openc0f1bf19f37050/b/src/modules/features2d/include -I/home/uilian/.conan2/p/b/openc0f1bf19f37050/b/src/modules/calib3d/include -isystem /home/uilian/.conan2/p/b/openc0f1bf19f37050/b/build/Release -isystem /home/uilian/.conan2/p/eigen5481853932f72/p/include/eigen3 -m64   -fsigned-char -W -Wall -Wreturn-type -Wnon-virtual-dtor -Waddress -Wsequence-point -Wformat -Wformat-security -Wmissing-declarations -Wundef -Winit-self -Wpointer-arith -Wshadow -Wsign-promo -Wuninitialized -Wsuggest-override -Wno-delete-non-virtual-dtor -Wno-comment -Wimplicit-fallthrough=3 -Wno-strict-overflow -fdiagnostics-show-option -Wno-long-long -pthread -fomit-frame-pointer -ffunction-sections -fdata-sections  -msse -msse2 -msse3 -fvisibility=hidden -fvisibility-inlines-hidden -O3 -DNDEBUG  -DNDEBUG -std=gnu++11 -fPIC -MD -MT modules/objdetect/CMakeFiles/opencv_objdetect.dir/src/qrcode.cpp.o -MF modules/objdetect/CMakeFiles/opencv_objdetect.dir/src/qrcode.cpp.o.d -o modules/objdetect/CMakeFiles/opencv_objdetect.dir/src/qrcode.cpp.o -c /home/uilian/.conan2/p/b/openc0f1bf19f37050/b/src/modules/objdetect/src/qrcode.cpp
In file included from /usr/include/c++/13/bits/stl_algobase.h:64,
                 from /usr/include/c++/13/array:43,
                 from /home/uilian/.conan2/p/b/openc0f1bf19f37050/b/src/modules/core/include/opencv2/core/cvdef.h:680,
                 from /home/uilian/.conan2/p/b/openc0f1bf19f37050/b/src/modules/core/include/opencv2/core.hpp:52,
                 from /home/uilian/.conan2/p/b/openc0f1bf19f37050/b/src/modules/objdetect/include/opencv2/objdetect.hpp:47,
                 from /home/uilian/.conan2/p/b/openc0f1bf19f37050/b/src/modules/objdetect/src/precomp.hpp:46,
                 from /home/uilian/.conan2/p/b/openc0f1bf19f37050/b/src/modules/objdetect/src/qrcode.cpp:8:
In constructor ‘constexpr std::pair<_T1, _T2>::pair(_U1&&, _U2&&) [with _U1 = long unsigned int&; _U2 = cv::Point_<int>&; typename std::enable_if<(std::_PCC<true, _T1, _T2>::_MoveConstructiblePair<_U1, _U2>() && std::_PCC<true, _T1, _T2>::_ImplicitlyMoveConvertiblePair<_U1, _U2>()), bool>::type <anonymous> = true; _T1 = long unsigned int; _T2 = cv::Point_<int>]’,
    inlined from ‘bool cv::QRDecode::computeClosestPoints(const std::vector<cv::Point_<int> >&)’ at /home/uilian/.conan2/p/b/openc0f1bf19f37050/b/src/modules/objdetect/src/qrcode.cpp:1181:39:
/usr/include/c++/13/bits/stl_pair.h:688:11: warning: ‘idx_min’ may be used uninitialized [-Wmaybe-uninitialized]
  688 |         : first(std::forward<_U1>(__x)), second(std::forward<_U2>(__y))
      |           ^~~~~~~~~~~~~~~~~~~~~~~~~~~~~
/home/uilian/.conan2/p/b/openc0f1bf19f37050/b/src/modules/objdetect/src/qrcode.cpp: In member function ‘bool cv::QRDecode::computeClosestPoints(const std::vector<cv::Point_<int> >&)’:
/home/uilian/.conan2/p/b/openc0f1bf19f37050/b/src/modules/objdetect/src/qrcode.cpp:1159:12: note: ‘idx_min’ was declared here
 1159 |     size_t idx_min;
      |            ^~~~~~~
[410/411] : && /usr/bin/g++-13 -fPIC -m64   -fsigned-char -W -Wall -Wreturn-type -Wnon-virtual-dtor -Waddress -Wsequence-point -Wformat -Wformat-security -Wmissing-declarations -Wundef -Winit-self -Wpointer-arith -Wshadow -Wsign-promo -Wuninitialized -Wsuggest-override -Wno-delete-non-virtual-dtor -Wno-comment -Wimplicit-fallthrough=3 -Wno-strict-overflow -fdiagnostics-show-option -Wno-long-long -pthread -fomit-frame-pointer -ffunction-sections -fdata-sections  -msse -msse2 -msse3 -fvisibility=hidden -fvisibility-inlines-hidden -O3 -DNDEBUG  -DNDEBUG  -m64  -Wl,--gc-sections -Wl,--as-needed -Wl,--no-undefined -shared -Wl,-soname,libopencv_objdetect.so.3.4 -o lib/libopencv_objdetect.so.3.4.20 modules/objdetect/CMakeFiles/opencv_objdetect.dir/src/cascadedetect.cpp.o modules/objdetect/CMakeFiles/opencv_objdetect.dir/src/cascadedetect_convert.cpp.o modules/objdetect/CMakeFiles/opencv_objdetect.dir/src/detection_based_tracker.cpp.o modules/objdetect/CMakeFiles/opencv_objdetect.dir/src/haar.cpp.o modules/objdetect/CMakeFiles/opencv_objdetect.dir/src/hog.cpp.o modules/objdetect/CMakeFiles/opencv_objdetect.dir/src/main.cpp.o modules/objdetect/CMakeFiles/opencv_objdetect.dir/src/qrcode.cpp.o modules/objdetect/CMakeFiles/opencv_objdetect.dir/src/qrcode_encoder.cpp.o modules/objdetect/CMakeFiles/opencv_objdetect.dir/opencl_kernels_objdetect.cpp.o modules/objdetect/CMakeFiles/opencv_objdetect.dir/src/haar.avx.cpp.o  -Wl,-rpath,/home/uilian/.conan2/p/b/openc0f1bf19f37050/b/build/Release/lib:  lib/libopencv_calib3d.so.3.4.20  -ldl  -lm  -lpthread  -lrt  lib/libopencv_features2d.so.3.4.20  lib/libopencv_flann.so.3.4.20  lib/libopencv_imgproc.so.3.4.20  lib/libopencv_core.so.3.4.20  -lm && :
[411/411] /opt/pyenv/versions/3.12.4/lib/python3.12/site-packages/cmake/data/bin/cmake -E cmake_symlink_library lib/libopencv_objdetect.so.3.4.20  lib/libopencv_objdetect.so.3.4 lib/libopencv_objdetect.so && :


opencv/3.4.20: Package '758a56ab13b9f4c1495e444563053dbb4160bfbe' built
opencv/3.4.20: Build folder /home/uilian/.conan2/p/b/openc0f1bf19f37050/b/build/Release
opencv/3.4.20: Generating the package
opencv/3.4.20: Packaging in folder /home/uilian/.conan2/p/b/openc0f1bf19f37050/p
opencv/3.4.20: Calling package()
opencv/3.4.20: Running CMake.install()
opencv/3.4.20: RUN: cmake --install "/home/uilian/.conan2/p/b/openc0f1bf19f37050/b/build/Release" --prefix "/home/uilian/.conan2/p/b/openc0f1bf19f37050/p" --verbose
-- Install configuration: "Release"
-- Installing: /home/uilian/.conan2/p/b/openc0f1bf19f37050/p/include/opencv2/cvconfig.h
-- Installing: /home/uilian/.conan2/p/b/openc0f1bf19f37050/p/include/opencv2/opencv_modules.hpp
-- Installing: /home/uilian/.conan2/p/b/openc0f1bf19f37050/p/lib/pkgconfig/opencv.pc
-- Installing: /home/uilian/.conan2/p/b/openc0f1bf19f37050/p/cmake/OpenCVModules.cmake
-- Installing: /home/uilian/.conan2/p/b/openc0f1bf19f37050/p/cmake/OpenCVModules-release.cmake
-- Installing: /home/uilian/.conan2/p/b/openc0f1bf19f37050/p/cmake/OpenCVConfig-version.cmake
-- Installing: /home/uilian/.conan2/p/b/openc0f1bf19f37050/p/cmake/OpenCVConfig.cmake
-- Installing: /home/uilian/.conan2/p/b/openc0f1bf19f37050/p/bin/setup_vars_opencv3.sh
-- Installing: /home/uilian/.conan2/p/b/openc0f1bf19f37050/p/res/valgrind.supp
-- Installing: /home/uilian/.conan2/p/b/openc0f1bf19f37050/p/res/valgrind_3rdparty.supp
-- Installing: /home/uilian/.conan2/p/b/openc0f1bf19f37050/p/include/opencv/cv.h
-- Installing: /home/uilian/.conan2/p/b/openc0f1bf19f37050/p/include/opencv/cv.hpp
-- Installing: /home/uilian/.conan2/p/b/openc0f1bf19f37050/p/include/opencv/cvaux.h
-- Installing: /home/uilian/.conan2/p/b/openc0f1bf19f37050/p/include/opencv/cvaux.hpp
-- Installing: /home/uilian/.conan2/p/b/openc0f1bf19f37050/p/include/opencv/cvwimage.h
-- Installing: /home/uilian/.conan2/p/b/openc0f1bf19f37050/p/include/opencv/cxcore.h
-- Installing: /home/uilian/.conan2/p/b/openc0f1bf19f37050/p/include/opencv/cxcore.hpp
-- Installing: /home/uilian/.conan2/p/b/openc0f1bf19f37050/p/include/opencv/cxeigen.hpp
-- Installing: /home/uilian/.conan2/p/b/openc0f1bf19f37050/p/include/opencv/cxmisc.h
-- Installing: /home/uilian/.conan2/p/b/openc0f1bf19f37050/p/include/opencv/highgui.h
-- Installing: /home/uilian/.conan2/p/b/openc0f1bf19f37050/p/include/opencv/ml.h
-- Installing: /home/uilian/.conan2/p/b/openc0f1bf19f37050/p/include/opencv2/opencv.hpp
-- Installing: /home/uilian/.conan2/p/b/openc0f1bf19f37050/p/lib/libopencv_core.so.3.4.20
-- Installing: /home/uilian/.conan2/p/b/openc0f1bf19f37050/p/lib/libopencv_core.so.3.4
-- Set non-toolchain portion of runtime path of "/home/uilian/.conan2/p/b/openc0f1bf19f37050/p/lib/libopencv_core.so.3.4.20" to ""
-- Installing: /home/uilian/.conan2/p/b/openc0f1bf19f37050/p/lib/libopencv_core.so
-- Installing: /home/uilian/.conan2/p/b/openc0f1bf19f37050/p/include/opencv2/core.hpp
-- Installing: /home/uilian/.conan2/p/b/openc0f1bf19f37050/p/include/opencv2/core/affine.hpp
-- Installing: /home/uilian/.conan2/p/b/openc0f1bf19f37050/p/include/opencv2/core/async.hpp
-- Installing: /home/uilian/.conan2/p/b/openc0f1bf19f37050/p/include/opencv2/core/base.hpp
-- Installing: /home/uilian/.conan2/p/b/openc0f1bf19f37050/p/include/opencv2/core/bindings_utils.hpp
-- Installing: /home/uilian/.conan2/p/b/openc0f1bf19f37050/p/include/opencv2/core/bufferpool.hpp
-- Installing: /home/uilian/.conan2/p/b/openc0f1bf19f37050/p/include/opencv2/core/check.hpp
-- Installing: /home/uilian/.conan2/p/b/openc0f1bf19f37050/p/include/opencv2/core/core.hpp
-- Installing: /home/uilian/.conan2/p/b/openc0f1bf19f37050/p/include/opencv2/core/core_c.h
-- Installing: /home/uilian/.conan2/p/b/openc0f1bf19f37050/p/include/opencv2/core/cuda.hpp
-- Installing: /home/uilian/.conan2/p/b/openc0f1bf19f37050/p/include/opencv2/core/cuda.inl.hpp
-- Installing: /home/uilian/.conan2/p/b/openc0f1bf19f37050/p/include/opencv2/core/cuda/block.hpp
-- Installing: /home/uilian/.conan2/p/b/openc0f1bf19f37050/p/include/opencv2/core/cuda/border_interpolate.hpp
-- Installing: /home/uilian/.conan2/p/b/openc0f1bf19f37050/p/include/opencv2/core/cuda/color.hpp
-- Installing: /home/uilian/.conan2/p/b/openc0f1bf19f37050/p/include/opencv2/core/cuda/common.hpp
-- Installing: /home/uilian/.conan2/p/b/openc0f1bf19f37050/p/include/opencv2/core/cuda/datamov_utils.hpp
-- Installing: /home/uilian/.conan2/p/b/openc0f1bf19f37050/p/include/opencv2/core/cuda/detail/color_detail.hpp
-- Installing: /home/uilian/.conan2/p/b/openc0f1bf19f37050/p/include/opencv2/core/cuda/detail/reduce.hpp
-- Installing: /home/uilian/.conan2/p/b/openc0f1bf19f37050/p/include/opencv2/core/cuda/detail/reduce_key_val.hpp
-- Installing: /home/uilian/.conan2/p/b/openc0f1bf19f37050/p/include/opencv2/core/cuda/detail/transform_detail.hpp
-- Installing: /home/uilian/.conan2/p/b/openc0f1bf19f37050/p/include/opencv2/core/cuda/detail/type_traits_detail.hpp
-- Installing: /home/uilian/.conan2/p/b/openc0f1bf19f37050/p/include/opencv2/core/cuda/detail/vec_distance_detail.hpp
-- Installing: /home/uilian/.conan2/p/b/openc0f1bf19f37050/p/include/opencv2/core/cuda/dynamic_smem.hpp
-- Installing: /home/uilian/.conan2/p/b/openc0f1bf19f37050/p/include/opencv2/core/cuda/emulation.hpp
-- Installing: /home/uilian/.conan2/p/b/openc0f1bf19f37050/p/include/opencv2/core/cuda/filters.hpp
-- Installing: /home/uilian/.conan2/p/b/openc0f1bf19f37050/p/include/opencv2/core/cuda/funcattrib.hpp
-- Installing: /home/uilian/.conan2/p/b/openc0f1bf19f37050/p/include/opencv2/core/cuda/functional.hpp
-- Installing: /home/uilian/.conan2/p/b/openc0f1bf19f37050/p/include/opencv2/core/cuda/limits.hpp
-- Installing: /home/uilian/.conan2/p/b/openc0f1bf19f37050/p/include/opencv2/core/cuda/reduce.hpp
-- Installing: /home/uilian/.conan2/p/b/openc0f1bf19f37050/p/include/opencv2/core/cuda/saturate_cast.hpp
-- Installing: /home/uilian/.conan2/p/b/openc0f1bf19f37050/p/include/opencv2/core/cuda/scan.hpp
-- Installing: /home/uilian/.conan2/p/b/openc0f1bf19f37050/p/include/opencv2/core/cuda/simd_functions.hpp
-- Installing: /home/uilian/.conan2/p/b/openc0f1bf19f37050/p/include/opencv2/core/cuda/transform.hpp
-- Installing: /home/uilian/.conan2/p/b/openc0f1bf19f37050/p/include/opencv2/core/cuda/type_traits.hpp
-- Installing: /home/uilian/.conan2/p/b/openc0f1bf19f37050/p/include/opencv2/core/cuda/utility.hpp
-- Installing: /home/uilian/.conan2/p/b/openc0f1bf19f37050/p/include/opencv2/core/cuda/vec_distance.hpp
-- Installing: /home/uilian/.conan2/p/b/openc0f1bf19f37050/p/include/opencv2/core/cuda/vec_math.hpp
-- Installing: /home/uilian/.conan2/p/b/openc0f1bf19f37050/p/include/opencv2/core/cuda/vec_traits.hpp
-- Installing: /home/uilian/.conan2/p/b/openc0f1bf19f37050/p/include/opencv2/core/cuda/warp.hpp
-- Installing: /home/uilian/.conan2/p/b/openc0f1bf19f37050/p/include/opencv2/core/cuda/warp_reduce.hpp
-- Installing: /home/uilian/.conan2/p/b/openc0f1bf19f37050/p/include/opencv2/core/cuda/warp_shuffle.hpp
-- Installing: /home/uilian/.conan2/p/b/openc0f1bf19f37050/p/include/opencv2/core/cuda_stream_accessor.hpp
-- Installing: /home/uilian/.conan2/p/b/openc0f1bf19f37050/p/include/opencv2/core/cuda_types.hpp
-- Installing: /home/uilian/.conan2/p/b/openc0f1bf19f37050/p/include/opencv2/core/cv_cpu_dispatch.h
-- Installing: /home/uilian/.conan2/p/b/openc0f1bf19f37050/p/include/opencv2/core/cv_cpu_helper.h
-- Installing: /home/uilian/.conan2/p/b/openc0f1bf19f37050/p/include/opencv2/core/cvdef.h
-- Installing: /home/uilian/.conan2/p/b/openc0f1bf19f37050/p/include/opencv2/core/cvstd.hpp
-- Installing: /home/uilian/.conan2/p/b/openc0f1bf19f37050/p/include/opencv2/core/cvstd.inl.hpp
-- Installing: /home/uilian/.conan2/p/b/openc0f1bf19f37050/p/include/opencv2/core/detail/async_promise.hpp
-- Installing: /home/uilian/.conan2/p/b/openc0f1bf19f37050/p/include/opencv2/core/detail/exception_ptr.hpp
-- Installing: /home/uilian/.conan2/p/b/openc0f1bf19f37050/p/include/opencv2/core/directx.hpp
-- Installing: /home/uilian/.conan2/p/b/openc0f1bf19f37050/p/include/opencv2/core/eigen.hpp
-- Installing: /home/uilian/.conan2/p/b/openc0f1bf19f37050/p/include/opencv2/core/fast_math.hpp
-- Installing: /home/uilian/.conan2/p/b/openc0f1bf19f37050/p/include/opencv2/core/hal/hal.hpp
-- Installing: /home/uilian/.conan2/p/b/openc0f1bf19f37050/p/include/opencv2/core/hal/interface.h
-- Installing: /home/uilian/.conan2/p/b/openc0f1bf19f37050/p/include/opencv2/core/hal/intrin.hpp
-- Installing: /home/uilian/.conan2/p/b/openc0f1bf19f37050/p/include/opencv2/core/hal/intrin_avx.hpp
-- Installing: /home/uilian/.conan2/p/b/openc0f1bf19f37050/p/include/opencv2/core/hal/intrin_avx512.hpp
-- Installing: /home/uilian/.conan2/p/b/openc0f1bf19f37050/p/include/opencv2/core/hal/intrin_cpp.hpp
-- Installing: /home/uilian/.conan2/p/b/openc0f1bf19f37050/p/include/opencv2/core/hal/intrin_forward.hpp
-- Installing: /home/uilian/.conan2/p/b/openc0f1bf19f37050/p/include/opencv2/core/hal/intrin_msa.hpp
-- Installing: /home/uilian/.conan2/p/b/openc0f1bf19f37050/p/include/opencv2/core/hal/intrin_neon.hpp
-- Installing: /home/uilian/.conan2/p/b/openc0f1bf19f37050/p/include/opencv2/core/hal/intrin_sse.hpp
-- Installing: /home/uilian/.conan2/p/b/openc0f1bf19f37050/p/include/opencv2/core/hal/intrin_sse_em.hpp
-- Installing: /home/uilian/.conan2/p/b/openc0f1bf19f37050/p/include/opencv2/core/hal/intrin_vsx.hpp
-- Installing: /home/uilian/.conan2/p/b/openc0f1bf19f37050/p/include/opencv2/core/hal/intrin_wasm.hpp
-- Installing: /home/uilian/.conan2/p/b/openc0f1bf19f37050/p/include/opencv2/core/hal/msa_macros.h
-- Installing: /home/uilian/.conan2/p/b/openc0f1bf19f37050/p/include/opencv2/core/hal/simd_utils.impl.hpp
-- Installing: /home/uilian/.conan2/p/b/openc0f1bf19f37050/p/include/opencv2/core/ippasync.hpp
-- Installing: /home/uilian/.conan2/p/b/openc0f1bf19f37050/p/include/opencv2/core/mat.hpp
-- Installing: /home/uilian/.conan2/p/b/openc0f1bf19f37050/p/include/opencv2/core/mat.inl.hpp
-- Installing: /home/uilian/.conan2/p/b/openc0f1bf19f37050/p/include/opencv2/core/matx.hpp
-- Installing: /home/uilian/.conan2/p/b/openc0f1bf19f37050/p/include/opencv2/core/neon_utils.hpp
-- Installing: /home/uilian/.conan2/p/b/openc0f1bf19f37050/p/include/opencv2/core/ocl.hpp
-- Installing: /home/uilian/.conan2/p/b/openc0f1bf19f37050/p/include/opencv2/core/ocl_genbase.hpp
-- Installing: /home/uilian/.conan2/p/b/openc0f1bf19f37050/p/include/opencv2/core/opencl/ocl_defs.hpp
-- Installing: /home/uilian/.conan2/p/b/openc0f1bf19f37050/p/include/opencv2/core/opencl/opencl_info.hpp
-- Installing: /home/uilian/.conan2/p/b/openc0f1bf19f37050/p/include/opencv2/core/opencl/opencl_svm.hpp
-- Installing: /home/uilian/.conan2/p/b/openc0f1bf19f37050/p/include/opencv2/core/opencl/runtime/autogenerated/opencl_clamdblas.hpp
-- Installing: /home/uilian/.conan2/p/b/openc0f1bf19f37050/p/include/opencv2/core/opencl/runtime/autogenerated/opencl_clamdfft.hpp
-- Installing: /home/uilian/.conan2/p/b/openc0f1bf19f37050/p/include/opencv2/core/opencl/runtime/autogenerated/opencl_core.hpp
-- Installing: /home/uilian/.conan2/p/b/openc0f1bf19f37050/p/include/opencv2/core/opencl/runtime/autogenerated/opencl_core_wrappers.hpp
-- Installing: /home/uilian/.conan2/p/b/openc0f1bf19f37050/p/include/opencv2/core/opencl/runtime/autogenerated/opencl_gl.hpp
-- Installing: /home/uilian/.conan2/p/b/openc0f1bf19f37050/p/include/opencv2/core/opencl/runtime/autogenerated/opencl_gl_wrappers.hpp
-- Installing: /home/uilian/.conan2/p/b/openc0f1bf19f37050/p/include/opencv2/core/opencl/runtime/opencl_clamdblas.hpp
-- Installing: /home/uilian/.conan2/p/b/openc0f1bf19f37050/p/include/opencv2/core/opencl/runtime/opencl_clamdfft.hpp
-- Installing: /home/uilian/.conan2/p/b/openc0f1bf19f37050/p/include/opencv2/core/opencl/runtime/opencl_core.hpp
-- Installing: /home/uilian/.conan2/p/b/openc0f1bf19f37050/p/include/opencv2/core/opencl/runtime/opencl_core_wrappers.hpp
-- Installing: /home/uilian/.conan2/p/b/openc0f1bf19f37050/p/include/opencv2/core/opencl/runtime/opencl_gl.hpp
-- Installing: /home/uilian/.conan2/p/b/openc0f1bf19f37050/p/include/opencv2/core/opencl/runtime/opencl_gl_wrappers.hpp
-- Installing: /home/uilian/.conan2/p/b/openc0f1bf19f37050/p/include/opencv2/core/opencl/runtime/opencl_svm_20.hpp
-- Installing: /home/uilian/.conan2/p/b/openc0f1bf19f37050/p/include/opencv2/core/opencl/runtime/opencl_svm_definitions.hpp
-- Installing: /home/uilian/.conan2/p/b/openc0f1bf19f37050/p/include/opencv2/core/opencl/runtime/opencl_svm_hsa_extension.hpp
-- Installing: /home/uilian/.conan2/p/b/openc0f1bf19f37050/p/include/opencv2/core/opengl.hpp
-- Installing: /home/uilian/.conan2/p/b/openc0f1bf19f37050/p/include/opencv2/core/operations.hpp
-- Installing: /home/uilian/.conan2/p/b/openc0f1bf19f37050/p/include/opencv2/core/optim.hpp
-- Installing: /home/uilian/.conan2/p/b/openc0f1bf19f37050/p/include/opencv2/core/ovx.hpp
-- Installing: /home/uilian/.conan2/p/b/openc0f1bf19f37050/p/include/opencv2/core/persistence.hpp
-- Installing: /home/uilian/.conan2/p/b/openc0f1bf19f37050/p/include/opencv2/core/ptr.inl.hpp
-- Installing: /home/uilian/.conan2/p/b/openc0f1bf19f37050/p/include/opencv2/core/saturate.hpp
-- Installing: /home/uilian/.conan2/p/b/openc0f1bf19f37050/p/include/opencv2/core/simd_intrinsics.hpp
-- Installing: /home/uilian/.conan2/p/b/openc0f1bf19f37050/p/include/opencv2/core/softfloat.hpp
-- Installing: /home/uilian/.conan2/p/b/openc0f1bf19f37050/p/include/opencv2/core/sse_utils.hpp
-- Installing: /home/uilian/.conan2/p/b/openc0f1bf19f37050/p/include/opencv2/core/traits.hpp
-- Installing: /home/uilian/.conan2/p/b/openc0f1bf19f37050/p/include/opencv2/core/types.hpp
-- Installing: /home/uilian/.conan2/p/b/openc0f1bf19f37050/p/include/opencv2/core/types_c.h
-- Installing: /home/uilian/.conan2/p/b/openc0f1bf19f37050/p/include/opencv2/core/utility.hpp
-- Installing: /home/uilian/.conan2/p/b/openc0f1bf19f37050/p/include/opencv2/core/utils/allocator_stats.hpp
-- Installing: /home/uilian/.conan2/p/b/openc0f1bf19f37050/p/include/opencv2/core/utils/allocator_stats.impl.hpp
-- Installing: /home/uilian/.conan2/p/b/openc0f1bf19f37050/p/include/opencv2/core/utils/filesystem.hpp
-- Installing: /home/uilian/.conan2/p/b/openc0f1bf19f37050/p/include/opencv2/core/utils/fp_control_utils.hpp
-- Installing: /home/uilian/.conan2/p/b/openc0f1bf19f37050/p/include/opencv2/core/utils/instrumentation.hpp
-- Installing: /home/uilian/.conan2/p/b/openc0f1bf19f37050/p/include/opencv2/core/utils/logger.defines.hpp
-- Installing: /home/uilian/.conan2/p/b/openc0f1bf19f37050/p/include/opencv2/core/utils/logger.hpp
-- Installing: /home/uilian/.conan2/p/b/openc0f1bf19f37050/p/include/opencv2/core/utils/tls.hpp
-- Installing: /home/uilian/.conan2/p/b/openc0f1bf19f37050/p/include/opencv2/core/utils/trace.hpp
-- Installing: /home/uilian/.conan2/p/b/openc0f1bf19f37050/p/include/opencv2/core/va_intel.hpp
-- Installing: /home/uilian/.conan2/p/b/openc0f1bf19f37050/p/include/opencv2/core/version.hpp
-- Installing: /home/uilian/.conan2/p/b/openc0f1bf19f37050/p/include/opencv2/core/vsx_utils.hpp
-- Installing: /home/uilian/.conan2/p/b/openc0f1bf19f37050/p/include/opencv2/core/wimage.hpp
-- Installing: /home/uilian/.conan2/p/b/openc0f1bf19f37050/p/licenses/SoftFloat-COPYING.txt
-- Installing: /home/uilian/.conan2/p/b/openc0f1bf19f37050/p/lib/libopencv_flann.so.3.4.20
-- Installing: /home/uilian/.conan2/p/b/openc0f1bf19f37050/p/lib/libopencv_flann.so.3.4
-- Set non-toolchain portion of runtime path of "/home/uilian/.conan2/p/b/openc0f1bf19f37050/p/lib/libopencv_flann.so.3.4.20" to ""
-- Installing: /home/uilian/.conan2/p/b/openc0f1bf19f37050/p/lib/libopencv_flann.so
-- Installing: /home/uilian/.conan2/p/b/openc0f1bf19f37050/p/include/opencv2/flann.hpp
-- Installing: /home/uilian/.conan2/p/b/openc0f1bf19f37050/p/include/opencv2/flann/all_indices.h
-- Installing: /home/uilian/.conan2/p/b/openc0f1bf19f37050/p/include/opencv2/flann/allocator.h
-- Installing: /home/uilian/.conan2/p/b/openc0f1bf19f37050/p/include/opencv2/flann/any.h
-- Installing: /home/uilian/.conan2/p/b/openc0f1bf19f37050/p/include/opencv2/flann/autotuned_index.h
-- Installing: /home/uilian/.conan2/p/b/openc0f1bf19f37050/p/include/opencv2/flann/composite_index.h
-- Installing: /home/uilian/.conan2/p/b/openc0f1bf19f37050/p/include/opencv2/flann/config.h
-- Installing: /home/uilian/.conan2/p/b/openc0f1bf19f37050/p/include/opencv2/flann/defines.h
-- Installing: /home/uilian/.conan2/p/b/openc0f1bf19f37050/p/include/opencv2/flann/dist.h
-- Installing: /home/uilian/.conan2/p/b/openc0f1bf19f37050/p/include/opencv2/flann/dummy.h
-- Installing: /home/uilian/.conan2/p/b/openc0f1bf19f37050/p/include/opencv2/flann/dynamic_bitset.h
-- Installing: /home/uilian/.conan2/p/b/openc0f1bf19f37050/p/include/opencv2/flann/flann.hpp
-- Installing: /home/uilian/.conan2/p/b/openc0f1bf19f37050/p/include/opencv2/flann/flann_base.hpp
-- Installing: /home/uilian/.conan2/p/b/openc0f1bf19f37050/p/include/opencv2/flann/general.h
-- Installing: /home/uilian/.conan2/p/b/openc0f1bf19f37050/p/include/opencv2/flann/ground_truth.h
-- Installing: /home/uilian/.conan2/p/b/openc0f1bf19f37050/p/include/opencv2/flann/hdf5.h
-- Installing: /home/uilian/.conan2/p/b/openc0f1bf19f37050/p/include/opencv2/flann/heap.h
-- Installing: /home/uilian/.conan2/p/b/openc0f1bf19f37050/p/include/opencv2/flann/hierarchical_clustering_index.h
-- Installing: /home/uilian/.conan2/p/b/openc0f1bf19f37050/p/include/opencv2/flann/index_testing.h
-- Installing: /home/uilian/.conan2/p/b/openc0f1bf19f37050/p/include/opencv2/flann/kdtree_index.h
-- Installing: /home/uilian/.conan2/p/b/openc0f1bf19f37050/p/include/opencv2/flann/kdtree_single_index.h
-- Installing: /home/uilian/.conan2/p/b/openc0f1bf19f37050/p/include/opencv2/flann/kmeans_index.h
-- Installing: /home/uilian/.conan2/p/b/openc0f1bf19f37050/p/include/opencv2/flann/linear_index.h
-- Installing: /home/uilian/.conan2/p/b/openc0f1bf19f37050/p/include/opencv2/flann/logger.h
-- Installing: /home/uilian/.conan2/p/b/openc0f1bf19f37050/p/include/opencv2/flann/lsh_index.h
-- Installing: /home/uilian/.conan2/p/b/openc0f1bf19f37050/p/include/opencv2/flann/lsh_table.h
-- Installing: /home/uilian/.conan2/p/b/openc0f1bf19f37050/p/include/opencv2/flann/matrix.h
-- Installing: /home/uilian/.conan2/p/b/openc0f1bf19f37050/p/include/opencv2/flann/miniflann.hpp
-- Installing: /home/uilian/.conan2/p/b/openc0f1bf19f37050/p/include/opencv2/flann/nn_index.h
-- Installing: /home/uilian/.conan2/p/b/openc0f1bf19f37050/p/include/opencv2/flann/object_factory.h
-- Installing: /home/uilian/.conan2/p/b/openc0f1bf19f37050/p/include/opencv2/flann/params.h
-- Installing: /home/uilian/.conan2/p/b/openc0f1bf19f37050/p/include/opencv2/flann/random.h
-- Installing: /home/uilian/.conan2/p/b/openc0f1bf19f37050/p/include/opencv2/flann/result_set.h
-- Installing: /home/uilian/.conan2/p/b/openc0f1bf19f37050/p/include/opencv2/flann/sampling.h
-- Installing: /home/uilian/.conan2/p/b/openc0f1bf19f37050/p/include/opencv2/flann/saving.h
-- Installing: /home/uilian/.conan2/p/b/openc0f1bf19f37050/p/include/opencv2/flann/simplex_downhill.h
-- Installing: /home/uilian/.conan2/p/b/openc0f1bf19f37050/p/include/opencv2/flann/timer.h
-- Installing: /home/uilian/.conan2/p/b/openc0f1bf19f37050/p/lib/libopencv_imgproc.so.3.4.20
-- Installing: /home/uilian/.conan2/p/b/openc0f1bf19f37050/p/lib/libopencv_imgproc.so.3.4
-- Set non-toolchain portion of runtime path of "/home/uilian/.conan2/p/b/openc0f1bf19f37050/p/lib/libopencv_imgproc.so.3.4.20" to ""
-- Installing: /home/uilian/.conan2/p/b/openc0f1bf19f37050/p/lib/libopencv_imgproc.so
-- Installing: /home/uilian/.conan2/p/b/openc0f1bf19f37050/p/include/opencv2/imgproc.hpp
-- Installing: /home/uilian/.conan2/p/b/openc0f1bf19f37050/p/include/opencv2/imgproc/detail/distortion_model.hpp
-- Installing: /home/uilian/.conan2/p/b/openc0f1bf19f37050/p/include/opencv2/imgproc/hal/hal.hpp
-- Installing: /home/uilian/.conan2/p/b/openc0f1bf19f37050/p/include/opencv2/imgproc/hal/interface.h
-- Installing: /home/uilian/.conan2/p/b/openc0f1bf19f37050/p/include/opencv2/imgproc/imgproc.hpp
-- Installing: /home/uilian/.conan2/p/b/openc0f1bf19f37050/p/include/opencv2/imgproc/imgproc_c.h
-- Installing: /home/uilian/.conan2/p/b/openc0f1bf19f37050/p/include/opencv2/imgproc/types_c.h
-- Installing: /home/uilian/.conan2/p/b/openc0f1bf19f37050/p/lib/libopencv_ml.so.3.4.20
-- Installing: /home/uilian/.conan2/p/b/openc0f1bf19f37050/p/lib/libopencv_ml.so.3.4
-- Set non-toolchain portion of runtime path of "/home/uilian/.conan2/p/b/openc0f1bf19f37050/p/lib/libopencv_ml.so.3.4.20" to ""
-- Installing: /home/uilian/.conan2/p/b/openc0f1bf19f37050/p/lib/libopencv_ml.so
-- Installing: /home/uilian/.conan2/p/b/openc0f1bf19f37050/p/include/opencv2/ml.hpp
-- Installing: /home/uilian/.conan2/p/b/openc0f1bf19f37050/p/include/opencv2/ml/ml.hpp
-- Installing: /home/uilian/.conan2/p/b/openc0f1bf19f37050/p/include/opencv2/ml/ml.inl.hpp
-- Installing: /home/uilian/.conan2/p/b/openc0f1bf19f37050/p/lib/libopencv_photo.so.3.4.20
-- Installing: /home/uilian/.conan2/p/b/openc0f1bf19f37050/p/lib/libopencv_photo.so.3.4
-- Set non-toolchain portion of runtime path of "/home/uilian/.conan2/p/b/openc0f1bf19f37050/p/lib/libopencv_photo.so.3.4.20" to ""
-- Installing: /home/uilian/.conan2/p/b/openc0f1bf19f37050/p/lib/libopencv_photo.so
-- Installing: /home/uilian/.conan2/p/b/openc0f1bf19f37050/p/include/opencv2/photo.hpp
-- Installing: /home/uilian/.conan2/p/b/openc0f1bf19f37050/p/include/opencv2/photo/cuda.hpp
-- Installing: /home/uilian/.conan2/p/b/openc0f1bf19f37050/p/include/opencv2/photo/photo.hpp
-- Installing: /home/uilian/.conan2/p/b/openc0f1bf19f37050/p/include/opencv2/photo/photo_c.h
-- Installing: /home/uilian/.conan2/p/b/openc0f1bf19f37050/p/lib/libopencv_video.so.3.4.20
-- Installing: /home/uilian/.conan2/p/b/openc0f1bf19f37050/p/lib/libopencv_video.so.3.4
-- Set non-toolchain portion of runtime path of "/home/uilian/.conan2/p/b/openc0f1bf19f37050/p/lib/libopencv_video.so.3.4.20" to ""
-- Installing: /home/uilian/.conan2/p/b/openc0f1bf19f37050/p/lib/libopencv_video.so
-- Installing: /home/uilian/.conan2/p/b/openc0f1bf19f37050/p/include/opencv2/video.hpp
-- Installing: /home/uilian/.conan2/p/b/openc0f1bf19f37050/p/include/opencv2/video/background_segm.hpp
-- Installing: /home/uilian/.conan2/p/b/openc0f1bf19f37050/p/include/opencv2/video/tracking.hpp
-- Installing: /home/uilian/.conan2/p/b/openc0f1bf19f37050/p/include/opencv2/video/tracking_c.h
-- Installing: /home/uilian/.conan2/p/b/openc0f1bf19f37050/p/include/opencv2/video/video.hpp
-- Installing: /home/uilian/.conan2/p/b/openc0f1bf19f37050/p/lib/libopencv_features2d.so.3.4.20
-- Installing: /home/uilian/.conan2/p/b/openc0f1bf19f37050/p/lib/libopencv_features2d.so.3.4
-- Set non-toolchain portion of runtime path of "/home/uilian/.conan2/p/b/openc0f1bf19f37050/p/lib/libopencv_features2d.so.3.4.20" to ""
-- Installing: /home/uilian/.conan2/p/b/openc0f1bf19f37050/p/lib/libopencv_features2d.so
-- Installing: /home/uilian/.conan2/p/b/openc0f1bf19f37050/p/include/opencv2/features2d.hpp
-- Installing: /home/uilian/.conan2/p/b/openc0f1bf19f37050/p/include/opencv2/features2d/features2d.hpp
-- Installing: /home/uilian/.conan2/p/b/openc0f1bf19f37050/p/include/opencv2/features2d/hal/interface.h
-- Installing: /home/uilian/.conan2/p/b/openc0f1bf19f37050/p/lib/libopencv_imgcodecs.so.3.4.20
-- Installing: /home/uilian/.conan2/p/b/openc0f1bf19f37050/p/lib/libopencv_imgcodecs.so.3.4
-- Set non-toolchain portion of runtime path of "/home/uilian/.conan2/p/b/openc0f1bf19f37050/p/lib/libopencv_imgcodecs.so.3.4.20" to ""
-- Installing: /home/uilian/.conan2/p/b/openc0f1bf19f37050/p/lib/libopencv_imgcodecs.so
-- Installing: /home/uilian/.conan2/p/b/openc0f1bf19f37050/p/include/opencv2/imgcodecs.hpp
-- Installing: /home/uilian/.conan2/p/b/openc0f1bf19f37050/p/include/opencv2/imgcodecs/imgcodecs.hpp
-- Installing: /home/uilian/.conan2/p/b/openc0f1bf19f37050/p/include/opencv2/imgcodecs/imgcodecs_c.h
-- Installing: /home/uilian/.conan2/p/b/openc0f1bf19f37050/p/include/opencv2/imgcodecs/ios.h
-- Installing: /home/uilian/.conan2/p/b/openc0f1bf19f37050/p/lib/libopencv_shape.so.3.4.20
-- Installing: /home/uilian/.conan2/p/b/openc0f1bf19f37050/p/lib/libopencv_shape.so.3.4
-- Set non-toolchain portion of runtime path of "/home/uilian/.conan2/p/b/openc0f1bf19f37050/p/lib/libopencv_shape.so.3.4.20" to ""
-- Installing: /home/uilian/.conan2/p/b/openc0f1bf19f37050/p/lib/libopencv_shape.so
-- Installing: /home/uilian/.conan2/p/b/openc0f1bf19f37050/p/include/opencv2/shape.hpp
-- Installing: /home/uilian/.conan2/p/b/openc0f1bf19f37050/p/include/opencv2/shape/emdL1.hpp
-- Installing: /home/uilian/.conan2/p/b/openc0f1bf19f37050/p/include/opencv2/shape/hist_cost.hpp
-- Installing: /home/uilian/.conan2/p/b/openc0f1bf19f37050/p/include/opencv2/shape/shape.hpp
-- Installing: /home/uilian/.conan2/p/b/openc0f1bf19f37050/p/include/opencv2/shape/shape_distance.hpp
-- Installing: /home/uilian/.conan2/p/b/openc0f1bf19f37050/p/include/opencv2/shape/shape_transformer.hpp
-- Installing: /home/uilian/.conan2/p/b/openc0f1bf19f37050/p/lib/libopencv_videoio.so.3.4.20
-- Installing: /home/uilian/.conan2/p/b/openc0f1bf19f37050/p/lib/libopencv_videoio.so.3.4
-- Set non-toolchain portion of runtime path of "/home/uilian/.conan2/p/b/openc0f1bf19f37050/p/lib/libopencv_videoio.so.3.4.20" to ""
-- Installing: /home/uilian/.conan2/p/b/openc0f1bf19f37050/p/lib/libopencv_videoio.so
-- Installing: /home/uilian/.conan2/p/b/openc0f1bf19f37050/p/include/opencv2/videoio.hpp
-- Installing: /home/uilian/.conan2/p/b/openc0f1bf19f37050/p/include/opencv2/videoio/cap_ios.h
-- Installing: /home/uilian/.conan2/p/b/openc0f1bf19f37050/p/include/opencv2/videoio/registry.hpp
-- Installing: /home/uilian/.conan2/p/b/openc0f1bf19f37050/p/include/opencv2/videoio/videoio.hpp
-- Installing: /home/uilian/.conan2/p/b/openc0f1bf19f37050/p/include/opencv2/videoio/videoio_c.h
-- Installing: /home/uilian/.conan2/p/b/openc0f1bf19f37050/p/lib/libopencv_calib3d.so.3.4.20
-- Installing: /home/uilian/.conan2/p/b/openc0f1bf19f37050/p/lib/libopencv_calib3d.so.3.4
-- Set non-toolchain portion of runtime path of "/home/uilian/.conan2/p/b/openc0f1bf19f37050/p/lib/libopencv_calib3d.so.3.4.20" to ""
-- Installing: /home/uilian/.conan2/p/b/openc0f1bf19f37050/p/lib/libopencv_calib3d.so
-- Installing: /home/uilian/.conan2/p/b/openc0f1bf19f37050/p/include/opencv2/calib3d.hpp
-- Installing: /home/uilian/.conan2/p/b/openc0f1bf19f37050/p/include/opencv2/calib3d/calib3d.hpp
-- Installing: /home/uilian/.conan2/p/b/openc0f1bf19f37050/p/include/opencv2/calib3d/calib3d_c.h
-- Installing: /home/uilian/.conan2/p/b/openc0f1bf19f37050/p/lib/libopencv_highgui.so.3.4.20
-- Installing: /home/uilian/.conan2/p/b/openc0f1bf19f37050/p/lib/libopencv_highgui.so.3.4
-- Set non-toolchain portion of runtime path of "/home/uilian/.conan2/p/b/openc0f1bf19f37050/p/lib/libopencv_highgui.so.3.4.20" to ""
-- Installing: /home/uilian/.conan2/p/b/openc0f1bf19f37050/p/lib/libopencv_highgui.so
-- Installing: /home/uilian/.conan2/p/b/openc0f1bf19f37050/p/include/opencv2/highgui.hpp
-- Installing: /home/uilian/.conan2/p/b/openc0f1bf19f37050/p/include/opencv2/highgui/highgui.hpp
-- Installing: /home/uilian/.conan2/p/b/openc0f1bf19f37050/p/include/opencv2/highgui/highgui_c.h
-- Installing: /home/uilian/.conan2/p/b/openc0f1bf19f37050/p/lib/libopencv_objdetect.so.3.4.20
-- Installing: /home/uilian/.conan2/p/b/openc0f1bf19f37050/p/lib/libopencv_objdetect.so.3.4
-- Set non-toolchain portion of runtime path of "/home/uilian/.conan2/p/b/openc0f1bf19f37050/p/lib/libopencv_objdetect.so.3.4.20" to ""
-- Installing: /home/uilian/.conan2/p/b/openc0f1bf19f37050/p/lib/libopencv_objdetect.so
-- Installing: /home/uilian/.conan2/p/b/openc0f1bf19f37050/p/include/opencv2/objdetect.hpp
-- Installing: /home/uilian/.conan2/p/b/openc0f1bf19f37050/p/include/opencv2/objdetect/detection_based_tracker.hpp
-- Installing: /home/uilian/.conan2/p/b/openc0f1bf19f37050/p/include/opencv2/objdetect/objdetect.hpp
-- Installing: /home/uilian/.conan2/p/b/openc0f1bf19f37050/p/include/opencv2/objdetect/objdetect_c.h
-- Installing: /home/uilian/.conan2/p/b/openc0f1bf19f37050/p/lib/libopencv_stitching.so.3.4.20
-- Installing: /home/uilian/.conan2/p/b/openc0f1bf19f37050/p/lib/libopencv_stitching.so.3.4
-- Set non-toolchain portion of runtime path of "/home/uilian/.conan2/p/b/openc0f1bf19f37050/p/lib/libopencv_stitching.so.3.4.20" to ""
-- Installing: /home/uilian/.conan2/p/b/openc0f1bf19f37050/p/lib/libopencv_stitching.so
-- Installing: /home/uilian/.conan2/p/b/openc0f1bf19f37050/p/include/opencv2/stitching.hpp
-- Installing: /home/uilian/.conan2/p/b/openc0f1bf19f37050/p/include/opencv2/stitching/detail/autocalib.hpp
-- Installing: /home/uilian/.conan2/p/b/openc0f1bf19f37050/p/include/opencv2/stitching/detail/blenders.hpp
-- Installing: /home/uilian/.conan2/p/b/openc0f1bf19f37050/p/include/opencv2/stitching/detail/camera.hpp
-- Installing: /home/uilian/.conan2/p/b/openc0f1bf19f37050/p/include/opencv2/stitching/detail/exposure_compensate.hpp
-- Installing: /home/uilian/.conan2/p/b/openc0f1bf19f37050/p/include/opencv2/stitching/detail/matchers.hpp
-- Installing: /home/uilian/.conan2/p/b/openc0f1bf19f37050/p/include/opencv2/stitching/detail/motion_estimators.hpp
-- Installing: /home/uilian/.conan2/p/b/openc0f1bf19f37050/p/include/opencv2/stitching/detail/seam_finders.hpp
-- Installing: /home/uilian/.conan2/p/b/openc0f1bf19f37050/p/include/opencv2/stitching/detail/timelapsers.hpp
-- Installing: /home/uilian/.conan2/p/b/openc0f1bf19f37050/p/include/opencv2/stitching/detail/util.hpp
-- Installing: /home/uilian/.conan2/p/b/openc0f1bf19f37050/p/include/opencv2/stitching/detail/util_inl.hpp
-- Installing: /home/uilian/.conan2/p/b/openc0f1bf19f37050/p/include/opencv2/stitching/detail/warpers.hpp
-- Installing: /home/uilian/.conan2/p/b/openc0f1bf19f37050/p/include/opencv2/stitching/detail/warpers_inl.hpp
-- Installing: /home/uilian/.conan2/p/b/openc0f1bf19f37050/p/include/opencv2/stitching/warpers.hpp
-- Installing: /home/uilian/.conan2/p/b/openc0f1bf19f37050/p/lib/libopencv_superres.so.3.4.20
-- Installing: /home/uilian/.conan2/p/b/openc0f1bf19f37050/p/lib/libopencv_superres.so.3.4
-- Set non-toolchain portion of runtime path of "/home/uilian/.conan2/p/b/openc0f1bf19f37050/p/lib/libopencv_superres.so.3.4.20" to ""
-- Installing: /home/uilian/.conan2/p/b/openc0f1bf19f37050/p/lib/libopencv_superres.so
-- Installing: /home/uilian/.conan2/p/b/openc0f1bf19f37050/p/include/opencv2/superres.hpp
-- Installing: /home/uilian/.conan2/p/b/openc0f1bf19f37050/p/include/opencv2/superres/optical_flow.hpp
-- Installing: /home/uilian/.conan2/p/b/openc0f1bf19f37050/p/lib/libopencv_videostab.so.3.4.20
-- Installing: /home/uilian/.conan2/p/b/openc0f1bf19f37050/p/lib/libopencv_videostab.so.3.4
-- Set non-toolchain portion of runtime path of "/home/uilian/.conan2/p/b/openc0f1bf19f37050/p/lib/libopencv_videostab.so.3.4.20" to ""
-- Installing: /home/uilian/.conan2/p/b/openc0f1bf19f37050/p/lib/libopencv_videostab.so
-- Installing: /home/uilian/.conan2/p/b/openc0f1bf19f37050/p/include/opencv2/videostab.hpp
-- Installing: /home/uilian/.conan2/p/b/openc0f1bf19f37050/p/include/opencv2/videostab/deblurring.hpp
-- Installing: /home/uilian/.conan2/p/b/openc0f1bf19f37050/p/include/opencv2/videostab/fast_marching.hpp
-- Installing: /home/uilian/.conan2/p/b/openc0f1bf19f37050/p/include/opencv2/videostab/fast_marching_inl.hpp
-- Installing: /home/uilian/.conan2/p/b/openc0f1bf19f37050/p/include/opencv2/videostab/frame_source.hpp
-- Installing: /home/uilian/.conan2/p/b/openc0f1bf19f37050/p/include/opencv2/videostab/global_motion.hpp
-- Installing: /home/uilian/.conan2/p/b/openc0f1bf19f37050/p/include/opencv2/videostab/inpainting.hpp
-- Installing: /home/uilian/.conan2/p/b/openc0f1bf19f37050/p/include/opencv2/videostab/log.hpp
-- Installing: /home/uilian/.conan2/p/b/openc0f1bf19f37050/p/include/opencv2/videostab/motion_core.hpp
-- Installing: /home/uilian/.conan2/p/b/openc0f1bf19f37050/p/include/opencv2/videostab/motion_stabilizing.hpp
-- Installing: /home/uilian/.conan2/p/b/openc0f1bf19f37050/p/include/opencv2/videostab/optical_flow.hpp
-- Installing: /home/uilian/.conan2/p/b/openc0f1bf19f37050/p/include/opencv2/videostab/outlier_rejection.hpp
-- Installing: /home/uilian/.conan2/p/b/openc0f1bf19f37050/p/include/opencv2/videostab/ring_buffer.hpp
-- Installing: /home/uilian/.conan2/p/b/openc0f1bf19f37050/p/include/opencv2/videostab/stabilizer.hpp
-- Installing: /home/uilian/.conan2/p/b/openc0f1bf19f37050/p/include/opencv2/videostab/wobble_suppression.hpp
-- Installing: /home/uilian/.conan2/p/b/openc0f1bf19f37050/p/res/haarcascades/haarcascade_eye.xml
-- Installing: /home/uilian/.conan2/p/b/openc0f1bf19f37050/p/res/haarcascades/haarcascade_eye_tree_eyeglasses.xml
-- Installing: /home/uilian/.conan2/p/b/openc0f1bf19f37050/p/res/haarcascades/haarcascade_frontalcatface.xml
-- Installing: /home/uilian/.conan2/p/b/openc0f1bf19f37050/p/res/haarcascades/haarcascade_frontalcatface_extended.xml
-- Installing: /home/uilian/.conan2/p/b/openc0f1bf19f37050/p/res/haarcascades/haarcascade_frontalface_alt.xml
-- Installing: /home/uilian/.conan2/p/b/openc0f1bf19f37050/p/res/haarcascades/haarcascade_frontalface_alt2.xml
-- Installing: /home/uilian/.conan2/p/b/openc0f1bf19f37050/p/res/haarcascades/haarcascade_frontalface_alt_tree.xml
-- Installing: /home/uilian/.conan2/p/b/openc0f1bf19f37050/p/res/haarcascades/haarcascade_frontalface_default.xml
-- Installing: /home/uilian/.conan2/p/b/openc0f1bf19f37050/p/res/haarcascades/haarcascade_fullbody.xml
-- Installing: /home/uilian/.conan2/p/b/openc0f1bf19f37050/p/res/haarcascades/haarcascade_lefteye_2splits.xml
-- Installing: /home/uilian/.conan2/p/b/openc0f1bf19f37050/p/res/haarcascades/haarcascade_licence_plate_rus_16stages.xml
-- Installing: /home/uilian/.conan2/p/b/openc0f1bf19f37050/p/res/haarcascades/haarcascade_lowerbody.xml
-- Installing: /home/uilian/.conan2/p/b/openc0f1bf19f37050/p/res/haarcascades/haarcascade_profileface.xml
-- Installing: /home/uilian/.conan2/p/b/openc0f1bf19f37050/p/res/haarcascades/haarcascade_righteye_2splits.xml
-- Installing: /home/uilian/.conan2/p/b/openc0f1bf19f37050/p/res/haarcascades/haarcascade_russian_plate_number.xml
-- Installing: /home/uilian/.conan2/p/b/openc0f1bf19f37050/p/res/haarcascades/haarcascade_smile.xml
-- Installing: /home/uilian/.conan2/p/b/openc0f1bf19f37050/p/res/haarcascades/haarcascade_upperbody.xml
-- Installing: /home/uilian/.conan2/p/b/openc0f1bf19f37050/p/res/lbpcascades/lbpcascade_frontalcatface.xml
-- Installing: /home/uilian/.conan2/p/b/openc0f1bf19f37050/p/res/lbpcascades/lbpcascade_frontalface.xml
-- Installing: /home/uilian/.conan2/p/b/openc0f1bf19f37050/p/res/lbpcascades/lbpcascade_frontalface_improved.xml
-- Installing: /home/uilian/.conan2/p/b/openc0f1bf19f37050/p/res/lbpcascades/lbpcascade_profileface.xml
-- Installing: /home/uilian/.conan2/p/b/openc0f1bf19f37050/p/res/lbpcascades/lbpcascade_silverware.xml

opencv/3.4.20: package(): Packaged 1 file: LICENSE
opencv/3.4.20: package(): Packaged 1 '.txt' file: SoftFloat-COPYING.txt
opencv/3.4.20: package(): Packaged 16 '.so' files
opencv/3.4.20: package(): Packaged 16 '.4' files
opencv/3.4.20: package(): Packaged 16 '.20' files
opencv/3.4.20: package(): Packaged 1 '.cmake' file: conan-official-opencv-variables.cmake
opencv/3.4.20: package(): Packaged 1 '.sh' file: setup_vars_opencv3.sh
opencv/3.4.20: package(): Packaged 61 '.h' files
opencv/3.4.20: package(): Packaged 188 '.hpp' files
opencv/3.4.20: package(): Packaged 2 '.supp' files: valgrind_3rdparty.supp, valgrind.supp
opencv/3.4.20: package(): Packaged 22 '.xml' files
opencv/3.4.20: Created package revision d94970bd18ebad3910874ffc016b5c7e
opencv/3.4.20: Package '758a56ab13b9f4c1495e444563053dbb4160bfbe' created
opencv/3.4.20: Full package reference: opencv/3.4.20#05df53851f7b61e2aefc956d5034d7f5:758a56ab13b9f4c1495e444563053dbb4160bfbe#d94970bd18ebad3910874ffc016b5c7e
opencv/3.4.20: Package folder /home/uilian/.conan2/p/b/openc0f1bf19f37050/p
WARN: deprecated: Usage of deprecated Conan 1.X features that will be removed in Conan 2.X:
WARN: deprecated:     'cpp_info.names' used in: libjpeg/9f, xorg-macros/1.19.3, dbus/1.15.8, bzip2/1.0.8, openexr/2.5.7
WARN: deprecated:     'cpp_info.build_modules' used in: dbus/1.15.8, bzip2/1.0.8, openexr/2.5.7
WARN: deprecated:     'env_info' used in: glib/2.85.3, xorg-macros/1.19.3, elfutils/0.190, bzip2/1.0.8
WARN: deprecated:     'cpp_info.filenames' used in: dbus/1.15.8, opengl/system, xorg-proto/2024.1

======== Launching test_package ========

======== Computing dependency graph ========
Graph root
    opencv/3.4.20 (test package): /home/uilian/Development/conan/conan-center-index/recipes/opencv/3.x/test_package/conanfile.py
Requirements
    at-spi2-core/2.59.0#ccadbc2d78688e38b32c0910cc47714d - Cache
    brotli/1.1.0#3f631ef77008f7b5eb388780116371a3 - Cache
    bzip2/1.0.8#c470882369c2d95c5c77e970c0c7e321 - Cache
    cairo/1.18.4#a3845ccec428be648572c84a65f74f15 - Cache
    dbus/1.15.8#3cdcb97b51b7f931f9f11c57d8409845 - Cache
    egl/system#068ac3037d8cf01f768d0e001e6dcd76 - Cache
    eigen/3.4.0#e7256a460e38f651ab0aa5246f94cf6a - Cache
    elfutils/0.190#8e8c47bd9b2578e29a0341b09b977be8 - Cache
    expat/2.7.4#55569edc34682009fd6f2e6a558ffed9 - Cache
    fontconfig/2.17.1#c7138aa09e0fcc0e337511719c9bfb12 - Cache
    freetype/2.14.1#40f1e4af5db7d8155f9ecabd09973280 - Cache
    fribidi/1.0.13#861199a83fa19c194beeb7f6234d9d51 - Cache
    gdk-pixbuf/2.44.4#66f46a47aae52bbf105bbbbda4898654 - Cache
    glib/2.85.3#2fef4f1c3f92c9eaf077ccd54b9404a3 - Cache
    gtk/3.24.51#aeb1ddb4060af7179dd61c5070d829a4 - Cache
    harfbuzz/12.3.0#a5fef061896cd5c30e9a17c9d7920ad1 - Cache
    jasper/4.2.4#694a46302082de14f5af08d15d959dc6 - Cache
    libepoxy/1.5.10#160857f514eae3907eac414d040bb41a - Cache
    libffi/3.4.8#a045c00fb26779635e3bed40e80c5254 - Cache
    libjpeg/9f#8edfe2699565c80c825d0256002504ff - Cache
    libmount/2.39.2#64850679fa9d5ead878e5076b0cab2a8 - Cache
    libpng/1.6.55#f32362d4db3c562271d907c99be24091 - Cache
    libselinux/3.6#5a78ff6ae5034eeaac8da723361a8ce4 - Cache
    libtiff/4.6.0#b3fb32a80480ba4d4d9a71dd310ead02 - Cache
    libwebp/1.6.0#eb5f8e35fc95980e32b5544a33a270b4 - Cache
    libxft/2.3.9#dfc71e304b9d4c3dcf54a571281dbb86 - Cache
    lzo/2.10#f00b10acc508cea70645727d970a23e1 - Cache
    opencv/3.4.20#05df53851f7b61e2aefc956d5034d7f5 - Cache
    openexr/2.5.7#191290b5cb7da90a05ed351fae29d9c4 - Cache
    opengl/system#cfcf523b9d2bad75cbf377f56562634c - Cache
    pango/1.57.0#27e3f8ea574b5f7019614fc71c62a6fa - Cache
    pcre2/10.42#9a35f5089feb875ec61a38eca364ce77 - Cache
    pixman/0.43.4#60427f74e9514f007eb3cb8c52b6fbd6 - Cache
    xorg/system#98f82cb669e4ebc6b4d9d8a4f3f1faf4 - Cache
    xorg-macros/1.19.3#c3465b331ce1d044ee771dc5e4529b79 - Cache
    xorg-proto/2024.1#449e77cf0df9acf515ddc79d0fe24938 - Cache
    xz_utils/5.8.1#0c67d0683aca2f1ca69a17730a65a1e7 - Cache
    zlib/1.3.1#cac0f6daea041b0ccf42934163defb20 - Cache
    zstd/1.5.7#b68ca8e3de04ba5957761751d1d661f4 - Cache
Build requirements
    autoconf/2.71#51077f068e61700d65bb05541ea1e4b0 - Cache
    automake/1.16.5#b91b7c384c3deaa9d535be02da14d04f - Cache
    bison/3.8.2#c3490cbe0078b6fd3eb4cf5ed64144dc - Cache
    bzip2/1.0.8#c470882369c2d95c5c77e970c0c7e321 - Cache
    cmake/4.2.3#c5c10d4c90874997553970589940ab9c - Cache
    elfutils/0.190#8e8c47bd9b2578e29a0341b09b977be8 - Cache
    flex/2.6.4#efa781fc5088b47c895bd4eef6911f2e - Cache
    gettext/0.22.5#2f6edba611e8db1a8a18488b116e8c2a - Cache
    glib/2.85.3#2fef4f1c3f92c9eaf077ccd54b9404a3 - Cache
    gnu-config/cci.20210814#466e9d4d7779e1c142443f7ea44b4284 - Cache
    gperf/3.1#a7afdf8f7cccdc2dcd4d962370c33d4f - Cache
    libffi/3.4.8#a045c00fb26779635e3bed40e80c5254 - Cache
    libiconv/1.17#1e65319e945f2d31941a9d28cc13c058 - Cache
    libmount/2.39.2#64850679fa9d5ead878e5076b0cab2a8 - Cache
    libselinux/3.6#5a78ff6ae5034eeaac8da723361a8ce4 - Cache
    libtool/2.4.7#14e7739cc128bc1623d2ed318008e47e - Cache
    m4/1.4.19#1f9bd25d2bd53f49ad509caa467f57b9 - Cache
    meson/1.2.1#f2b0c7763308df8e33172744dace8845 - Cache
    meson/1.3.1#a17179442f5a99378b58ef0a0f43babc - Cache
    meson/1.4.0#2262941cc8fbb0099dd0c196ca2a6c01 - Cache
    meson/1.10.1#426d7d29e3e5f7285cb8398d84546734 - Cache
    ninja/1.13.2#c8c5dc2a52ed6e4e42a66d75b4717ceb - Cache
    pcre2/10.42#9a35f5089feb875ec61a38eca364ce77 - Cache
    pkgconf/2.0.3#c7ba7fd1d7d22534ee070ae60ed79604 - Cache
    pkgconf/2.1.0#21f96520faf7660b99f872e956d2ac13 - Cache
    pkgconf/2.2.0#4ac315b50ef734072b00ff3aacbf52bf - Cache
    pkgconf/2.5.1#93c2051284cba1279494a43a4fcfeae2 - Cache
    xorg-macros/1.19.3#c3465b331ce1d044ee771dc5e4529b79 - Cache
    xorg-macros/1.20.0#b721d2f8ca6804d072820cb551d8c4fa - Cache
    xz_utils/5.8.1#0c67d0683aca2f1ca69a17730a65a1e7 - Cache
    zlib/1.3.1#cac0f6daea041b0ccf42934163defb20 - Cache
    zstd/1.5.7#b68ca8e3de04ba5957761751d1d661f4 - Cache

======== Computing necessary packages ========
libtiff/4.6.0: Main binary package 'c0868ffc9b137e27e3ed0d0ad9b117b35834897c' missing
libtiff/4.6.0: Checking 11 compatible configurations
libtiff/4.6.0: Found compatible package 'cda50f59550aae90f1a161df4905cf8b34e91915': compiler.cppstd=gnu17
openexr/2.5.7: Main binary package 'c6c4b4bde9cc91b4c5224b1ad7a8709c48fd67bc' missing
openexr/2.5.7: Checking 11 compatible configurations
openexr/2.5.7: Found compatible package '67118f4dcb511d30692e70987ae1df399f1a3b33': compiler.cppstd=gnu17
harfbuzz/12.3.0: Main binary package '4821fdb8ec8d09f87ff9493b542bc63efc0273aa' missing
harfbuzz/12.3.0: Checking 11 compatible configurations
harfbuzz/12.3.0: Found compatible package '0275a88bf8b040490427cbad1c6f936181f0084a': compiler.cppstd=gnu17
Requirements
    at-spi2-core/2.59.0#ccadbc2d78688e38b32c0910cc47714d:580a63c933dd453c4d605c6f0f12b7c75aeafd05#c5741fd0cc554a3b3f05c097981665e5 - Cache
    brotli/1.1.0#3f631ef77008f7b5eb388780116371a3:faa9bd32cf56f9aa4954248221dd8e002ffe8a59#cc56e8a1b54ea964927ef12c17855675 - Cache
    bzip2/1.0.8#c470882369c2d95c5c77e970c0c7e321:c6aeb3e4cfcfdb1df8d54511fc295fb4d67cff32#875f0915659a544b58cb974309821ed7 - Cache
    cairo/1.18.4#a3845ccec428be648572c84a65f74f15:942871582ef959500bfe0ede04772a9f6c10480d#c1c7c11b49c45033d65e4b7b5aa47e62 - Cache
    dbus/1.15.8#3cdcb97b51b7f931f9f11c57d8409845:88fab453c5758eb80bbc41abbe11314d7af1fead#e5678556b546ccaba50e3ef33a4535ee - Cache
    egl/system#068ac3037d8cf01f768d0e001e6dcd76:da39a3ee5e6b4b0d3255bfef95601890afd80709#0ba8627bd47edc3a501e8f0eb9a79e5e - Cache
    elfutils/0.190#8e8c47bd9b2578e29a0341b09b977be8:46bb5e69c4b4411657a68239054dccc32dd715d5#10a7addaae867beaa7efbc83cfe8ff15 - Cache
    expat/2.7.4#55569edc34682009fd6f2e6a558ffed9:38828efa78ca779a2cdf04a35e92f76097c541e7#0c18864f2c500ad802f40439c12f9e87 - Cache
    fontconfig/2.17.1#c7138aa09e0fcc0e337511719c9bfb12:f38e8136a0e6a1876bc7f90facc0fa9f9d21fcb0#6013701aea8503715340dd6e613305a5 - Cache
    freetype/2.14.1#40f1e4af5db7d8155f9ecabd09973280:a91dddf32e7438a586534519f62126a14bef4a83#1352d7cd9baa7687dede68d0ae74605a - Cache
    fribidi/1.0.13#861199a83fa19c194beeb7f6234d9d51:ba8b9b9d18b13a9029ef391c4c3221e9ed8348c8#189860e0e2d751723cc33b0d180de3e8 - Cache
    gdk-pixbuf/2.44.4#66f46a47aae52bbf105bbbbda4898654:3c231c038fba1b551acf223fd97e69e678ef57df#1b5a7faa21e16a2046d143f18e479747 - Cache
    glib/2.85.3#2fef4f1c3f92c9eaf077ccd54b9404a3:ad367d86173f723c6fff13042f8f0a67aaf69481#e7ff90588e05790b4c2e1e8371b72571 - Cache
    gtk/3.24.51#aeb1ddb4060af7179dd61c5070d829a4:a6de3e817e0478c969405305e055283f2cbff7d1#79f9e28888f714c179de78e8a32f5e97 - Cache
    harfbuzz/12.3.0#a5fef061896cd5c30e9a17c9d7920ad1:0275a88bf8b040490427cbad1c6f936181f0084a#33e305c8574c526d71bb1d4d0e247965 - Cache
    jasper/4.2.4#694a46302082de14f5af08d15d959dc6:c7c744b1c121f266ebeb022e831e579132f4efd8#e9d2300ee73f0d9c7b8c4dae725c3fc6 - Cache
    libepoxy/1.5.10#160857f514eae3907eac414d040bb41a:af64198616765dad8baf1dbbcc8ed994993b90a0#af14e0f891b2c1270360d4d957e84b8f - Cache
    libffi/3.4.8#a045c00fb26779635e3bed40e80c5254:17561cbc2922b459119809d525458e11e7bcb047#8570586c0a317528f271fe8c727a85ca - Cache
    libjpeg/9f#8edfe2699565c80c825d0256002504ff:17561cbc2922b459119809d525458e11e7bcb047#ec6057de131e79c5e45b5a59960e0d57 - Cache
    libmount/2.39.2#64850679fa9d5ead878e5076b0cab2a8:17561cbc2922b459119809d525458e11e7bcb047#08fd6b9a5d2e6f1fdef5d939f065fcfe - Cache
    libpng/1.6.55#f32362d4db3c562271d907c99be24091:b899ac9b7f8d46c5a4de96dd6d79dfb3cd4d09c6#520d69b461f90a911bd22d4efe81266e - Cache
    libselinux/3.6#5a78ff6ae5034eeaac8da723361a8ce4:6048c5014babe89d5d62ed0fa35b4be0c2e53eff#4e94c1a3ce4eeba34c2cba7125eb7aef - Cache
    libtiff/4.6.0#b3fb32a80480ba4d4d9a71dd310ead02:cda50f59550aae90f1a161df4905cf8b34e91915#8a1754260c33c82e702a81378f462e26 - Cache
    libwebp/1.6.0#eb5f8e35fc95980e32b5544a33a270b4:933d1cf34fa4437bf403a4e03072fb48c5880aad#183b651e89a24ce8ef2f4a245704202c - Cache
    libxft/2.3.9#dfc71e304b9d4c3dcf54a571281dbb86:55e493dbb6d7c618b48e953b45375c74cf2dc0ca#20504ee382c01a675e4d9caca6b51841 - Cache
    lzo/2.10#f00b10acc508cea70645727d970a23e1:17561cbc2922b459119809d525458e11e7bcb047#8316ef8cc7dff5739beb1fb3ca1ffeba - Cache
    opencv/3.4.20#05df53851f7b61e2aefc956d5034d7f5:758a56ab13b9f4c1495e444563053dbb4160bfbe#d94970bd18ebad3910874ffc016b5c7e - Cache
    openexr/2.5.7#191290b5cb7da90a05ed351fae29d9c4:67118f4dcb511d30692e70987ae1df399f1a3b33#ab7a59ec787156cc8b7b074d0b2d7333 - Cache
    opengl/system#cfcf523b9d2bad75cbf377f56562634c:da39a3ee5e6b4b0d3255bfef95601890afd80709#0ba8627bd47edc3a501e8f0eb9a79e5e - Cache
    pango/1.57.0#27e3f8ea574b5f7019614fc71c62a6fa:f29efd2c5cd5ce771f7719524b9fb66eb31843dd#71cc37731b268ef311078bad89923d81 - Cache
    pcre2/10.42#9a35f5089feb875ec61a38eca364ce77:ac52646359464e3ac281873705d7e052dd32df08#32ed6be013c0e52055d08b75dc517023 - Cache
    pixman/0.43.4#60427f74e9514f007eb3cb8c52b6fbd6:17561cbc2922b459119809d525458e11e7bcb047#e5217ba3dd9bef3d59365b17c2e5be89 - Cache
    xorg-macros/1.19.3#c3465b331ce1d044ee771dc5e4529b79:da39a3ee5e6b4b0d3255bfef95601890afd80709#f6477c9b9eaafe88df13906bad42fbb4 - Cache
    xorg-proto/2024.1#449e77cf0df9acf515ddc79d0fe24938:da39a3ee5e6b4b0d3255bfef95601890afd80709#7d3e106e18f31f9ad023213d6b67b6da - Cache
    xorg/system#98f82cb669e4ebc6b4d9d8a4f3f1faf4:da39a3ee5e6b4b0d3255bfef95601890afd80709#0ba8627bd47edc3a501e8f0eb9a79e5e - Cache
    xz_utils/5.8.1#0c67d0683aca2f1ca69a17730a65a1e7:17561cbc2922b459119809d525458e11e7bcb047#7fd55192e41284e47acd72f1020f52fe - Cache
    zlib/1.3.1#cac0f6daea041b0ccf42934163defb20:17561cbc2922b459119809d525458e11e7bcb047#40bdae4d2cc35cdad193f96988c64922 - Cache
    zstd/1.5.7#b68ca8e3de04ba5957761751d1d661f4:6ed7bd7d6abb8cd95a63c74849b05ffa08d203bf#3360cfe7ab82c472f074cef502e757dd - Cache
Build requirements
Skipped binaries
    eigen/3.4.0, autoconf/2.71, automake/1.16.5, bison/3.8.2, bzip2/1.0.8, cmake/4.2.3, elfutils/0.190, flex/2.6.4, gettext/0.22.5, glib/2.85.3, gnu-config/cci.20210814, gperf/3.1, libffi/3.4.8, libiconv/1.17, libmount/2.39.2, libselinux/3.6, libtool/2.4.7, m4/1.4.19, meson/1.10.1, meson/1.2.1, meson/1.3.1, meson/1.4.0, ninja/1.13.2, pcre2/10.42, pkgconf/2.0.3, pkgconf/2.1.0, pkgconf/2.2.0, pkgconf/2.5.1, xorg-macros/1.19.3, xorg-macros/1.20.0, xz_utils/5.8.1, zlib/1.3.1, zstd/1.5.7
egl/system: System requirements: libegl-dev already installed
opengl/system: System requirements: libgl-dev already installed
xorg/system: System requirements: libx11-dev libx11-xcb-dev libfontenc-dev libice-dev libsm-dev libxau-dev libxaw7-dev libxcomposite-dev libxcursor-dev libxdamage-dev libxdmcp-dev libxext-dev libxfixes-dev libxi-dev libxinerama-dev libxkbfile-dev libxmu-dev libxmuu-dev libxpm-dev libxrandr-dev libxrender-dev libxres-dev libxss-dev libxt-dev libxtst-dev libxv-dev libxxf86vm-dev libxcb-glx0-dev libxcb-render0-dev libxcb-render-util0-dev libxcb-xkb-dev libxcb-icccm4-dev libxcb-image0-dev libxcb-keysyms1-dev libxcb-randr0-dev libxcb-shape0-dev libxcb-sync-dev libxcb-xfixes0-dev libxcb-xinerama0-dev libxcb-dri3-dev uuid-dev libxcb-cursor-dev libxcb-dri2-0-dev libxcb-dri3-dev libxcb-present-dev libxcb-composite0-dev libxcb-ewmh-dev libxcb-res0-dev already installed
xorg/system: System requirements: libxcb-util-dev already installed

======== Installing packages ========
brotli/1.1.0: Already installed! (1 of 38)
bzip2/1.0.8: Already installed! (2 of 38)
egl/system: Already installed! (3 of 38)
libffi/3.4.8: Already installed! (4 of 38)
libjpeg/9f: Already installed! (5 of 38)
libmount/2.39.2: Already installed! (6 of 38)
lzo/2.10: Already installed! (7 of 38)
opengl/system: Already installed! (8 of 38)
xorg/system: Already installed! (9 of 38)
xz_utils/5.8.1: Already installed! (10 of 38)
zlib/1.3.1: Already installed! (11 of 38)
zstd/1.5.7: Already installed! (12 of 38)
expat/2.7.4: Already installed! (13 of 38)
libwebp/1.6.0: Already installed! (14 of 38)
fribidi/1.0.13: Already installed! (15 of 38)
pixman/0.43.4: Already installed! (16 of 38)
xorg-macros/1.19.3: Already installed! (17 of 38)
xorg-macros/1.19.3: Appending AUTOMAKE_CONAN_INCLUDES environment variable: /home/uilian/.conan2/p/xorg-a7814e7f591fa/p/bin/share/aclocal
xorg-macros/1.19.3: WARN: deprecated: The use of 'unix_path_legacy_compat' is deprecated in Conan 2.0 and does not perform path conversions. This is retained for compatibility with Conan 1.x and will be removed in a future version.
jasper/4.2.4: Already installed! (18 of 38)
libpng/1.6.55: Already installed! (19 of 38)
libtiff/4.6.0: Already installed! (20 of 38)
openexr/2.5.7: Already installed! (21 of 38)
pcre2/10.42: Already installed! (22 of 38)
libepoxy/1.5.10: Already installed! (23 of 38)
dbus/1.15.8: Already installed! (24 of 38)
elfutils/0.190: Already installed! (25 of 38)
elfutils/0.190: Appending PATH env var with : /home/uilian/.conan2/p/elfutab214d4443f10/p/bin
elfutils/0.190: Setting ADDR2LINE to /home/uilian/.conan2/p/elfutab214d4443f10/p/bin/eu-addr2line
elfutils/0.190: Setting AR to /home/uilian/.conan2/p/elfutab214d4443f10/p/bin/eu-ar
elfutils/0.190: Setting ELFCLASSIFY to /home/uilian/.conan2/p/elfutab214d4443f10/p/bin/eu-elfclassify
elfutils/0.190: Setting ELFCMP to /home/uilian/.conan2/p/elfutab214d4443f10/p/bin/eu-elfcmp
elfutils/0.190: Setting ELFCOMPRESS to /home/uilian/.conan2/p/elfutab214d4443f10/p/bin/eu-elfcompress
elfutils/0.190: Setting ELFLINT to /home/uilian/.conan2/p/elfutab214d4443f10/p/bin/eu-elflint
elfutils/0.190: Setting FINDTEXTREL to /home/uilian/.conan2/p/elfutab214d4443f10/p/bin/eu-findtextrel
elfutils/0.190: Setting MAKE_DEBUG_ARCHIVE to /home/uilian/.conan2/p/elfutab214d4443f10/p/bin/eu-make-debug-archive
elfutils/0.190: Setting NM to /home/uilian/.conan2/p/elfutab214d4443f10/p/bin/eu-nm
elfutils/0.190: Setting OBJDUMP to /home/uilian/.conan2/p/elfutab214d4443f10/p/bin/eu-objdump
elfutils/0.190: Setting RANLIB to /home/uilian/.conan2/p/elfutab214d4443f10/p/bin/eu-ranlib
elfutils/0.190: Setting READELF to /home/uilian/.conan2/p/elfutab214d4443f10/p/bin/eu-readelf
elfutils/0.190: Setting SIZE to /home/uilian/.conan2/p/elfutab214d4443f10/p/bin/eu-size
elfutils/0.190: Setting STACK to /home/uilian/.conan2/p/elfutab214d4443f10/p/bin/eu-stack
elfutils/0.190: Setting STRINGS to /home/uilian/.conan2/p/elfutab214d4443f10/p/bin/eu-strings
elfutils/0.190: Setting STRIP to /home/uilian/.conan2/p/elfutab214d4443f10/p/bin/eu-strip
elfutils/0.190: Setting UNSTRIP to /home/uilian/.conan2/p/elfutab214d4443f10/p/bin/eu-unstrip
xorg-proto/2024.1: Already installed! (26 of 38)
freetype/2.14.1: Already installed! (27 of 38)
libselinux/3.6: Already installed! (28 of 38)
fontconfig/2.17.1: Already installed! (29 of 38)
glib/2.85.3: Already installed! (30 of 38)
libxft/2.3.9: Already installed! (31 of 38)
at-spi2-core/2.59.0: Already installed! (32 of 38)
cairo/1.18.4: Already installed! (33 of 38)
gdk-pixbuf/2.44.4: Already installed! (34 of 38)
harfbuzz/12.3.0: Already installed! (35 of 38)
pango/1.57.0: Already installed! (36 of 38)
gtk/3.24.51: Already installed! (37 of 38)
opencv/3.4.20: Already installed! (38 of 38)
WARN: deprecated: Usage of deprecated Conan 1.X features that will be removed in Conan 2.X:
WARN: deprecated:     'cpp_info.names' used in: libjpeg/9f, xorg-macros/1.19.3, dbus/1.15.8, bzip2/1.0.8, openexr/2.5.7
WARN: deprecated:     'cpp_info.build_modules' used in: dbus/1.15.8, bzip2/1.0.8, openexr/2.5.7
WARN: deprecated:     'env_info' used in: glib/2.85.3, xorg-macros/1.19.3, elfutils/0.190, bzip2/1.0.8
WARN: deprecated:     'cpp_info.filenames' used in: dbus/1.15.8, opengl/system, xorg-proto/2024.1

======== Testing the package ========
Removing previously existing 'test_package' build folder: /home/uilian/Development/conan/conan-center-index/recipes/opencv/3.x/test_package/build/gcc-13-x86_64-gnu20-release
opencv/3.4.20 (test package): Test package build: build/gcc-13-x86_64-gnu20-release
opencv/3.4.20 (test package): Test package build folder: /home/uilian/Development/conan/conan-center-index/recipes/opencv/3.x/test_package/build/gcc-13-x86_64-gnu20-release
opencv/3.4.20 (test package): Writing generators to /home/uilian/Development/conan/conan-center-index/recipes/opencv/3.x/test_package/build/gcc-13-x86_64-gnu20-release/generators
opencv/3.4.20 (test package): Generator 'CMakeDeps' calling 'generate()'
opencv/3.4.20 (test package): CMakeDeps necessary find_package() and targets for your CMakeLists.txt
    find_package(OpenCV)
    find_package(gtk)
    find_package(gdk-pixbuf)
    target_link_libraries(... opencv::opencv gtk::gtk gdk-pixbuf::gdk-pixbuf)
opencv/3.4.20 (test package): Generator 'VirtualRunEnv' calling 'generate()'
opencv/3.4.20 (test package): Calling generate()
opencv/3.4.20 (test package): Generators folder: /home/uilian/Development/conan/conan-center-index/recipes/opencv/3.x/test_package/build/gcc-13-x86_64-gnu20-release/generators
opencv/3.4.20 (test package): CMakeToolchain generated: conan_toolchain.cmake
opencv/3.4.20 (test package): CMakeToolchain generated: /home/uilian/Development/conan/conan-center-index/recipes/opencv/3.x/test_package/build/gcc-13-x86_64-gnu20-release/generators/CMakePresets.json
opencv/3.4.20 (test package): CMakeToolchain generated: /home/uilian/Development/conan/conan-center-index/recipes/opencv/3.x/test_package/CMakeUserPresets.json
opencv/3.4.20 (test package): Generating aggregated env files
opencv/3.4.20 (test package): Generated aggregated env files: ['conanrun.sh', 'conanbuild.sh']

======== Testing the package: Building ========
opencv/3.4.20 (test package): Calling build()
opencv/3.4.20 (test package): Running CMake.configure()
opencv/3.4.20 (test package): RUN: cmake -G "Ninja" -DCMAKE_TOOLCHAIN_FILE="generators/conan_toolchain.cmake" -DCMAKE_INSTALL_PREFIX="/home/uilian/Development/conan/conan-center-index/recipes/opencv/3.x/test_package" -DCMAKE_POLICY_DEFAULT_CMP0091="NEW" -DCMAKE_BUILD_TYPE="Release" "/home/uilian/Development/conan/conan-center-index/recipes/opencv/3.x/test_package" --loglevel=VERBOSE
-- Using Conan toolchain: /home/uilian/Development/conan/conan-center-index/recipes/opencv/3.x/test_package/build/gcc-13-x86_64-gnu20-release/generators/conan_toolchain.cmake
-- Conan toolchain: Defining architecture flag: -m64
-- Conan toolchain: C++ Standard 20 with extensions ON
-- The CXX compiler identification is GNU 13.1.0
-- Detecting CXX compiler ABI info
-- Detecting CXX compiler ABI info - done
-- Check for working CXX compiler: /usr/bin/g++-13 - skipped
-- Detecting CXX compile features
-- Detecting CXX compile features - done
-- Conan: Component target declared 'opencv_core'
-- Conan: Component target declared 'opencv::opencv_core_alias'
-- Conan: Component target declared 'opencv_flann'
-- Conan: Component target declared 'opencv_imgproc'
-- Conan: Component target declared 'opencv_ml'
-- Conan: Component target declared 'opencv::opencv_flann_alias'
-- Conan: Component target declared 'opencv::opencv_imgproc_alias'
-- Conan: Component target declared 'opencv::opencv_ml_alias'
-- Conan: Component target declared 'opencv_photo'
-- Conan: Component target declared 'opencv_video'
-- Conan: Component target declared 'opencv_features2d'
-- Conan: Component target declared 'opencv_imgcodecs'
-- Conan: Component target declared 'opencv::opencv_photo_alias'
-- Conan: Component target declared 'opencv::opencv_video_alias'
-- Conan: Component target declared 'opencv::opencv_features2d_alias'
-- Conan: Component target declared 'opencv::opencv_imgcodecs_alias'
-- Conan: Component target declared 'opencv_shape'
-- Conan: Component target declared 'opencv_videoio'
-- Conan: Component target declared 'opencv_calib3d'
-- Conan: Component target declared 'opencv::opencv_shape_alias'
-- Conan: Component target declared 'opencv::opencv_videoio_alias'
-- Conan: Component target declared 'opencv::opencv_calib3d_alias'
-- Conan: Component target declared 'opencv_highgui'
-- Conan: Component target declared 'opencv_objdetect'
-- Conan: Component target declared 'opencv_stitching'
-- Conan: Component target declared 'opencv_superres'
-- Conan: Component target declared 'opencv_videostab'
-- Conan: Component target declared 'opencv::opencv_highgui_alias'
-- Conan: Component target declared 'opencv::opencv_objdetect_alias'
-- Conan: Component target declared 'opencv::opencv_stitching_alias'
-- Conan: Component target declared 'opencv::opencv_superres_alias'
-- Conan: Component target declared 'opencv::opencv_videostab_alias'
-- Conan: Target declared 'opencv::opencv'
-- Conan: Library opencv_videostab found /home/uilian/.conan2/p/b/openc0f1bf19f37050/p/lib/libopencv_videostab.so
-- Conan: Found: /home/uilian/.conan2/p/b/openc0f1bf19f37050/p/lib/libopencv_videostab.so
-- Conan: Library opencv_superres found /home/uilian/.conan2/p/b/openc0f1bf19f37050/p/lib/libopencv_superres.so
-- Conan: Found: /home/uilian/.conan2/p/b/openc0f1bf19f37050/p/lib/libopencv_superres.so
-- Conan: Library opencv_stitching found /home/uilian/.conan2/p/b/openc0f1bf19f37050/p/lib/libopencv_stitching.so
-- Conan: Found: /home/uilian/.conan2/p/b/openc0f1bf19f37050/p/lib/libopencv_stitching.so
-- Conan: Library opencv_objdetect found /home/uilian/.conan2/p/b/openc0f1bf19f37050/p/lib/libopencv_objdetect.so
-- Conan: Found: /home/uilian/.conan2/p/b/openc0f1bf19f37050/p/lib/libopencv_objdetect.so
-- Conan: Library opencv_highgui found /home/uilian/.conan2/p/b/openc0f1bf19f37050/p/lib/libopencv_highgui.so
-- Conan: Found: /home/uilian/.conan2/p/b/openc0f1bf19f37050/p/lib/libopencv_highgui.so
-- Conan: Library opencv_calib3d found /home/uilian/.conan2/p/b/openc0f1bf19f37050/p/lib/libopencv_calib3d.so
-- Conan: Found: /home/uilian/.conan2/p/b/openc0f1bf19f37050/p/lib/libopencv_calib3d.so
-- Conan: Library opencv_videoio found /home/uilian/.conan2/p/b/openc0f1bf19f37050/p/lib/libopencv_videoio.so
-- Conan: Found: /home/uilian/.conan2/p/b/openc0f1bf19f37050/p/lib/libopencv_videoio.so
-- Conan: Library opencv_shape found /home/uilian/.conan2/p/b/openc0f1bf19f37050/p/lib/libopencv_shape.so
-- Conan: Found: /home/uilian/.conan2/p/b/openc0f1bf19f37050/p/lib/libopencv_shape.so
-- Conan: Library opencv_imgcodecs found /home/uilian/.conan2/p/b/openc0f1bf19f37050/p/lib/libopencv_imgcodecs.so
-- Conan: Found: /home/uilian/.conan2/p/b/openc0f1bf19f37050/p/lib/libopencv_imgcodecs.so
-- Conan: Library opencv_features2d found /home/uilian/.conan2/p/b/openc0f1bf19f37050/p/lib/libopencv_features2d.so
-- Conan: Found: /home/uilian/.conan2/p/b/openc0f1bf19f37050/p/lib/libopencv_features2d.so
-- Conan: Library opencv_video found /home/uilian/.conan2/p/b/openc0f1bf19f37050/p/lib/libopencv_video.so
-- Conan: Found: /home/uilian/.conan2/p/b/openc0f1bf19f37050/p/lib/libopencv_video.so
-- Conan: Library opencv_photo found /home/uilian/.conan2/p/b/openc0f1bf19f37050/p/lib/libopencv_photo.so
-- Conan: Found: /home/uilian/.conan2/p/b/openc0f1bf19f37050/p/lib/libopencv_photo.so
-- Conan: Library opencv_ml found /home/uilian/.conan2/p/b/openc0f1bf19f37050/p/lib/libopencv_ml.so
-- Conan: Found: /home/uilian/.conan2/p/b/openc0f1bf19f37050/p/lib/libopencv_ml.so
-- Conan: Library opencv_imgproc found /home/uilian/.conan2/p/b/openc0f1bf19f37050/p/lib/libopencv_imgproc.so
-- Conan: Found: /home/uilian/.conan2/p/b/openc0f1bf19f37050/p/lib/libopencv_imgproc.so
-- Conan: Library opencv_flann found /home/uilian/.conan2/p/b/openc0f1bf19f37050/p/lib/libopencv_flann.so
-- Conan: Found: /home/uilian/.conan2/p/b/openc0f1bf19f37050/p/lib/libopencv_flann.so
-- Conan: Library opencv_core found /home/uilian/.conan2/p/b/openc0f1bf19f37050/p/lib/libopencv_core.so
-- Conan: Found: /home/uilian/.conan2/p/b/openc0f1bf19f37050/p/lib/libopencv_core.so
-- Conan: Library opencv_videostab found /home/uilian/.conan2/p/b/openc0f1bf19f37050/p/lib/libopencv_videostab.so
-- Conan: Found: /home/uilian/.conan2/p/b/openc0f1bf19f37050/p/lib/libopencv_videostab.so
-- Conan: Library opencv_superres found /home/uilian/.conan2/p/b/openc0f1bf19f37050/p/lib/libopencv_superres.so
-- Conan: Found: /home/uilian/.conan2/p/b/openc0f1bf19f37050/p/lib/libopencv_superres.so
-- Conan: Library opencv_stitching found /home/uilian/.conan2/p/b/openc0f1bf19f37050/p/lib/libopencv_stitching.so
-- Conan: Found: /home/uilian/.conan2/p/b/openc0f1bf19f37050/p/lib/libopencv_stitching.so
-- Conan: Library opencv_objdetect found /home/uilian/.conan2/p/b/openc0f1bf19f37050/p/lib/libopencv_objdetect.so
-- Conan: Found: /home/uilian/.conan2/p/b/openc0f1bf19f37050/p/lib/libopencv_objdetect.so
-- Conan: Library opencv_highgui found /home/uilian/.conan2/p/b/openc0f1bf19f37050/p/lib/libopencv_highgui.so
-- Conan: Found: /home/uilian/.conan2/p/b/openc0f1bf19f37050/p/lib/libopencv_highgui.so
-- Conan: Library opencv_calib3d found /home/uilian/.conan2/p/b/openc0f1bf19f37050/p/lib/libopencv_calib3d.so
-- Conan: Found: /home/uilian/.conan2/p/b/openc0f1bf19f37050/p/lib/libopencv_calib3d.so
-- Conan: Library opencv_videoio found /home/uilian/.conan2/p/b/openc0f1bf19f37050/p/lib/libopencv_videoio.so
-- Conan: Found: /home/uilian/.conan2/p/b/openc0f1bf19f37050/p/lib/libopencv_videoio.so
-- Conan: Library opencv_shape found /home/uilian/.conan2/p/b/openc0f1bf19f37050/p/lib/libopencv_shape.so
-- Conan: Found: /home/uilian/.conan2/p/b/openc0f1bf19f37050/p/lib/libopencv_shape.so
-- Conan: Library opencv_imgcodecs found /home/uilian/.conan2/p/b/openc0f1bf19f37050/p/lib/libopencv_imgcodecs.so
-- Conan: Found: /home/uilian/.conan2/p/b/openc0f1bf19f37050/p/lib/libopencv_imgcodecs.so
-- Conan: Library opencv_features2d found /home/uilian/.conan2/p/b/openc0f1bf19f37050/p/lib/libopencv_features2d.so
-- Conan: Found: /home/uilian/.conan2/p/b/openc0f1bf19f37050/p/lib/libopencv_features2d.so
-- Conan: Library opencv_video found /home/uilian/.conan2/p/b/openc0f1bf19f37050/p/lib/libopencv_video.so
-- Conan: Found: /home/uilian/.conan2/p/b/openc0f1bf19f37050/p/lib/libopencv_video.so
-- Conan: Library opencv_photo found /home/uilian/.conan2/p/b/openc0f1bf19f37050/p/lib/libopencv_photo.so
-- Conan: Found: /home/uilian/.conan2/p/b/openc0f1bf19f37050/p/lib/libopencv_photo.so
-- Conan: Library opencv_ml found /home/uilian/.conan2/p/b/openc0f1bf19f37050/p/lib/libopencv_ml.so
-- Conan: Found: /home/uilian/.conan2/p/b/openc0f1bf19f37050/p/lib/libopencv_ml.so
-- Conan: Library opencv_imgproc found /home/uilian/.conan2/p/b/openc0f1bf19f37050/p/lib/libopencv_imgproc.so
-- Conan: Found: /home/uilian/.conan2/p/b/openc0f1bf19f37050/p/lib/libopencv_imgproc.so
-- Conan: Library opencv_flann found /home/uilian/.conan2/p/b/openc0f1bf19f37050/p/lib/libopencv_flann.so
-- Conan: Found: /home/uilian/.conan2/p/b/openc0f1bf19f37050/p/lib/libopencv_flann.so
-- Conan: Library opencv_core found /home/uilian/.conan2/p/b/openc0f1bf19f37050/p/lib/libopencv_core.so
-- Conan: Found: /home/uilian/.conan2/p/b/openc0f1bf19f37050/p/lib/libopencv_core.so
-- Conan: Target declared 'Jasper::Jasper'
-- Conan: Target declared 'JPEG::JPEG'
-- Conan: Including build module from '/home/uilian/.conan2/p/jaspe0369a423f6fd4/p/lib/cmake/conan-official-jasper-variables.cmake'
-- Conan: Component target declared 'OpenEXR::IlmImfConfig'
-- Conan: Component target declared 'IlmBase::IlmBaseConfig'
-- Conan: Component target declared 'IlmBase::Half'
-- Conan: Component target declared 'IlmBase::Iex'
-- Conan: Component target declared 'IlmBase::IexMath'
-- Conan: Component target declared 'IlmBase::IlmThread'
-- Conan: Component target declared 'IlmBase::IMath'
-- Conan: Component target declared 'OpenEXR::IlmImf'
-- Conan: Component target declared 'openexr::ilmbase_conan_pkgconfig'
-- Conan: Component target declared 'OpenEXR::IlmImfUtil'
-- Conan: Target declared 'openexr::openexr'
-- Conan: Target declared 'ZLIB::ZLIB'
-- Conan: Component target declared 'WebP::webpdecoder'
-- Conan: Component target declared 'WebP::sharpyuv'
-- Conan: Component target declared 'WebP::webp'
-- Conan: Component target declared 'WebP::webpdemux'
-- Conan: Component target declared 'WebP::libwebpmux'
-- Conan: Target declared 'libwebp::libwebp'
-- Conan: Component target declared 'gtk::gdk-3'
-- Conan: Component target declared 'gtk::unix-print'
-- Conan: Component target declared 'gtk::gtk-3'
-- Conan: Component target declared 'gtk::gdk-x11-3.0'
-- Conan: Component target declared 'gtk::gtk-x11-3.0'
-- Conan: Component target declared 'gtk::gail'
-- Conan: Component target declared 'gtk::unit-print'
-- Conan: Target declared 'gtk::gtk'
-- Conan: Library gailutil-3 found /home/uilian/.conan2/p/gtkc09b36a814080/p/lib/libgailutil-3.so
-- Conan: Found: /home/uilian/.conan2/p/gtkc09b36a814080/p/lib/libgailutil-3.so
-- Conan: Library gtk-3 found /home/uilian/.conan2/p/gtkc09b36a814080/p/lib/libgtk-3.so
-- Conan: Found: /home/uilian/.conan2/p/gtkc09b36a814080/p/lib/libgtk-3.so
-- Conan: Library gdk-3 found /home/uilian/.conan2/p/gtkc09b36a814080/p/lib/libgdk-3.so
-- Conan: Found: /home/uilian/.conan2/p/gtkc09b36a814080/p/lib/libgdk-3.so
-- Conan: Library gailutil-3 found /home/uilian/.conan2/p/gtkc09b36a814080/p/lib/libgailutil-3.so
-- Conan: Found: /home/uilian/.conan2/p/gtkc09b36a814080/p/lib/libgailutil-3.so
-- Conan: Library gtk-3 found /home/uilian/.conan2/p/gtkc09b36a814080/p/lib/libgtk-3.so
-- Conan: Found: /home/uilian/.conan2/p/gtkc09b36a814080/p/lib/libgtk-3.so
-- Conan: Library gdk-3 found /home/uilian/.conan2/p/gtkc09b36a814080/p/lib/libgdk-3.so
-- Conan: Found: /home/uilian/.conan2/p/gtkc09b36a814080/p/lib/libgdk-3.so
-- Conan: Component target declared 'pango::pango_'
-- Conan: Component target declared 'pango::pangoft2'
-- Conan: Component target declared 'pango::pangofc'
-- Conan: Component target declared 'pango::pangoroot'
-- Conan: Component target declared 'pango::pangoxft'
-- Conan: Component target declared 'pango::pangocairo'
-- Conan: Target declared 'pango::pango'
-- Conan: Target declared 'libxft::libxft'
-- Conan: Component target declared 'xorg-proto::applewmproto'
-- Conan: Component target declared 'xorg-proto::bigreqsproto'
-- Conan: Component target declared 'xorg-proto::compositeproto'
-- Conan: Component target declared 'xorg-proto::damageproto'
-- Conan: Component target declared 'xorg-proto::dmxproto'
-- Conan: Component target declared 'xorg-proto::dpmsproto'
-- Conan: Component target declared 'xorg-proto::dri2proto'
-- Conan: Component target declared 'xorg-proto::dri3proto'
-- Conan: Component target declared 'xorg-proto::fixesproto'
-- Conan: Component target declared 'xorg-proto::fontsproto'
-- Conan: Component target declared 'xorg-proto::glproto'
-- Conan: Component target declared 'xorg-proto::inputproto'
-- Conan: Component target declared 'xorg-proto::kbproto'
-- Conan: Component target declared 'xorg-proto::presentproto'
-- Conan: Component target declared 'xorg-proto::randrproto'
-- Conan: Component target declared 'xorg-proto::recordproto'
-- Conan: Component target declared 'xorg-proto::renderproto'
-- Conan: Component target declared 'xorg-proto::resourceproto'
-- Conan: Component target declared 'xorg-proto::scrnsaverproto'
-- Conan: Component target declared 'xorg-proto::videoproto'
-- Conan: Component target declared 'xorg-proto::xcmiscproto'
-- Conan: Component target declared 'xorg-proto::xextproto'
-- Conan: Component target declared 'xorg-proto::xf86bigfontproto'
-- Conan: Component target declared 'xorg-proto::xf86dgaproto'
-- Conan: Component target declared 'xorg-proto::xf86driproto'
-- Conan: Component target declared 'xorg-proto::xf86vidmodeproto'
-- Conan: Component target declared 'xorg-proto::xineramaproto'
-- Conan: Component target declared 'xorg-proto::xproto'
-- Conan: Component target declared 'xorg-proto::xwaylandproto'
-- Conan: Target declared 'xorg-proto::xorg-proto'
-- Conan: Target declared 'xorg-macros::xorg-macros'
-- Conan: Target declared 'Fontconfig::Fontconfig'
-- Conan: Target declared 'Freetype::Freetype'
-- Conan: Component target declared 'brotli::brotlicommon'
-- Conan: Component target declared 'brotli::brotlidec'
-- Conan: Component target declared 'brotli::brotlienc'
-- Conan: Target declared 'brotli::brotli'
-- Conan: Target declared 'BZip2::BZip2'
-- Conan: Including build module from '/home/uilian/.conan2/p/bzip2fb3260e7b2ab3/p/lib/cmake/conan-official-bzip2-variables.cmake'
-- Conan: Target declared 'PNG::PNG'
-- Conan: Including build module from '/home/uilian/.conan2/p/freet1016e2088a12b/p/lib/cmake/conan-official-freetype-variables.cmake'
-- Conan: Target declared 'expat::expat'
-- Conan: Component target declared 'xorg::x11'
-- Conan: Component target declared 'xorg::x11-xcb'
-- Conan: Component target declared 'xorg::fontenc'
-- Conan: Component target declared 'xorg::ice'
-- Conan: Component target declared 'xorg::xau'
-- Conan: Component target declared 'xorg::xaw7'
-- Conan: Component target declared 'xorg::xcomposite'
-- Conan: Component target declared 'xorg::xcursor'
-- Conan: Component target declared 'xorg::xdamage'
-- Conan: Component target declared 'xorg::xdmcp'
-- Conan: Component target declared 'xorg::xext'
-- Conan: Component target declared 'xorg::xfixes'
-- Conan: Component target declared 'xorg::xi'
-- Conan: Component target declared 'xorg::xinerama'
-- Conan: Component target declared 'xorg::xkbfile'
-- Conan: Component target declared 'xorg::xmu'
-- Conan: Component target declared 'xorg::xmuu'
-- Conan: Component target declared 'xorg::xpm'
-- Conan: Component target declared 'xorg::xrandr'
-- Conan: Component target declared 'xorg::xrender'
-- Conan: Component target declared 'xorg::xres'
-- Conan: Component target declared 'xorg::xscrnsaver'
-- Conan: Component target declared 'xorg::xt'
-- Conan: Component target declared 'xorg::xtst'
-- Conan: Component target declared 'xorg::xv'
-- Conan: Component target declared 'xorg::xxf86vm'
-- Conan: Component target declared 'xorg::xcb-xkb'
-- Conan: Component target declared 'xorg::xcb-icccm'
-- Conan: Component target declared 'xorg::xcb-image'
-- Conan: Component target declared 'xorg::xcb-keysyms'
-- Conan: Component target declared 'xorg::xcb-randr'
-- Conan: Component target declared 'xorg::xcb-render'
-- Conan: Component target declared 'xorg::xcb-renderutil'
-- Conan: Component target declared 'xorg::xcb-shape'
-- Conan: Component target declared 'xorg::xcb-shm'
-- Conan: Component target declared 'xorg::xcb-sync'
-- Conan: Component target declared 'xorg::xcb-xfixes'
-- Conan: Component target declared 'xorg::xcb-xinerama'
-- Conan: Component target declared 'xorg::xcb'
-- Conan: Component target declared 'xorg::xcb-atom'
-- Conan: Component target declared 'xorg::xcb-aux'
-- Conan: Component target declared 'xorg::xcb-event'
-- Conan: Component target declared 'xorg::xcb-util'
-- Conan: Component target declared 'xorg::xcb-dri3'
-- Conan: Component target declared 'xorg::xcb-cursor'
-- Conan: Component target declared 'xorg::xcb-dri2'
-- Conan: Component target declared 'xorg::xcb-glx'
-- Conan: Component target declared 'xorg::xcb-present'
-- Conan: Component target declared 'xorg::xcb-composite'
-- Conan: Component target declared 'xorg::xcb-ewmh'
-- Conan: Component target declared 'xorg::xcb-res'
-- Conan: Component target declared 'xorg::uuid'
-- Conan: Component target declared 'xorg::sm'
-- Conan: Target declared 'xorg::xorg'
-- Conan: Component target declared 'cairo::cairo_'
-- Conan: Component target declared 'cairo::cairo-png'
-- Conan: Component target declared 'cairo::cairo-svg'
-- Conan: Component target declared 'cairo::cairo-fc'
-- Conan: Component target declared 'cairo::cairo-ft'
-- Conan: Component target declared 'cairo::cairo-xlib'
-- Conan: Component target declared 'cairo::cairo-xlib-xrender'
-- Conan: Component target declared 'cairo::cairo-xcb'
-- Conan: Component target declared 'cairo::cairo-xcb-shm'
-- Conan: Component target declared 'cairo::cairo-xlib-xcb'
-- Conan: Component target declared 'cairo::cairo-script'
-- Conan: Component target declared 'cairo::cairo-ps'
-- Conan: Component target declared 'cairo::cairo-pdf'
-- Conan: Component target declared 'cairo::cairo-script-interpreter'
-- Conan: Component target declared 'cairo::cairo-xml'
-- Conan: Component target declared 'cairo::cairo-util_'
-- Conan: Component target declared 'cairo::cairo-gobject'
-- Conan: Target declared 'cairo::cairo'
-- Conan: Target declared 'pixman::pixman'
-- Conan: Target declared 'lzo::lzo'
-- Conan: Component target declared 'glib::glib-2.0'
-- Conan: Component target declared 'glib::gresource'
-- Conan: Component target declared 'glib::gmodule-no-export-2.0'
-- Conan: Component target declared 'glib::gobject-2.0'
-- Conan: Component target declared 'glib::gthread-2.0'
-- Conan: Component target declared 'glib::gmodule-export-2.0'
-- Conan: Component target declared 'glib::gmodule-2.0'
-- Conan: Component target declared 'glib::gio-2.0'
-- Conan: Component target declared 'glib::gio-unix-2.0'
-- Conan: Target declared 'glib::glib'
-- Conan: Library gio-2.0 found /home/uilian/.conan2/p/glibf5cc7ccee5cfd/p/lib/libgio-2.0.so
-- Conan: Found: /home/uilian/.conan2/p/glibf5cc7ccee5cfd/p/lib/libgio-2.0.so
-- Conan: Library gthread-2.0 found /home/uilian/.conan2/p/glibf5cc7ccee5cfd/p/lib/libgthread-2.0.so
-- Conan: Found: /home/uilian/.conan2/p/glibf5cc7ccee5cfd/p/lib/libgthread-2.0.so
-- Conan: Library gobject-2.0 found /home/uilian/.conan2/p/glibf5cc7ccee5cfd/p/lib/libgobject-2.0.so
-- Conan: Found: /home/uilian/.conan2/p/glibf5cc7ccee5cfd/p/lib/libgobject-2.0.so
-- Conan: Library gmodule-2.0 found /home/uilian/.conan2/p/glibf5cc7ccee5cfd/p/lib/libgmodule-2.0.so
-- Conan: Found: /home/uilian/.conan2/p/glibf5cc7ccee5cfd/p/lib/libgmodule-2.0.so
-- Conan: Library glib-2.0 found /home/uilian/.conan2/p/glibf5cc7ccee5cfd/p/lib/libglib-2.0.so
-- Conan: Found: /home/uilian/.conan2/p/glibf5cc7ccee5cfd/p/lib/libglib-2.0.so
-- Conan: Library gio-2.0 found /home/uilian/.conan2/p/glibf5cc7ccee5cfd/p/lib/libgio-2.0.so
-- Conan: Found: /home/uilian/.conan2/p/glibf5cc7ccee5cfd/p/lib/libgio-2.0.so
-- Conan: Library gthread-2.0 found /home/uilian/.conan2/p/glibf5cc7ccee5cfd/p/lib/libgthread-2.0.so
-- Conan: Found: /home/uilian/.conan2/p/glibf5cc7ccee5cfd/p/lib/libgthread-2.0.so
-- Conan: Library gobject-2.0 found /home/uilian/.conan2/p/glibf5cc7ccee5cfd/p/lib/libgobject-2.0.so
-- Conan: Found: /home/uilian/.conan2/p/glibf5cc7ccee5cfd/p/lib/libgobject-2.0.so
-- Conan: Library gmodule-2.0 found /home/uilian/.conan2/p/glibf5cc7ccee5cfd/p/lib/libgmodule-2.0.so
-- Conan: Found: /home/uilian/.conan2/p/glibf5cc7ccee5cfd/p/lib/libgmodule-2.0.so
-- Conan: Library glib-2.0 found /home/uilian/.conan2/p/glibf5cc7ccee5cfd/p/lib/libglib-2.0.so
-- Conan: Found: /home/uilian/.conan2/p/glibf5cc7ccee5cfd/p/lib/libglib-2.0.so
-- Conan: Target declared 'libffi::libffi'
-- Conan: Component target declared 'elfutils::libelf'
-- Conan: Component target declared 'elfutils::libdw'
-- Conan: Component target declared 'elfutils::libasm'
-- Conan: Target declared 'elfutils::elfutils'
-- Conan: Component target declared 'zstd::libzstd_shared'
-- Conan: Target declared 'LibLZMA::LibLZMA'
-- Conan: Including build module from '/home/uilian/.conan2/p/xz_ut04ba5b46149b8/p/lib/cmake/conan-official-xz_utils-variables.cmake'
-- Conan: Component target declared 'libmount::libblkid'
-- Conan: Component target declared 'libmount::libmount'
-- Conan: Component target declared 'libselinux::sepol'
-- Conan: Component target declared 'libselinux::selinux'
-- Conan: Target declared 'libselinux::libselinux'
-- Conan: Component target declared 'PCRE2::8BIT'
-- Conan: Component target declared 'PCRE2::16BIT'
-- Conan: Component target declared 'PCRE2::32BIT'
-- Conan: Component target declared 'PCRE2::POSIX'
-- Conan: Target declared 'pcre2::pcre2'
-- Conan: Component target declared 'harfbuzz::harfbuzz'
-- Conan: Component target declared 'harfbuzz::subset'
-- Conan: Component target declared 'harfbuzz::gobject'
-- Conan: Target declared 'fribidi::fribidi'
-- Conan: Component target declared 'at-spi2-core::atspi'
-- Conan: Component target declared 'at-spi2-core::atk'
-- Conan: Component target declared 'at-spi2-core::atk-bridge'
-- Conan: Target declared 'at-spi2-core::at-spi2-core'
-- Conan: Target declared 'dbus-1'
-- Conan: Target declared 'libepoxy::libepoxy'
-- Conan: Target declared 'opengl::opengl'
-- Conan: Target declared 'egl::egl'
-- Conan: Target declared 'gdk-pixbuf::gdk-pixbuf'
-- Conan: Library gdk_pixbuf-2.0 found /home/uilian/.conan2/p/b/gdk-p2bd5b592f3c23/p/lib/libgdk_pixbuf-2.0.so
-- Conan: Found: /home/uilian/.conan2/p/b/gdk-p2bd5b592f3c23/p/lib/libgdk_pixbuf-2.0.so
-- Conan: Target declared 'TIFF::TIFF'
-- Conan: Including build module from '/home/uilian/.conan2/p/b/openc0f1bf19f37050/p/lib/cmake/conan-official-opencv-variables.cmake'
-- Conan: Component target declared 'gtk::gdk-3'
-- Conan: Component target declared 'gtk::unix-print'
-- Conan: Component target declared 'gtk::gtk-3'
-- Conan: Component target declared 'gtk::gdk-x11-3.0'
-- Conan: Component target declared 'gtk::gtk-x11-3.0'
-- Conan: Component target declared 'gtk::gail'
-- Conan: Component target declared 'gtk::unit-print'
-- Conan: Target declared 'gtk::gtk'
-- Conan: Library gailutil-3 found /home/uilian/.conan2/p/gtkc09b36a814080/p/lib/libgailutil-3.so
-- Conan: Found: /home/uilian/.conan2/p/gtkc09b36a814080/p/lib/libgailutil-3.so
-- Conan: Library gtk-3 found /home/uilian/.conan2/p/gtkc09b36a814080/p/lib/libgtk-3.so
-- Conan: Found: /home/uilian/.conan2/p/gtkc09b36a814080/p/lib/libgtk-3.so
-- Conan: Library gdk-3 found /home/uilian/.conan2/p/gtkc09b36a814080/p/lib/libgdk-3.so
-- Conan: Found: /home/uilian/.conan2/p/gtkc09b36a814080/p/lib/libgdk-3.so
-- Conan: Library gailutil-3 found /home/uilian/.conan2/p/gtkc09b36a814080/p/lib/libgailutil-3.so
-- Conan: Found: /home/uilian/.conan2/p/gtkc09b36a814080/p/lib/libgailutil-3.so
-- Conan: Library gtk-3 found /home/uilian/.conan2/p/gtkc09b36a814080/p/lib/libgtk-3.so
-- Conan: Found: /home/uilian/.conan2/p/gtkc09b36a814080/p/lib/libgtk-3.so
-- Conan: Library gdk-3 found /home/uilian/.conan2/p/gtkc09b36a814080/p/lib/libgdk-3.so
-- Conan: Found: /home/uilian/.conan2/p/gtkc09b36a814080/p/lib/libgdk-3.so
-- Conan: Component target declared 'pango::pango_'
-- Conan: Component target declared 'pango::pangoft2'
-- Conan: Component target declared 'pango::pangofc'
-- Conan: Component target declared 'pango::pangoroot'
-- Conan: Component target declared 'pango::pangoxft'
-- Conan: Component target declared 'pango::pangocairo'
-- Conan: Target declared 'pango::pango'
-- Conan: Target declared 'libxft::libxft'
-- Conan: Component target declared 'xorg-proto::applewmproto'
-- Conan: Component target declared 'xorg-proto::bigreqsproto'
-- Conan: Component target declared 'xorg-proto::compositeproto'
-- Conan: Component target declared 'xorg-proto::damageproto'
-- Conan: Component target declared 'xorg-proto::dmxproto'
-- Conan: Component target declared 'xorg-proto::dpmsproto'
-- Conan: Component target declared 'xorg-proto::dri2proto'
-- Conan: Component target declared 'xorg-proto::dri3proto'
-- Conan: Component target declared 'xorg-proto::fixesproto'
-- Conan: Component target declared 'xorg-proto::fontsproto'
-- Conan: Component target declared 'xorg-proto::glproto'
-- Conan: Component target declared 'xorg-proto::inputproto'
-- Conan: Component target declared 'xorg-proto::kbproto'
-- Conan: Component target declared 'xorg-proto::presentproto'
-- Conan: Component target declared 'xorg-proto::randrproto'
-- Conan: Component target declared 'xorg-proto::recordproto'
-- Conan: Component target declared 'xorg-proto::renderproto'
-- Conan: Component target declared 'xorg-proto::resourceproto'
-- Conan: Component target declared 'xorg-proto::scrnsaverproto'
-- Conan: Component target declared 'xorg-proto::videoproto'
-- Conan: Component target declared 'xorg-proto::xcmiscproto'
-- Conan: Component target declared 'xorg-proto::xextproto'
-- Conan: Component target declared 'xorg-proto::xf86bigfontproto'
-- Conan: Component target declared 'xorg-proto::xf86dgaproto'
-- Conan: Component target declared 'xorg-proto::xf86driproto'
-- Conan: Component target declared 'xorg-proto::xf86vidmodeproto'
-- Conan: Component target declared 'xorg-proto::xineramaproto'
-- Conan: Component target declared 'xorg-proto::xproto'
-- Conan: Component target declared 'xorg-proto::xwaylandproto'
-- Conan: Target declared 'xorg-proto::xorg-proto'
-- Conan: Target declared 'xorg-macros::xorg-macros'
-- Conan: Target declared 'Fontconfig::Fontconfig'
-- Conan: Target declared 'Freetype::Freetype'
-- Conan: Component target declared 'brotli::brotlicommon'
-- Conan: Component target declared 'brotli::brotlidec'
-- Conan: Component target declared 'brotli::brotlienc'
-- Conan: Target declared 'brotli::brotli'
-- Conan: Target declared 'BZip2::BZip2'
-- Conan: Including build module from '/home/uilian/.conan2/p/bzip2fb3260e7b2ab3/p/lib/cmake/conan-official-bzip2-variables.cmake'
-- Conan: Target declared 'PNG::PNG'
-- Conan: Target declared 'ZLIB::ZLIB'
-- Conan: Including build module from '/home/uilian/.conan2/p/freet1016e2088a12b/p/lib/cmake/conan-official-freetype-variables.cmake'
-- Conan: Target declared 'expat::expat'
-- Conan: Component target declared 'xorg::x11'
-- Conan: Component target declared 'xorg::x11-xcb'
-- Conan: Component target declared 'xorg::fontenc'
-- Conan: Component target declared 'xorg::ice'
-- Conan: Component target declared 'xorg::xau'
-- Conan: Component target declared 'xorg::xaw7'
-- Conan: Component target declared 'xorg::xcomposite'
-- Conan: Component target declared 'xorg::xcursor'
-- Conan: Component target declared 'xorg::xdamage'
-- Conan: Component target declared 'xorg::xdmcp'
-- Conan: Component target declared 'xorg::xext'
-- Conan: Component target declared 'xorg::xfixes'
-- Conan: Component target declared 'xorg::xi'
-- Conan: Component target declared 'xorg::xinerama'
-- Conan: Component target declared 'xorg::xkbfile'
-- Conan: Component target declared 'xorg::xmu'
-- Conan: Component target declared 'xorg::xmuu'
-- Conan: Component target declared 'xorg::xpm'
-- Conan: Component target declared 'xorg::xrandr'
-- Conan: Component target declared 'xorg::xrender'
-- Conan: Component target declared 'xorg::xres'
-- Conan: Component target declared 'xorg::xscrnsaver'
-- Conan: Component target declared 'xorg::xt'
-- Conan: Component target declared 'xorg::xtst'
-- Conan: Component target declared 'xorg::xv'
-- Conan: Component target declared 'xorg::xxf86vm'
-- Conan: Component target declared 'xorg::xcb-xkb'
-- Conan: Component target declared 'xorg::xcb-icccm'
-- Conan: Component target declared 'xorg::xcb-image'
-- Conan: Component target declared 'xorg::xcb-keysyms'
-- Conan: Component target declared 'xorg::xcb-randr'
-- Conan: Component target declared 'xorg::xcb-render'
-- Conan: Component target declared 'xorg::xcb-renderutil'
-- Conan: Component target declared 'xorg::xcb-shape'
-- Conan: Component target declared 'xorg::xcb-shm'
-- Conan: Component target declared 'xorg::xcb-sync'
-- Conan: Component target declared 'xorg::xcb-xfixes'
-- Conan: Component target declared 'xorg::xcb-xinerama'
-- Conan: Component target declared 'xorg::xcb'
-- Conan: Component target declared 'xorg::xcb-atom'
-- Conan: Component target declared 'xorg::xcb-aux'
-- Conan: Component target declared 'xorg::xcb-event'
-- Conan: Component target declared 'xorg::xcb-util'
-- Conan: Component target declared 'xorg::xcb-dri3'
-- Conan: Component target declared 'xorg::xcb-cursor'
-- Conan: Component target declared 'xorg::xcb-dri2'
-- Conan: Component target declared 'xorg::xcb-glx'
-- Conan: Component target declared 'xorg::xcb-present'
-- Conan: Component target declared 'xorg::xcb-composite'
-- Conan: Component target declared 'xorg::xcb-ewmh'
-- Conan: Component target declared 'xorg::xcb-res'
-- Conan: Component target declared 'xorg::uuid'
-- Conan: Component target declared 'xorg::sm'
-- Conan: Target declared 'xorg::xorg'
-- Conan: Component target declared 'cairo::cairo_'
-- Conan: Component target declared 'cairo::cairo-png'
-- Conan: Component target declared 'cairo::cairo-svg'
-- Conan: Component target declared 'cairo::cairo-fc'
-- Conan: Component target declared 'cairo::cairo-ft'
-- Conan: Component target declared 'cairo::cairo-xlib'
-- Conan: Component target declared 'cairo::cairo-xlib-xrender'
-- Conan: Component target declared 'cairo::cairo-xcb'
-- Conan: Component target declared 'cairo::cairo-xcb-shm'
-- Conan: Component target declared 'cairo::cairo-xlib-xcb'
-- Conan: Component target declared 'cairo::cairo-script'
-- Conan: Component target declared 'cairo::cairo-ps'
-- Conan: Component target declared 'cairo::cairo-pdf'
-- Conan: Component target declared 'cairo::cairo-script-interpreter'
-- Conan: Component target declared 'cairo::cairo-xml'
-- Conan: Component target declared 'cairo::cairo-util_'
-- Conan: Component target declared 'cairo::cairo-gobject'
-- Conan: Target declared 'cairo::cairo'
-- Conan: Target declared 'pixman::pixman'
-- Conan: Target declared 'lzo::lzo'
-- Conan: Component target declared 'glib::glib-2.0'
-- Conan: Component target declared 'glib::gresource'
-- Conan: Component target declared 'glib::gmodule-no-export-2.0'
-- Conan: Component target declared 'glib::gobject-2.0'
-- Conan: Component target declared 'glib::gthread-2.0'
-- Conan: Component target declared 'glib::gmodule-export-2.0'
-- Conan: Component target declared 'glib::gmodule-2.0'
-- Conan: Component target declared 'glib::gio-2.0'
-- Conan: Component target declared 'glib::gio-unix-2.0'
-- Conan: Target declared 'glib::glib'
-- Conan: Library gio-2.0 found /home/uilian/.conan2/p/glibf5cc7ccee5cfd/p/lib/libgio-2.0.so
-- Conan: Found: /home/uilian/.conan2/p/glibf5cc7ccee5cfd/p/lib/libgio-2.0.so
-- Conan: Library gthread-2.0 found /home/uilian/.conan2/p/glibf5cc7ccee5cfd/p/lib/libgthread-2.0.so
-- Conan: Found: /home/uilian/.conan2/p/glibf5cc7ccee5cfd/p/lib/libgthread-2.0.so
-- Conan: Library gobject-2.0 found /home/uilian/.conan2/p/glibf5cc7ccee5cfd/p/lib/libgobject-2.0.so
-- Conan: Found: /home/uilian/.conan2/p/glibf5cc7ccee5cfd/p/lib/libgobject-2.0.so
-- Conan: Library gmodule-2.0 found /home/uilian/.conan2/p/glibf5cc7ccee5cfd/p/lib/libgmodule-2.0.so
-- Conan: Found: /home/uilian/.conan2/p/glibf5cc7ccee5cfd/p/lib/libgmodule-2.0.so
-- Conan: Library glib-2.0 found /home/uilian/.conan2/p/glibf5cc7ccee5cfd/p/lib/libglib-2.0.so
-- Conan: Found: /home/uilian/.conan2/p/glibf5cc7ccee5cfd/p/lib/libglib-2.0.so
-- Conan: Library gio-2.0 found /home/uilian/.conan2/p/glibf5cc7ccee5cfd/p/lib/libgio-2.0.so
-- Conan: Found: /home/uilian/.conan2/p/glibf5cc7ccee5cfd/p/lib/libgio-2.0.so
-- Conan: Library gthread-2.0 found /home/uilian/.conan2/p/glibf5cc7ccee5cfd/p/lib/libgthread-2.0.so
-- Conan: Found: /home/uilian/.conan2/p/glibf5cc7ccee5cfd/p/lib/libgthread-2.0.so
-- Conan: Library gobject-2.0 found /home/uilian/.conan2/p/glibf5cc7ccee5cfd/p/lib/libgobject-2.0.so
-- Conan: Found: /home/uilian/.conan2/p/glibf5cc7ccee5cfd/p/lib/libgobject-2.0.so
-- Conan: Library gmodule-2.0 found /home/uilian/.conan2/p/glibf5cc7ccee5cfd/p/lib/libgmodule-2.0.so
-- Conan: Found: /home/uilian/.conan2/p/glibf5cc7ccee5cfd/p/lib/libgmodule-2.0.so
-- Conan: Library glib-2.0 found /home/uilian/.conan2/p/glibf5cc7ccee5cfd/p/lib/libglib-2.0.so
-- Conan: Found: /home/uilian/.conan2/p/glibf5cc7ccee5cfd/p/lib/libglib-2.0.so
-- Conan: Target declared 'libffi::libffi'
-- Conan: Component target declared 'elfutils::libelf'
-- Conan: Component target declared 'elfutils::libdw'
-- Conan: Component target declared 'elfutils::libasm'
-- Conan: Target declared 'elfutils::elfutils'
-- Conan: Component target declared 'zstd::libzstd_shared'
-- Conan: Target declared 'LibLZMA::LibLZMA'
-- Conan: Including build module from '/home/uilian/.conan2/p/xz_ut04ba5b46149b8/p/lib/cmake/conan-official-xz_utils-variables.cmake'
-- Conan: Component target declared 'libmount::libblkid'
-- Conan: Component target declared 'libmount::libmount'
-- Conan: Component target declared 'libselinux::sepol'
-- Conan: Component target declared 'libselinux::selinux'
-- Conan: Target declared 'libselinux::libselinux'
-- Conan: Component target declared 'PCRE2::8BIT'
-- Conan: Component target declared 'PCRE2::16BIT'
-- Conan: Component target declared 'PCRE2::32BIT'
-- Conan: Component target declared 'PCRE2::POSIX'
-- Conan: Target declared 'pcre2::pcre2'
-- Conan: Component target declared 'harfbuzz::harfbuzz'
-- Conan: Component target declared 'harfbuzz::subset'
-- Conan: Component target declared 'harfbuzz::gobject'
-- Conan: Target declared 'fribidi::fribidi'
-- Conan: Component target declared 'at-spi2-core::atspi'
-- Conan: Component target declared 'at-spi2-core::atk'
-- Conan: Component target declared 'at-spi2-core::atk-bridge'
-- Conan: Target declared 'at-spi2-core::at-spi2-core'
-- Conan: Target declared 'dbus-1'
-- Conan: Target declared 'libepoxy::libepoxy'
-- Conan: Target declared 'opengl::opengl'
-- Conan: Target declared 'egl::egl'
-- Conan: Target declared 'gdk-pixbuf::gdk-pixbuf'
-- Conan: Library gdk_pixbuf-2.0 found /home/uilian/.conan2/p/b/gdk-p2bd5b592f3c23/p/lib/libgdk_pixbuf-2.0.so
-- Conan: Found: /home/uilian/.conan2/p/b/gdk-p2bd5b592f3c23/p/lib/libgdk_pixbuf-2.0.so
-- Conan: Target declared 'TIFF::TIFF'
-- Conan: Target declared 'JPEG::JPEG'
-- Conan: Component target declared 'opencv_core'
-- Conan: Component target declared 'opencv::opencv_core_alias'
-- Conan: Component target declared 'opencv_flann'
-- Conan: Component target declared 'opencv_imgproc'
-- Conan: Component target declared 'opencv_ml'
-- Conan: Component target declared 'opencv::opencv_flann_alias'
-- Conan: Component target declared 'opencv::opencv_imgproc_alias'
-- Conan: Component target declared 'opencv::opencv_ml_alias'
-- Conan: Component target declared 'opencv_photo'
-- Conan: Component target declared 'opencv_video'
-- Conan: Component target declared 'opencv_features2d'
-- Conan: Component target declared 'opencv_imgcodecs'
-- Conan: Component target declared 'opencv::opencv_photo_alias'
-- Conan: Component target declared 'opencv::opencv_video_alias'
-- Conan: Component target declared 'opencv::opencv_features2d_alias'
-- Conan: Component target declared 'opencv::opencv_imgcodecs_alias'
-- Conan: Component target declared 'opencv_shape'
-- Conan: Component target declared 'opencv_videoio'
-- Conan: Component target declared 'opencv_calib3d'
-- Conan: Component target declared 'opencv::opencv_shape_alias'
-- Conan: Component target declared 'opencv::opencv_videoio_alias'
-- Conan: Component target declared 'opencv::opencv_calib3d_alias'
-- Conan: Component target declared 'opencv_highgui'
-- Conan: Component target declared 'opencv_objdetect'
-- Conan: Component target declared 'opencv_stitching'
-- Conan: Component target declared 'opencv_superres'
-- Conan: Component target declared 'opencv_videostab'
-- Conan: Component target declared 'opencv::opencv_highgui_alias'
-- Conan: Component target declared 'opencv::opencv_objdetect_alias'
-- Conan: Component target declared 'opencv::opencv_stitching_alias'
-- Conan: Component target declared 'opencv::opencv_superres_alias'
-- Conan: Component target declared 'opencv::opencv_videostab_alias'
-- Conan: Target declared 'opencv::opencv'
-- Conan: Library opencv_videostab found /home/uilian/.conan2/p/b/openc0f1bf19f37050/p/lib/libopencv_videostab.so
-- Conan: Found: /home/uilian/.conan2/p/b/openc0f1bf19f37050/p/lib/libopencv_videostab.so
-- Conan: Library opencv_superres found /home/uilian/.conan2/p/b/openc0f1bf19f37050/p/lib/libopencv_superres.so
-- Conan: Found: /home/uilian/.conan2/p/b/openc0f1bf19f37050/p/lib/libopencv_superres.so
-- Conan: Library opencv_stitching found /home/uilian/.conan2/p/b/openc0f1bf19f37050/p/lib/libopencv_stitching.so
-- Conan: Found: /home/uilian/.conan2/p/b/openc0f1bf19f37050/p/lib/libopencv_stitching.so
-- Conan: Library opencv_objdetect found /home/uilian/.conan2/p/b/openc0f1bf19f37050/p/lib/libopencv_objdetect.so
-- Conan: Found: /home/uilian/.conan2/p/b/openc0f1bf19f37050/p/lib/libopencv_objdetect.so
-- Conan: Library opencv_highgui found /home/uilian/.conan2/p/b/openc0f1bf19f37050/p/lib/libopencv_highgui.so
-- Conan: Found: /home/uilian/.conan2/p/b/openc0f1bf19f37050/p/lib/libopencv_highgui.so
-- Conan: Library opencv_calib3d found /home/uilian/.conan2/p/b/openc0f1bf19f37050/p/lib/libopencv_calib3d.so
-- Conan: Found: /home/uilian/.conan2/p/b/openc0f1bf19f37050/p/lib/libopencv_calib3d.so
-- Conan: Library opencv_videoio found /home/uilian/.conan2/p/b/openc0f1bf19f37050/p/lib/libopencv_videoio.so
-- Conan: Found: /home/uilian/.conan2/p/b/openc0f1bf19f37050/p/lib/libopencv_videoio.so
-- Conan: Library opencv_shape found /home/uilian/.conan2/p/b/openc0f1bf19f37050/p/lib/libopencv_shape.so
-- Conan: Found: /home/uilian/.conan2/p/b/openc0f1bf19f37050/p/lib/libopencv_shape.so
-- Conan: Library opencv_imgcodecs found /home/uilian/.conan2/p/b/openc0f1bf19f37050/p/lib/libopencv_imgcodecs.so
-- Conan: Found: /home/uilian/.conan2/p/b/openc0f1bf19f37050/p/lib/libopencv_imgcodecs.so
-- Conan: Library opencv_features2d found /home/uilian/.conan2/p/b/openc0f1bf19f37050/p/lib/libopencv_features2d.so
-- Conan: Found: /home/uilian/.conan2/p/b/openc0f1bf19f37050/p/lib/libopencv_features2d.so
-- Conan: Library opencv_video found /home/uilian/.conan2/p/b/openc0f1bf19f37050/p/lib/libopencv_video.so
-- Conan: Found: /home/uilian/.conan2/p/b/openc0f1bf19f37050/p/lib/libopencv_video.so
-- Conan: Library opencv_photo found /home/uilian/.conan2/p/b/openc0f1bf19f37050/p/lib/libopencv_photo.so
-- Conan: Found: /home/uilian/.conan2/p/b/openc0f1bf19f37050/p/lib/libopencv_photo.so
-- Conan: Library opencv_ml found /home/uilian/.conan2/p/b/openc0f1bf19f37050/p/lib/libopencv_ml.so
-- Conan: Found: /home/uilian/.conan2/p/b/openc0f1bf19f37050/p/lib/libopencv_ml.so
-- Conan: Library opencv_imgproc found /home/uilian/.conan2/p/b/openc0f1bf19f37050/p/lib/libopencv_imgproc.so
-- Conan: Found: /home/uilian/.conan2/p/b/openc0f1bf19f37050/p/lib/libopencv_imgproc.so
-- Conan: Library opencv_flann found /home/uilian/.conan2/p/b/openc0f1bf19f37050/p/lib/libopencv_flann.so
-- Conan: Found: /home/uilian/.conan2/p/b/openc0f1bf19f37050/p/lib/libopencv_flann.so
-- Conan: Library opencv_core found /home/uilian/.conan2/p/b/openc0f1bf19f37050/p/lib/libopencv_core.so
-- Conan: Found: /home/uilian/.conan2/p/b/openc0f1bf19f37050/p/lib/libopencv_core.so
-- Conan: Library opencv_videostab found /home/uilian/.conan2/p/b/openc0f1bf19f37050/p/lib/libopencv_videostab.so
-- Conan: Found: /home/uilian/.conan2/p/b/openc0f1bf19f37050/p/lib/libopencv_videostab.so
-- Conan: Library opencv_superres found /home/uilian/.conan2/p/b/openc0f1bf19f37050/p/lib/libopencv_superres.so
-- Conan: Found: /home/uilian/.conan2/p/b/openc0f1bf19f37050/p/lib/libopencv_superres.so
-- Conan: Library opencv_stitching found /home/uilian/.conan2/p/b/openc0f1bf19f37050/p/lib/libopencv_stitching.so
-- Conan: Found: /home/uilian/.conan2/p/b/openc0f1bf19f37050/p/lib/libopencv_stitching.so
-- Conan: Library opencv_objdetect found /home/uilian/.conan2/p/b/openc0f1bf19f37050/p/lib/libopencv_objdetect.so
-- Conan: Found: /home/uilian/.conan2/p/b/openc0f1bf19f37050/p/lib/libopencv_objdetect.so
-- Conan: Library opencv_highgui found /home/uilian/.conan2/p/b/openc0f1bf19f37050/p/lib/libopencv_highgui.so
-- Conan: Found: /home/uilian/.conan2/p/b/openc0f1bf19f37050/p/lib/libopencv_highgui.so
-- Conan: Library opencv_calib3d found /home/uilian/.conan2/p/b/openc0f1bf19f37050/p/lib/libopencv_calib3d.so
-- Conan: Found: /home/uilian/.conan2/p/b/openc0f1bf19f37050/p/lib/libopencv_calib3d.so
-- Conan: Library opencv_videoio found /home/uilian/.conan2/p/b/openc0f1bf19f37050/p/lib/libopencv_videoio.so
-- Conan: Found: /home/uilian/.conan2/p/b/openc0f1bf19f37050/p/lib/libopencv_videoio.so
-- Conan: Library opencv_shape found /home/uilian/.conan2/p/b/openc0f1bf19f37050/p/lib/libopencv_shape.so
-- Conan: Found: /home/uilian/.conan2/p/b/openc0f1bf19f37050/p/lib/libopencv_shape.so
-- Conan: Library opencv_imgcodecs found /home/uilian/.conan2/p/b/openc0f1bf19f37050/p/lib/libopencv_imgcodecs.so
-- Conan: Found: /home/uilian/.conan2/p/b/openc0f1bf19f37050/p/lib/libopencv_imgcodecs.so
-- Conan: Library opencv_features2d found /home/uilian/.conan2/p/b/openc0f1bf19f37050/p/lib/libopencv_features2d.so
-- Conan: Found: /home/uilian/.conan2/p/b/openc0f1bf19f37050/p/lib/libopencv_features2d.so
-- Conan: Library opencv_video found /home/uilian/.conan2/p/b/openc0f1bf19f37050/p/lib/libopencv_video.so
-- Conan: Found: /home/uilian/.conan2/p/b/openc0f1bf19f37050/p/lib/libopencv_video.so
-- Conan: Library opencv_photo found /home/uilian/.conan2/p/b/openc0f1bf19f37050/p/lib/libopencv_photo.so
-- Conan: Found: /home/uilian/.conan2/p/b/openc0f1bf19f37050/p/lib/libopencv_photo.so
-- Conan: Library opencv_ml found /home/uilian/.conan2/p/b/openc0f1bf19f37050/p/lib/libopencv_ml.so
-- Conan: Found: /home/uilian/.conan2/p/b/openc0f1bf19f37050/p/lib/libopencv_ml.so
-- Conan: Library opencv_imgproc found /home/uilian/.conan2/p/b/openc0f1bf19f37050/p/lib/libopencv_imgproc.so
-- Conan: Found: /home/uilian/.conan2/p/b/openc0f1bf19f37050/p/lib/libopencv_imgproc.so
-- Conan: Library opencv_flann found /home/uilian/.conan2/p/b/openc0f1bf19f37050/p/lib/libopencv_flann.so
-- Conan: Found: /home/uilian/.conan2/p/b/openc0f1bf19f37050/p/lib/libopencv_flann.so
-- Conan: Library opencv_core found /home/uilian/.conan2/p/b/openc0f1bf19f37050/p/lib/libopencv_core.so
-- Conan: Found: /home/uilian/.conan2/p/b/openc0f1bf19f37050/p/lib/libopencv_core.so
-- Conan: Target declared 'Jasper::Jasper'
-- Conan: Including build module from '/home/uilian/.conan2/p/jaspe0369a423f6fd4/p/lib/cmake/conan-official-jasper-variables.cmake'
-- Conan: Component target declared 'OpenEXR::IlmImfConfig'
-- Conan: Component target declared 'IlmBase::IlmBaseConfig'
-- Conan: Component target declared 'IlmBase::Half'
-- Conan: Component target declared 'IlmBase::Iex'
-- Conan: Component target declared 'IlmBase::IexMath'
-- Conan: Component target declared 'IlmBase::IlmThread'
-- Conan: Component target declared 'IlmBase::IMath'
-- Conan: Component target declared 'OpenEXR::IlmImf'
-- Conan: Component target declared 'openexr::ilmbase_conan_pkgconfig'
-- Conan: Component target declared 'OpenEXR::IlmImfUtil'
-- Conan: Target declared 'openexr::openexr'
-- Conan: Component target declared 'WebP::webpdecoder'
-- Conan: Component target declared 'WebP::sharpyuv'
-- Conan: Component target declared 'WebP::webp'
-- Conan: Component target declared 'WebP::webpdemux'
-- Conan: Component target declared 'WebP::libwebpmux'
-- Conan: Target declared 'libwebp::libwebp'
-- Conan: Including build module from '/home/uilian/.conan2/p/b/openc0f1bf19f37050/p/lib/cmake/conan-official-opencv-variables.cmake'
-- Conan: Component target declared 'opencv_core'
-- Conan: Component target declared 'opencv::opencv_core_alias'
-- Conan: Component target declared 'opencv_flann'
-- Conan: Component target declared 'opencv_imgproc'
-- Conan: Component target declared 'opencv_ml'
-- Conan: Component target declared 'opencv::opencv_flann_alias'
-- Conan: Component target declared 'opencv::opencv_imgproc_alias'
-- Conan: Component target declared 'opencv::opencv_ml_alias'
-- Conan: Component target declared 'opencv_photo'
-- Conan: Component target declared 'opencv_video'
-- Conan: Component target declared 'opencv_features2d'
-- Conan: Component target declared 'opencv_imgcodecs'
-- Conan: Component target declared 'opencv::opencv_photo_alias'
-- Conan: Component target declared 'opencv::opencv_video_alias'
-- Conan: Component target declared 'opencv::opencv_features2d_alias'
-- Conan: Component target declared 'opencv::opencv_imgcodecs_alias'
-- Conan: Component target declared 'opencv_shape'
-- Conan: Component target declared 'opencv_videoio'
-- Conan: Component target declared 'opencv_calib3d'
-- Conan: Component target declared 'opencv::opencv_shape_alias'
-- Conan: Component target declared 'opencv::opencv_videoio_alias'
-- Conan: Component target declared 'opencv::opencv_calib3d_alias'
-- Conan: Component target declared 'opencv_highgui'
-- Conan: Component target declared 'opencv_objdetect'
-- Conan: Component target declared 'opencv_stitching'
-- Conan: Component target declared 'opencv_superres'
-- Conan: Component target declared 'opencv_videostab'
-- Conan: Component target declared 'opencv::opencv_highgui_alias'
-- Conan: Component target declared 'opencv::opencv_objdetect_alias'
-- Conan: Component target declared 'opencv::opencv_stitching_alias'
-- Conan: Component target declared 'opencv::opencv_superres_alias'
-- Conan: Component target declared 'opencv::opencv_videostab_alias'
-- Conan: Target declared 'opencv::opencv'
-- Conan: Library opencv_videostab found /home/uilian/.conan2/p/b/openc0f1bf19f37050/p/lib/libopencv_videostab.so
-- Conan: Found: /home/uilian/.conan2/p/b/openc0f1bf19f37050/p/lib/libopencv_videostab.so
-- Conan: Library opencv_superres found /home/uilian/.conan2/p/b/openc0f1bf19f37050/p/lib/libopencv_superres.so
-- Conan: Found: /home/uilian/.conan2/p/b/openc0f1bf19f37050/p/lib/libopencv_superres.so
-- Conan: Library opencv_stitching found /home/uilian/.conan2/p/b/openc0f1bf19f37050/p/lib/libopencv_stitching.so
-- Conan: Found: /home/uilian/.conan2/p/b/openc0f1bf19f37050/p/lib/libopencv_stitching.so
-- Conan: Library opencv_objdetect found /home/uilian/.conan2/p/b/openc0f1bf19f37050/p/lib/libopencv_objdetect.so
-- Conan: Found: /home/uilian/.conan2/p/b/openc0f1bf19f37050/p/lib/libopencv_objdetect.so
-- Conan: Library opencv_highgui found /home/uilian/.conan2/p/b/openc0f1bf19f37050/p/lib/libopencv_highgui.so
-- Conan: Found: /home/uilian/.conan2/p/b/openc0f1bf19f37050/p/lib/libopencv_highgui.so
-- Conan: Library opencv_calib3d found /home/uilian/.conan2/p/b/openc0f1bf19f37050/p/lib/libopencv_calib3d.so
-- Conan: Found: /home/uilian/.conan2/p/b/openc0f1bf19f37050/p/lib/libopencv_calib3d.so
-- Conan: Library opencv_videoio found /home/uilian/.conan2/p/b/openc0f1bf19f37050/p/lib/libopencv_videoio.so
-- Conan: Found: /home/uilian/.conan2/p/b/openc0f1bf19f37050/p/lib/libopencv_videoio.so
-- Conan: Library opencv_shape found /home/uilian/.conan2/p/b/openc0f1bf19f37050/p/lib/libopencv_shape.so
-- Conan: Found: /home/uilian/.conan2/p/b/openc0f1bf19f37050/p/lib/libopencv_shape.so
-- Conan: Library opencv_imgcodecs found /home/uilian/.conan2/p/b/openc0f1bf19f37050/p/lib/libopencv_imgcodecs.so
-- Conan: Found: /home/uilian/.conan2/p/b/openc0f1bf19f37050/p/lib/libopencv_imgcodecs.so
-- Conan: Library opencv_features2d found /home/uilian/.conan2/p/b/openc0f1bf19f37050/p/lib/libopencv_features2d.so
-- Conan: Found: /home/uilian/.conan2/p/b/openc0f1bf19f37050/p/lib/libopencv_features2d.so
-- Conan: Library opencv_video found /home/uilian/.conan2/p/b/openc0f1bf19f37050/p/lib/libopencv_video.so
-- Conan: Found: /home/uilian/.conan2/p/b/openc0f1bf19f37050/p/lib/libopencv_video.so
-- Conan: Library opencv_photo found /home/uilian/.conan2/p/b/openc0f1bf19f37050/p/lib/libopencv_photo.so
-- Conan: Found: /home/uilian/.conan2/p/b/openc0f1bf19f37050/p/lib/libopencv_photo.so
-- Conan: Library opencv_ml found /home/uilian/.conan2/p/b/openc0f1bf19f37050/p/lib/libopencv_ml.so
-- Conan: Found: /home/uilian/.conan2/p/b/openc0f1bf19f37050/p/lib/libopencv_ml.so
-- Conan: Library opencv_imgproc found /home/uilian/.conan2/p/b/openc0f1bf19f37050/p/lib/libopencv_imgproc.so
-- Conan: Found: /home/uilian/.conan2/p/b/openc0f1bf19f37050/p/lib/libopencv_imgproc.so
-- Conan: Library opencv_flann found /home/uilian/.conan2/p/b/openc0f1bf19f37050/p/lib/libopencv_flann.so
-- Conan: Found: /home/uilian/.conan2/p/b/openc0f1bf19f37050/p/lib/libopencv_flann.so
-- Conan: Library opencv_core found /home/uilian/.conan2/p/b/openc0f1bf19f37050/p/lib/libopencv_core.so
-- Conan: Found: /home/uilian/.conan2/p/b/openc0f1bf19f37050/p/lib/libopencv_core.so
-- Conan: Library opencv_videostab found /home/uilian/.conan2/p/b/openc0f1bf19f37050/p/lib/libopencv_videostab.so
-- Conan: Found: /home/uilian/.conan2/p/b/openc0f1bf19f37050/p/lib/libopencv_videostab.so
-- Conan: Library opencv_superres found /home/uilian/.conan2/p/b/openc0f1bf19f37050/p/lib/libopencv_superres.so
-- Conan: Found: /home/uilian/.conan2/p/b/openc0f1bf19f37050/p/lib/libopencv_superres.so
-- Conan: Library opencv_stitching found /home/uilian/.conan2/p/b/openc0f1bf19f37050/p/lib/libopencv_stitching.so
-- Conan: Found: /home/uilian/.conan2/p/b/openc0f1bf19f37050/p/lib/libopencv_stitching.so
-- Conan: Library opencv_objdetect found /home/uilian/.conan2/p/b/openc0f1bf19f37050/p/lib/libopencv_objdetect.so
-- Conan: Found: /home/uilian/.conan2/p/b/openc0f1bf19f37050/p/lib/libopencv_objdetect.so
-- Conan: Library opencv_highgui found /home/uilian/.conan2/p/b/openc0f1bf19f37050/p/lib/libopencv_highgui.so
-- Conan: Found: /home/uilian/.conan2/p/b/openc0f1bf19f37050/p/lib/libopencv_highgui.so
-- Conan: Library opencv_calib3d found /home/uilian/.conan2/p/b/openc0f1bf19f37050/p/lib/libopencv_calib3d.so
-- Conan: Found: /home/uilian/.conan2/p/b/openc0f1bf19f37050/p/lib/libopencv_calib3d.so
-- Conan: Library opencv_videoio found /home/uilian/.conan2/p/b/openc0f1bf19f37050/p/lib/libopencv_videoio.so
-- Conan: Found: /home/uilian/.conan2/p/b/openc0f1bf19f37050/p/lib/libopencv_videoio.so
-- Conan: Library opencv_shape found /home/uilian/.conan2/p/b/openc0f1bf19f37050/p/lib/libopencv_shape.so
-- Conan: Found: /home/uilian/.conan2/p/b/openc0f1bf19f37050/p/lib/libopencv_shape.so
-- Conan: Library opencv_imgcodecs found /home/uilian/.conan2/p/b/openc0f1bf19f37050/p/lib/libopencv_imgcodecs.so
-- Conan: Found: /home/uilian/.conan2/p/b/openc0f1bf19f37050/p/lib/libopencv_imgcodecs.so
-- Conan: Library opencv_features2d found /home/uilian/.conan2/p/b/openc0f1bf19f37050/p/lib/libopencv_features2d.so
-- Conan: Found: /home/uilian/.conan2/p/b/openc0f1bf19f37050/p/lib/libopencv_features2d.so
-- Conan: Library opencv_video found /home/uilian/.conan2/p/b/openc0f1bf19f37050/p/lib/libopencv_video.so
-- Conan: Found: /home/uilian/.conan2/p/b/openc0f1bf19f37050/p/lib/libopencv_video.so
-- Conan: Library opencv_photo found /home/uilian/.conan2/p/b/openc0f1bf19f37050/p/lib/libopencv_photo.so
-- Conan: Found: /home/uilian/.conan2/p/b/openc0f1bf19f37050/p/lib/libopencv_photo.so
-- Conan: Library opencv_ml found /home/uilian/.conan2/p/b/openc0f1bf19f37050/p/lib/libopencv_ml.so
-- Conan: Found: /home/uilian/.conan2/p/b/openc0f1bf19f37050/p/lib/libopencv_ml.so
-- Conan: Library opencv_imgproc found /home/uilian/.conan2/p/b/openc0f1bf19f37050/p/lib/libopencv_imgproc.so
-- Conan: Found: /home/uilian/.conan2/p/b/openc0f1bf19f37050/p/lib/libopencv_imgproc.so
-- Conan: Library opencv_flann found /home/uilian/.conan2/p/b/openc0f1bf19f37050/p/lib/libopencv_flann.so
-- Conan: Found: /home/uilian/.conan2/p/b/openc0f1bf19f37050/p/lib/libopencv_flann.so
-- Conan: Library opencv_core found /home/uilian/.conan2/p/b/openc0f1bf19f37050/p/lib/libopencv_core.so
-- Conan: Found: /home/uilian/.conan2/p/b/openc0f1bf19f37050/p/lib/libopencv_core.so
-- Conan: Target declared 'Jasper::Jasper'
-- Conan: Target declared 'JPEG::JPEG'
-- Conan: Including build module from '/home/uilian/.conan2/p/jaspe0369a423f6fd4/p/lib/cmake/conan-official-jasper-variables.cmake'
-- Conan: Component target declared 'OpenEXR::IlmImfConfig'
-- Conan: Component target declared 'IlmBase::IlmBaseConfig'
-- Conan: Component target declared 'IlmBase::Half'
-- Conan: Component target declared 'IlmBase::Iex'
-- Conan: Component target declared 'IlmBase::IexMath'
-- Conan: Component target declared 'IlmBase::IlmThread'
-- Conan: Component target declared 'IlmBase::IMath'
-- Conan: Component target declared 'OpenEXR::IlmImf'
-- Conan: Component target declared 'openexr::ilmbase_conan_pkgconfig'
-- Conan: Component target declared 'OpenEXR::IlmImfUtil'
-- Conan: Target declared 'openexr::openexr'
-- Conan: Target declared 'ZLIB::ZLIB'
-- Conan: Component target declared 'WebP::webpdecoder'
-- Conan: Component target declared 'WebP::sharpyuv'
-- Conan: Component target declared 'WebP::webp'
-- Conan: Component target declared 'WebP::webpdemux'
-- Conan: Component target declared 'WebP::libwebpmux'
-- Conan: Target declared 'libwebp::libwebp'
-- Conan: Component target declared 'gtk::gdk-3'
-- Conan: Component target declared 'gtk::unix-print'
-- Conan: Component target declared 'gtk::gtk-3'
-- Conan: Component target declared 'gtk::gdk-x11-3.0'
-- Conan: Component target declared 'gtk::gtk-x11-3.0'
-- Conan: Component target declared 'gtk::gail'
-- Conan: Component target declared 'gtk::unit-print'
-- Conan: Target declared 'gtk::gtk'
-- Conan: Library gailutil-3 found /home/uilian/.conan2/p/gtkc09b36a814080/p/lib/libgailutil-3.so
-- Conan: Found: /home/uilian/.conan2/p/gtkc09b36a814080/p/lib/libgailutil-3.so
-- Conan: Library gtk-3 found /home/uilian/.conan2/p/gtkc09b36a814080/p/lib/libgtk-3.so
-- Conan: Found: /home/uilian/.conan2/p/gtkc09b36a814080/p/lib/libgtk-3.so
-- Conan: Library gdk-3 found /home/uilian/.conan2/p/gtkc09b36a814080/p/lib/libgdk-3.so
-- Conan: Found: /home/uilian/.conan2/p/gtkc09b36a814080/p/lib/libgdk-3.so
-- Conan: Library gailutil-3 found /home/uilian/.conan2/p/gtkc09b36a814080/p/lib/libgailutil-3.so
-- Conan: Found: /home/uilian/.conan2/p/gtkc09b36a814080/p/lib/libgailutil-3.so
-- Conan: Library gtk-3 found /home/uilian/.conan2/p/gtkc09b36a814080/p/lib/libgtk-3.so
-- Conan: Found: /home/uilian/.conan2/p/gtkc09b36a814080/p/lib/libgtk-3.so
-- Conan: Library gdk-3 found /home/uilian/.conan2/p/gtkc09b36a814080/p/lib/libgdk-3.so
-- Conan: Found: /home/uilian/.conan2/p/gtkc09b36a814080/p/lib/libgdk-3.so
-- Conan: Component target declared 'pango::pango_'
-- Conan: Component target declared 'pango::pangoft2'
-- Conan: Component target declared 'pango::pangofc'
-- Conan: Component target declared 'pango::pangoroot'
-- Conan: Component target declared 'pango::pangoxft'
-- Conan: Component target declared 'pango::pangocairo'
-- Conan: Target declared 'pango::pango'
-- Conan: Target declared 'libxft::libxft'
-- Conan: Component target declared 'xorg-proto::applewmproto'
-- Conan: Component target declared 'xorg-proto::bigreqsproto'
-- Conan: Component target declared 'xorg-proto::compositeproto'
-- Conan: Component target declared 'xorg-proto::damageproto'
-- Conan: Component target declared 'xorg-proto::dmxproto'
-- Conan: Component target declared 'xorg-proto::dpmsproto'
-- Conan: Component target declared 'xorg-proto::dri2proto'
-- Conan: Component target declared 'xorg-proto::dri3proto'
-- Conan: Component target declared 'xorg-proto::fixesproto'
-- Conan: Component target declared 'xorg-proto::fontsproto'
-- Conan: Component target declared 'xorg-proto::glproto'
-- Conan: Component target declared 'xorg-proto::inputproto'
-- Conan: Component target declared 'xorg-proto::kbproto'
-- Conan: Component target declared 'xorg-proto::presentproto'
-- Conan: Component target declared 'xorg-proto::randrproto'
-- Conan: Component target declared 'xorg-proto::recordproto'
-- Conan: Component target declared 'xorg-proto::renderproto'
-- Conan: Component target declared 'xorg-proto::resourceproto'
-- Conan: Component target declared 'xorg-proto::scrnsaverproto'
-- Conan: Component target declared 'xorg-proto::videoproto'
-- Conan: Component target declared 'xorg-proto::xcmiscproto'
-- Conan: Component target declared 'xorg-proto::xextproto'
-- Conan: Component target declared 'xorg-proto::xf86bigfontproto'
-- Conan: Component target declared 'xorg-proto::xf86dgaproto'
-- Conan: Component target declared 'xorg-proto::xf86driproto'
-- Conan: Component target declared 'xorg-proto::xf86vidmodeproto'
-- Conan: Component target declared 'xorg-proto::xineramaproto'
-- Conan: Component target declared 'xorg-proto::xproto'
-- Conan: Component target declared 'xorg-proto::xwaylandproto'
-- Conan: Target declared 'xorg-proto::xorg-proto'
-- Conan: Target declared 'xorg-macros::xorg-macros'
-- Conan: Target declared 'Fontconfig::Fontconfig'
-- Conan: Target declared 'Freetype::Freetype'
-- Conan: Component target declared 'brotli::brotlicommon'
-- Conan: Component target declared 'brotli::brotlidec'
-- Conan: Component target declared 'brotli::brotlienc'
-- Conan: Target declared 'brotli::brotli'
-- Conan: Target declared 'BZip2::BZip2'
-- Conan: Including build module from '/home/uilian/.conan2/p/bzip2fb3260e7b2ab3/p/lib/cmake/conan-official-bzip2-variables.cmake'
-- Conan: Target declared 'PNG::PNG'
-- Conan: Including build module from '/home/uilian/.conan2/p/freet1016e2088a12b/p/lib/cmake/conan-official-freetype-variables.cmake'
-- Conan: Target declared 'expat::expat'
-- Conan: Component target declared 'xorg::x11'
-- Conan: Component target declared 'xorg::x11-xcb'
-- Conan: Component target declared 'xorg::fontenc'
-- Conan: Component target declared 'xorg::ice'
-- Conan: Component target declared 'xorg::xau'
-- Conan: Component target declared 'xorg::xaw7'
-- Conan: Component target declared 'xorg::xcomposite'
-- Conan: Component target declared 'xorg::xcursor'
-- Conan: Component target declared 'xorg::xdamage'
-- Conan: Component target declared 'xorg::xdmcp'
-- Conan: Component target declared 'xorg::xext'
-- Conan: Component target declared 'xorg::xfixes'
-- Conan: Component target declared 'xorg::xi'
-- Conan: Component target declared 'xorg::xinerama'
-- Conan: Component target declared 'xorg::xkbfile'
-- Conan: Component target declared 'xorg::xmu'
-- Conan: Component target declared 'xorg::xmuu'
-- Conan: Component target declared 'xorg::xpm'
-- Conan: Component target declared 'xorg::xrandr'
-- Conan: Component target declared 'xorg::xrender'
-- Conan: Component target declared 'xorg::xres'
-- Conan: Component target declared 'xorg::xscrnsaver'
-- Conan: Component target declared 'xorg::xt'
-- Conan: Component target declared 'xorg::xtst'
-- Conan: Component target declared 'xorg::xv'
-- Conan: Component target declared 'xorg::xxf86vm'
-- Conan: Component target declared 'xorg::xcb-xkb'
-- Conan: Component target declared 'xorg::xcb-icccm'
-- Conan: Component target declared 'xorg::xcb-image'
-- Conan: Component target declared 'xorg::xcb-keysyms'
-- Conan: Component target declared 'xorg::xcb-randr'
-- Conan: Component target declared 'xorg::xcb-render'
-- Conan: Component target declared 'xorg::xcb-renderutil'
-- Conan: Component target declared 'xorg::xcb-shape'
-- Conan: Component target declared 'xorg::xcb-shm'
-- Conan: Component target declared 'xorg::xcb-sync'
-- Conan: Component target declared 'xorg::xcb-xfixes'
-- Conan: Component target declared 'xorg::xcb-xinerama'
-- Conan: Component target declared 'xorg::xcb'
-- Conan: Component target declared 'xorg::xcb-atom'
-- Conan: Component target declared 'xorg::xcb-aux'
-- Conan: Component target declared 'xorg::xcb-event'
-- Conan: Component target declared 'xorg::xcb-util'
-- Conan: Component target declared 'xorg::xcb-dri3'
-- Conan: Component target declared 'xorg::xcb-cursor'
-- Conan: Component target declared 'xorg::xcb-dri2'
-- Conan: Component target declared 'xorg::xcb-glx'
-- Conan: Component target declared 'xorg::xcb-present'
-- Conan: Component target declared 'xorg::xcb-composite'
-- Conan: Component target declared 'xorg::xcb-ewmh'
-- Conan: Component target declared 'xorg::xcb-res'
-- Conan: Component target declared 'xorg::uuid'
-- Conan: Component target declared 'xorg::sm'
-- Conan: Target declared 'xorg::xorg'
-- Conan: Component target declared 'cairo::cairo_'
-- Conan: Component target declared 'cairo::cairo-png'
-- Conan: Component target declared 'cairo::cairo-svg'
-- Conan: Component target declared 'cairo::cairo-fc'
-- Conan: Component target declared 'cairo::cairo-ft'
-- Conan: Component target declared 'cairo::cairo-xlib'
-- Conan: Component target declared 'cairo::cairo-xlib-xrender'
-- Conan: Component target declared 'cairo::cairo-xcb'
-- Conan: Component target declared 'cairo::cairo-xcb-shm'
-- Conan: Component target declared 'cairo::cairo-xlib-xcb'
-- Conan: Component target declared 'cairo::cairo-script'
-- Conan: Component target declared 'cairo::cairo-ps'
-- Conan: Component target declared 'cairo::cairo-pdf'
-- Conan: Component target declared 'cairo::cairo-script-interpreter'
-- Conan: Component target declared 'cairo::cairo-xml'
-- Conan: Component target declared 'cairo::cairo-util_'
-- Conan: Component target declared 'cairo::cairo-gobject'
-- Conan: Target declared 'cairo::cairo'
-- Conan: Target declared 'pixman::pixman'
-- Conan: Target declared 'lzo::lzo'
-- Conan: Component target declared 'glib::glib-2.0'
-- Conan: Component target declared 'glib::gresource'
-- Conan: Component target declared 'glib::gmodule-no-export-2.0'
-- Conan: Component target declared 'glib::gobject-2.0'
-- Conan: Component target declared 'glib::gthread-2.0'
-- Conan: Component target declared 'glib::gmodule-export-2.0'
-- Conan: Component target declared 'glib::gmodule-2.0'
-- Conan: Component target declared 'glib::gio-2.0'
-- Conan: Component target declared 'glib::gio-unix-2.0'
-- Conan: Target declared 'glib::glib'
-- Conan: Library gio-2.0 found /home/uilian/.conan2/p/glibf5cc7ccee5cfd/p/lib/libgio-2.0.so
-- Conan: Found: /home/uilian/.conan2/p/glibf5cc7ccee5cfd/p/lib/libgio-2.0.so
-- Conan: Library gthread-2.0 found /home/uilian/.conan2/p/glibf5cc7ccee5cfd/p/lib/libgthread-2.0.so
-- Conan: Found: /home/uilian/.conan2/p/glibf5cc7ccee5cfd/p/lib/libgthread-2.0.so
-- Conan: Library gobject-2.0 found /home/uilian/.conan2/p/glibf5cc7ccee5cfd/p/lib/libgobject-2.0.so
-- Conan: Found: /home/uilian/.conan2/p/glibf5cc7ccee5cfd/p/lib/libgobject-2.0.so
-- Conan: Library gmodule-2.0 found /home/uilian/.conan2/p/glibf5cc7ccee5cfd/p/lib/libgmodule-2.0.so
-- Conan: Found: /home/uilian/.conan2/p/glibf5cc7ccee5cfd/p/lib/libgmodule-2.0.so
-- Conan: Library glib-2.0 found /home/uilian/.conan2/p/glibf5cc7ccee5cfd/p/lib/libglib-2.0.so
-- Conan: Found: /home/uilian/.conan2/p/glibf5cc7ccee5cfd/p/lib/libglib-2.0.so
-- Conan: Library gio-2.0 found /home/uilian/.conan2/p/glibf5cc7ccee5cfd/p/lib/libgio-2.0.so
-- Conan: Found: /home/uilian/.conan2/p/glibf5cc7ccee5cfd/p/lib/libgio-2.0.so
-- Conan: Library gthread-2.0 found /home/uilian/.conan2/p/glibf5cc7ccee5cfd/p/lib/libgthread-2.0.so
-- Conan: Found: /home/uilian/.conan2/p/glibf5cc7ccee5cfd/p/lib/libgthread-2.0.so
-- Conan: Library gobject-2.0 found /home/uilian/.conan2/p/glibf5cc7ccee5cfd/p/lib/libgobject-2.0.so
-- Conan: Found: /home/uilian/.conan2/p/glibf5cc7ccee5cfd/p/lib/libgobject-2.0.so
-- Conan: Library gmodule-2.0 found /home/uilian/.conan2/p/glibf5cc7ccee5cfd/p/lib/libgmodule-2.0.so
-- Conan: Found: /home/uilian/.conan2/p/glibf5cc7ccee5cfd/p/lib/libgmodule-2.0.so
-- Conan: Library glib-2.0 found /home/uilian/.conan2/p/glibf5cc7ccee5cfd/p/lib/libglib-2.0.so
-- Conan: Found: /home/uilian/.conan2/p/glibf5cc7ccee5cfd/p/lib/libglib-2.0.so
-- Conan: Target declared 'libffi::libffi'
-- Conan: Component target declared 'elfutils::libelf'
-- Conan: Component target declared 'elfutils::libdw'
-- Conan: Component target declared 'elfutils::libasm'
-- Conan: Target declared 'elfutils::elfutils'
-- Conan: Component target declared 'zstd::libzstd_shared'
-- Conan: Target declared 'LibLZMA::LibLZMA'
-- Conan: Including build module from '/home/uilian/.conan2/p/xz_ut04ba5b46149b8/p/lib/cmake/conan-official-xz_utils-variables.cmake'
-- Conan: Component target declared 'libmount::libblkid'
-- Conan: Component target declared 'libmount::libmount'
-- Conan: Component target declared 'libselinux::sepol'
-- Conan: Component target declared 'libselinux::selinux'
-- Conan: Target declared 'libselinux::libselinux'
-- Conan: Component target declared 'PCRE2::8BIT'
-- Conan: Component target declared 'PCRE2::16BIT'
-- Conan: Component target declared 'PCRE2::32BIT'
-- Conan: Component target declared 'PCRE2::POSIX'
-- Conan: Target declared 'pcre2::pcre2'
-- Conan: Component target declared 'harfbuzz::harfbuzz'
-- Conan: Component target declared 'harfbuzz::subset'
-- Conan: Component target declared 'harfbuzz::gobject'
-- Conan: Target declared 'fribidi::fribidi'
-- Conan: Component target declared 'at-spi2-core::atspi'
-- Conan: Component target declared 'at-spi2-core::atk'
-- Conan: Component target declared 'at-spi2-core::atk-bridge'
-- Conan: Target declared 'at-spi2-core::at-spi2-core'
-- Conan: Target declared 'dbus-1'
-- Conan: Target declared 'libepoxy::libepoxy'
-- Conan: Target declared 'opengl::opengl'
-- Conan: Target declared 'egl::egl'
-- Conan: Target declared 'gdk-pixbuf::gdk-pixbuf'
-- Conan: Library gdk_pixbuf-2.0 found /home/uilian/.conan2/p/b/gdk-p2bd5b592f3c23/p/lib/libgdk_pixbuf-2.0.so
-- Conan: Found: /home/uilian/.conan2/p/b/gdk-p2bd5b592f3c23/p/lib/libgdk_pixbuf-2.0.so
-- Conan: Target declared 'TIFF::TIFF'
-- Conan: Including build module from '/home/uilian/.conan2/p/b/openc0f1bf19f37050/p/lib/cmake/conan-official-opencv-variables.cmake'
-- Configuring done (0.5s)
-- Generating done (0.1s)
-- Build files have been written to: /home/uilian/Development/conan/conan-center-index/recipes/opencv/3.x/test_package/build/gcc-13-x86_64-gnu20-release

opencv/3.4.20 (test package): Running CMake.build()
opencv/3.4.20 (test package): RUN: cmake --build "/home/uilian/Development/conan/conan-center-index/recipes/opencv/3.x/test_package/build/gcc-13-x86_64-gnu20-release" --verbose -- -j12
Change Dir: '/home/uilian/Development/conan/conan-center-index/recipes/opencv/3.x/test_package/build/gcc-13-x86_64-gnu20-release'

Run Build Command(s): /usr/local/bin/ninja -v -j12
[1/6] /usr/bin/g++-13  -isystem /home/uilian/.conan2/p/b/openc0f1bf19f37050/p/include -isystem /home/uilian/.conan2/p/zlib9e81e3baaa894/p/include -m64 -O3 -DNDEBUG -std=gnu++20 -MD -MT core/CMakeFiles/test_package.dir/test_package.cpp.o -MF core/CMakeFiles/test_package.dir/test_package.cpp.o.d -o core/CMakeFiles/test_package.dir/test_package.cpp.o -c /home/uilian/Development/conan/conan-center-index/recipes/opencv/3.x/test_package/core/test_package.cpp
[2/6] : && /usr/bin/g++-13 -m64 -O3 -DNDEBUG -m64 core/CMakeFiles/test_package.dir/test_package.cpp.o -o core/test_package -L/home/uilian/.conan2/p/b/openc0f1bf19f37050/p/lib   -L/home/uilian/.conan2/p/zlib9e81e3baaa894/p/lib -Wl,-rpath,/home/uilian/.conan2/p/b/openc0f1bf19f37050/p/lib:/home/uilian/.conan2/p/zlib9e81e3baaa894/p/lib  /home/uilian/.conan2/p/b/openc0f1bf19f37050/p/lib/libopencv_imgproc.so  /home/uilian/.conan2/p/b/openc0f1bf19f37050/p/lib/libopencv_core.so  -ldl  -lm  -lpthread  -lrt && :
[3/6] /usr/bin/g++-13  -isystem /home/uilian/.conan2/p/b/openc0f1bf19f37050/p/include -isystem /home/uilian/.conan2/p/zlib9e81e3baaa894/p/include -isystem /home/uilian/.conan2/p/libpncab7454c8bbf2/p/include -isystem /home/uilian/.conan2/p/gtkc09b36a814080/p/include -isystem /home/uilian/.conan2/p/gtkc09b36a814080/p/include/gtk-3.0 -isystem /home/uilian/.conan2/p/pangocadd01961d6f8/p/include/pango-1.0 -isystem /home/uilian/.conan2/p/glibf5cc7ccee5cfd/p/include -isystem /home/uilian/.conan2/p/glibf5cc7ccee5cfd/p/include/glib-2.0 -isystem /home/uilian/.conan2/p/glibf5cc7ccee5cfd/p/lib/glib-2.0/include -isystem /home/uilian/.conan2/p/fribib5dd6a2de1b19/p/include -isystem /home/uilian/.conan2/p/fribib5dd6a2de1b19/p/include/fribidi -isystem /home/uilian/.conan2/p/harfb366866eafc5c5/p/include -isystem /home/uilian/.conan2/p/harfb366866eafc5c5/p/include/harfbuzz -isystem /home/uilian/.conan2/p/freet1016e2088a12b/p/include -isystem /home/uilian/.conan2/p/freet1016e2088a12b/p/include/freetype2 -isystem /home/uilian/.conan2/p/glibf5cc7ccee5cfd/p/include/gio-unix-2.0 -isystem /home/uilian/.conan2/p/fontc9bd5dee5fadc9/p/include -isystem /home/uilian/.conan2/p/expat0fea1434bc0f8/p/include -isystem /home/uilian/.conan2/p/cairoc30a702424225/p/include/cairo -isystem /home/uilian/.conan2/p/cairoc30a702424225/p/include -isystem /home/uilian/.conan2/p/pangocadd01961d6f8/p/include -isystem /home/uilian/.conan2/p/b/gdk-p2bd5b592f3c23/p/include/gdk-pixbuf-2.0 -isystem /home/uilian/.conan2/p/at-sp983b709a54b3e/p/include/at-spi2-atk/2.0 -isystem /home/uilian/.conan2/p/at-sp983b709a54b3e/p/include/at-spi-2.0 -isystem /home/uilian/.conan2/p/at-sp983b709a54b3e/p/include/atk-1.0 -isystem /home/uilian/.conan2/p/gtkc09b36a814080/p/include/gail-3.0 -isystem /home/uilian/.conan2/p/gtkc09b36a814080/p/include/gtk-3.0/unix-print -m64 -O3 -DNDEBUG -std=gnu++20 -pthread -MD -MT highgui/CMakeFiles/test_opencv_highgui.dir/test_opencv_highgui.cpp.o -MF highgui/CMakeFiles/test_opencv_highgui.dir/test_opencv_highgui.cpp.o.d -o highgui/CMakeFiles/test_opencv_highgui.dir/test_opencv_highgui.cpp.o -c /home/uilian/Development/conan/conan-center-index/recipes/opencv/3.x/test_package/highgui/test_opencv_highgui.cpp
[4/6] : && /usr/bin/g++-13 -m64 -O3 -DNDEBUG -m64 highgui/CMakeFiles/test_opencv_highgui.dir/test_opencv_highgui.cpp.o -o highgui/test_opencv_highgui -L/home/uilian/.conan2/p/b/openc0f1bf19f37050/p/lib   -L/home/uilian/.conan2/p/zlib9e81e3baaa894/p/lib   -L/home/uilian/.conan2/p/jaspe0369a423f6fd4/p/lib   -L/home/uilian/.conan2/p/libjpb5908355e41b4/p/lib   -L/home/uilian/.conan2/p/libpncab7454c8bbf2/p/lib   -L/home/uilian/.conan2/p/libti0bdd6311d1e48/p/lib   -L/home/uilian/.conan2/p/xz_ut04ba5b46149b8/p/lib   -L/home/uilian/.conan2/p/opene37f9e3c51d6af/p/lib   -L/home/uilian/.conan2/p/libwe778f8edd7f804/p/lib   -L/home/uilian/.conan2/p/gtkc09b36a814080/p/lib   -L/home/uilian/.conan2/p/pangocadd01961d6f8/p/lib   -L/home/uilian/.conan2/p/glibf5cc7ccee5cfd/p/lib   -L/home/uilian/.conan2/p/pcre256bb025014eef/p/lib   -L/home/uilian/.conan2/p/bzip2fb3260e7b2ab3/p/lib   -L/home/uilian/.conan2/p/libff8a671ff2f8cf6/p/lib   -L/home/uilian/.conan2/p/libmo1a45c23bdde07/p/lib   -L/home/uilian/.conan2/p/libse3fdbfafa19363/p/lib   -L/home/uilian/.conan2/p/fribib5dd6a2de1b19/p/lib   -L/home/uilian/.conan2/p/harfb366866eafc5c5/p/lib   -L/home/uilian/.conan2/p/freet1016e2088a12b/p/lib   -L/home/uilian/.conan2/p/brotl4f1743d324bc8/p/lib   -L/home/uilian/.conan2/p/elfutab214d4443f10/p/lib   -L/home/uilian/.conan2/p/zstdfe637538bff92/p/lib   -L/home/uilian/.conan2/p/fontc9bd5dee5fadc9/p/lib   -L/home/uilian/.conan2/p/expat0fea1434bc0f8/p/lib   -L/home/uilian/.conan2/p/libxf910e3a976c60f/p/lib   -L/home/uilian/.conan2/p/cairoc30a702424225/p/lib   -L/home/uilian/.conan2/p/lzo2bea6105b1d70/p/lib   -L/home/uilian/.conan2/p/pixma2d559370e5b62/p/lib   -L/home/uilian/.conan2/p/b/gdk-p2bd5b592f3c23/p/lib   -L/home/uilian/.conan2/p/libep3c753f2534568/p/lib   -L/home/uilian/.conan2/p/at-sp983b709a54b3e/p/lib   -L/home/uilian/.conan2/p/dbus889d1b8925a08/p/lib -Wl,-rpath,/home/uilian/.conan2/p/b/openc0f1bf19f37050/p/lib:/home/uilian/.conan2/p/zlib9e81e3baaa894/p/lib:/home/uilian/.conan2/p/jaspe0369a423f6fd4/p/lib:/home/uilian/.conan2/p/libjpb5908355e41b4/p/lib:/home/uilian/.conan2/p/libpncab7454c8bbf2/p/lib:/home/uilian/.conan2/p/libti0bdd6311d1e48/p/lib:/home/uilian/.conan2/p/xz_ut04ba5b46149b8/p/lib:/home/uilian/.conan2/p/opene37f9e3c51d6af/p/lib:/home/uilian/.conan2/p/libwe778f8edd7f804/p/lib:/home/uilian/.conan2/p/gtkc09b36a814080/p/lib:/home/uilian/.conan2/p/pangocadd01961d6f8/p/lib:/home/uilian/.conan2/p/glibf5cc7ccee5cfd/p/lib:/home/uilian/.conan2/p/pcre256bb025014eef/p/lib:/home/uilian/.conan2/p/bzip2fb3260e7b2ab3/p/lib:/home/uilian/.conan2/p/libff8a671ff2f8cf6/p/lib:/home/uilian/.conan2/p/libmo1a45c23bdde07/p/lib:/home/uilian/.conan2/p/libse3fdbfafa19363/p/lib:/home/uilian/.conan2/p/fribib5dd6a2de1b19/p/lib:/home/uilian/.conan2/p/harfb366866eafc5c5/p/lib:/home/uilian/.conan2/p/freet1016e2088a12b/p/lib:/home/uilian/.conan2/p/brotl4f1743d324bc8/p/lib:/home/uilian/.conan2/p/elfutab214d4443f10/p/lib:/home/uilian/.conan2/p/zstdfe637538bff92/p/lib:/home/uilian/.conan2/p/fontc9bd5dee5fadc9/p/lib:/home/uilian/.conan2/p/expat0fea1434bc0f8/p/lib:/home/uilian/.conan2/p/libxf910e3a976c60f/p/lib:/home/uilian/.conan2/p/cairoc30a702424225/p/lib:/home/uilian/.conan2/p/lzo2bea6105b1d70/p/lib:/home/uilian/.conan2/p/pixma2d559370e5b62/p/lib:/home/uilian/.conan2/p/b/gdk-p2bd5b592f3c23/p/lib:/home/uilian/.conan2/p/libep3c753f2534568/p/lib:/home/uilian/.conan2/p/at-sp983b709a54b3e/p/lib:/home/uilian/.conan2/p/dbus889d1b8925a08/p/lib  /home/uilian/.conan2/p/b/openc0f1bf19f37050/p/lib/libopencv_highgui.so  /home/uilian/.conan2/p/b/openc0f1bf19f37050/p/lib/libopencv_videoio.so  /home/uilian/.conan2/p/b/openc0f1bf19f37050/p/lib/libopencv_imgcodecs.so  /home/uilian/.conan2/p/b/openc0f1bf19f37050/p/lib/libopencv_imgproc.so  /home/uilian/.conan2/p/b/openc0f1bf19f37050/p/lib/libopencv_core.so  /home/uilian/.conan2/p/gtkc09b36a814080/p/lib/libgailutil-3.so  /home/uilian/.conan2/p/gtkc09b36a814080/p/lib/libgtk-3.so  /home/uilian/.conan2/p/gtkc09b36a814080/p/lib/libgdk-3.so  /home/uilian/.conan2/p/b/gdk-p2bd5b592f3c23/p/lib/libgdk_pixbuf-2.0.so  /home/uilian/.conan2/p/glibf5cc7ccee5cfd/p/lib/libgio-2.0.so  -lresolv  -lrt  /home/uilian/.conan2/p/glibf5cc7ccee5cfd/p/lib/libgthread-2.0.so  /home/uilian/.conan2/p/glibf5cc7ccee5cfd/p/lib/libgobject-2.0.so  /home/uilian/.conan2/p/glibf5cc7ccee5cfd/p/lib/libgmodule-2.0.so  /home/uilian/.conan2/p/glibf5cc7ccee5cfd/p/lib/libglib-2.0.so  -lpthread  -lm  -ldl  -lGL  -lEGL  -lSM  -luuid  -lxcb-res  -lxcb-ewmh  -lxcb-composite  -lxcb-present  -lxcb-glx  -lxcb-dri2  -lxcb-cursor  -lxcb-dri3  -lxcb-util  -lxcb-xinerama  -lxcb-xfixes  -lxcb-sync  -lxcb-shape  -lxcb-render-util  -lxcb-render  -lxcb-randr  -lxcb-keysyms  -lxcb-image  -lxcb-shm  -lxcb-icccm  -lxcb-xkb  -lXxf86vm  -lXv  -lXtst  -lXss  -lXRes  -lXrender  -lXrandr  -lXpm  -lXmuu  -lXmu  -lxkbfile  -lXinerama  -lXi  -lXext  -lXdmcp  -lXdamage  -lXfixes  -lXcursor  -lXcomposite  -lXaw7  -lXt  -lXau  -lICE  -lfontenc  -lX11-xcb  -lxcb  -lX11 && :
[5/6] /usr/bin/g++-13  -isystem /home/uilian/.conan2/p/gtkc09b36a814080/p/include -isystem /home/uilian/.conan2/p/gtkc09b36a814080/p/include/gtk-3.0 -isystem /home/uilian/.conan2/p/pangocadd01961d6f8/p/include/pango-1.0 -isystem /home/uilian/.conan2/p/glibf5cc7ccee5cfd/p/include -isystem /home/uilian/.conan2/p/glibf5cc7ccee5cfd/p/include/glib-2.0 -isystem /home/uilian/.conan2/p/glibf5cc7ccee5cfd/p/lib/glib-2.0/include -isystem /home/uilian/.conan2/p/zlib9e81e3baaa894/p/include -isystem /home/uilian/.conan2/p/fribib5dd6a2de1b19/p/include -isystem /home/uilian/.conan2/p/fribib5dd6a2de1b19/p/include/fribidi -isystem /home/uilian/.conan2/p/harfb366866eafc5c5/p/include -isystem /home/uilian/.conan2/p/harfb366866eafc5c5/p/include/harfbuzz -isystem /home/uilian/.conan2/p/freet1016e2088a12b/p/include -isystem /home/uilian/.conan2/p/freet1016e2088a12b/p/include/freetype2 -isystem /home/uilian/.conan2/p/libpncab7454c8bbf2/p/include -isystem /home/uilian/.conan2/p/glibf5cc7ccee5cfd/p/include/gio-unix-2.0 -isystem /home/uilian/.conan2/p/fontc9bd5dee5fadc9/p/include -isystem /home/uilian/.conan2/p/expat0fea1434bc0f8/p/include -isystem /home/uilian/.conan2/p/cairoc30a702424225/p/include/cairo -isystem /home/uilian/.conan2/p/cairoc30a702424225/p/include -isystem /home/uilian/.conan2/p/pangocadd01961d6f8/p/include -isystem /home/uilian/.conan2/p/b/gdk-p2bd5b592f3c23/p/include/gdk-pixbuf-2.0 -isystem /home/uilian/.conan2/p/at-sp983b709a54b3e/p/include/at-spi2-atk/2.0 -isystem /home/uilian/.conan2/p/at-sp983b709a54b3e/p/include/at-spi-2.0 -isystem /home/uilian/.conan2/p/at-sp983b709a54b3e/p/include/atk-1.0 -isystem /home/uilian/.conan2/p/gtkc09b36a814080/p/include/gail-3.0 -isystem /home/uilian/.conan2/p/gtkc09b36a814080/p/include/gtk-3.0/unix-print -isystem /home/uilian/.conan2/p/b/openc0f1bf19f37050/p/include -m64 -O3 -DNDEBUG -std=gnu++20 -pthread -MD -MT gtk/CMakeFiles/test_opencv_gtk.dir/test_opencv_gtk.cpp.o -MF gtk/CMakeFiles/test_opencv_gtk.dir/test_opencv_gtk.cpp.o.d -o gtk/CMakeFiles/test_opencv_gtk.dir/test_opencv_gtk.cpp.o -c /home/uilian/Development/conan/conan-center-index/recipes/opencv/3.x/test_package/gtk/test_opencv_gtk.cpp
[6/6] : && /usr/bin/g++-13 -m64 -O3 -DNDEBUG -m64 gtk/CMakeFiles/test_opencv_gtk.dir/test_opencv_gtk.cpp.o -o gtk/test_opencv_gtk -L/home/uilian/.conan2/p/gtkc09b36a814080/p/lib   -L/home/uilian/.conan2/p/pangocadd01961d6f8/p/lib   -L/home/uilian/.conan2/p/glibf5cc7ccee5cfd/p/lib   -L/home/uilian/.conan2/p/pcre256bb025014eef/p/lib   -L/home/uilian/.conan2/p/zlib9e81e3baaa894/p/lib   -L/home/uilian/.conan2/p/bzip2fb3260e7b2ab3/p/lib   -L/home/uilian/.conan2/p/libff8a671ff2f8cf6/p/lib   -L/home/uilian/.conan2/p/libmo1a45c23bdde07/p/lib   -L/home/uilian/.conan2/p/libse3fdbfafa19363/p/lib   -L/home/uilian/.conan2/p/fribib5dd6a2de1b19/p/lib   -L/home/uilian/.conan2/p/harfb366866eafc5c5/p/lib   -L/home/uilian/.conan2/p/freet1016e2088a12b/p/lib   -L/home/uilian/.conan2/p/brotl4f1743d324bc8/p/lib   -L/home/uilian/.conan2/p/libpncab7454c8bbf2/p/lib   -L/home/uilian/.conan2/p/elfutab214d4443f10/p/lib   -L/home/uilian/.conan2/p/xz_ut04ba5b46149b8/p/lib   -L/home/uilian/.conan2/p/zstdfe637538bff92/p/lib   -L/home/uilian/.conan2/p/fontc9bd5dee5fadc9/p/lib   -L/home/uilian/.conan2/p/expat0fea1434bc0f8/p/lib   -L/home/uilian/.conan2/p/libxf910e3a976c60f/p/lib   -L/home/uilian/.conan2/p/cairoc30a702424225/p/lib   -L/home/uilian/.conan2/p/lzo2bea6105b1d70/p/lib   -L/home/uilian/.conan2/p/pixma2d559370e5b62/p/lib   -L/home/uilian/.conan2/p/b/gdk-p2bd5b592f3c23/p/lib   -L/home/uilian/.conan2/p/libti0bdd6311d1e48/p/lib   -L/home/uilian/.conan2/p/libjpb5908355e41b4/p/lib   -L/home/uilian/.conan2/p/libep3c753f2534568/p/lib   -L/home/uilian/.conan2/p/at-sp983b709a54b3e/p/lib   -L/home/uilian/.conan2/p/dbus889d1b8925a08/p/lib   -L/home/uilian/.conan2/p/b/openc0f1bf19f37050/p/lib -Wl,-rpath,/home/uilian/.conan2/p/gtkc09b36a814080/p/lib:/home/uilian/.conan2/p/pangocadd01961d6f8/p/lib:/home/uilian/.conan2/p/glibf5cc7ccee5cfd/p/lib:/home/uilian/.conan2/p/pcre256bb025014eef/p/lib:/home/uilian/.conan2/p/zlib9e81e3baaa894/p/lib:/home/uilian/.conan2/p/bzip2fb3260e7b2ab3/p/lib:/home/uilian/.conan2/p/libff8a671ff2f8cf6/p/lib:/home/uilian/.conan2/p/libmo1a45c23bdde07/p/lib:/home/uilian/.conan2/p/libse3fdbfafa19363/p/lib:/home/uilian/.conan2/p/fribib5dd6a2de1b19/p/lib:/home/uilian/.conan2/p/harfb366866eafc5c5/p/lib:/home/uilian/.conan2/p/freet1016e2088a12b/p/lib:/home/uilian/.conan2/p/brotl4f1743d324bc8/p/lib:/home/uilian/.conan2/p/libpncab7454c8bbf2/p/lib:/home/uilian/.conan2/p/elfutab214d4443f10/p/lib:/home/uilian/.conan2/p/xz_ut04ba5b46149b8/p/lib:/home/uilian/.conan2/p/zstdfe637538bff92/p/lib:/home/uilian/.conan2/p/fontc9bd5dee5fadc9/p/lib:/home/uilian/.conan2/p/expat0fea1434bc0f8/p/lib:/home/uilian/.conan2/p/libxf910e3a976c60f/p/lib:/home/uilian/.conan2/p/cairoc30a702424225/p/lib:/home/uilian/.conan2/p/lzo2bea6105b1d70/p/lib:/home/uilian/.conan2/p/pixma2d559370e5b62/p/lib:/home/uilian/.conan2/p/b/gdk-p2bd5b592f3c23/p/lib:/home/uilian/.conan2/p/libti0bdd6311d1e48/p/lib:/home/uilian/.conan2/p/libjpb5908355e41b4/p/lib:/home/uilian/.conan2/p/libep3c753f2534568/p/lib:/home/uilian/.conan2/p/at-sp983b709a54b3e/p/lib:/home/uilian/.conan2/p/dbus889d1b8925a08/p/lib:/home/uilian/.conan2/p/b/openc0f1bf19f37050/p/lib  /home/uilian/.conan2/p/gtkc09b36a814080/p/lib/libgailutil-3.so  /home/uilian/.conan2/p/gtkc09b36a814080/p/lib/libgtk-3.so  /home/uilian/.conan2/p/gtkc09b36a814080/p/lib/libgdk-3.so  /home/uilian/.conan2/p/b/gdk-p2bd5b592f3c23/p/lib/libgdk_pixbuf-2.0.so  /home/uilian/.conan2/p/glibf5cc7ccee5cfd/p/lib/libgio-2.0.so  -lresolv  /home/uilian/.conan2/p/glibf5cc7ccee5cfd/p/lib/libgthread-2.0.so  /home/uilian/.conan2/p/glibf5cc7ccee5cfd/p/lib/libgobject-2.0.so  /home/uilian/.conan2/p/glibf5cc7ccee5cfd/p/lib/libgmodule-2.0.so  /home/uilian/.conan2/p/glibf5cc7ccee5cfd/p/lib/libglib-2.0.so  -lGL  -lEGL  -lSM  -luuid  -lxcb-res  -lxcb-ewmh  -lxcb-composite  -lxcb-present  -lxcb-glx  -lxcb-dri2  -lxcb-cursor  -lxcb-dri3  -lxcb-util  -lxcb-xinerama  -lxcb-xfixes  -lxcb-sync  -lxcb-shape  -lxcb-render-util  -lxcb-render  -lxcb-randr  -lxcb-keysyms  -lxcb-image  -lxcb-shm  -lxcb-icccm  -lxcb-xkb  -lXxf86vm  -lXv  -lXtst  -lXss  -lXRes  -lXrender  -lXrandr  -lXpm  -lXmuu  -lXmu  -lxkbfile  -lXinerama  -lXi  -lXext  -lXdmcp  -lXdamage  -lXfixes  -lXcursor  -lXcomposite  -lXaw7  -lXt  -lXau  -lICE  -lfontenc  -lX11-xcb  -lxcb  -lX11  /home/uilian/.conan2/p/b/openc0f1bf19f37050/p/lib/libopencv_imgproc.so  /home/uilian/.conan2/p/b/openc0f1bf19f37050/p/lib/libopencv_core.so  -lm  -ldl  -lpthread  -lrt && :



======== Testing the package: Executing test ========
opencv/3.4.20 (test package): Running test()
opencv/3.4.20 (test package): RUN: ./core/test_package

